time,time_s,INV_Power_On_Timer,INV_Torque_Feedback,INV_Commanded_Torque,INV_Run_Fault_Hi,INV_Post_Fault_Hi,INV_Run_Fault_Lo,INV_Post_Fault_Lo,INV_Direction_Command,INV_Inverter_Enable_State,INV_Relay_3_Status,INV_Relay_4_Status,INV_Relay_2_Status,INV_Inverter_Run_Mode,INV_Inverter_Command_Mode,INV_Relay_1_Status,INV_Inverter_State,INV_VSM_State,INV_Inverter_Enable_Lockout,INV_Inverter_Discharge_State,INV_Relay_5_Status,INV_Relay_6_Status,INV_BMS_Active,INV_BMS_Torque_Limiting,INV_Max_Speed_Limiting,INV_Low_Speed_Limiting,INV_Rolling_Counter,INV_PWM_Frequency,INV_Start_Mode_Active,INV_Reference_Voltage_12_0,INV_Reference_Voltage_5_0,INV_Reference_Voltage_2_5,INV_Reference_Voltage_1_5,INV_VBC_Vq_Voltage,INV_VAB_Vd_Voltage,INV_Output_Voltage,INV_DC_Bus_Voltage,INV_DC_Bus_Current,INV_Phase_C_Current,INV_Phase_B_Current,INV_Phase_A_Current,INV_Delta_Resolver_Filtered,INV_Electrical_Output_Frequency,INV_Motor_Speed,INV_Motor_Angle_Electrical,INV_Torque_Shudder,INV_Motor_Temperature,INV_RTD5_Temperature,INV_RTD4_Temperature,INV_RTD3_Temperature,INV_RTD2_Temperature,INV_RTD1_Temperature,INV_Control_Board_Temperature,INV_Gate_Driver_Board,INV_Module_C,INV_Module_B,INV_Module_A,INV_Fast_Torque_Command,INV_Fast_Torque_Feedback,INV_Fast_Motor_Speed,INV_Fast_DC_Bus_Voltage,INV_Diag_Record,INV_Diag_Segment,INV_Diag_Gamma_Resolver,INV_Diag_Gamma_Observer,INV_Diag_Sin,INV_Diag_Cos,INV_Diag_Ia,INV_Diag_Ib,INV_Diag_Ic,INV_Diag_Vdc,INV_Diag_Iq_cmd,INV_Diag_Id_cmd,INV_Diag_Mod_Index,INV_Diag_FW_Output,INV_Diag_Vq_Cmd,INV_Diag_Vd_Cmd,INV_Diag_Vqs_Cmd,INV_Diag_12V,INV_Diag_Run_Faults_Lo,INV_Diag_Run_Faults_Hi
2026-07-30T19:12:11.106Z,0.0,0.012,2.0,1.4,0.0,0.0,0.0,0.0,0.0,0.0,0.0,0.0,0.0,0.0,0.0,0.0,9.0,0.0,1.0,0.0,0.0,0.0,0.0,0.0,0.0,0.0,5.0,12.0,1.0,,,,,0.0,0.0,5.0,344.3,0.0,-7.5,-10.8,-11.4,9.7,0.0,-12.0,214.8,,,,,,,,,,,,,,,,,,,,,,,,,,,,,,,,,,,,
2026-07-30T19:12:11.118Z,0.012,0.024,4.0,1.4,0.0,0.0,0.0,0.0,0.0,0.0,0.0,0.0,0.0,0.0,0.0,0.0,9.0,0.0,1.0,0.0,0.0,0.0,0.0,0.0,0.0,0.0,4.0,12.0,1.0,,,,,0.0,0.0,0.7000000000000001,344.3,0.0,-8.6,-8.200000000000001,-9.5,18.6,0.0,-12.0,225.5,,,,,,,,,,,,,,,,,,,,,,,,,,,,,,,,,,,,
2026-07-30T19:12:11.130Z,0.024,0.036,5.4,1.4,0.0,0.0,0.0,0.0,0.0,0.0,0.0,0.0,0.0,0.0,0.0,0.0,9.0,0.0,1.0,0.0,0.0,0.0,0.0,0.0,0.0,0.0,4.0,12.0,1.0,,,,,0.0,0.0,0.0,344.3,0.0,-7.5,-9.8,-8.8,26.9,0.0,-11.0,227.3,,,,,,,,,,,,,,,,,,,,,,,,,,,,,,,,,,,,
2026-07-30T19:12:11.142Z,0.036,0.048,6.5,1.4,0.0,0.0,0.0,0.0,0.0,0.0,0.0,0.0,0.0,0.0,0.0,0.0,9.0,0.0,1.0,0.0,0.0,0.0,0.0,0.0,0.0,0.0,3.0,12.0,1.0,,,,,0.0,0.0,0.0,344.3,0.0,-7.0,-9.7,-8.700000000000001,34.6,0.0,-10.0,227.6,,,,,,,,,,,,,,,,,,,,,,,,,,,,,,,,,,,,
2026-07-30T19:12:11.153Z,0.047,0.06,7.1000000000000005,1.4,0.0,0.0,0.0,0.0,0.0,0.0,0.0,0.0,0.0,0.0,0.0,0.0,9.0,0.0,1.0,0.0,0.0,0.0,0.0,0.0,0.0,0.0,3.0,12.0,1.0,,,,,0.0,0.0,0.0,344.3,0.0,-5.9,-8.4,-8.1,41.7,0.0,-9.0,227.6,,,,,,,,,,,,,,,,,,,,,,,,,,,,,,,,,,,,
2026-07-30T19:12:11.165Z,0.059,0.072,7.5,1.4,0.0,0.0,0.0,0.0,0.0,0.0,0.0,0.0,0.0,0.0,0.0,0.0,9.0,0.0,1.0,0.0,0.0,0.0,0.0,0.0,0.0,0.0,2.0,12.0,1.0,,,,,0.0,0.0,0.0,344.3,0.0,-5.4,-6.6000000000000005,-6.300000000000001,48.3,0.0,-8.0,227.7,,,,,,,,,,,,,,,,,,,,,,,,,,,,,,,,,,,,
2026-07-30T19:12:11.177Z,0.071,0.084,7.7,1.4,0.0,0.0,0.0,0.0,0.0,0.0,0.0,0.0,0.0,0.0,0.0,0.0,9.0,0.0,1.0,0.0,0.0,0.0,0.0,0.0,0.0,0.0,1.0,12.0,1.0,,,,,0.0,0.0,0.0,344.3,0.0,-5.0,-7.7,-6.300000000000001,54.400000000000006,0.0,-8.0,227.6,,,,,,,,,,,,,,,,,,,,,,,,,,,,,,,,,,,,
2026-07-30T19:12:11.190Z,0.084,0.096,7.6,1.4,0.0,0.0,0.0,0.0,0.0,0.0,0.0,0.0,0.0,0.0,0.0,0.0,9.0,0.0,1.0,0.0,0.0,0.0,0.0,0.0,0.0,0.0,1.0,12.0,1.0,,,,,0.0,0.0,0.0,344.3,0.0,-4.6000000000000005,-6.6000000000000005,-5.2,60.1,0.0,-7.0,227.5,,,,,,,,,,,,,,,,,,,,,,,,,,,,,,,,,,,,
2026-07-30T19:12:11.201Z,0.095,0.108,7.5,1.4,0.0,0.0,0.0,0.0,0.0,0.0,0.0,0.0,0.0,0.0,0.0,1.0,9.0,2.0,1.0,0.0,0.0,0.0,0.0,0.0,0.0,0.0,2.0,12.0,1.0,12.14,5.0200000000000005,2.51,1.5,0.0,0.1,0.0,344.3,0.0,-4.2,-5.6000000000000005,-3.7,65.4,0.0,-7.0,227.0,0.0,21.8,0.0,0.0,2.4000000000000004,295.8,295.8,29.1,1.2000000000000002,1.3,1.3,1.3,,,,,,,,,,,,,,,,,,,,,,,,
2026-07-30T19:12:11.213Z,0.107,0.12,7.300000000000001,1.4,0.0,0.0,0.0,0.0,0.0,0.0,0.0,0.0,0.0,0.0,0.0,1.0,9.0,2.0,1.0,0.0,0.0,0.0,0.0,0.0,0.0,0.0,3.0,12.0,1.0,12.14,5.0200000000000005,2.51,1.5,0.0,0.0,0.0,344.20000000000005,0.0,-3.9,-5.7,-5.0,70.3,0.0,-6.0,227.7,0.0,21.8,0.0,0.0,2.4000000000000004,295.8,295.8,29.1,1.2000000000000002,1.3,1.3,1.3,,,,,,,,,,,,,,,,,,,,,,,,
2026-07-30T19:12:11.225Z,0.119,0.132,7.1000000000000005,1.4,0.0,0.0,0.0,0.0,0.0,0.0,0.0,0.0,0.0,0.0,0.0,1.0,9.0,2.0,1.0,0.0,0.0,0.0,0.0,0.0,0.0,0.0,4.0,12.0,1.0,12.14,5.0200000000000005,2.51,1.5,0.0,0.0,0.0,344.3,0.0,-3.6,-5.9,-6.300000000000001,74.8,0.0,-6.0,227.7,0.0,21.8,0.0,0.0,2.4000000000000004,295.8,295.8,29.1,1.2000000000000002,1.3,1.3,1.3,,,,,,,,,,,,,,,,,,,,,,,,
2026-07-30T19:12:11.238Z,0.132,0.144,6.800000000000001,1.4,0.0,0.0,0.0,0.0,0.0,0.0,0.0,0.0,0.0,0.0,0.0,1.0,9.0,2.0,1.0,0.0,0.0,0.0,0.0,0.0,0.0,0.0,5.0,12.0,1.0,12.14,5.0200000000000005,2.51,1.5,0.0,0.0,0.0,344.3,0.0,-3.9,-6.0,-5.300000000000001,79.0,0.0,-5.0,227.7,0.0,21.8,0.0,0.0,2.4000000000000004,295.8,295.8,29.1,1.2000000000000002,1.3,1.3,1.3,,,,,,,,,,,,,,,,,,,,,,,,
2026-07-30T19:12:11.250Z,0.144,0.156,6.4,1.4,0.0,0.0,0.0,0.0,0.0,0.0,0.0,0.0,0.0,0.0,0.0,1.0,9.0,2.0,1.0,0.0,0.0,0.0,0.0,0.0,0.0,0.0,1.0,12.0,1.0,12.14,5.0200000000000005,2.51,1.5,0.0,0.1,0.0,344.20000000000005,0.0,-3.6,-3.4000000000000004,-3.8,82.9,0.0,-5.0,227.7,0.0,21.8,0.0,0.0,2.4000000000000004,295.8,295.8,29.1,1.2000000000000002,1.3,1.3,1.3,,,,,,,,,,,,,,,,,,,,,,,,
2026-07-30T19:12:11.261Z,0.155,0.168,6.1000000000000005,1.4,0.0,0.0,0.0,0.0,0.0,0.0,0.0,0.0,0.0,0.0,0.0,1.0,9.0,2.0,1.0,0.0,0.0,0.0,0.0,0.0,0.0,0.0,2.0,12.0,1.0,12.14,5.0200000000000005,2.51,1.5,0.0,0.0,0.0,344.20000000000005,0.0,-3.3000000000000003,-4.2,-2.9000000000000004,86.5,0.0,-4.0,227.6,0.0,21.8,0.0,0.0,2.4000000000000004,295.8,295.8,29.1,1.2000000000000002,1.3,1.3,1.3,,,,,,,,,,,,,,,,,,,,,,,,
2026-07-30T19:12:11.273Z,0.167,0.18,5.800000000000001,1.4,0.0,0.0,0.0,0.0,0.0,0.0,0.0,0.0,0.0,0.0,0.0,1.0,9.0,2.0,1.0,0.0,0.0,0.0,0.0,0.0,0.0,0.0,3.0,12.0,1.0,12.14,5.0200000000000005,2.51,1.5,0.0,0.0,0.0,344.3,0.0,-3.1,-3.4000000000000004,-2.7,89.80000000000001,0.0,-4.0,227.6,0.0,21.8,0.0,0.0,2.4000000000000004,295.8,295.8,29.1,1.2000000000000002,1.3,1.3,1.3,,,,,,,,,,,,,,,,,,,,,,,,
2026-07-30T19:12:11.285Z,0.179,0.192,5.5,1.4,0.0,0.0,0.0,0.0,0.0,0.0,0.0,0.0,0.0,0.0,0.0,1.0,9.0,2.0,1.0,0.0,0.0,0.0,0.0,0.0,0.0,0.0,4.0,12.0,1.0,12.14,5.0200000000000005,2.51,1.5,0.0,0.0,0.0,344.40000000000003,0.0,-2.9000000000000004,-4.800000000000001,-4.2,92.9,0.0,-4.0,227.6,0.0,21.8,0.0,0.0,2.4000000000000004,295.8,295.8,29.1,1.2000000000000002,1.3,1.3,1.3,,,,,,,,,,,,,,,,,,,,,,,,
2026-07-30T19:12:11.299Z,0.193,0.204,5.2,1.4,0.0,0.0,0.0,0.0,0.0,0.0,0.0,0.0,0.0,0.0,0.0,1.0,9.0,2.0,1.0,0.0,0.0,0.0,0.0,0.0,0.0,0.0,4.0,12.0,1.0,12.14,5.01,2.5,1.49,0.0,0.0,0.0,344.20000000000005,0.0,-2.7,-4.0,-4.5,95.8,0.0,-3.0,227.5,0.0,21.4,1.5,1.5,3.7,299.90000000000003,299.90000000000003,28.9,2.5,2.7,2.7,2.7,,,,,,,,,,,,,,,,,,,,,,,,
2026-07-30T19:12:11.310Z,0.204,0.216,4.9,1.4,0.0,0.0,0.0,0.0,0.0,0.0,0.0,0.0,1.0,0.0,0.0,0.0,9.0,3.0,0.0,0.0,0.0,0.0,0.0,0.0,0.0,0.0,5.0,12.0,1.0,12.14,5.01,2.5,1.49,0.0,0.0,0.0,344.3,0.0,-3.1,-3.7,-2.6,98.5,0.0,-3.0,227.7,0.0,21.4,1.5,1.5,3.7,299.90000000000003,299.90000000000003,28.9,2.5,2.7,2.7,2.7,,,,,,,,,,,,,,,,,,,,,,,,
2026-07-30T19:12:11.321Z,0.215,0.228,4.6000000000000005,1.4,0.0,0.0,0.0,0.0,0.0,0.0,0.0,0.0,1.0,0.0,0.0,0.0,9.0,3.0,0.0,0.0,0.0,0.0,0.0,0.0,0.0,0.0,6.0,12.0,1.0,12.14,5.01,2.5,1.49,0.0,0.0,0.0,344.3,0.0,-2.4000000000000004,-3.5,-4.7,100.9,0.0,-3.0,227.6,0.0,21.4,1.5,1.5,3.7,299.90000000000003,299.90000000000003,28.9,2.5,2.7,2.7,2.7,,,,,,,,,,,,,,,,,,,,,,,,
2026-07-30T19:12:11.333Z,0.227,0.24,4.3,1.4,0.0,0.0,0.0,0.0,0.0,0.0,0.0,0.0,1.0,0.0,0.0,0.0,9.0,3.0,0.0,0.0,0.0,0.0,0.0,0.0,0.0,0.0,1.0,12.0,1.0,12.14,5.01,2.5,1.49,0.0,0.0,0.0,344.3,0.0,-2.2,-3.8,-1.6,103.2,0.0,-3.0,227.7,0.0,21.4,1.5,1.5,3.7,299.90000000000003,299.90000000000003,28.9,2.5,2.7,2.7,2.7,,,,,,,,,,,,,,,,,,,,,,,,
2026-07-30T19:12:11.346Z,0.24,0.252,4.0,1.4,0.0,0.0,0.0,0.0,0.0,0.0,0.0,0.0,1.0,0.0,0.0,0.0,9.0,3.0,0.0,0.0,0.0,0.0,0.0,0.0,0.0,0.0,2.0,12.0,1.0,12.14,5.01,2.5,1.49,0.0,0.0,0.0,344.3,0.0,-1.5,-2.5,-2.6,105.3,0.0,-2.0,227.5,0.0,21.4,1.5,1.5,3.7,299.90000000000003,299.90000000000003,28.9,2.5,2.7,2.7,2.7,,,,,,,,,,,,,,,,,,,,,,,,
2026-07-30T19:12:11.358Z,0.252,0.264,3.7,1.4,0.0,0.0,0.0,0.0,0.0,0.0,0.0,0.0,1.0,0.0,0.0,0.0,9.0,4.0,0.0,0.0,0.0,0.0,0.0,0.0,0.0,0.0,3.0,12.0,1.0,12.14,5.01,2.5,1.49,0.0,0.0,0.0,344.3,0.0,-1.3,-2.3000000000000003,-3.0,107.3,0.0,-2.0,227.5,0.0,21.4,1.5,1.5,3.7,299.90000000000003,299.90000000000003,28.9,2.5,2.7,2.7,2.7,,,,,,,,,,,,,,,,,,,,,,,,
2026-07-30T19:12:11.369Z,0.263,0.276,3.5,1.4,0.0,0.0,0.0,0.0,0.0,0.0,0.0,0.0,1.0,0.0,0.0,0.0,9.0,4.0,0.0,0.0,0.0,0.0,0.0,0.0,0.0,0.0,4.0,12.0,1.0,12.14,5.01,2.5,1.49,0.0,0.0,0.0,344.3,0.0,-1.8,-1.5,-2.2,109.1,0.0,-2.0,227.7,0.0,21.4,1.5,1.5,3.7,299.90000000000003,299.90000000000003,28.9,2.5,2.7,2.7,2.7,,,,,,,,,,,,,,,,,,,,,,,,
2026-07-30T19:12:11.381Z,0.275,0.288,3.3000000000000003,1.4,0.0,0.0,0.0,0.0,0.0,0.0,0.0,0.0,1.0,0.0,0.0,0.0,9.0,4.0,0.0,0.0,0.0,0.0,0.0,0.0,0.0,0.0,5.0,12.0,1.0,12.14,5.01,2.5,1.49,-0.1,0.1,0.0,344.3,0.0,-1.1,-2.5,-2.1,110.8,0.0,-2.0,227.6,0.0,21.4,1.5,1.5,3.7,299.90000000000003,299.90000000000003,28.9,2.5,2.7,2.7,2.7,,,,,,,,,,,,,,,,,,,,,,,,
2026-07-30T19:12:11.394Z,0.288,0.3,3.1,1.4,0.0,0.0,0.0,0.0,0.0,0.0,0.0,0.0,1.0,0.0,0.0,0.0,9.0,4.0,0.0,0.0,0.0,0.0,0.0,0.0,0.0,0.0,6.0,12.0,1.0,12.14,5.01,2.5,1.49,0.0,0.0,0.0,344.3,0.0,-0.4,-0.6000000000000001,-0.8,112.4,0.0,-2.0,227.5,0.0,21.4,1.5,1.5,3.7,299.90000000000003,299.90000000000003,28.9,2.5,2.7,2.7,2.7,,,,,,,,,,,,,,,,,,,,,,,,
2026-07-30T19:12:11.406Z,0.3,0.312,2.9000000000000004,1.4,0.0,0.0,0.0,0.0,0.0,0.0,0.0,0.0,1.0,0.0,0.0,0.0,9.0,4.0,0.0,0.0,0.0,0.0,0.0,0.0,0.0,0.0,1.0,12.0,1.0,12.15,5.0200000000000005,2.5,1.49,0.0,0.0,0.0,344.3,0.0,-0.4,-1.0,-1.8,113.9,0.0,-2.0,226.6,0.0,21.0,1.5,1.5,3.8,300.0,300.0,29.1,3.9,4.0,4.0,4.0,,,,,,,,,,,,,,,,,,,,,,,,
2026-07-30T19:12:11.417Z,0.311,0.324,2.7,1.4,0.0,0.0,0.0,0.0,0.0,0.0,0.0,0.0,1.0,0.0,0.0,0.0,9.0,4.0,0.0,0.0,0.0,0.0,0.0,0.0,0.0,0.0,2.0,12.0,1.0,12.15,5.0200000000000005,2.5,1.49,0.0,0.0,0.0,344.3,0.0,-0.8,-2.0,-2.3000000000000003,115.2,0.0,-1.0,227.5,0.0,21.0,1.5,1.5,3.8,300.0,300.0,29.1,3.9,4.0,4.0,4.0,,,,,,,,,,,,,,,,,,,,,,,,
2026-07-30T19:12:11.429Z,0.323,0.336,2.5,1.4,0.0,0.0,0.0,0.0,0.0,0.0,0.0,0.0,1.0,0.0,0.0,0.0,9.0,4.0,0.0,0.0,0.0,0.0,0.0,0.0,0.0,0.0,3.0,12.0,1.0,12.15,5.0200000000000005,2.5,1.49,0.0,0.0,0.0,344.3,0.0,-0.8,-1.9,-1.7000000000000002,116.5,0.0,-1.0,227.6,0.0,21.0,1.5,1.5,3.8,300.0,300.0,29.1,3.9,4.0,4.0,4.0,,,,,,,,,,,,,,,,,,,,,,,,
2026-07-30T19:12:11.442Z,0.336,0.348,2.3000000000000003,1.4,0.0,0.0,0.0,0.0,0.0,0.0,0.0,0.0,1.0,0.0,0.0,0.0,9.0,4.0,0.0,0.0,0.0,0.0,0.0,0.0,0.0,0.0,4.0,12.0,1.0,12.15,5.0200000000000005,2.5,1.49,0.0,0.0,0.0,344.3,0.0,-0.6000000000000001,-0.7000000000000001,-0.3,117.7,0.0,-1.0,227.5,0.0,21.0,1.5,1.5,3.8,300.0,300.0,29.1,3.9,4.0,4.0,4.0,,,,,,,,,,,,,,,,,,,,,,,,
2026-07-30T19:12:11.454Z,0.348,0.36,2.1,1.4,0.0,0.0,0.0,0.0,0.0,0.0,0.0,0.0,1.0,0.0,0.0,0.0,9.0,4.0,0.0,0.0,0.0,0.0,0.0,0.0,0.0,0.0,6.0,12.0,1.0,12.15,5.0200000000000005,2.5,1.49,0.0,0.0,0.0,344.3,0.0,-1.1,-0.5,-2.0,118.7,0.0,-1.0,227.5,0.0,21.0,1.5,1.5,3.8,300.0,300.0,29.1,3.9,4.0,4.0,4.0,,,,,,,,,,,,,,,,,,,,,,,,
2026-07-30T19:12:11.465Z,0.359,0.372,2.0,1.4,0.0,0.0,0.0,0.0,0.0,0.0,0.0,0.0,1.0,0.0,0.0,0.0,9.0,4.0,0.0,0.0,0.0,0.0,0.0,0.0,0.0,0.0,1.0,12.0,1.0,12.15,5.0200000000000005,2.5,1.49,0.0,0.0,0.0,344.20000000000005,0.0,-1.1,-1.6,-0.2,119.7,0.0,-1.0,227.6,0.0,21.0,1.5,1.5,3.8,300.0,300.0,29.1,3.9,4.0,4.0,4.0,,,,,,,,,,,,,,,,,,,,,,,,
2026-07-30T19:12:11.478Z,0.372,0.384,1.9,1.4,0.0,0.0,0.0,0.0,0.0,0.0,0.0,0.0,1.0,0.0,0.0,0.0,9.0,4.0,0.0,0.0,0.0,0.0,0.0,0.0,0.0,0.0,1.0,12.0,1.0,12.15,5.0200000000000005,2.5,1.49,0.0,0.0,0.0,344.3,0.0,-1.0,-1.5,-1.3,120.7,0.0,-1.0,227.5,0.0,21.0,1.5,1.5,3.8,300.0,300.0,29.1,3.9,4.0,4.0,4.0,,,,,,,,,,,,,,,,,,,,,,,,
2026-07-30T19:12:11.490Z,0.384,0.396,1.7000000000000002,1.4,0.0,0.0,0.0,0.0,0.0,0.0,0.0,0.0,1.0,0.0,0.0,0.0,9.0,4.0,0.0,0.0,0.0,0.0,0.0,0.0,0.0,0.0,3.0,12.0,1.0,12.15,5.0200000000000005,2.5,1.49,0.0,0.0,0.0,344.3,0.0,-0.3,0.2,-0.7000000000000001,121.5,0.0,-1.0,227.5,0.0,21.0,1.5,1.5,3.8,300.0,300.0,29.1,3.9,4.0,4.0,4.0,,,,,,,,,,,,,,,,,,,,,,,,
2026-07-30T19:12:11.503Z,0.397,0.408,1.6,1.4,0.0,0.0,0.0,0.0,0.0,0.0,0.0,0.0,1.0,0.0,0.0,0.0,9.0,4.0,0.0,0.0,0.0,0.0,0.0,0.0,0.0,0.0,4.0,12.0,1.0,12.15,5.03,2.51,1.49,-0.1,0.1,0.0,344.3,0.0,-1.4,-1.3,-1.8,122.3,0.0,-1.0,227.4,0.0,21.3,1.5,1.5,3.8,300.0,300.0,29.0,5.2,5.4,5.4,5.4,,,,,,,,,,,,,,,,,,,,,,,,
2026-07-30T19:12:11.513Z,0.407,0.42,1.5,1.4,0.0,0.0,0.0,0.0,0.0,0.0,0.0,0.0,1.0,0.0,0.0,0.0,9.0,4.0,0.0,0.0,0.0,0.0,0.0,0.0,0.0,0.0,5.0,12.0,1.0,12.15,5.03,2.51,1.49,0.0,0.0,0.0,344.20000000000005,0.0,-0.8,-1.3,-0.5,123.1,0.0,-1.0,226.6,0.0,21.3,1.5,1.5,3.8,300.0,300.0,29.0,5.2,5.4,5.4,5.4,,,,,,,,,,,,,,,,,,,,,,,,
2026-07-30T19:12:11.526Z,0.42,0.432,1.4,1.4,0.0,0.0,0.0,0.0,0.0,0.0,0.0,0.0,1.0,0.0,0.0,0.0,9.0,4.0,0.0,0.0,0.0,0.0,0.0,0.0,0.0,0.0,1.0,12.0,1.0,12.15,5.03,2.51,1.49,0.0,0.0,0.0,344.3,0.0,-0.8,-0.6000000000000001,-1.6,123.8,0.0,0.0,227.6,0.0,21.3,1.5,1.5,3.8,300.0,300.0,29.0,5.2,5.4,5.4,5.4,,,,,,,,,,,,,,,,,,,,,,,,
2026-07-30T19:12:11.537Z,0.431,0.444,1.3,1.4,0.0,0.0,0.0,0.0,0.0,0.0,0.0,0.0,1.0,0.0,0.0,0.0,9.0,4.0,0.0,0.0,0.0,0.0,0.0,0.0,0.0,0.0,2.0,12.0,1.0,12.15,5.03,2.51,1.49,0.0,0.0,0.0,344.3,0.0,-0.1,-0.6000000000000001,-1.5,124.4,0.0,0.0,227.5,0.0,21.3,1.5,1.5,3.8,300.0,300.0,29.0,5.2,5.4,5.4,5.4,,,,,,,,,,,,,,,,,,,,,,,,
2026-07-30T19:12:11.549Z,0.443,0.456,1.2000000000000002,1.4,0.0,0.0,0.0,0.0,0.0,0.0,0.0,0.0,1.0,0.0,0.0,0.0,9.0,4.0,0.0,0.0,0.0,0.0,0.0,0.0,0.0,0.0,3.0,12.0,1.0,12.15,5.03,2.51,1.49,0.0,0.0,0.0,344.3,0.0,-0.7000000000000001,-1.8,-0.3,125.0,0.0,0.0,227.6,0.0,21.3,1.5,1.5,3.8,300.0,300.0,29.0,5.2,5.4,5.4,5.4,,,,,,,,,,,,,,,,,,,,,,,,
2026-07-30T19:12:11.561Z,0.455,0.468,1.1,1.4,0.0,0.0,0.0,0.0,0.0,0.0,0.0,0.0,1.0,0.0,0.0,0.0,9.0,4.0,0.0,0.0,0.0,0.0,0.0,0.0,0.0,0.0,4.0,12.0,1.0,12.15,5.03,2.51,1.49,0.0,0.0,0.0,344.3,0.0,-0.1,-0.5,0.3,125.5,0.0,0.0,227.6,0.0,21.3,1.5,1.5,3.8,300.0,300.0,29.0,5.2,5.4,5.4,5.4,,,,,,,,,,,,,,,,,,,,,,,,
2026-07-30T19:12:11.573Z,0.467,0.48,1.1,1.4,0.0,0.0,0.0,0.0,0.0,0.0,0.0,0.0,1.0,0.0,0.0,0.0,9.0,4.0,0.0,0.0,0.0,0.0,0.0,0.0,0.0,0.0,5.0,12.0,1.0,12.15,5.03,2.51,1.49,0.0,0.0,0.0,344.3,0.0,-1.2000000000000002,-2.8000000000000003,-0.7000000000000001,126.0,0.0,0.0,227.7,0.0,21.3,1.5,1.5,3.8,300.0,300.0,29.0,5.2,5.4,5.4,5.4,,,,,,,,,,,,,,,,,,,,,,,,
2026-07-30T19:12:11.586Z,0.48,0.492,1.0,1.4,0.0,0.0,0.0,0.0,0.0,0.0,0.0,0.0,1.0,0.0,0.0,0.0,9.0,4.0,0.0,0.0,0.0,0.0,0.0,0.0,0.0,0.0,6.0,12.0,1.0,12.15,5.03,2.51,1.49,0.0,0.0,0.0,344.3,0.0,-1.2000000000000002,-0.4,-0.8,126.5,0.0,0.0,227.7,0.0,21.3,1.5,1.5,3.8,300.0,300.0,29.0,5.2,5.4,5.4,5.4,,,,,,,,,,,,,,,,,,,,,,,,
2026-07-30T19:12:11.598Z,0.492,0.504,0.9,1.4,0.0,0.0,0.0,0.0,0.0,0.0,0.0,0.0,1.0,0.0,0.0,0.0,9.0,4.0,0.0,0.0,0.0,0.0,0.0,0.0,0.0,0.0,1.0,12.0,1.0,12.15,5.03,2.51,1.49,0.0,0.0,0.0,344.3,0.0,-1.7000000000000002,-0.4,-1.3,126.9,0.0,0.0,227.5,0.0,21.3,1.5,1.5,3.8,300.0,300.0,29.0,5.2,5.4,5.4,5.4,,,,,,,,,,,,,,,,,,,,,,,,
2026-07-30T19:12:11.610Z,0.504,0.516,0.9,1.4,0.0,0.0,0.0,0.0,0.0,0.0,0.0,0.0,1.0,0.0,0.0,0.0,9.0,4.0,0.0,0.0,0.0,0.0,0.0,0.0,0.0,0.0,3.0,12.0,1.0,12.15,5.01,2.51,1.49,0.0,0.0,0.0,344.3,0.0,-0.6000000000000001,1.3,0.4,127.3,0.0,0.0,227.6,0.0,21.4,1.6,1.6,3.9,300.0,300.0,29.1,6.6000000000000005,6.800000000000001,6.800000000000001,6.800000000000001,,,,,,,,,,,,,,,,,,,,,,,,
2026-07-30T19:12:11.622Z,0.516,0.528,0.8,1.4,0.0,0.0,0.0,0.0,0.0,0.0,0.0,0.0,1.0,0.0,0.0,0.0,9.0,4.0,0.0,0.0,0.0,0.0,0.0,0.0,0.0,0.0,4.0,12.0,1.0,12.15,5.01,2.51,1.49,0.0,0.0,0.0,344.3,0.0,-1.1,-0.9,-0.1,127.7,0.0,0.0,227.7,0.0,21.4,1.6,1.6,3.9,300.0,300.0,29.1,6.6000000000000005,6.800000000000001,6.800000000000001,6.800000000000001,,,,,,,,,,,,,,,,,,,,,,,,
2026-07-30T19:12:11.633Z,0.527,0.54,0.7000000000000001,1.4,0.0,0.0,0.0,0.0,0.0,0.0,0.0,0.0,1.0,0.0,0.0,0.0,9.0,4.0,0.0,0.0,0.0,0.0,0.0,0.0,0.0,0.0,5.0,12.0,1.0,12.15,5.01,2.51,1.49,0.0,0.0,0.0,344.3,0.0,-1.7000000000000002,-2.1,-1.7000000000000002,128.1,0.0,0.0,227.5,0.0,21.4,1.6,1.6,3.9,300.0,300.0,29.1,6.6000000000000005,6.800000000000001,6.800000000000001,6.800000000000001,,,,,,,,,,,,,,,,,,,,,,,,
2026-07-30T19:12:11.645Z,0.539,0.552,0.7000000000000001,1.4,0.0,0.0,0.0,0.0,0.0,0.0,0.0,0.0,1.0,0.0,0.0,0.0,9.0,4.0,0.0,0.0,0.0,0.0,0.0,0.0,0.0,0.0,6.0,12.0,1.0,12.15,5.01,2.51,1.49,0.0,0.0,0.0,344.3,0.0,0.0,-0.3,0.5,128.4,0.0,0.0,227.6,0.0,21.4,1.6,1.6,3.9,300.0,300.0,29.1,6.6000000000000005,6.800000000000001,6.800000000000001,6.800000000000001,,,,,,,,,,,,,,,,,,,,,,,,
2026-07-30T19:12:11.657Z,0.551,0.5640000000000001,0.6000000000000001,1.4,0.0,0.0,0.0,0.0,0.0,0.0,0.0,0.0,1.0,0.0,0.0,0.0,9.0,4.0,0.0,0.0,0.0,0.0,0.0,0.0,0.0,0.0,1.0,12.0,1.0,12.15,5.01,2.51,1.49,0.0,0.0,0.0,344.3,0.0,0.0,0.8,-0.5,128.70000000000002,0.0,0.0,227.7,0.0,21.4,1.6,1.6,3.9,300.0,300.0,29.1,6.6000000000000005,6.800000000000001,6.800000000000001,6.800000000000001,,,,,,,,,,,,,,,,,,,,,,,,
2026-07-30T19:12:11.669Z,0.563,0.5760000000000001,0.6000000000000001,1.4,0.0,0.0,0.0,0.0,0.0,0.0,0.0,0.0,1.0,0.0,0.0,0.0,9.0,4.0,0.0,0.0,0.0,0.0,0.0,0.0,0.0,0.0,2.0,12.0,1.0,12.15,5.01,2.51,1.49,0.0,0.0,0.0,344.3,0.0,0.0,-0.9,-1.1,129.0,0.0,0.0,227.7,0.0,21.4,1.6,1.6,3.9,300.0,300.0,29.1,6.6000000000000005,6.800000000000001,6.800000000000001,6.800000000000001,,,,,,,,,,,,,,,,,,,,,,,,
2026-07-30T19:12:11.681Z,0.575,0.588,0.5,1.4,0.0,0.0,0.0,0.0,0.0,0.0,0.0,0.0,1.0,0.0,0.0,0.0,9.0,4.0,0.0,0.0,0.0,0.0,0.0,0.0,0.0,0.0,3.0,12.0,1.0,12.15,5.01,2.51,1.49,0.0,0.0,0.0,344.3,0.0,0.0,-0.2,-0.5,129.20000000000002,0.0,0.0,227.7,0.0,21.4,1.6,1.6,3.9,300.0,300.0,29.1,6.6000000000000005,6.800000000000001,6.800000000000001,6.800000000000001,,,,,,,,,,,,,,,,,,,,,,,,
2026-07-30T19:12:11.693Z,0.587,0.6,0.5,1.4,0.0,0.0,0.0,0.0,0.0,0.0,0.0,0.0,1.0,0.0,0.0,0.0,9.0,4.0,0.0,0.0,0.0,0.0,0.0,0.0,0.0,0.0,4.0,12.0,1.0,12.15,5.01,2.51,1.49,0.0,0.0,0.0,344.20000000000005,0.0,0.0,0.9,-1.0,129.4,0.0,0.0,227.6,0.0,21.4,1.6,1.6,3.9,300.0,300.0,29.1,6.6000000000000005,6.800000000000001,6.800000000000001,6.800000000000001,,,,,,,,,,,,,,,,,,,,,,,,
2026-07-30T19:12:11.706Z,0.6,0.612,0.4,1.4,0.0,0.0,0.0,0.0,0.0,0.0,0.0,0.0,1.0,0.0,0.0,0.0,9.0,4.0,0.0,0.0,0.0,0.0,0.0,0.0,0.0,0.0,5.0,12.0,1.0,12.15,5.01,2.51,1.49,0.0,0.0,0.0,344.3,0.0,1.2000000000000002,2.7,0.7000000000000001,129.6,0.0,0.0,227.6,0.0,21.3,1.7000000000000002,1.7000000000000002,4.0,300.0,300.0,29.200000000000003,8.0,8.1,8.1,8.1,,,,,,,,,,,,,,,,,,,,,,,,
2026-07-30T19:12:11.718Z,0.612,0.624,0.4,1.4,0.0,0.0,0.0,0.0,0.0,0.0,0.0,0.0,1.0,0.0,0.0,0.0,9.0,4.0,0.0,0.0,0.0,0.0,0.0,0.0,0.0,0.0,6.0,12.0,1.0,12.15,5.01,2.51,1.49,0.0,0.0,0.0,344.3,0.0,0.1,-1.3,-2.2,129.9,0.0,0.0,227.1,0.0,21.3,1.7000000000000002,1.7000000000000002,4.0,300.0,300.0,29.200000000000003,8.0,8.1,8.1,8.1,,,,,,,,,,,,,,,,,,,,,,,,
2026-07-30T19:12:11.730Z,0.624,0.636,0.4,1.4,0.0,0.0,0.0,0.0,0.0,0.0,0.0,0.0,1.0,0.0,0.0,0.0,9.0,4.0,0.0,0.0,0.0,0.0,0.0,0.0,0.0,0.0,1.0,12.0,1.0,12.15,5.01,2.51,1.49,0.0,0.0,0.0,344.3,0.0,-0.4,-0.7000000000000001,0.1,130.1,0.0,0.0,227.6,0.0,21.3,1.7000000000000002,1.7000000000000002,4.0,300.0,300.0,29.200000000000003,8.0,8.1,8.1,8.1,,,,,,,,,,,,,,,,,,,,,,,,
2026-07-30T19:12:11.741Z,0.635,0.648,0.4,1.4,0.0,0.0,0.0,0.0,0.0,0.0,0.0,0.0,1.0,0.0,0.0,0.0,9.0,4.0,0.0,0.0,0.0,0.0,0.0,0.0,0.0,0.0,2.0,12.0,1.0,12.15,5.01,2.51,1.49,0.0,0.0,0.0,344.3,0.0,-0.4,1.5,0.1,130.20000000000002,0.0,0.0,227.6,0.0,21.3,1.7000000000000002,1.7000000000000002,4.0,300.0,300.0,29.200000000000003,8.0,8.1,8.1,8.1,,,,,,,,,,,,,,,,,,,,,,,,
2026-07-30T19:12:11.753Z,0.647,0.66,0.4,1.4,0.0,0.0,0.0,0.0,0.0,0.0,0.0,0.0,1.0,0.0,0.0,0.0,9.0,4.0,0.0,0.0,0.0,0.0,0.0,0.0,0.0,0.0,4.0,12.0,1.0,12.15,5.01,2.51,1.49,0.0,0.0,0.0,344.3,0.0,-0.4,0.9,0.2,130.4,0.0,0.0,227.5,0.0,21.3,1.7000000000000002,1.7000000000000002,4.0,300.0,300.0,29.200000000000003,8.0,8.1,8.1,8.1,,,,,,,,,,,,,,,,,,,,,,,,
2026-07-30T19:12:11.766Z,0.66,0.672,0.3,1.4,0.0,0.0,0.0,0.0,0.0,0.0,0.0,0.0,1.0,0.0,0.0,0.0,9.0,4.0,0.0,0.0,0.0,0.0,0.0,0.0,0.0,0.0,6.0,12.0,1.0,12.15,5.01,2.51,1.49,0.0,0.0,0.0,344.20000000000005,0.0,-1.0,-0.7000000000000001,1.4,130.5,0.0,0.0,227.5,0.0,21.3,1.7000000000000002,1.7000000000000002,4.0,300.0,300.0,29.200000000000003,8.0,8.1,8.1,8.1,,,,,,,,,,,,,,,,,,,,,,,,
2026-07-30T19:12:11.777Z,0.671,0.684,0.3,1.4,0.0,0.0,0.0,0.0,0.0,0.0,0.0,0.0,1.0,0.0,0.0,0.0,9.0,4.0,0.0,0.0,0.0,0.0,0.0,0.0,0.0,0.0,1.0,12.0,1.0,12.15,5.01,2.51,1.49,0.0,0.1,0.0,344.3,0.0,-0.4,-0.7000000000000001,-0.3,130.70000000000002,0.0,0.0,227.6,0.0,21.3,1.7000000000000002,1.7000000000000002,4.0,300.0,300.0,29.200000000000003,8.0,8.1,8.1,8.1,,,,,,,,,,,,,,,,,,,,,,,,
2026-07-30T19:12:11.790Z,0.684,0.6960000000000001,0.3,1.4,0.0,0.0,0.0,0.0,0.0,0.0,0.0,0.0,1.0,0.0,0.0,0.0,9.0,4.0,0.0,0.0,0.0,0.0,0.0,0.0,0.0,0.0,2.0,12.0,1.0,12.15,5.01,2.51,1.49,0.0,0.0,0.0,344.3,0.0,0.7000000000000001,0.4,0.2,130.8,0.0,0.0,227.5,0.0,21.3,1.7000000000000002,1.7000000000000002,4.0,300.0,300.0,29.200000000000003,8.0,8.1,8.1,8.1,,,,,,,,,,,,,,,,,,,,,,,,
2026-07-30T19:12:11.801Z,0.695,0.708,0.3,1.4,0.0,0.0,0.0,0.0,0.0,0.0,0.0,0.0,1.0,0.0,0.0,0.0,9.0,4.0,0.0,0.0,0.0,0.0,0.0,0.0,0.0,0.0,3.0,12.0,1.0,12.15,5.01,2.51,1.49,0.0,0.0,0.0,344.3,0.0,-0.3,1.0,0.3,130.9,0.0,0.0,227.5,0.0,21.3,1.7000000000000002,1.7000000000000002,4.0,300.0,300.0,29.200000000000003,8.0,8.1,8.1,8.1,,,,,,,,,,,,,,,,,,,,,,,,
2026-07-30T19:12:11.813Z,0.707,0.72,0.2,1.4,0.0,0.0,0.0,0.0,0.0,0.0,0.0,0.0,1.0,0.0,0.0,0.0,9.0,4.0,0.0,0.0,0.0,0.0,0.0,0.0,0.0,0.0,4.0,12.0,1.0,12.14,5.01,2.51,1.49,0.0,0.0,0.0,344.20000000000005,0.0,-0.9,-1.2000000000000002,0.3,131.0,0.0,0.0,227.5,0.0,21.4,1.8,1.8,4.1000000000000005,300.0,300.0,29.3,9.3,9.5,9.5,9.5,,,,,,,,,,,,,,,,,,,,,,,,
2026-07-30T19:12:11.825Z,0.719,0.732,0.2,1.4,0.0,0.0,0.0,0.0,0.0,0.0,0.0,0.0,1.0,0.0,0.0,0.0,9.0,4.0,0.0,0.0,0.0,0.0,0.0,0.0,0.0,0.0,5.0,12.0,1.0,12.14,5.01,2.51,1.49,0.0,0.0,0.0,344.3,0.0,-0.9,-0.6000000000000001,1.0,131.20000000000002,0.0,0.0,226.7,0.0,21.4,1.8,1.8,4.1000000000000005,300.0,300.0,29.3,9.3,9.5,9.5,9.5,,,,,,,,,,,,,,,,,,,,,,,,
2026-07-30T19:12:11.838Z,0.732,0.744,0.2,1.4,0.0,0.0,0.0,0.0,0.0,0.0,0.0,0.0,1.0,0.0,0.0,0.0,9.0,4.0,0.0,0.0,0.0,0.0,0.0,0.0,0.0,0.0,6.0,12.0,1.0,12.14,5.01,2.51,1.49,0.0,0.0,0.0,344.20000000000005,0.0,0.8,0.0,-1.2000000000000002,131.3,0.0,0.0,227.7,0.0,21.4,1.8,1.8,4.1000000000000005,300.0,300.0,29.3,9.3,9.5,9.5,9.5,,,,,,,,,,,,,,,,,,,,,,,,
2026-07-30T19:12:11.850Z,0.744,0.756,0.1,1.4,0.0,0.0,0.0,0.0,0.0,0.0,0.0,0.0,1.0,0.0,0.0,0.0,9.0,4.0,0.0,0.0,0.0,0.0,0.0,0.0,0.0,0.0,1.0,12.0,1.0,12.14,5.01,2.51,1.49,0.0,0.0,0.0,344.3,0.0,-0.8,-1.2000000000000002,-1.2000000000000002,131.3,0.0,0.0,227.7,0.0,21.4,1.8,1.8,4.1000000000000005,300.0,300.0,29.3,9.3,9.5,9.5,9.5,,,,,,,,,,,,,,,,,,,,,,,,
2026-07-30T19:12:11.862Z,0.756,0.768,0.1,1.4,0.0,0.0,0.0,0.0,0.0,0.0,0.0,0.0,1.0,0.0,0.0,0.0,9.0,4.0,0.0,0.0,0.0,0.0,0.0,0.0,0.0,0.0,2.0,12.0,1.0,12.14,5.01,2.51,1.49,0.0,0.0,0.0,344.3,0.0,-0.2,0.0,-0.1,131.4,0.0,0.0,227.5,0.0,21.4,1.8,1.8,4.1000000000000005,300.0,300.0,29.3,9.3,9.5,9.5,9.5,,,,,,,,,,,,,,,,,,,,,,,,
2026-07-30T19:12:11.874Z,0.768,0.78,0.1,1.4,0.0,0.0,0.0,0.0,0.0,0.0,0.0,0.0,1.0,0.0,0.0,0.0,9.0,4.0,0.0,0.0,0.0,0.0,0.0,0.0,0.0,0.0,3.0,12.0,1.0,12.14,5.01,2.51,1.49,0.0,0.0,0.0,344.3,0.0,0.3,-1.2000000000000002,-0.7000000000000001,131.5,0.0,0.0,227.4,0.0,21.4,1.8,1.8,4.1000000000000005,300.0,300.0,29.3,9.3,9.5,9.5,9.5,,,,,,,,,,,,,,,,,,,,,,,,
2026-07-30T19:12:11.886Z,0.78,0.792,0.1,1.4,0.0,0.0,0.0,0.0,0.0,0.0,0.0,0.0,1.0,0.0,0.0,0.0,9.0,4.0,0.0,0.0,0.0,0.0,0.0,0.0,0.0,0.0,4.0,12.0,1.0,12.14,5.01,2.51,1.49,0.0,0.0,0.0,344.3,0.0,-0.8,0.0,-1.8,131.6,0.0,0.0,227.5,0.0,21.4,1.8,1.8,4.1000000000000005,300.0,300.0,29.3,9.3,9.5,9.5,9.5,,,,,,,,,,,,,,,,,,,,,,,,
2026-07-30T19:12:11.898Z,0.792,0.804,0.1,1.4,0.0,0.0,0.0,0.0,0.0,0.0,0.0,0.0,1.0,0.0,0.0,0.0,9.0,4.0,0.0,0.0,0.0,0.0,0.0,0.0,0.0,0.0,5.0,12.0,1.0,12.14,5.01,2.51,1.49,0.0,0.0,0.0,344.3,0.0,-0.2,0.5,-0.7000000000000001,131.6,0.0,0.0,227.7,0.0,21.4,1.8,1.8,4.1000000000000005,300.0,300.0,29.3,9.3,9.5,9.5,9.5,,,,,,,,,,,,,,,,,,,,,,,,
2026-07-30T19:12:11.911Z,0.805,0.8160000000000001,0.1,1.4,0.0,0.0,0.0,0.0,0.0,0.0,0.0,0.0,1.0,0.0,0.0,0.0,9.0,4.0,0.0,0.0,0.0,0.0,0.0,0.0,0.0,0.0,1.0,12.0,1.0,12.15,5.0200000000000005,2.51,1.49,0.0,0.0,0.0,344.3,0.0,1.5,0.5,0.4,131.70000000000002,0.0,0.0,227.6,0.0,21.200000000000003,1.9,1.9,4.2,300.0,300.0,29.4,10.7,10.8,10.8,10.8,,,,,,,,,,,,,,,,,,,,,,,,
2026-07-30T19:12:11.922Z,0.816,0.8280000000000001,0.0,1.4,0.0,0.0,0.0,0.0,0.0,0.0,0.0,0.0,1.0,0.0,0.0,0.0,9.0,4.0,0.0,0.0,0.0,0.0,0.0,0.0,0.0,0.0,2.0,12.0,1.0,12.15,5.0200000000000005,2.51,1.49,0.0,0.1,0.0,344.3,0.0,-0.2,0.0,0.4,131.70000000000002,0.0,0.0,227.7,0.0,21.200000000000003,1.9,1.9,4.2,300.0,300.0,29.4,10.7,10.8,10.8,10.8,,,,,,,,,,,,,,,,,,,,,,,,
2026-07-30T19:12:11.934Z,0.828,0.84,0.0,1.4,0.0,0.0,0.0,0.0,0.0,0.0,0.0,0.0,1.0,0.0,0.0,0.0,9.0,4.0,0.0,0.0,0.0,0.0,0.0,0.0,0.0,0.0,3.0,12.0,1.0,12.15,5.0200000000000005,2.51,1.49,0.0,0.0,0.0,344.3,0.0,-0.2,0.0,-0.6000000000000001,131.8,0.0,0.0,227.5,0.0,21.200000000000003,1.9,1.9,4.2,300.0,300.0,29.4,10.7,10.8,10.8,10.8,,,,,,,,,,,,,,,,,,,,,,,,
2026-07-30T19:12:11.946Z,0.84,0.852,0.0,1.4,0.0,0.0,0.0,0.0,0.0,0.0,0.0,0.0,1.0,0.0,0.0,0.0,9.0,4.0,0.0,0.0,0.0,0.0,0.0,0.0,0.0,0.0,3.0,12.0,1.0,12.15,5.0200000000000005,2.51,1.49,0.0,0.0,0.0,344.3,0.0,0.3,0.0,0.5,131.9,0.0,0.0,227.9,0.0,21.200000000000003,1.9,1.9,4.2,300.0,300.0,29.4,10.7,10.8,10.8,10.8,,,,,,,,,,,,,,,,,,,,,,,,
2026-07-30T19:12:11.957Z,0.851,0.864,0.0,1.4,0.0,0.0,0.0,0.0,0.0,0.0,0.0,0.0,1.0,0.0,0.0,0.0,9.0,4.0,0.0,0.0,0.0,0.0,0.0,0.0,0.0,0.0,4.0,12.0,1.0,12.15,5.0200000000000005,2.51,1.49,0.0,0.0,0.0,344.3,0.0,0.3,0.0,0.0,131.9,0.0,0.0,227.6,0.0,21.200000000000003,1.9,1.9,4.2,300.0,300.0,29.4,10.7,10.8,10.8,10.8,,,,,,,,,,,,,,,,,,,,,,,,
2026-07-30T19:12:11.970Z,0.864,0.876,0.0,1.4,0.0,0.0,0.0,0.0,0.0,0.0,0.0,0.0,1.0,0.0,0.0,0.0,9.0,4.0,0.0,0.0,0.0,0.0,0.0,0.0,0.0,0.0,5.0,12.0,1.0,12.15,5.0200000000000005,2.51,1.49,0.0,0.0,0.0,344.20000000000005,0.0,0.3,-1.1,-0.6000000000000001,131.9,0.0,0.0,227.6,0.0,21.200000000000003,1.9,1.9,4.2,300.0,300.0,29.4,10.7,10.8,10.8,10.8,,,,,,,,,,,,,,,,,,,,,,,,
2026-07-30T19:12:11.982Z,0.876,0.888,0.0,1.4,0.0,0.0,0.0,0.0,0.0,0.0,0.0,0.0,1.0,0.0,0.0,0.0,9.0,4.0,0.0,0.0,0.0,0.0,0.0,0.0,0.0,0.0,6.0,12.0,1.0,12.15,5.0200000000000005,2.51,1.49,0.0,0.0,0.0,344.3,0.0,-0.2,0.0,-0.1,132.0,0.0,0.0,227.5,0.0,21.200000000000003,1.9,1.9,4.2,300.0,300.0,29.4,10.7,10.8,10.8,10.8,,,,,,,,,,,,,,,,,,,,,,,,
2026-07-30T19:12:11.994Z,0.888,0.9,0.0,1.4,0.0,0.0,0.0,0.0,0.0,0.0,0.0,0.0,1.0,0.0,0.0,0.0,9.0,4.0,0.0,0.0,0.0,0.0,0.0,0.0,0.0,0.0,1.0,12.0,1.0,12.15,5.0200000000000005,2.51,1.49,0.0,0.0,0.0,344.3,0.0,-0.8,0.5,-0.6000000000000001,132.0,0.0,0.0,227.6,0.0,21.200000000000003,1.9,1.9,4.2,300.0,300.0,29.4,10.7,10.8,10.8,10.8,,,,,,,,,,,,,,,,,,,,,,,,
2026-07-30T19:12:12.006Z,0.9,0.912,0.0,1.4,0.0,0.0,0.0,0.0,0.0,0.0,0.0,0.0,1.0,0.0,0.0,0.0,9.0,4.0,0.0,0.0,0.0,0.0,0.0,0.0,0.0,0.0,2.0,12.0,1.0,12.15,5.0200000000000005,2.51,1.49,0.0,0.0,0.0,344.3,0.0,0.3,0.0,1.0,132.0,0.0,0.0,227.6,0.0,21.200000000000003,1.9,1.9,4.2,300.0,300.0,29.4,10.7,10.8,10.8,10.8,,,,,,,,,,,,,,,,,,,,,,,,
2026-07-30T19:12:12.018Z,0.912,0.924,0.0,1.4,0.0,0.0,0.0,0.0,0.0,0.0,0.0,0.0,1.0,0.0,0.0,0.0,9.0,4.0,0.0,0.0,0.0,0.0,0.0,0.0,0.0,0.0,3.0,12.0,1.0,12.14,5.01,2.51,1.49,0.0,0.0,0.0,344.3,0.0,0.3,-0.5,-0.7000000000000001,132.1,0.0,0.0,227.7,0.0,21.3,2.0,2.0,4.3,300.0,300.0,29.6,12.0,12.2,12.2,12.2,,,,,,,,,,,,,,,,,,,,,,,,
2026-07-30T19:12:12.029Z,0.923,0.936,0.0,1.4,0.0,0.0,0.0,0.0,0.0,0.0,0.0,0.0,1.0,0.0,0.0,0.0,9.0,4.0,0.0,0.0,0.0,0.0,0.0,0.0,0.0,0.0,4.0,12.0,1.0,12.14,5.01,2.51,1.49,0.0,0.1,0.0,344.3,0.0,0.3,0.5,0.4,132.1,0.0,0.0,227.4,0.0,21.3,2.0,2.0,4.3,300.0,300.0,29.6,12.0,12.2,12.2,12.2,,,,,,,,,,,,,,,,,,,,,,,,
2026-07-30T19:12:12.041Z,0.935,0.948,0.0,1.4,0.0,0.0,0.0,0.0,0.0,0.0,0.0,0.0,1.0,0.0,0.0,0.0,9.0,4.0,0.0,0.0,0.0,0.0,0.0,0.0,0.0,0.0,5.0,12.0,1.0,12.14,5.01,2.51,1.49,0.0,0.0,0.0,344.3,0.0,0.9,0.5,-0.1,132.1,0.0,0.0,227.7,0.0,21.3,2.0,2.0,4.3,300.0,300.0,29.6,12.0,12.2,12.2,12.2,,,,,,,,,,,,,,,,,,,,,,,,
2026-07-30T19:12:12.054Z,0.948,0.96,0.0,1.4,0.0,0.0,0.0,0.0,0.0,0.0,0.0,0.0,1.0,0.0,0.0,0.0,9.0,4.0,0.0,0.0,0.0,0.0,0.0,0.0,0.0,0.0,6.0,12.0,1.0,12.14,5.01,2.51,1.49,0.0,0.0,0.0,344.3,0.0,0.3,-0.5,1.0,132.1,0.0,0.0,227.7,0.0,21.3,2.0,2.0,4.3,300.0,300.0,29.6,12.0,12.2,12.2,12.2,,,,,,,,,,,,,,,,,,,,,,,,
2026-07-30T19:12:12.065Z,0.959,0.972,0.0,1.4,0.0,0.0,0.0,0.0,0.0,0.0,0.0,0.0,1.0,0.0,0.0,0.0,9.0,4.0,0.0,0.0,0.0,0.0,0.0,0.0,0.0,0.0,1.0,12.0,1.0,12.14,5.01,2.51,1.49,0.0,0.0,0.0,344.3,0.0,0.3,0.6000000000000001,2.1,132.20000000000002,0.0,0.0,227.6,0.0,21.3,2.0,2.0,4.3,300.0,300.0,29.6,12.0,12.2,12.2,12.2,,,,,,,,,,,,,,,,,,,,,,,,
2026-07-30T19:12:12.077Z,0.971,0.984,0.0,1.4,0.0,0.0,0.0,0.0,0.0,0.0,0.0,0.0,1.0,0.0,0.0,0.0,9.0,4.0,0.0,0.0,0.0,0.0,0.0,0.0,0.0,0.0,2.0,12.0,1.0,12.14,5.01,2.51,1.49,0.0,0.1,0.0,344.3,0.0,-0.2,-0.5,-1.3,132.20000000000002,0.0,0.0,227.6,0.0,21.3,2.0,2.0,4.3,300.0,300.0,29.6,12.0,12.2,12.2,12.2,,,,,,,,,,,,,,,,,,,,,,,,
2026-07-30T19:12:12.090Z,0.984,0.996,0.0,1.4,0.0,0.0,0.0,0.0,0.0,0.0,0.0,0.0,1.0,0.0,0.0,0.0,9.0,4.0,0.0,0.0,0.0,0.0,0.0,0.0,0.0,0.0,3.0,12.0,1.0,12.14,5.01,2.51,1.49,0.0,0.0,0.0,344.3,0.0,0.2,0.0,0.4,132.20000000000002,0.0,0.0,227.7,0.0,21.3,2.0,2.0,4.3,300.0,300.0,29.6,12.0,12.2,12.2,12.2,,,,,,,,,,,,,,,,,,,,,,,,
2026-07-30T19:12:12.101Z,0.995,1.008,0.0,1.4,0.0,0.0,0.0,0.0,0.0,0.0,0.0,0.0,1.0,0.0,0.0,0.0,9.0,4.0,0.0,0.0,0.0,0.0,0.0,0.0,0.0,0.0,5.0,12.0,1.0,12.14,5.01,2.51,1.49,0.0,0.0,0.0,344.3,0.0,-0.3,-0.5,-0.1,132.20000000000002,0.0,0.0,227.6,0.0,21.3,2.0,2.0,4.3,300.0,300.0,29.6,12.0,12.2,12.2,12.2,,,,,,,,,,,,,,,,,,,,,,,,
2026-07-30T19:12:12.115Z,1.009,1.02,0.0,1.4,0.0,0.0,0.0,0.0,0.0,0.0,0.0,0.0,1.0,0.0,0.0,0.0,9.0,4.0,0.0,0.0,0.0,0.0,0.0,0.0,0.0,0.0,6.0,12.0,1.0,12.14,5.01,2.51,1.49,0.0,0.0,0.0,344.3,0.0,0.2,0.0,-0.1,132.20000000000002,0.0,0.0,227.5,0.0,21.200000000000003,2.1,2.1,4.4,300.0,300.0,29.6,13.4,13.6,13.6,13.6,,,,,,,,,,,,,,,,,,,,,,,,
2026-07-30T19:12:12.125Z,1.019,1.032,0.0,1.4,0.0,0.0,0.0,0.0,0.0,0.0,0.0,0.0,1.0,0.0,0.0,0.0,9.0,4.0,0.0,0.0,0.0,0.0,0.0,0.0,0.0,0.0,1.0,12.0,1.0,12.14,5.01,2.51,1.49,0.0,0.0,0.0,344.3,0.0,-0.3,0.0,1.0,132.20000000000002,0.0,0.0,227.5,0.0,21.200000000000003,2.1,2.1,4.4,300.0,300.0,29.6,13.4,13.6,13.6,13.6,,,,,,,,,,,,,,,,,,,,,,,,
2026-07-30T19:12:12.137Z,1.031,1.044,0.0,1.4,0.0,0.0,0.0,0.0,0.0,0.0,0.0,0.0,1.0,0.0,0.0,0.0,9.0,4.0,0.0,0.0,0.0,0.0,0.0,0.0,0.0,0.0,2.0,12.0,1.0,12.14,5.01,2.51,1.49,0.0,0.0,0.0,344.3,0.0,0.3,0.6000000000000001,0.4,132.20000000000002,0.0,0.0,227.2,0.0,21.200000000000003,2.1,2.1,4.4,300.0,300.0,29.6,13.4,13.6,13.6,13.6,,,,,,,,,,,,,,,,,,,,,,,,
2026-07-30T19:12:12.150Z,1.044,1.056,0.0,1.4,0.0,0.0,0.0,0.0,0.0,0.0,0.0,0.0,1.0,0.0,0.0,0.0,9.0,4.0,0.0,0.0,0.0,0.0,0.0,0.0,0.0,0.0,3.0,12.0,1.0,12.14,5.01,2.51,1.49,-0.1,0.0,0.0,344.3,0.0,0.4,-0.4,-0.6000000000000001,132.20000000000002,0.0,0.0,227.8,0.0,21.200000000000003,2.1,2.1,4.4,300.0,300.0,29.6,13.4,13.6,13.6,13.6,,,,,,,,,,,,,,,,,,,,,,,,
2026-07-30T19:12:12.162Z,1.056,1.068,0.0,1.4,0.0,0.0,0.0,0.0,0.0,0.0,0.0,0.0,1.0,0.0,0.0,0.0,9.0,4.0,0.0,0.0,0.0,0.0,0.0,0.0,0.0,0.0,4.0,12.0,1.0,12.14,5.01,2.51,1.49,0.0,0.0,0.0,344.20000000000005,0.0,-0.8,-1.1,-0.6000000000000001,132.20000000000002,0.0,0.0,227.9,0.0,21.200000000000003,2.1,2.1,4.4,300.0,300.0,29.6,13.4,13.6,13.6,13.6,,,,,,,,,,,,,,,,,,,,,,,,
2026-07-30T19:12:12.174Z,1.068,1.08,0.0,1.4,0.0,0.0,0.0,0.0,0.0,0.0,0.0,0.0,1.0,0.0,0.0,0.0,9.0,4.0,0.0,0.0,0.0,0.0,0.0,0.0,0.0,0.0,5.0,12.0,1.0,12.14,5.01,2.51,1.49,0.0,0.0,0.0,344.3,0.0,-0.2,1.2000000000000002,1.1,132.20000000000002,0.0,0.0,227.7,0.0,21.200000000000003,2.1,2.1,4.4,300.0,300.0,29.6,13.4,13.6,13.6,13.6,,,,,,,,,,,,,,,,,,,,,,,,
2026-07-30T19:12:12.186Z,1.08,1.092,0.0,1.4,0.0,0.0,0.0,0.0,0.0,0.0,0.0,0.0,1.0,0.0,0.0,0.0,9.0,4.0,0.0,0.0,0.0,0.0,0.0,0.0,0.0,0.0,6.0,12.0,1.0,12.14,5.01,2.51,1.49,0.0,0.0,0.0,344.3,0.0,-0.2,-0.4,-0.5,132.20000000000002,0.0,0.0,227.6,0.0,21.200000000000003,2.1,2.1,4.4,300.0,300.0,29.6,13.4,13.6,13.6,13.6,,,,,,,,,,,,,,,,,,,,,,,,
2026-07-30T19:12:12.198Z,1.092,1.104,0.0,1.4,0.0,0.0,0.0,0.0,0.0,0.0,0.0,0.0,1.0,0.0,0.0,0.0,9.0,4.0,0.0,0.0,0.0,0.0,0.0,0.0,0.0,0.0,1.0,12.0,1.0,12.14,5.01,2.51,1.49,0.0,0.0,0.0,344.3,0.0,0.9,1.2000000000000002,1.1,132.3,0.0,0.0,227.8,0.0,21.200000000000003,2.1,2.1,4.4,300.0,300.0,29.6,13.4,13.6,13.6,13.6,,,,,,,,,,,,,,,,,,,,,,,,
2026-07-30T19:12:12.210Z,1.104,1.116,0.0,1.4,0.0,0.0,0.0,0.0,0.0,0.0,0.0,0.0,1.0,0.0,0.0,0.0,9.0,4.0,0.0,0.0,0.0,0.0,0.0,0.0,0.0,0.0,2.0,12.0,1.0,12.14,5.01,2.51,1.49,-0.1,0.0,0.0,344.3,0.0,-0.7000000000000001,-0.5,-0.5,132.3,0.0,0.0,227.6,0.0,21.200000000000003,2.1,2.1,4.4,300.0,300.0,29.6,13.4,13.6,13.6,13.6,,,,,,,,,,,,,,,,,,,,,,,,
2026-07-30T19:12:12.222Z,1.116,1.128,0.0,1.4,0.0,0.0,0.0,0.0,0.0,0.0,0.0,0.0,1.0,0.0,0.0,0.0,9.0,4.0,0.0,0.0,0.0,0.0,0.0,0.0,0.0,0.0,3.0,12.0,1.0,12.13,5.0200000000000005,2.51,1.49,0.0,0.0,0.0,344.3,0.0,0.3,0.0,0.5,132.3,0.0,0.0,227.7,0.0,21.8,2.3000000000000003,2.3000000000000003,4.6000000000000005,300.0,300.0,29.700000000000003,14.8,14.9,14.9,14.9,,,,,,,,,,,,,,,,,,,,,,,,
2026-07-30T19:12:12.234Z,1.128,1.14,0.0,1.4,0.0,0.0,0.0,0.0,0.0,0.0,0.0,0.0,1.0,0.0,0.0,0.0,9.0,4.0,0.0,0.0,0.0,0.0,0.0,0.0,0.0,0.0,5.0,12.0,1.0,12.13,5.0200000000000005,2.51,1.49,0.0,0.0,0.0,344.3,0.0,0.3,-0.4,0.0,132.3,0.0,0.0,227.6,0.0,21.8,2.3000000000000003,2.3000000000000003,4.6000000000000005,300.0,300.0,29.700000000000003,14.8,14.9,14.9,14.9,,,,,,,,,,,,,,,,,,,,,,,,
2026-07-30T19:12:12.245Z,1.139,1.152,0.0,1.4,0.0,0.0,0.0,0.0,0.0,0.0,0.0,0.0,1.0,0.0,0.0,0.0,9.0,4.0,0.0,0.0,0.0,0.0,0.0,0.0,0.0,0.0,6.0,12.0,1.0,12.13,5.0200000000000005,2.51,1.49,0.0,0.0,0.0,344.3,0.0,0.3,0.0,0.0,132.3,0.0,0.0,227.6,0.0,21.8,2.3000000000000003,2.3000000000000003,4.6000000000000005,300.0,300.0,29.700000000000003,14.8,14.9,14.9,14.9,,,,,,,,,,,,,,,,,,,,,,,,
2026-07-30T19:12:12.258Z,1.152,1.164,0.0,1.4,0.0,0.0,0.0,0.0,0.0,0.0,0.0,0.0,1.0,0.0,0.0,0.0,9.0,4.0,0.0,0.0,0.0,0.0,0.0,0.0,0.0,0.0,1.0,12.0,1.0,12.13,5.0200000000000005,2.51,1.49,-0.1,0.0,0.0,344.3,0.0,-0.2,-0.5,1.1,132.3,0.0,0.0,227.7,0.0,21.8,2.3000000000000003,2.3000000000000003,4.6000000000000005,300.0,300.0,29.700000000000003,14.8,14.9,14.9,14.9,,,,,,,,,,,,,,,,,,,,,,,,
2026-07-30T19:12:12.269Z,1.163,1.176,0.0,1.4,0.0,0.0,0.0,0.0,0.0,0.0,0.0,0.0,1.0,0.0,0.0,0.0,9.0,4.0,0.0,0.0,0.0,0.0,0.0,0.0,0.0,0.0,2.0,12.0,1.0,12.13,5.0200000000000005,2.51,1.49,0.0,0.1,0.0,344.3,0.0,0.3,1.2000000000000002,1.1,132.3,0.0,0.0,227.7,0.0,21.8,2.3000000000000003,2.3000000000000003,4.6000000000000005,300.0,300.0,29.700000000000003,14.8,14.9,14.9,14.9,,,,,,,,,,,,,,,,,,,,,,,,
2026-07-30T19:12:12.281Z,1.175,1.188,0.0,1.4,0.0,0.0,0.0,0.0,0.0,0.0,0.0,0.0,1.0,0.0,0.0,0.0,9.0,4.0,0.0,0.0,0.0,0.0,0.0,0.0,0.0,0.0,3.0,12.0,1.0,12.13,5.0200000000000005,2.51,1.49,0.0,0.0,0.0,344.3,0.0,0.3,-0.4,-0.5,132.3,0.0,0.0,227.6,0.0,21.8,2.3000000000000003,2.3000000000000003,4.6000000000000005,300.0,300.0,29.700000000000003,14.8,14.9,14.9,14.9,,,,,,,,,,,,,,,,,,,,,,,,
2026-07-30T19:12:12.293Z,1.187,1.2,0.0,1.4,0.0,0.0,0.0,0.0,0.0,0.0,0.0,0.0,1.0,0.0,0.0,0.0,9.0,4.0,0.0,0.0,0.0,0.0,0.0,0.0,0.0,0.0,4.0,12.0,1.0,12.13,5.0200000000000005,2.51,1.49,0.0,0.0,0.0,344.3,0.0,-0.8,0.0,0.0,132.3,0.0,0.0,227.6,0.0,21.8,2.3000000000000003,2.3000000000000003,4.6000000000000005,300.0,300.0,29.700000000000003,14.8,14.9,14.9,14.9,,,,,,,,,,,,,,,,,,,,,,,,
2026-07-30T19:12:12.305Z,1.199,1.212,0.0,1.4,0.0,0.0,0.0,0.0,0.0,0.0,0.0,0.0,1.0,0.0,0.0,0.0,9.0,4.0,0.0,0.0,0.0,0.0,0.0,0.0,0.0,0.0,5.0,12.0,1.0,12.13,5.0200000000000005,2.51,1.49,0.0,0.0,0.0,344.3,0.0,-0.8,-0.5,0.5,132.3,0.0,0.0,227.5,0.0,21.8,2.3000000000000003,2.3000000000000003,4.6000000000000005,300.0,300.0,29.700000000000003,14.8,14.9,14.9,14.9,,,,,,,,,,,,,,,,,,,,,,,,
2026-07-30T19:12:12.319Z,1.213,1.224,0.0,1.4,0.0,0.0,0.0,0.0,0.0,0.0,0.0,0.0,1.0,0.0,0.0,0.0,9.0,4.0,0.0,0.0,0.0,0.0,0.0,0.0,0.0,0.0,6.0,12.0,1.0,12.15,5.01,2.51,1.49,0.0,0.0,0.0,344.3,0.0,-0.2,0.0,1.7000000000000002,132.3,0.0,0.0,227.5,0.0,21.700000000000003,2.4000000000000004,2.4000000000000004,4.7,300.0,300.0,29.700000000000003,16.1,16.3,16.3,16.3,,,,,,,,,,,,,,,,,,,,,,,,
2026-07-30T19:12:12.329Z,1.223,1.236,0.0,1.4,0.0,0.0,0.0,0.0,0.0,0.0,0.0,0.0,1.0,0.0,0.0,0.0,9.0,4.0,0.0,0.0,0.0,0.0,0.0,0.0,0.0,0.0,1.0,12.0,1.0,12.15,5.01,2.51,1.49,0.0,0.1,0.0,344.3,0.0,0.3,0.0,-0.6000000000000001,132.3,0.0,0.0,227.7,0.0,21.700000000000003,2.4000000000000004,2.4000000000000004,4.7,300.0,300.0,29.700000000000003,16.1,16.3,16.3,16.3,,,,,,,,,,,,,,,,,,,,,,,,
2026-07-30T19:12:12.342Z,1.236,1.248,0.0,1.4,0.0,0.0,0.0,0.0,0.0,0.0,0.0,0.0,1.0,0.0,0.0,0.0,9.0,4.0,0.0,0.0,0.0,0.0,0.0,0.0,0.0,0.0,2.0,12.0,1.0,12.15,5.01,2.51,1.49,0.0,0.0,0.0,344.3,0.0,0.3,1.2000000000000002,0.0,132.3,0.0,0.0,227.6,0.0,21.700000000000003,2.4000000000000004,2.4000000000000004,4.7,300.0,300.0,29.700000000000003,16.1,16.3,16.3,16.3,,,,,,,,,,,,,,,,,,,,,,,,
2026-07-30T19:12:12.354Z,1.248,1.26,-0.1,1.4,0.0,0.0,0.0,0.0,0.0,0.0,0.0,0.0,1.0,0.0,0.0,0.0,9.0,4.0,0.0,0.0,0.0,0.0,0.0,0.0,0.0,0.0,3.0,12.0,1.0,12.15,5.01,2.51,1.49,0.0,0.0,0.0,344.3,0.0,-0.1,0.0,0.5,132.3,0.0,0.0,227.7,0.0,21.700000000000003,2.4000000000000004,2.4000000000000004,4.7,300.0,300.0,29.700000000000003,16.1,16.3,16.3,16.3,,,,,,,,,,,,,,,,,,,,,,,,
2026-07-30T19:12:12.366Z,1.26,1.272,-0.1,1.4,0.0,0.0,0.0,0.0,0.0,0.0,0.0,0.0,1.0,0.0,0.0,0.0,9.0,4.0,0.0,0.0,0.0,0.0,0.0,0.0,0.0,0.0,4.0,12.0,1.0,12.15,5.01,2.51,1.49,0.0,0.0,0.0,344.3,0.0,0.3,1.2000000000000002,1.1,132.3,0.0,0.0,227.7,0.0,21.700000000000003,2.4000000000000004,2.4000000000000004,4.7,300.0,300.0,29.700000000000003,16.1,16.3,16.3,16.3,,,,,,,,,,,,,,,,,,,,,,,,
2026-07-30T19:12:12.378Z,1.272,1.284,-0.1,1.4,0.0,0.0,0.0,0.0,0.0,0.0,0.0,0.0,1.0,0.0,0.0,0.0,9.0,4.0,0.0,0.0,0.0,0.0,0.0,0.0,0.0,0.0,5.0,12.0,1.0,12.15,5.01,2.51,1.49,-0.1,0.0,0.0,344.3,0.0,0.3,0.1,0.5,132.4,0.0,0.0,227.3,0.0,21.700000000000003,2.4000000000000004,2.4000000000000004,4.7,300.0,300.0,29.700000000000003,16.1,16.3,16.3,16.3,,,,,,,,,,,,,,,,,,,,,,,,
2026-07-30T19:12:12.389Z,1.283,1.296,-0.1,1.4,0.0,0.0,0.0,0.0,0.0,0.0,0.0,0.0,1.0,0.0,0.0,0.0,9.0,4.0,0.0,0.0,0.0,0.0,0.0,0.0,0.0,0.0,1.0,12.0,1.0,12.15,5.01,2.51,1.49,0.0,0.0,0.0,344.3,0.0,-0.1,-0.4,-1.1,132.4,0.0,0.0,227.4,0.0,21.700000000000003,2.4000000000000004,2.4000000000000004,4.7,300.0,300.0,29.700000000000003,16.1,16.3,16.3,16.3,,,,,,,,,,,,,,,,,,,,,,,,
2026-07-30T19:12:12.401Z,1.295,1.308,-0.1,1.4,0.0,0.0,0.0,0.0,0.0,0.0,0.0,0.0,1.0,0.0,0.0,0.0,9.0,4.0,0.0,0.0,0.0,0.0,0.0,0.0,0.0,0.0,2.0,12.0,1.0,12.15,5.01,2.51,1.49,0.0,0.0,0.0,344.3,0.0,0.9,1.2000000000000002,0.5,132.4,0.0,0.0,227.5,0.0,21.700000000000003,2.4000000000000004,2.4000000000000004,4.7,300.0,300.0,29.700000000000003,16.1,16.3,16.3,16.3,,,,,,,,,,,,,,,,,,,,,,,,
2026-07-30T19:12:12.413Z,1.307,1.32,-0.1,1.4,0.0,0.0,0.0,0.0,0.0,0.0,0.0,0.0,1.0,0.0,0.0,0.0,9.0,4.0,0.0,0.0,0.0,0.0,0.0,0.0,0.0,0.0,3.0,12.0,1.0,12.15,5.01,2.51,1.49,0.0,0.0,0.0,344.3,0.0,-0.1,1.8,0.5,132.4,0.0,0.0,227.5,0.0,21.700000000000003,2.4000000000000004,2.4000000000000004,4.7,300.0,300.0,29.700000000000003,16.1,16.3,16.3,16.3,,,,,,,,,,,,,,,,,,,,,,,,
2026-07-30T19:12:12.426Z,1.32,1.332,0.0,1.4,0.0,0.0,0.0,0.0,0.0,0.0,0.0,0.0,1.0,0.0,0.0,0.0,9.0,4.0,0.0,0.0,0.0,0.0,0.0,0.0,0.0,0.0,4.0,12.0,1.0,12.13,5.0200000000000005,2.51,1.49,0.0,0.0,0.0,344.40000000000003,0.0,0.4,1.3,0.5,132.4,0.0,0.0,227.6,0.0,21.3,2.6,2.6,4.9,300.0,300.0,29.8,17.5,17.6,17.6,17.6,,,,,,,,,,,,,,,,,,,,,,,,
2026-07-30T19:12:12.438Z,1.332,1.344,-0.1,1.4,0.0,0.0,0.0,0.0,0.0,0.0,0.0,0.0,1.0,0.0,0.0,0.0,9.0,4.0,0.0,0.0,0.0,0.0,0.0,0.0,0.0,0.0,5.0,12.0,1.0,12.13,5.0200000000000005,2.51,1.49,0.0,0.1,0.0,344.3,0.0,0.4,-0.4,1.7000000000000002,132.4,0.0,0.0,227.6,0.0,21.3,2.6,2.6,4.9,300.0,300.0,29.8,17.5,17.6,17.6,17.6,,,,,,,,,,,,,,,,,,,,,,,,
2026-07-30T19:12:12.449Z,1.343,1.356,-0.1,1.4,0.0,0.0,0.0,0.0,0.0,0.0,0.0,0.0,1.0,0.0,0.0,0.0,9.0,4.0,0.0,0.0,0.0,0.0,0.0,0.0,0.0,0.0,1.0,12.0,1.0,12.13,5.0200000000000005,2.51,1.49,0.0,0.0,0.0,344.3,0.0,0.4,-0.5,-0.6000000000000001,132.4,0.0,0.0,226.6,0.0,21.3,2.6,2.6,4.9,300.0,300.0,29.8,17.5,17.6,17.6,17.6,,,,,,,,,,,,,,,,,,,,,,,,
2026-07-30T19:12:12.461Z,1.355,1.368,0.0,1.4,0.0,0.0,0.0,0.0,0.0,0.0,0.0,0.0,1.0,0.0,0.0,0.0,9.0,4.0,0.0,0.0,0.0,0.0,0.0,0.0,0.0,0.0,2.0,12.0,1.0,12.13,5.0200000000000005,2.51,1.49,0.0,0.0,0.0,344.3,0.0,-0.7000000000000001,0.6000000000000001,0.0,132.4,0.0,0.0,227.5,0.0,21.3,2.6,2.6,4.9,300.0,300.0,29.8,17.5,17.6,17.6,17.6,,,,,,,,,,,,,,,,,,,,,,,,
2026-07-30T19:12:12.473Z,1.367,1.38,0.0,1.4,0.0,0.0,0.0,0.0,0.0,0.0,0.0,0.0,1.0,0.0,0.0,0.0,9.0,4.0,0.0,0.0,0.0,0.0,0.0,0.0,0.0,0.0,3.0,12.0,1.0,12.13,5.0200000000000005,2.51,1.49,0.0,0.0,0.0,344.3,0.0,-0.1,1.2000000000000002,0.0,132.5,0.0,0.0,227.4,0.0,21.3,2.6,2.6,4.9,300.0,300.0,29.8,17.5,17.6,17.6,17.6,,,,,,,,,,,,,,,,,,,,,,,,
2026-07-30T19:12:12.486Z,1.38,1.392,0.0,1.4,0.0,0.0,0.0,0.0,0.0,0.0,0.0,0.0,1.0,0.0,0.0,0.0,9.0,4.0,0.0,0.0,0.0,0.0,0.0,0.0,0.0,0.0,4.0,12.0,1.0,12.13,5.0200000000000005,2.51,1.49,0.0,0.0,0.0,344.3,0.0,-0.1,0.0,0.0,132.5,0.0,0.0,227.5,0.0,21.3,2.6,2.6,4.9,300.0,300.0,29.8,17.5,17.6,17.6,17.6,,,,,,,,,,,,,,,,,,,,,,,,
2026-07-30T19:12:12.498Z,1.392,1.404,0.0,1.4,0.0,0.0,0.0,0.0,0.0,0.0,0.0,0.0,1.0,0.0,0.0,0.0,9.0,4.0,0.0,0.0,0.0,0.0,0.0,0.0,0.0,0.0,5.0,12.0,1.0,12.13,5.0200000000000005,2.51,1.49,0.0,0.0,0.0,344.3,0.0,1.0,-1.1,0.5,132.5,0.0,0.0,227.4,0.0,21.3,2.6,2.6,4.9,300.0,300.0,29.8,17.5,17.6,17.6,17.6,,,,,,,,,,,,,,,,,,,,,,,,
2026-07-30T19:12:12.510Z,1.404,1.416,0.0,1.4,0.0,0.0,0.0,0.0,0.0,0.0,0.0,0.0,1.0,0.0,0.0,0.0,9.0,4.0,0.0,0.0,0.0,0.0,0.0,0.0,0.0,0.0,5.0,12.0,1.0,12.13,5.0200000000000005,2.51,1.49,0.0,0.0,0.0,344.3,0.0,0.4,0.6000000000000001,0.5,132.5,0.0,0.0,227.5,0.0,21.3,2.6,2.6,4.9,300.0,300.0,29.8,17.5,17.6,17.6,17.6,,,,,,,,,,,,,,,,,,,,,,,,
2026-07-30T19:12:12.523Z,1.417,1.428,0.0,1.4,0.0,0.0,0.0,0.0,0.0,0.0,0.0,0.0,1.0,0.0,0.0,0.0,9.0,4.0,0.0,0.0,0.0,0.0,0.0,0.0,0.0,0.0,1.0,12.0,1.0,12.14,5.01,2.51,1.49,0.0,0.0,0.0,344.3,0.0,0.4,0.6000000000000001,-0.5,132.5,0.0,0.0,227.5,0.0,21.4,2.8000000000000003,2.8000000000000003,5.1000000000000005,300.0,300.0,30.1,18.8,19.0,19.0,19.0,,,,,,,,,,,,,,,,,,,,,,,,
2026-07-30T19:12:12.534Z,1.428,1.44,0.0,1.4,0.0,0.0,0.0,0.0,0.0,0.0,0.0,0.0,1.0,0.0,0.0,0.0,9.0,4.0,0.0,0.0,0.0,0.0,0.0,0.0,0.0,0.0,2.0,12.0,1.0,12.14,5.01,2.51,1.49,0.0,0.0,0.0,344.3,0.0,0.4,-0.5,0.0,132.5,0.0,0.0,227.6,0.0,21.4,2.8000000000000003,2.8000000000000003,5.1000000000000005,300.0,300.0,30.1,18.8,19.0,19.0,19.0,,,,,,,,,,,,,,,,,,,,,,,,
2026-07-30T19:12:12.545Z,1.439,1.452,0.0,1.4,0.0,0.0,0.0,0.0,0.0,0.0,0.0,0.0,1.0,0.0,0.0,0.0,9.0,4.0,0.0,0.0,0.0,0.0,0.0,0.0,0.0,0.0,3.0,12.0,1.0,12.14,5.01,2.51,1.49,0.0,0.1,0.0,344.3,0.0,-0.1,-1.7000000000000002,-0.5,132.4,0.0,0.0,227.7,0.0,21.4,2.8000000000000003,2.8000000000000003,5.1000000000000005,300.0,300.0,30.1,18.8,19.0,19.0,19.0,,,,,,,,,,,,,,,,,,,,,,,,
2026-07-30T19:12:12.558Z,1.452,1.464,0.0,1.4,0.0,0.0,0.0,0.0,0.0,0.0,0.0,0.0,1.0,0.0,0.0,0.0,9.0,4.0,0.0,0.0,0.0,0.0,0.0,0.0,0.0,0.0,4.0,12.0,1.0,12.14,5.01,2.51,1.49,0.0,0.0,0.0,344.3,0.0,0.4,1.8,1.2000000000000002,132.5,0.0,0.0,226.5,0.0,21.4,2.8000000000000003,2.8000000000000003,5.1000000000000005,300.0,300.0,30.1,18.8,19.0,19.0,19.0,,,,,,,,,,,,,,,,,,,,,,,,
2026-07-30T19:12:12.570Z,1.464,1.476,0.0,1.4,0.0,0.0,0.0,0.0,0.0,0.0,0.0,0.0,1.0,0.0,0.0,0.0,9.0,4.0,0.0,0.0,0.0,0.0,0.0,0.0,0.0,0.0,6.0,12.0,1.0,12.14,5.01,2.51,1.49,0.0,0.0,0.0,344.3,0.0,0.4,0.0,0.0,132.5,0.0,0.0,227.6,0.0,21.4,2.8000000000000003,2.8000000000000003,5.1000000000000005,300.0,300.0,30.1,18.8,19.0,19.0,19.0,,,,,,,,,,,,,,,,,,,,,,,,
2026-07-30T19:12:12.581Z,1.475,1.488,0.0,1.4,0.0,0.0,0.0,0.0,0.0,0.0,0.0,0.0,1.0,0.0,0.0,0.0,9.0,4.0,0.0,0.0,0.0,0.0,0.0,0.0,0.0,0.0,6.0,12.0,1.0,12.14,5.01,2.51,1.49,-0.1,0.1,0.0,344.3,0.0,-0.7000000000000001,-1.0,-2.2,132.5,0.0,0.0,227.5,0.0,21.4,2.8000000000000003,2.8000000000000003,5.1000000000000005,300.0,300.0,30.1,18.8,19.0,19.0,19.0,,,,,,,,,,,,,,,,,,,,,,,,
2026-07-30T19:12:12.593Z,1.487,1.5,0.0,1.4,0.0,0.0,0.0,0.0,0.0,0.0,0.0,0.0,1.0,0.0,0.0,0.0,9.0,4.0,0.0,0.0,0.0,0.0,0.0,0.0,0.0,0.0,1.0,12.0,1.0,12.14,5.01,2.51,1.49,0.0,0.0,0.0,344.3,0.0,-0.7000000000000001,-0.5,0.6000000000000001,132.5,0.0,0.0,227.5,0.0,21.4,2.8000000000000003,2.8000000000000003,5.1000000000000005,300.0,300.0,30.1,18.8,19.0,19.0,19.0,,,,,,,,,,,,,,,,,,,,,,,,
2026-07-30T19:12:12.606Z,1.5,1.512,0.0,1.4,0.0,0.0,0.0,0.0,0.0,0.0,0.0,0.0,1.0,0.0,0.0,0.0,9.0,4.0,0.0,0.0,0.0,0.0,0.0,0.0,0.0,0.0,3.0,12.0,1.0,12.14,5.01,2.51,1.49,0.0,0.0,0.0,344.3,0.0,-0.7000000000000001,0.0,0.0,132.5,0.0,0.0,227.5,0.0,21.4,2.8000000000000003,2.8000000000000003,5.1000000000000005,300.0,300.0,30.1,18.8,19.0,19.0,19.0,,,,,,,,,,,,,,,,,,,,,,,,
2026-07-30T19:12:12.618Z,1.512,1.524,0.0,1.4,0.0,0.0,0.0,0.0,0.0,0.0,0.0,0.0,1.0,0.0,0.0,0.0,9.0,4.0,0.0,0.0,0.0,0.0,0.0,0.0,0.0,0.0,3.0,12.0,1.0,12.14,5.01,2.51,1.49,0.0,0.0,0.0,344.3,0.0,-0.1,-0.5,-0.6000000000000001,132.5,0.0,0.0,227.6,0.0,21.4,2.8000000000000003,2.8000000000000003,5.1000000000000005,300.0,300.0,30.1,18.8,19.0,19.0,19.0,,,,,,,,,,,,,,,,,,,,,,,,
2026-07-30T19:12:12.630Z,1.524,1.536,0.0,1.4,0.0,0.0,0.0,0.0,0.0,0.0,0.0,0.0,1.0,0.0,0.0,0.0,9.0,4.0,0.0,0.0,0.0,0.0,0.0,0.0,0.0,0.0,5.0,12.0,1.0,12.14,5.0200000000000005,2.5,1.49,0.0,0.0,0.0,344.20000000000005,0.0,0.9,0.0,0.5,132.5,0.0,0.0,227.6,0.0,21.3,3.0,3.0,5.300000000000001,300.0,300.0,30.0,20.200000000000003,20.4,20.4,20.4,,,,,,,,,,,,,,,,,,,,,,,,
2026-07-30T19:12:12.642Z,1.536,1.548,0.0,1.4,0.0,0.0,0.0,0.0,0.0,0.0,0.0,0.0,1.0,0.0,0.0,0.0,9.0,4.0,0.0,0.0,0.0,0.0,0.0,0.0,0.0,0.0,5.0,12.0,1.0,12.14,5.0200000000000005,2.5,1.49,0.0,0.0,0.0,344.3,0.0,-0.1,-1.1,-1.2000000000000002,132.5,0.0,0.0,227.6,0.0,21.3,3.0,3.0,5.300000000000001,300.0,300.0,30.0,20.200000000000003,20.4,20.4,20.4,,,,,,,,,,,,,,,,,,,,,,,,
2026-07-30T19:12:12.654Z,1.548,1.56,0.0,1.4,0.0,0.0,0.0,0.0,0.0,0.0,0.0,0.0,1.0,0.0,0.0,0.0,9.0,4.0,0.0,0.0,0.0,0.0,0.0,0.0,0.0,0.0,6.0,12.0,1.0,12.14,5.0200000000000005,2.5,1.49,0.0,0.0,0.0,344.3,0.0,-0.2,0.0,0.4,132.5,0.0,0.0,227.5,0.0,21.3,3.0,3.0,5.300000000000001,300.0,300.0,30.0,20.200000000000003,20.4,20.4,20.4,,,,,,,,,,,,,,,,,,,,,,,,
2026-07-30T19:12:12.666Z,1.56,1.572,0.0,1.4,0.0,0.0,0.0,0.0,0.0,0.0,0.0,0.0,1.0,0.0,0.0,0.0,9.0,4.0,0.0,0.0,0.0,0.0,0.0,0.0,0.0,0.0,1.0,12.0,1.0,12.14,5.0200000000000005,2.5,1.49,0.0,0.0,0.0,344.3,0.0,-0.1,0.1,0.5,132.5,0.0,0.0,227.5,0.0,21.3,3.0,3.0,5.300000000000001,300.0,300.0,30.0,20.200000000000003,20.4,20.4,20.4,,,,,,,,,,,,,,,,,,,,,,,,
2026-07-30T19:12:12.678Z,1.572,1.584,0.0,1.4,0.0,0.0,0.0,0.0,0.0,0.0,0.0,0.0,1.0,0.0,0.0,0.0,9.0,4.0,0.0,0.0,0.0,0.0,0.0,0.0,0.0,0.0,3.0,12.0,1.0,12.14,5.0200000000000005,2.5,1.49,0.0,0.0,0.0,344.3,0.0,0.4,0.1,0.0,132.5,0.0,0.0,227.5,0.0,21.3,3.0,3.0,5.300000000000001,300.0,300.0,30.0,20.200000000000003,20.4,20.4,20.4,,,,,,,,,,,,,,,,,,,,,,,,
2026-07-30T19:12:12.689Z,1.583,1.596,-0.1,1.4,0.0,0.0,0.0,0.0,0.0,0.0,0.0,0.0,1.0,0.0,0.0,0.0,9.0,4.0,0.0,0.0,0.0,0.0,0.0,0.0,0.0,0.0,4.0,12.0,1.0,12.14,5.0200000000000005,2.5,1.49,0.0,0.0,0.0,344.3,0.0,1.6,0.7000000000000001,2.9000000000000004,132.5,0.0,0.0,227.5,0.0,21.3,3.0,3.0,5.300000000000001,300.0,300.0,30.0,20.200000000000003,20.4,20.4,20.4,,,,,,,,,,,,,,,,,,,,,,,,
2026-07-30T19:12:12.701Z,1.595,1.608,-0.1,1.4,0.0,0.0,0.0,0.0,0.0,0.0,0.0,0.0,1.0,0.0,0.0,0.0,9.0,4.0,0.0,0.0,0.0,0.0,0.0,0.0,0.0,0.0,5.0,12.0,1.0,12.14,5.0200000000000005,2.5,1.49,0.0,0.0,0.0,344.3,0.0,0.4,0.1,1.1,132.5,0.0,0.0,227.4,0.0,21.3,3.0,3.0,5.300000000000001,300.0,300.0,30.0,20.200000000000003,20.4,20.4,20.4,,,,,,,,,,,,,,,,,,,,,,,,
2026-07-30T19:12:12.713Z,1.607,1.62,0.0,1.4,0.0,0.0,0.0,0.0,0.0,0.0,0.0,0.0,1.0,0.0,0.0,0.0,9.0,4.0,0.0,0.0,0.0,0.0,0.0,0.0,0.0,0.0,6.0,12.0,1.0,12.14,5.0200000000000005,2.5,1.49,0.0,0.1,0.0,344.3,0.0,0.4,-0.4,-1.1,132.5,0.0,0.0,227.4,0.0,21.3,3.0,3.0,5.300000000000001,300.0,300.0,30.0,20.200000000000003,20.4,20.4,20.4,,,,,,,,,,,,,,,,,,,,,,,,
2026-07-30T19:12:12.726Z,1.62,1.632,-0.1,1.4,0.0,0.0,0.0,0.0,0.0,0.0,0.0,0.0,1.0,0.0,0.0,0.0,9.0,4.0,0.0,0.0,0.0,0.0,0.0,0.0,0.0,0.0,2.0,12.0,1.0,12.14,5.01,2.51,1.49,0.0,0.0,0.0,344.3,0.0,0.4,0.1,1.1,132.5,0.0,0.0,227.5,0.0,21.4,3.3000000000000003,3.3000000000000003,5.5,300.0,300.0,30.0,21.6,21.700000000000003,21.700000000000003,21.700000000000003,,,,,,,,,,,,,,,,,,,,,,,,
2026-07-30T19:12:12.738Z,1.632,1.644,-0.1,1.4,0.0,0.0,0.0,0.0,0.0,0.0,0.0,0.0,1.0,0.0,0.0,0.0,9.0,4.0,0.0,0.0,0.0,0.0,0.0,0.0,0.0,0.0,3.0,12.0,1.0,12.14,5.01,2.51,1.49,0.0,0.0,0.0,344.3,0.0,-0.7000000000000001,-1.0,-1.2000000000000002,132.5,0.0,0.0,227.5,0.0,21.4,3.3000000000000003,3.3000000000000003,5.5,300.0,300.0,30.0,21.6,21.700000000000003,21.700000000000003,21.700000000000003,,,,,,,,,,,,,,,,,,,,,,,,
2026-07-30T19:12:12.749Z,1.643,1.656,-0.1,1.4,0.0,0.0,0.0,0.0,0.0,0.0,0.0,0.0,1.0,0.0,0.0,0.0,9.0,4.0,0.0,0.0,0.0,0.0,0.0,0.0,0.0,0.0,5.0,12.0,1.0,12.14,5.01,2.51,1.49,0.0,0.0,0.0,344.3,0.0,-0.7000000000000001,-0.4,-0.6000000000000001,132.5,0.0,0.0,227.6,0.0,21.4,3.3000000000000003,3.3000000000000003,5.5,300.0,300.0,30.0,21.6,21.700000000000003,21.700000000000003,21.700000000000003,,,,,,,,,,,,,,,,,,,,,,,,
2026-07-30T19:12:12.761Z,1.655,1.668,0.0,1.4,0.0,0.0,0.0,0.0,0.0,0.0,0.0,0.0,1.0,0.0,0.0,0.0,9.0,4.0,0.0,0.0,0.0,0.0,0.0,0.0,0.0,0.0,6.0,12.0,1.0,12.14,5.01,2.51,1.49,0.0,0.0,0.0,344.3,0.0,0.4,-0.4,-0.6000000000000001,132.5,0.0,0.0,226.7,0.0,21.4,3.3000000000000003,3.3000000000000003,5.5,300.0,300.0,30.0,21.6,21.700000000000003,21.700000000000003,21.700000000000003,,,,,,,,,,,,,,,,,,,,,,,,
2026-07-30T19:12:12.774Z,1.668,1.68,0.0,1.4,0.0,0.0,0.0,0.0,0.0,0.0,0.0,0.0,1.0,0.0,0.0,0.0,9.0,4.0,0.0,0.0,0.0,0.0,0.0,0.0,0.0,0.0,1.0,12.0,1.0,12.14,5.01,2.51,1.49,0.0,0.0,0.0,344.3,0.0,0.4,0.1,-0.1,132.6,0.0,0.0,227.4,0.0,21.4,3.3000000000000003,3.3000000000000003,5.5,300.0,300.0,30.0,21.6,21.700000000000003,21.700000000000003,21.700000000000003,,,,,,,,,,,,,,,,,,,,,,,,
2026-07-30T19:12:12.786Z,1.68,1.692,0.0,1.4,0.0,0.0,0.0,0.0,0.0,0.0,0.0,0.0,1.0,0.0,0.0,0.0,9.0,4.0,0.0,0.0,0.0,0.0,0.0,0.0,0.0,0.0,2.0,12.0,1.0,12.14,5.01,2.51,1.49,0.0,0.0,0.0,344.3,0.0,-0.7000000000000001,-0.4,1.0,132.6,0.0,0.0,227.5,0.0,21.4,3.3000000000000003,3.3000000000000003,5.5,300.0,300.0,30.0,21.6,21.700000000000003,21.700000000000003,21.700000000000003,,,,,,,,,,,,,,,,,,,,,,,,
2026-07-30T19:12:12.798Z,1.692,1.704,0.0,1.4,0.0,0.0,0.0,0.0,0.0,0.0,0.0,0.0,1.0,0.0,0.0,0.0,9.0,4.0,0.0,0.0,0.0,0.0,0.0,0.0,0.0,0.0,3.0,12.0,1.0,12.14,5.01,2.51,1.49,0.0,0.1,0.0,344.3,0.0,-0.1,0.1,1.0,132.6,0.0,0.0,227.5,0.0,21.4,3.3000000000000003,3.3000000000000003,5.5,300.0,300.0,30.0,21.6,21.700000000000003,21.700000000000003,21.700000000000003,,,,,,,,,,,,,,,,,,,,,,,,
2026-07-30T19:12:12.810Z,1.704,1.716,0.0,1.4,0.0,0.0,0.0,0.0,0.0,0.0,0.0,0.0,1.0,0.0,0.0,0.0,9.0,4.0,0.0,0.0,0.0,0.0,0.0,0.0,0.0,0.0,4.0,12.0,1.0,12.14,5.01,2.51,1.49,0.0,0.0,0.0,344.3,0.0,-0.7000000000000001,-1.0,-1.8,132.6,0.0,0.0,227.5,0.0,21.4,3.3000000000000003,3.3000000000000003,5.5,300.0,300.0,30.0,21.6,21.700000000000003,21.700000000000003,21.700000000000003,,,,,,,,,,,,,,,,,,,,,,,,
2026-07-30T19:12:12.822Z,1.716,1.728,0.0,1.4,0.0,0.0,0.0,0.0,0.0,0.0,0.0,0.0,1.0,0.0,0.0,0.0,9.0,4.0,0.0,0.0,0.0,0.0,0.0,0.0,0.0,0.0,5.0,12.0,1.0,12.14,5.01,2.51,1.49,0.0,0.0,0.0,344.3,0.0,0.4,-0.4,-1.2000000000000002,132.6,0.0,0.0,227.5,0.0,21.4,3.3000000000000003,3.3000000000000003,5.5,300.0,300.0,30.0,21.6,21.700000000000003,21.700000000000003,21.700000000000003,,,,,,,,,,,,,,,,,,,,,,,,
2026-07-30T19:12:12.833Z,1.727,1.74,-0.1,1.4,0.0,0.0,0.0,0.0,0.0,0.0,0.0,0.0,1.0,0.0,0.0,0.0,9.0,4.0,0.0,0.0,0.0,0.0,0.0,0.0,0.0,0.0,1.0,12.0,1.0,12.15,5.0200000000000005,2.5,1.49,0.0,0.0,0.0,344.3,0.0,-0.7000000000000001,-1.5,-0.6000000000000001,132.5,0.0,0.0,227.6,0.0,21.3,3.5,3.5,5.800000000000001,300.0,300.0,30.0,22.9,23.1,23.1,23.1,,,,,,,,,,,,,,,,,,,,,,,,
2026-07-30T19:12:12.845Z,1.739,1.752,0.0,1.4,0.0,0.0,0.0,0.0,0.0,0.0,0.0,0.0,1.0,0.0,0.0,0.0,9.0,4.0,0.0,0.0,0.0,0.0,0.0,0.0,0.0,0.0,2.0,12.0,1.0,12.15,5.0200000000000005,2.5,1.49,0.0,0.0,0.0,344.3,0.0,0.3,0.7000000000000001,1.0,132.5,0.0,0.0,227.5,0.0,21.3,3.5,3.5,5.800000000000001,300.0,300.0,30.0,22.9,23.1,23.1,23.1,,,,,,,,,,,,,,,,,,,,,,,,
2026-07-30T19:12:12.857Z,1.751,1.764,0.0,1.4,0.0,0.0,0.0,0.0,0.0,0.0,0.0,0.0,1.0,0.0,0.0,0.0,9.0,4.0,0.0,0.0,0.0,0.0,0.0,0.0,0.0,0.0,3.0,12.0,1.0,12.15,5.0200000000000005,2.5,1.49,0.0,0.1,0.0,344.3,0.0,0.9,0.7000000000000001,-0.1,132.5,0.0,0.0,227.5,0.0,21.3,3.5,3.5,5.800000000000001,300.0,300.0,30.0,22.9,23.1,23.1,23.1,,,,,,,,,,,,,,,,,,,,,,,,
2026-07-30T19:12:12.870Z,1.764,1.776,0.0,1.4,0.0,0.0,0.0,0.0,0.0,0.0,0.0,0.0,1.0,0.0,0.0,0.0,9.0,4.0,0.0,0.0,0.0,0.0,0.0,0.0,0.0,0.0,5.0,12.0,1.0,12.15,5.0200000000000005,2.5,1.49,0.0,0.1,0.0,344.3,0.0,-0.1,-0.4,-0.7000000000000001,132.6,0.0,0.0,225.7,0.0,21.3,3.5,3.5,5.800000000000001,300.0,300.0,30.0,22.9,23.1,23.1,23.1,,,,,,,,,,,,,,,,,,,,,,,,
2026-07-30T19:12:12.881Z,1.775,1.788,0.0,1.4,0.0,0.0,0.0,0.0,0.0,0.0,0.0,0.0,1.0,0.0,0.0,0.0,9.0,4.0,0.0,0.0,0.0,0.0,0.0,0.0,0.0,0.0,6.0,12.0,1.0,12.15,5.0200000000000005,2.5,1.49,0.0,0.0,0.0,344.3,0.0,-0.7000000000000001,-0.4,-0.1,132.6,0.0,0.0,227.8,0.0,21.3,3.5,3.5,5.800000000000001,300.0,300.0,30.0,22.9,23.1,23.1,23.1,,,,,,,,,,,,,,,,,,,,,,,,
2026-07-30T19:12:12.893Z,1.787,1.8,0.0,1.4,0.0,0.0,0.0,0.0,0.0,0.0,0.0,0.0,1.0,0.0,0.0,0.0,9.0,4.0,0.0,0.0,0.0,0.0,0.0,0.0,0.0,0.0,1.0,12.0,1.0,12.15,5.0200000000000005,2.5,1.49,0.0,0.0,0.0,344.3,0.0,-0.2,1.2000000000000002,-0.7000000000000001,132.6,0.0,0.0,227.7,0.0,21.3,3.5,3.5,5.800000000000001,300.0,300.0,30.0,22.9,23.1,23.1,23.1,,,,,,,,,,,,,,,,,,,,,,,,
2026-07-30T19:12:12.906Z,1.8,1.812,0.0,1.4,0.0,0.0,0.0,0.0,0.0,0.0,0.0,0.0,1.0,0.0,0.0,0.0,9.0,4.0,0.0,0.0,0.0,0.0,0.0,0.0,0.0,0.0,2.0,12.0,1.0,12.15,5.0200000000000005,2.5,1.49,0.0,0.0,0.0,344.3,0.0,0.3,0.0,1.0,132.6,0.0,0.0,227.6,0.0,21.3,3.5,3.5,5.800000000000001,300.0,300.0,30.0,22.9,23.1,23.1,23.1,,,,,,,,,,,,,,,,,,,,,,,,
2026-07-30T19:12:12.918Z,1.812,1.824,0.0,1.4,0.0,0.0,0.0,0.0,0.0,0.0,0.0,0.0,1.0,0.0,0.0,0.0,9.0,4.0,0.0,0.0,0.0,0.0,0.0,0.0,0.0,0.0,3.0,12.0,1.0,12.15,5.0200000000000005,2.5,1.49,0.0,0.0,0.0,344.3,0.0,0.3,0.0,1.0,132.6,0.0,0.0,227.5,0.0,21.3,3.5,3.5,5.800000000000001,300.0,300.0,30.0,22.9,23.1,23.1,23.1,,,,,,,,,,,,,,,,,,,,,,,,
2026-07-30T19:12:12.930Z,1.824,1.836,0.0,1.4,0.0,0.0,0.0,0.0,0.0,0.0,0.0,0.0,1.0,0.0,0.0,0.0,9.0,4.0,0.0,0.0,0.0,0.0,0.0,0.0,0.0,0.0,5.0,12.0,1.0,12.14,5.01,2.51,1.49,0.0,0.0,0.0,344.3,0.0,-0.1,-1.6,-0.1,132.5,0.0,0.0,227.6,0.0,21.4,3.8,3.8,6.0,300.0,300.0,30.1,24.3,24.4,24.4,24.4,,,,,,,,,,,,,,,,,,,,,,,,
2026-07-30T19:12:12.942Z,1.836,1.848,0.0,1.4,0.0,0.0,0.0,0.0,0.0,0.0,0.0,0.0,1.0,0.0,0.0,0.0,9.0,4.0,0.0,0.0,0.0,0.0,0.0,0.0,0.0,0.0,6.0,12.0,1.0,12.14,5.01,2.51,1.49,0.0,0.0,0.0,344.3,0.0,0.4,0.6000000000000001,-0.1,132.5,0.0,0.0,227.5,0.0,21.4,3.8,3.8,6.0,300.0,300.0,30.1,24.3,24.4,24.4,24.4,,,,,,,,,,,,,,,,,,,,,,,,
2026-07-30T19:12:12.954Z,1.848,1.86,0.0,1.4,0.0,0.0,0.0,0.0,0.0,0.0,0.0,0.0,1.0,0.0,0.0,0.0,9.0,4.0,0.0,0.0,0.0,0.0,0.0,0.0,0.0,0.0,1.0,12.0,1.0,12.14,5.01,2.51,1.49,0.0,0.0,0.0,344.20000000000005,0.0,-0.1,-0.4,-0.7000000000000001,132.5,0.0,0.0,227.6,0.0,21.4,3.8,3.8,6.0,300.0,300.0,30.1,24.3,24.4,24.4,24.4,,,,,,,,,,,,,,,,,,,,,,,,
2026-07-30T19:12:12.965Z,1.859,1.872,0.0,1.4,0.0,0.0,0.0,0.0,0.0,0.0,0.0,0.0,1.0,0.0,0.0,0.0,9.0,4.0,0.0,0.0,0.0,0.0,0.0,0.0,0.0,0.0,3.0,12.0,1.0,12.14,5.01,2.51,1.49,0.0,0.0,0.0,344.3,0.0,-0.1,-0.4,0.4,132.5,0.0,0.0,227.4,0.0,21.4,3.8,3.8,6.0,300.0,300.0,30.1,24.3,24.4,24.4,24.4,,,,,,,,,,,,,,,,,,,,,,,,
2026-07-30T19:12:12.977Z,1.871,1.884,0.0,1.4,0.0,0.0,0.0,0.0,0.0,0.0,0.0,0.0,1.0,0.0,0.0,0.0,9.0,4.0,0.0,0.0,0.0,0.0,0.0,0.0,0.0,0.0,4.0,12.0,1.0,12.14,5.01,2.51,1.49,0.0,0.0,0.0,344.3,0.0,-0.1,-0.4,-0.6000000000000001,132.5,0.0,0.0,227.6,0.0,21.4,3.8,3.8,6.0,300.0,300.0,30.1,24.3,24.4,24.4,24.4,,,,,,,,,,,,,,,,,,,,,,,,
2026-07-30T19:12:12.989Z,1.883,1.896,0.0,1.4,0.0,0.0,0.0,0.0,0.0,0.0,0.0,0.0,1.0,0.0,0.0,0.0,9.0,4.0,0.0,0.0,0.0,0.0,0.0,0.0,0.0,0.0,5.0,12.0,1.0,12.14,5.01,2.51,1.49,0.0,0.0,0.0,344.3,0.0,-1.3,0.0,-0.1,132.5,0.0,0.0,227.7,0.0,21.4,3.8,3.8,6.0,300.0,300.0,30.1,24.3,24.4,24.4,24.4,,,,,,,,,,,,,,,,,,,,,,,,
2026-07-30T19:12:13.001Z,1.895,1.908,0.0,1.4,0.0,0.0,0.0,0.0,0.0,0.0,0.0,0.0,1.0,0.0,0.0,0.0,9.0,4.0,0.0,0.0,0.0,0.0,0.0,0.0,0.0,0.0,6.0,12.0,1.0,12.14,5.01,2.51,1.49,0.0,0.0,0.0,344.3,0.0,0.9,0.6000000000000001,-0.7000000000000001,132.5,0.0,0.0,227.5,0.0,21.4,3.8,3.8,6.0,300.0,300.0,30.1,24.3,24.4,24.4,24.4,,,,,,,,,,,,,,,,,,,,,,,,
2026-07-30T19:12:13.013Z,1.907,1.92,0.0,1.4,0.0,0.0,0.0,0.0,0.0,0.0,0.0,0.0,1.0,0.0,0.0,0.0,9.0,4.0,0.0,0.0,0.0,0.0,0.0,0.0,0.0,0.0,1.0,12.0,1.0,12.14,5.01,2.51,1.49,0.0,0.0,0.0,344.3,0.0,0.8,0.0,1.0,132.5,0.0,0.0,227.6,0.0,21.4,3.8,3.8,6.0,300.0,300.0,30.1,24.3,24.4,24.4,24.4,,,,,,,,,,,,,,,,,,,,,,,,
2026-07-30T19:12:13.025Z,1.919,1.932,0.0,1.4,0.0,0.0,0.0,0.0,0.0,0.0,0.0,0.0,1.0,0.0,0.0,0.0,9.0,4.0,0.0,0.0,0.0,0.0,0.0,0.0,0.0,0.0,2.0,12.0,1.0,12.14,5.01,2.51,1.49,0.0,0.0,0.0,344.3,0.0,-0.2,0.6000000000000001,0.3,132.5,0.0,0.0,227.4,0.0,21.4,3.8,3.8,6.0,300.0,300.0,30.1,24.3,24.4,24.4,24.4,,,,,,,,,,,,,,,,,,,,,,,,
2026-07-30T19:12:13.037Z,1.931,1.944,0.0,1.4,0.0,0.0,0.0,0.0,0.0,0.0,0.0,0.0,1.0,0.0,0.0,0.0,9.0,4.0,0.0,0.0,0.0,0.0,0.0,0.0,0.0,0.0,4.0,12.0,1.0,12.14,5.0200000000000005,2.51,1.49,0.0,0.0,0.0,344.3,0.0,-0.2,0.0,-0.2,132.5,0.0,0.0,227.5,0.0,21.3,4.0,4.0,6.300000000000001,300.0,300.0,30.3,25.6,25.8,25.8,25.8,,,,,,,,,,,,,,,,,,,,,,,,
2026-07-30T19:12:13.049Z,1.943,1.956,0.0,1.4,0.0,0.0,0.0,0.0,0.0,0.0,0.0,0.0,1.0,0.0,0.0,0.0,9.0,4.0,0.0,0.0,0.0,0.0,0.0,0.0,0.0,0.0,5.0,12.0,1.0,12.14,5.0200000000000005,2.51,1.49,0.0,0.0,0.0,344.3,0.0,-0.8,-0.5,-0.8,132.5,0.0,0.0,227.6,0.0,21.3,4.0,4.0,6.300000000000001,300.0,300.0,30.3,25.6,25.8,25.8,25.8,,,,,,,,,,,,,,,,,,,,,,,,
2026-07-30T19:12:13.061Z,1.955,1.968,0.0,1.4,0.0,0.0,0.0,0.0,0.0,0.0,0.0,0.0,1.0,0.0,0.0,0.0,9.0,4.0,0.0,0.0,0.0,0.0,0.0,0.0,0.0,0.0,1.0,12.0,1.0,12.14,5.0200000000000005,2.51,1.49,0.0,0.0,0.0,344.3,0.0,-0.2,-0.5,-0.8,132.5,0.0,0.0,227.4,0.0,21.3,4.0,4.0,6.300000000000001,300.0,300.0,30.3,25.6,25.8,25.8,25.8,,,,,,,,,,,,,,,,,,,,,,,,
2026-07-30T19:12:13.073Z,1.967,1.98,0.0,1.4,0.0,0.0,0.0,0.0,0.0,0.0,0.0,0.0,1.0,0.0,0.0,0.0,9.0,4.0,0.0,0.0,0.0,0.0,0.0,0.0,0.0,0.0,2.0,12.0,1.0,12.14,5.0200000000000005,2.51,1.49,0.0,0.0,0.0,344.20000000000005,0.0,-0.2,-1.1,-0.1,132.5,0.0,0.0,227.0,0.0,21.3,4.0,4.0,6.300000000000001,300.0,300.0,30.3,25.6,25.8,25.8,25.8,,,,,,,,,,,,,,,,,,,,,,,,
2026-07-30T19:12:13.085Z,1.979,1.992,0.0,1.4,0.0,0.0,0.0,0.0,0.0,0.0,0.0,0.0,1.0,0.0,0.0,0.0,9.0,4.0,0.0,0.0,0.0,0.0,0.0,0.0,0.0,0.0,3.0,12.0,1.0,12.14,5.0200000000000005,2.51,1.49,0.0,0.0,0.0,344.20000000000005,0.0,-0.3,0.0,0.9,132.6,0.0,0.0,227.5,0.0,21.3,4.0,4.0,6.300000000000001,300.0,300.0,30.3,25.6,25.8,25.8,25.8,,,,,,,,,,,,,,,,,,,,,,,,
2026-07-30T19:12:13.097Z,1.991,2.004,0.1,1.4,0.0,0.0,0.0,0.0,0.0,0.0,0.0,0.0,1.0,0.0,0.0,0.0,9.0,4.0,0.0,0.0,0.0,0.0,0.0,0.0,0.0,0.0,4.0,12.0,1.0,12.14,5.0200000000000005,2.51,1.49,0.0,0.0,0.0,344.3,0.0,-0.3,0.0,0.4,132.6,0.0,0.0,227.5,0.0,21.3,4.0,4.0,6.300000000000001,300.0,300.0,30.3,25.6,25.8,25.8,25.8,,,,,,,,,,,,,,,,,,,,,,,,
2026-07-30T19:12:13.109Z,2.003,2.016,0.1,1.4,0.0,0.0,0.0,0.0,0.0,0.0,0.0,0.0,1.0,0.0,0.0,0.0,9.0,4.0,0.0,0.0,0.0,0.0,0.0,0.0,0.0,0.0,5.0,12.0,1.0,12.14,5.0200000000000005,2.51,1.49,0.0,0.0,0.0,344.3,0.0,-0.3,-0.5,0.3,132.6,0.0,0.0,227.5,0.0,21.3,4.0,4.0,6.300000000000001,300.0,300.0,30.3,25.6,25.8,25.8,25.8,,,,,,,,,,,,,,,,,,,,,,,,
2026-07-30T19:12:13.121Z,2.015,2.028,0.1,1.4,0.0,0.0,0.0,0.0,0.0,0.0,0.0,0.0,1.0,0.0,0.0,0.0,9.0,4.0,0.0,0.0,0.0,0.0,0.0,0.0,0.0,0.0,6.0,12.0,1.0,12.14,5.0200000000000005,2.51,1.49,0.0,0.0,0.0,344.20000000000005,0.0,0.1,-1.1,-1.3,132.6,0.0,0.0,227.5,0.0,21.3,4.0,4.0,6.300000000000001,300.0,300.0,30.3,25.6,25.8,25.8,25.8,,,,,,,,,,,,,,,,,,,,,,,,
2026-07-30T19:12:13.135Z,2.029,2.04,0.1,1.4,0.0,0.0,0.0,0.0,0.0,0.0,0.0,0.0,1.0,0.0,0.0,0.0,9.0,4.0,0.0,0.0,0.0,0.0,0.0,0.0,0.0,0.0,2.0,12.0,1.0,12.13,5.01,2.5,1.5,0.0,0.0,0.0,344.3,0.0,0.7000000000000001,1.1,0.4,132.5,0.0,0.0,227.5,0.0,21.3,4.3,4.3,6.6000000000000005,300.0,300.0,30.3,27.0,27.1,26.9,27.200000000000003,,,,,,,,,,,,,,,,,,,,,,,,
2026-07-30T19:12:13.146Z,2.04,2.052,0.1,1.4,0.0,0.0,0.0,0.0,0.0,0.0,0.0,0.0,1.0,0.0,0.0,0.0,9.0,4.0,0.0,0.0,0.0,0.0,0.0,0.0,0.0,0.0,2.0,12.0,1.0,12.13,5.01,2.5,1.5,0.0,0.0,0.0,344.3,0.0,0.2,1.1,0.4,132.5,0.0,0.0,227.5,0.0,21.3,4.3,4.3,6.6000000000000005,300.0,300.0,30.3,27.0,27.1,26.9,27.200000000000003,,,,,,,,,,,,,,,,,,,,,,,,
2026-07-30T19:12:13.158Z,2.052,2.064,0.0,1.4,0.0,0.0,0.0,0.0,0.0,0.0,0.0,0.0,1.0,0.0,0.0,0.0,9.0,4.0,0.0,0.0,0.0,0.0,0.0,0.0,0.0,0.0,3.0,12.0,1.0,12.13,5.01,2.5,1.5,0.0,0.0,0.0,344.3,0.0,-0.2,-0.5,1.6,132.5,0.0,0.0,227.4,0.0,21.3,4.3,4.3,6.6000000000000005,300.0,300.0,30.3,27.0,27.1,26.9,27.200000000000003,,,,,,,,,,,,,,,,,,,,,,,,
2026-07-30T19:12:13.169Z,2.063,2.076,0.0,1.4,0.0,0.0,0.0,0.0,0.0,0.0,0.0,0.0,1.0,0.0,0.0,0.0,9.0,4.0,0.0,0.0,0.0,0.0,0.0,0.0,0.0,0.0,5.0,12.0,1.0,12.13,5.01,2.5,1.5,0.0,0.0,0.0,344.3,0.0,0.3,-0.4,2.3000000000000003,132.5,0.0,0.0,227.5,0.0,21.3,4.3,4.3,6.6000000000000005,300.0,300.0,30.3,27.0,27.1,26.9,27.200000000000003,,,,,,,,,,,,,,,,,,,,,,,,
2026-07-30T19:12:13.181Z,2.075,2.088,0.0,1.4,0.0,0.0,0.0,0.0,0.0,0.0,0.0,0.0,1.0,0.0,0.0,0.0,9.0,4.0,0.0,0.0,0.0,0.0,0.0,0.0,0.0,0.0,6.0,12.0,1.0,12.13,5.01,2.5,1.5,0.0,0.0,0.0,344.3,0.0,0.9,0.7000000000000001,0.5,132.6,0.0,0.0,225.9,0.0,21.3,4.3,4.3,6.6000000000000005,300.0,300.0,30.3,27.0,27.1,26.9,27.200000000000003,,,,,,,,,,,,,,,,,,,,,,,,
2026-07-30T19:12:13.193Z,2.087,2.1,0.0,1.4,0.0,0.0,0.0,0.0,0.0,0.0,0.0,0.0,1.0,0.0,0.0,0.0,9.0,4.0,0.0,0.0,0.0,0.0,0.0,0.0,0.0,0.0,1.0,12.0,1.0,12.13,5.01,2.5,1.5,0.0,0.0,0.0,344.3,0.0,0.9,0.0,-0.6000000000000001,132.6,0.0,0.0,227.5,0.0,21.3,4.3,4.3,6.6000000000000005,300.0,300.0,30.3,27.0,27.1,26.9,27.200000000000003,,,,,,,,,,,,,,,,,,,,,,,,
2026-07-30T19:12:13.206Z,2.1,2.112,0.0,1.4,0.0,0.0,0.0,0.0,0.0,0.0,0.0,0.0,1.0,0.0,0.0,0.0,9.0,4.0,0.0,0.0,0.0,0.0,0.0,0.0,0.0,0.0,2.0,12.0,1.0,12.13,5.01,2.5,1.5,0.0,0.0,0.0,344.3,0.0,0.3,0.0,0.4,132.6,0.0,0.0,227.6,0.0,21.3,4.3,4.3,6.6000000000000005,300.0,300.0,30.3,27.0,27.1,26.9,27.200000000000003,,,,,,,,,,,,,,,,,,,,,,,,
2026-07-30T19:12:13.217Z,2.111,2.124,0.0,1.4,0.0,0.0,0.0,0.0,0.0,0.0,0.0,0.0,1.0,0.0,0.0,0.0,9.0,4.0,0.0,0.0,0.0,0.0,0.0,0.0,0.0,0.0,3.0,12.0,1.0,12.13,5.01,2.5,1.5,0.0,0.0,0.0,344.3,0.0,-0.3,-0.5,0.4,132.6,0.0,0.0,227.5,0.0,21.3,4.3,4.3,6.6000000000000005,300.0,300.0,30.3,27.0,27.1,26.9,27.200000000000003,,,,,,,,,,,,,,,,,,,,,,,,
2026-07-30T19:12:13.229Z,2.123,2.136,0.0,1.4,0.0,0.0,0.0,0.0,0.0,0.0,0.0,0.0,1.0,0.0,0.0,0.0,9.0,4.0,0.0,0.0,0.0,0.0,0.0,0.0,0.0,0.0,4.0,12.0,1.0,12.13,5.01,2.5,1.5,0.0,0.1,0.0,344.3,0.0,0.3,0.0,0.4,132.6,0.0,0.0,227.6,0.0,21.3,4.3,4.3,6.6000000000000005,300.0,300.0,30.3,27.0,27.1,26.9,27.200000000000003,,,,,,,,,,,,,,,,,,,,,,,,
2026-07-30T19:12:13.242Z,2.136,2.148,0.0,1.4,0.0,0.0,0.0,0.0,0.0,0.0,0.0,0.0,1.0,0.0,0.0,0.0,9.0,4.0,0.0,0.0,0.0,0.0,0.0,0.0,0.0,0.0,5.0,12.0,1.0,12.17,5.01,2.51,1.49,0.0,0.0,0.0,344.20000000000005,0.0,0.3,0.0,1.0,132.6,0.0,0.0,227.6,0.0,20.8,4.6000000000000005,4.6000000000000005,6.9,300.0,300.0,30.3,28.4,28.0,27.4,28.4,,,,,,,,,,,,,,,,,,,,,,,,
2026-07-30T19:12:13.254Z,2.148,2.16,0.0,1.4,0.0,0.0,0.0,0.0,0.0,0.0,0.0,0.0,1.0,0.0,0.0,0.0,9.0,4.0,0.0,0.0,0.0,0.0,0.0,0.0,0.0,0.0,1.0,12.0,1.0,12.17,5.01,2.51,1.49,0.0,0.0,0.0,344.3,0.0,0.3,-0.5,-1.2000000000000002,132.5,0.0,0.0,227.7,0.0,20.8,4.6000000000000005,4.6000000000000005,6.9,300.0,300.0,30.3,28.4,28.0,27.4,28.4,,,,,,,,,,,,,,,,,,,,,,,,
2026-07-30T19:12:13.265Z,2.159,2.172,0.0,1.4,0.0,0.0,0.0,0.0,0.0,0.0,0.0,0.0,1.0,0.0,0.0,0.0,9.0,4.0,0.0,0.0,0.0,0.0,0.0,0.0,0.0,0.0,2.0,12.0,1.0,12.17,5.01,2.51,1.49,0.0,0.0,0.0,344.3,0.0,-0.1,-0.5,-0.6000000000000001,132.5,0.0,0.0,227.6,0.0,20.8,4.6000000000000005,4.6000000000000005,6.9,300.0,300.0,30.3,28.4,28.0,27.4,28.4,,,,,,,,,,,,,,,,,,,,,,,,
2026-07-30T19:12:13.277Z,2.171,2.184,0.0,1.4,0.0,0.0,0.0,0.0,0.0,0.0,0.0,0.0,1.0,0.0,0.0,0.0,9.0,4.0,0.0,0.0,0.0,0.0,0.0,0.0,0.0,0.0,3.0,12.0,1.0,12.17,5.01,2.51,1.49,0.0,0.0,0.0,344.3,0.0,0.4,1.8,1.7000000000000002,132.5,0.0,0.0,227.5,0.0,20.8,4.6000000000000005,4.6000000000000005,6.9,300.0,300.0,30.3,28.4,28.0,27.4,28.4,,,,,,,,,,,,,,,,,,,,,,,,
2026-07-30T19:12:13.290Z,2.184,2.196,0.0,1.4,0.0,0.0,0.0,0.0,0.0,0.0,0.0,0.0,1.0,0.0,0.0,0.0,9.0,4.0,0.0,0.0,0.0,0.0,0.0,0.0,0.0,0.0,4.0,12.0,1.0,12.17,5.01,2.51,1.49,0.0,0.0,0.0,344.3,0.0,0.4,0.6000000000000001,0.5,132.6,0.0,0.0,227.4,0.0,20.8,4.6000000000000005,4.6000000000000005,6.9,300.0,300.0,30.3,28.4,28.0,27.4,28.4,,,,,,,,,,,,,,,,,,,,,,,,
2026-07-30T19:12:13.302Z,2.196,2.208,0.0,1.4,0.0,0.0,0.0,0.0,0.0,0.0,0.0,0.0,1.0,0.0,0.0,0.0,9.0,4.0,0.0,0.0,0.0,0.0,0.0,0.0,0.0,0.0,5.0,12.0,1.0,12.17,5.01,2.51,1.49,0.0,0.0,0.0,344.20000000000005,0.0,-0.1,0.1,-0.6000000000000001,132.6,0.0,0.0,227.4,0.0,20.8,4.6000000000000005,4.6000000000000005,6.9,300.0,300.0,30.3,28.4,28.0,27.4,28.4,,,,,,,,,,,,,,,,,,,,,,,,
2026-07-30T19:12:13.313Z,2.207,2.22,0.0,1.4,0.0,0.0,0.0,0.0,0.0,0.0,0.0,0.0,1.0,0.0,0.0,0.0,9.0,4.0,0.0,0.0,0.0,0.0,0.0,0.0,0.0,0.0,1.0,12.0,1.0,12.17,5.01,2.51,1.49,0.0,0.0,0.0,344.3,0.0,-0.1,-1.0,-1.7000000000000002,132.6,0.0,0.0,227.5,0.0,20.8,4.6000000000000005,4.6000000000000005,6.9,300.0,300.0,30.3,28.4,28.0,27.4,28.4,,,,,,,,,,,,,,,,,,,,,,,,
2026-07-30T19:12:13.325Z,2.219,2.232,0.0,1.4,0.0,0.0,0.0,0.0,0.0,0.0,0.0,0.0,1.0,0.0,0.0,0.0,9.0,4.0,0.0,0.0,0.0,0.0,0.0,0.0,0.0,0.0,2.0,12.0,1.0,12.17,5.01,2.51,1.49,0.0,0.0,0.0,344.3,0.0,1.0,-0.5,0.0,132.6,0.0,0.0,227.5,0.0,20.8,4.6000000000000005,4.6000000000000005,6.9,300.0,300.0,30.3,28.4,28.0,27.4,28.4,,,,,,,,,,,,,,,,,,,,,,,,
2026-07-30T19:12:13.338Z,2.232,2.244,0.0,1.4,0.0,0.0,0.0,0.0,0.0,0.0,0.0,0.0,1.0,0.0,0.0,0.0,9.0,4.0,0.0,0.0,0.0,0.0,0.0,0.0,0.0,0.0,3.0,12.0,1.0,12.17,5.01,2.51,1.49,0.0,0.0,0.0,344.3,0.0,-0.7000000000000001,0.5,1.6,132.6,0.0,0.0,227.4,0.0,21.200000000000003,4.9,4.9,7.1000000000000005,300.0,300.0,30.3,29.700000000000003,28.4,27.700000000000003,29.200000000000003,,,,,,,,,,,,,,,,,,,,,,,,
2026-07-30T19:12:13.349Z,2.243,2.256,0.0,1.4,0.0,0.0,0.0,0.0,0.0,0.0,0.0,0.0,1.0,0.0,0.0,0.0,9.0,4.0,0.0,0.0,0.0,0.0,0.0,0.0,0.0,0.0,4.0,12.0,1.0,12.17,5.01,2.51,1.49,0.0,0.0,0.0,344.3,0.0,0.3,-0.5,-0.1,132.6,0.0,0.0,227.5,0.0,21.200000000000003,4.9,4.9,7.1000000000000005,300.0,300.0,30.3,29.700000000000003,28.4,27.700000000000003,29.200000000000003,,,,,,,,,,,,,,,,,,,,,,,,
2026-07-30T19:12:13.361Z,2.255,2.268,0.0,1.4,0.0,0.0,0.0,0.0,0.0,0.0,0.0,0.0,1.0,0.0,0.0,0.0,9.0,4.0,0.0,0.0,0.0,0.0,0.0,0.0,0.0,0.0,5.0,12.0,1.0,12.17,5.01,2.51,1.49,0.0,0.1,0.0,344.3,0.0,-0.7000000000000001,-0.5,1.5,132.5,0.0,0.0,227.6,0.0,21.200000000000003,4.9,4.9,7.1000000000000005,300.0,300.0,30.3,29.700000000000003,28.4,27.700000000000003,29.200000000000003,,,,,,,,,,,,,,,,,,,,,,,,
2026-07-30T19:12:13.373Z,2.267,2.28,0.0,1.4,0.0,0.0,0.0,0.0,0.0,0.0,0.0,0.0,1.0,0.0,0.0,0.0,9.0,4.0,0.0,0.0,0.0,0.0,0.0,0.0,0.0,0.0,6.0,12.0,1.0,12.17,5.01,2.51,1.49,0.0,0.0,0.0,344.3,0.0,0.4,0.0,-0.7000000000000001,132.5,0.0,0.0,227.6,0.0,21.200000000000003,4.9,4.9,7.1000000000000005,300.0,300.0,30.3,29.700000000000003,28.4,27.700000000000003,29.200000000000003,,,,,,,,,,,,,,,,,,,,,,,,
2026-07-30T19:12:13.386Z,2.28,2.2920000000000003,0.0,1.4,0.0,0.0,0.0,0.0,0.0,0.0,0.0,0.0,1.0,0.0,0.0,0.0,9.0,4.0,0.0,0.0,0.0,0.0,0.0,0.0,0.0,0.0,1.0,12.0,1.0,12.17,5.01,2.51,1.49,0.0,0.0,0.0,344.3,0.0,0.4,1.2000000000000002,0.4,132.5,0.0,0.0,227.5,0.0,21.200000000000003,4.9,4.9,7.1000000000000005,300.0,300.0,30.3,29.700000000000003,28.4,27.700000000000003,29.200000000000003,,,,,,,,,,,,,,,,,,,,,,,,
2026-07-30T19:12:13.397Z,2.291,2.3040000000000003,0.0,1.4,0.0,0.0,0.0,0.0,0.0,0.0,0.0,0.0,1.0,0.0,0.0,0.0,9.0,4.0,0.0,0.0,0.0,0.0,0.0,0.0,0.0,0.0,2.0,12.0,1.0,12.17,5.01,2.51,1.49,0.0,0.0,0.0,344.3,0.0,0.4,-0.5,1.0,132.6,0.0,0.0,227.4,0.0,21.200000000000003,4.9,4.9,7.1000000000000005,300.0,300.0,30.3,29.700000000000003,28.4,27.700000000000003,29.200000000000003,,,,,,,,,,,,,,,,,,,,,,,,
2026-07-30T19:12:13.410Z,2.304,2.316,0.0,1.4,0.0,0.0,0.0,0.0,0.0,0.0,0.0,0.0,1.0,0.0,0.0,0.0,9.0,4.0,0.0,0.0,0.0,0.0,0.0,0.0,0.0,0.0,3.0,12.0,1.0,12.17,5.01,2.51,1.49,0.0,0.0,0.0,344.20000000000005,0.0,-0.1,-1.0,-1.3,132.5,0.0,0.0,227.5,0.0,21.200000000000003,4.9,4.9,7.1000000000000005,300.0,300.0,30.3,29.700000000000003,28.4,27.700000000000003,29.200000000000003,,,,,,,,,,,,,,,,,,,,,,,,
2026-07-30T19:12:13.421Z,2.315,2.328,0.0,1.4,0.0,0.0,0.0,0.0,0.0,0.0,0.0,0.0,1.0,0.0,0.0,0.0,9.0,4.0,0.0,0.0,0.0,0.0,0.0,0.0,0.0,0.0,5.0,12.0,1.0,12.17,5.01,2.51,1.49,0.0,0.0,0.0,344.3,0.0,0.4,1.2000000000000002,1.0,132.5,0.0,0.0,227.6,0.0,21.200000000000003,4.9,4.9,7.1000000000000005,300.0,300.0,30.3,29.700000000000003,28.4,27.700000000000003,29.200000000000003,,,,,,,,,,,,,,,,,,,,,,,,
2026-07-30T19:12:13.434Z,2.328,2.34,0.0,1.4,0.0,0.0,0.0,0.0,0.0,0.0,0.0,0.0,1.0,0.0,0.0,0.0,9.0,4.0,0.0,0.0,0.0,0.0,0.0,0.0,0.0,0.0,6.0,12.0,1.0,12.17,5.01,2.51,1.49,0.0,0.0,0.0,344.3,0.0,-0.2,0.0,0.4,132.5,0.0,0.0,227.7,0.0,21.200000000000003,4.9,4.9,7.1000000000000005,300.0,300.0,30.3,29.700000000000003,28.4,27.700000000000003,29.200000000000003,,,,,,,,,,,,,,,,,,,,,,,,
2026-07-30T19:12:13.446Z,2.34,2.352,0.0,1.4,0.0,0.0,0.0,0.0,0.0,0.0,0.0,0.0,1.0,0.0,0.0,0.0,9.0,4.0,0.0,0.0,0.0,0.0,0.0,0.0,0.0,0.0,2.0,12.0,1.0,12.14,5.0200000000000005,2.51,1.49,0.0,0.0,0.0,344.3,0.0,0.3,0.6000000000000001,-0.1,132.5,0.0,0.0,227.6,0.0,21.4,5.2,5.2,7.4,300.0,300.0,30.1,31.1,28.6,27.8,29.5,,,,,,,,,,,,,,,,,,,,,,,,
2026-07-30T19:12:13.458Z,2.352,2.364,0.0,1.4,0.0,0.0,0.0,0.0,0.0,0.0,0.0,0.0,1.0,0.0,0.0,0.0,9.0,4.0,0.0,0.0,0.0,0.0,0.0,0.0,0.0,0.0,3.0,12.0,1.0,12.14,5.0200000000000005,2.51,1.49,0.0,0.1,0.0,344.3,0.0,0.3,0.0,-0.1,132.5,0.0,0.0,227.6,0.0,21.4,5.2,5.2,7.4,300.0,300.0,30.1,31.1,28.6,27.8,29.5,,,,,,,,,,,,,,,,,,,,,,,,
2026-07-30T19:12:13.469Z,2.363,2.376,0.0,1.4,0.0,0.0,0.0,0.0,0.0,0.0,0.0,0.0,1.0,0.0,0.0,0.0,9.0,4.0,0.0,0.0,0.0,0.0,0.0,0.0,0.0,0.0,4.0,12.0,1.0,12.14,5.0200000000000005,2.51,1.49,0.0,0.1,0.0,344.3,0.0,0.3,0.6000000000000001,2.2,132.5,0.0,0.0,227.5,0.0,21.4,5.2,5.2,7.4,300.0,300.0,30.1,31.1,28.6,27.8,29.5,,,,,,,,,,,,,,,,,,,,,,,,
2026-07-30T19:12:13.481Z,2.375,2.388,0.0,1.4,0.0,0.0,0.0,0.0,0.0,0.0,0.0,0.0,1.0,0.0,0.0,0.0,9.0,4.0,0.0,0.0,0.0,0.0,0.0,0.0,0.0,0.0,4.0,12.0,1.0,12.14,5.0200000000000005,2.51,1.49,0.0,0.0,0.0,344.3,0.0,-0.7000000000000001,0.0,0.4,132.5,0.0,0.0,227.5,0.0,21.4,5.2,5.2,7.4,300.0,300.0,30.1,31.1,28.6,27.8,29.5,,,,,,,,,,,,,,,,,,,,,,,,
2026-07-30T19:12:13.494Z,2.388,2.4,0.0,1.4,0.0,0.0,0.0,0.0,0.0,0.0,0.0,0.0,1.0,0.0,0.0,0.0,9.0,4.0,0.0,0.0,0.0,0.0,0.0,0.0,0.0,0.0,5.0,12.0,1.0,12.14,5.0200000000000005,2.51,1.49,0.0,0.0,0.0,344.3,0.0,-0.1,-0.4,-0.6000000000000001,132.5,0.0,0.0,226.7,0.0,21.4,5.2,5.2,7.4,300.0,300.0,30.1,31.1,28.6,27.8,29.5,,,,,,,,,,,,,,,,,,,,,,,,
2026-07-30T19:12:13.505Z,2.399,2.412,0.0,1.4,0.0,0.0,0.0,0.0,0.0,0.0,0.0,0.0,1.0,0.0,0.0,0.0,9.0,4.0,0.0,0.0,0.0,0.0,0.0,0.0,0.0,0.0,1.0,12.0,1.0,12.14,5.0200000000000005,2.51,1.49,0.0,0.0,0.0,344.3,0.0,-0.1,-0.4,0.0,132.5,0.0,0.0,227.3,0.0,21.4,5.2,5.2,7.4,300.0,300.0,30.1,31.1,28.6,27.8,29.5,,,,,,,,,,,,,,,,,,,,,,,,
2026-07-30T19:12:13.517Z,2.411,2.424,0.0,1.4,0.0,0.0,0.0,0.0,0.0,0.0,0.0,0.0,1.0,0.0,0.0,0.0,9.0,4.0,0.0,0.0,0.0,0.0,0.0,0.0,0.0,0.0,2.0,12.0,1.0,12.14,5.0200000000000005,2.51,1.49,0.0,0.0,0.0,344.3,0.0,-0.1,-0.5,1.6,132.5,0.0,0.0,227.7,0.0,21.4,5.2,5.2,7.4,300.0,300.0,30.1,31.1,28.6,27.8,29.5,,,,,,,,,,,,,,,,,,,,,,,,
2026-07-30T19:12:13.529Z,2.423,2.436,0.0,1.4,0.0,0.0,0.0,0.0,0.0,0.0,0.0,0.0,1.0,0.0,0.0,0.0,9.0,4.0,0.0,0.0,0.0,0.0,0.0,0.0,0.0,0.0,3.0,12.0,1.0,12.14,5.0200000000000005,2.51,1.49,0.0,0.0,0.0,344.3,0.0,-0.7000000000000001,0.6000000000000001,-0.1,132.5,0.0,0.0,227.6,0.0,21.4,5.2,5.2,7.4,300.0,300.0,30.1,31.1,28.6,27.8,29.5,,,,,,,,,,,,,,,,,,,,,,,,
2026-07-30T19:12:13.543Z,2.437,2.448,0.0,1.4,0.0,0.0,0.0,0.0,0.0,0.0,0.0,0.0,1.0,0.0,0.0,0.0,9.0,4.0,0.0,0.0,0.0,0.0,0.0,0.0,0.0,0.0,4.0,12.0,1.0,12.15,5.01,2.5,1.5,0.0,0.0,0.0,344.3,0.0,0.9,0.6000000000000001,1.0,132.5,0.0,0.0,227.6,0.0,21.3,5.5,5.5,7.7,300.0,300.0,30.3,32.2,28.700000000000003,27.9,29.700000000000003,,,,,,,,,,,,,,,,,,,,,,,,
2026-07-30T19:12:13.553Z,2.447,2.46,0.0,1.4,0.0,0.0,0.0,0.0,0.0,0.0,0.0,0.0,1.0,0.0,0.0,0.0,9.0,4.0,0.0,0.0,0.0,0.0,0.0,0.0,0.0,0.0,6.0,12.0,1.0,12.15,5.01,2.5,1.5,0.0,0.0,0.0,344.3,0.0,-0.7000000000000001,-0.5,-0.7000000000000001,132.5,0.0,0.0,227.5,0.0,21.3,5.5,5.5,7.7,300.0,300.0,30.3,32.2,28.700000000000003,27.9,29.700000000000003,,,,,,,,,,,,,,,,,,,,,,,,
2026-07-30T19:12:13.565Z,2.459,2.472,0.0,1.4,0.0,0.0,0.0,0.0,0.0,0.0,0.0,0.0,1.0,0.0,0.0,0.0,9.0,4.0,0.0,0.0,0.0,0.0,0.0,0.0,0.0,0.0,1.0,12.0,1.0,12.15,5.01,2.5,1.5,0.0,0.0,0.0,344.20000000000005,0.0,0.3,1.8,0.0,132.5,0.0,0.0,227.7,0.0,21.3,5.5,5.5,7.7,300.0,300.0,30.3,32.2,28.700000000000003,27.9,29.700000000000003,,,,,,,,,,,,,,,,,,,,,,,,
2026-07-30T19:12:13.577Z,2.471,2.484,0.0,1.4,0.0,0.0,0.0,0.0,0.0,0.0,0.0,0.0,1.0,0.0,0.0,0.0,9.0,4.0,0.0,0.0,0.0,0.0,0.0,0.0,0.0,0.0,2.0,12.0,1.0,12.15,5.01,2.5,1.5,0.0,0.0,0.0,344.3,0.0,-0.2,1.2000000000000002,0.0,132.5,0.0,0.0,227.5,0.0,21.3,5.5,5.5,7.7,300.0,300.0,30.3,32.2,28.700000000000003,27.9,29.700000000000003,,,,,,,,,,,,,,,,,,,,,,,,
2026-07-30T19:12:13.590Z,2.484,2.496,0.0,1.4,0.0,0.0,0.0,0.0,0.0,0.0,0.0,0.0,1.0,0.0,0.0,0.0,9.0,4.0,0.0,0.0,0.0,0.0,0.0,0.0,0.0,0.0,3.0,12.0,1.0,12.15,5.01,2.5,1.5,0.0,0.0,0.0,344.20000000000005,0.0,0.3,0.1,1.1,132.5,0.0,0.0,227.5,0.0,21.3,5.5,5.5,7.7,300.0,300.0,30.3,32.2,28.700000000000003,27.9,29.700000000000003,,,,,,,,,,,,,,,,,,,,,,,,
2026-07-30T19:12:13.601Z,2.495,2.508,0.0,1.4,0.0,0.0,0.0,0.0,0.0,0.0,0.0,0.0,1.0,0.0,0.0,0.0,9.0,4.0,0.0,0.0,0.0,0.0,0.0,0.0,0.0,0.0,4.0,12.0,1.0,12.15,5.01,2.5,1.5,0.0,0.0,0.0,344.20000000000005,0.0,-0.2,0.1,1.1,132.5,0.0,0.0,227.3,0.0,21.3,5.5,5.5,7.7,300.0,300.0,30.3,32.2,28.700000000000003,27.9,29.700000000000003,,,,,,,,,,,,,,,,,,,,,,,,
2026-07-30T19:12:13.613Z,2.507,2.52,0.0,1.4,0.0,0.0,0.0,0.0,0.0,0.0,0.0,0.0,1.0,0.0,0.0,0.0,9.0,4.0,0.0,0.0,0.0,0.0,0.0,0.0,0.0,0.0,5.0,12.0,1.0,12.15,5.01,2.5,1.5,0.0,0.0,0.0,344.20000000000005,0.0,-0.2,-1.0,0.0,132.5,0.0,0.0,227.5,0.0,21.3,5.5,5.5,7.7,300.0,300.0,30.3,32.2,28.700000000000003,27.9,29.700000000000003,,,,,,,,,,,,,,,,,,,,,,,,
2026-07-30T19:12:13.626Z,2.52,2.532,0.0,1.4,0.0,0.0,0.0,0.0,0.0,0.0,0.0,0.0,1.0,0.0,0.0,0.0,9.0,4.0,0.0,0.0,0.0,0.0,0.0,0.0,0.0,0.0,6.0,12.0,1.0,12.15,5.01,2.5,1.5,0.0,0.0,0.0,344.3,0.0,1.4,-0.5,-0.6000000000000001,132.5,0.0,0.0,227.4,0.0,21.3,5.5,5.5,7.7,300.0,300.0,30.3,32.2,28.700000000000003,27.9,29.700000000000003,,,,,,,,,,,,,,,,,,,,,,,,
2026-07-30T19:12:13.638Z,2.532,2.544,0.0,1.4,0.0,0.0,0.0,0.0,0.0,0.0,0.0,0.0,1.0,0.0,0.0,0.0,9.0,4.0,0.0,0.0,0.0,0.0,0.0,0.0,0.0,0.0,1.0,12.0,1.0,12.15,5.01,2.5,1.5,0.0,0.0,0.0,344.3,0.0,-0.3,-0.5,0.4,132.5,0.0,0.0,227.5,0.0,21.3,5.5,5.5,7.7,300.0,300.0,30.3,32.2,28.700000000000003,27.9,29.700000000000003,,,,,,,,,,,,,,,,,,,,,,,,
2026-07-30T19:12:13.650Z,2.544,2.556,0.0,1.4,0.0,0.0,0.0,0.0,0.0,0.0,0.0,0.0,1.0,0.0,0.0,0.0,9.0,4.0,0.0,0.0,0.0,0.0,0.0,0.0,0.0,0.0,2.0,12.0,1.0,12.15,5.0200000000000005,2.5,1.49,0.0,0.0,0.0,344.3,0.0,0.2,0.0,2.7,132.5,0.0,0.0,227.5,0.0,21.9,5.800000000000001,5.800000000000001,8.0,300.0,300.0,30.4,32.9,28.8,27.9,29.8,,,,,,,,,,,,,,,,,,,,,,,,
2026-07-30T19:12:13.662Z,2.556,2.568,0.0,1.4,0.0,0.0,0.0,0.0,0.0,0.0,0.0,0.0,1.0,0.0,0.0,0.0,9.0,4.0,0.0,0.0,0.0,0.0,0.0,0.0,0.0,0.0,3.0,12.0,1.0,12.15,5.0200000000000005,2.5,1.49,0.0,0.0,0.0,344.3,0.0,-0.3,0.6000000000000001,-0.2,132.5,0.0,0.0,227.5,0.0,21.9,5.800000000000001,5.800000000000001,8.0,300.0,300.0,30.4,32.9,28.8,27.9,29.8,,,,,,,,,,,,,,,,,,,,,,,,
2026-07-30T19:12:13.674Z,2.568,2.58,0.0,1.4,0.0,0.0,0.0,0.0,0.0,0.0,0.0,0.0,1.0,0.0,0.0,0.0,9.0,4.0,0.0,0.0,0.0,0.0,0.0,0.0,0.0,0.0,4.0,12.0,1.0,12.15,5.0200000000000005,2.5,1.49,0.0,0.0,0.0,344.3,0.0,0.2,0.6000000000000001,0.2,132.5,0.0,0.0,227.5,0.0,21.9,5.800000000000001,5.800000000000001,8.0,300.0,300.0,30.4,32.9,28.8,27.9,29.8,,,,,,,,,,,,,,,,,,,,,,,,
2026-07-30T19:12:13.686Z,2.58,2.592,0.0,1.4,0.0,0.0,0.0,0.0,0.0,0.0,0.0,0.0,1.0,0.0,0.0,0.0,9.0,4.0,0.0,0.0,0.0,0.0,0.0,0.0,0.0,0.0,5.0,12.0,1.0,12.15,5.0200000000000005,2.5,1.49,0.0,0.0,0.0,344.3,0.0,-0.3,-0.5,-0.8,132.5,0.0,0.0,227.4,0.0,21.9,5.800000000000001,5.800000000000001,8.0,300.0,300.0,30.4,32.9,28.8,27.9,29.8,,,,,,,,,,,,,,,,,,,,,,,,
2026-07-30T19:12:13.698Z,2.592,2.604,0.0,1.4,0.0,0.0,0.0,0.0,0.0,0.0,0.0,0.0,1.0,0.0,0.0,0.0,9.0,4.0,0.0,0.0,0.0,0.0,0.0,0.0,0.0,0.0,1.0,12.0,1.0,12.15,5.0200000000000005,2.5,1.49,0.0,0.0,0.0,344.3,0.0,0.2,-1.1,-0.2,132.5,0.0,0.0,227.5,0.0,21.9,5.800000000000001,5.800000000000001,8.0,300.0,300.0,30.4,32.9,28.8,27.9,29.8,,,,,,,,,,,,,,,,,,,,,,,,
2026-07-30T19:12:13.709Z,2.603,2.616,0.0,1.4,0.0,0.0,0.0,0.0,0.0,0.0,0.0,0.0,1.0,0.0,0.0,0.0,9.0,4.0,0.0,0.0,0.0,0.0,0.0,0.0,0.0,0.0,2.0,12.0,1.0,12.15,5.0200000000000005,2.5,1.49,0.0,0.1,0.0,344.3,0.0,-0.2,0.0,0.9,132.5,0.0,0.0,227.5,0.0,21.9,5.800000000000001,5.800000000000001,8.0,300.0,300.0,30.4,32.9,28.8,27.9,29.8,,,,,,,,,,,,,,,,,,,,,,,,
2026-07-30T19:12:13.721Z,2.615,2.628,0.0,1.4,0.0,0.0,0.0,0.0,0.0,0.0,0.0,0.0,1.0,0.0,0.0,0.0,9.0,4.0,0.0,0.0,0.0,0.0,0.0,0.0,0.0,0.0,3.0,12.0,1.0,12.15,5.0200000000000005,2.5,1.49,0.0,0.0,0.0,344.3,0.0,0.2,-1.0,-0.8,132.5,0.0,0.0,227.5,0.0,21.9,5.800000000000001,5.800000000000001,8.0,300.0,300.0,30.4,32.9,28.8,27.9,29.8,,,,,,,,,,,,,,,,,,,,,,,,
2026-07-30T19:12:13.733Z,2.627,2.64,0.0,1.4,0.0,0.0,0.0,0.0,0.0,0.0,0.0,0.0,1.0,0.0,0.0,0.0,9.0,4.0,0.0,0.0,0.0,0.0,0.0,0.0,0.0,0.0,4.0,12.0,1.0,12.15,5.0200000000000005,2.5,1.49,0.0,0.1,0.0,344.3,0.0,-0.8,0.0,-0.2,132.5,0.0,0.0,227.6,0.0,21.9,5.800000000000001,5.800000000000001,8.0,300.0,300.0,30.4,32.9,28.8,27.9,29.8,,,,,,,,,,,,,,,,,,,,,,,,
2026-07-30T19:12:13.746Z,2.64,2.652,0.0,1.4,0.0,0.0,0.0,0.0,0.0,0.0,0.0,0.0,1.0,0.0,0.0,0.0,9.0,4.0,0.0,0.0,0.0,0.0,0.0,0.0,0.0,0.0,5.0,12.0,1.0,12.14,5.0200000000000005,2.51,1.5,0.0,0.0,0.0,344.20000000000005,0.0,-0.2,-0.5,-0.2,132.5,0.0,0.0,227.6,0.0,21.3,6.1000000000000005,6.1000000000000005,8.3,300.0,300.0,30.4,33.2,28.8,27.9,29.8,,,,,,,,,,,,,,,,,,,,,,,,
2026-07-30T19:12:13.757Z,2.651,2.664,0.0,1.4,0.0,0.0,0.0,0.0,0.0,0.0,0.0,0.0,1.0,0.0,0.0,0.0,9.0,4.0,0.0,0.0,0.0,0.0,0.0,0.0,0.0,0.0,6.0,12.0,1.0,12.14,5.0200000000000005,2.51,1.5,0.0,0.0,0.0,344.3,0.0,-0.8,0.6000000000000001,-0.7000000000000001,132.5,0.0,0.0,227.5,0.0,21.3,6.1000000000000005,6.1000000000000005,8.3,300.0,300.0,30.4,33.2,28.8,27.9,29.8,,,,,,,,,,,,,,,,,,,,,,,,
2026-07-30T19:12:13.770Z,2.664,2.676,0.0,1.4,0.0,0.0,0.0,0.0,0.0,0.0,0.0,0.0,1.0,0.0,0.0,0.0,9.0,4.0,0.0,0.0,0.0,0.0,0.0,0.0,0.0,0.0,1.0,12.0,1.0,12.14,5.0200000000000005,2.51,1.5,0.0,0.0,0.0,344.3,0.0,-0.8,-0.5,-0.1,132.5,0.0,0.0,227.6,0.0,21.3,6.1000000000000005,6.1000000000000005,8.3,300.0,300.0,30.4,33.2,28.8,27.9,29.8,,,,,,,,,,,,,,,,,,,,,,,,
2026-07-30T19:12:13.781Z,2.675,2.688,0.0,1.4,0.0,0.0,0.0,0.0,0.0,0.0,0.0,0.0,1.0,0.0,0.0,0.0,9.0,4.0,0.0,0.0,0.0,0.0,0.0,0.0,0.0,0.0,2.0,12.0,1.0,12.14,5.0200000000000005,2.51,1.5,0.0,0.0,0.0,344.3,0.0,0.3,0.0,-1.9,132.5,0.0,0.0,227.4,0.0,21.3,6.1000000000000005,6.1000000000000005,8.3,300.0,300.0,30.4,33.2,28.8,27.9,29.8,,,,,,,,,,,,,,,,,,,,,,,,
2026-07-30T19:12:13.794Z,2.688,2.7,0.0,1.4,0.0,0.0,0.0,0.0,0.0,0.0,0.0,0.0,1.0,0.0,0.0,0.0,9.0,4.0,0.0,0.0,0.0,0.0,0.0,0.0,0.0,0.0,3.0,12.0,1.0,12.14,5.0200000000000005,2.51,1.5,0.0,0.0,0.0,344.3,0.0,0.3,0.0,0.9,132.5,0.0,0.0,227.5,0.0,21.3,6.1000000000000005,6.1000000000000005,8.3,300.0,300.0,30.4,33.2,28.8,27.9,29.8,,,,,,,,,,,,,,,,,,,,,,,,
2026-07-30T19:12:13.805Z,2.699,2.712,0.0,1.4,0.0,0.0,0.0,0.0,0.0,0.0,0.0,0.0,1.0,0.0,0.0,0.0,9.0,4.0,0.0,0.0,0.0,0.0,0.0,0.0,0.0,0.0,5.0,12.0,1.0,12.14,5.0200000000000005,2.51,1.5,0.0,0.0,0.0,344.20000000000005,0.0,0.9,0.6000000000000001,0.3,132.5,0.0,0.0,226.7,0.0,21.3,6.1000000000000005,6.1000000000000005,8.3,300.0,300.0,30.4,33.2,28.8,27.9,29.8,,,,,,,,,,,,,,,,,,,,,,,,
2026-07-30T19:12:13.817Z,2.711,2.724,0.0,1.4,0.0,0.0,0.0,0.0,0.0,0.0,0.0,0.0,1.0,0.0,0.0,0.0,9.0,4.0,0.0,0.0,0.0,0.0,0.0,0.0,0.0,0.0,6.0,12.0,1.0,12.14,5.0200000000000005,2.51,1.5,0.0,0.0,0.0,344.3,0.0,0.3,-0.5,0.3,132.6,0.0,0.0,227.4,0.0,21.3,6.1000000000000005,6.1000000000000005,8.3,300.0,300.0,30.4,33.2,28.8,27.9,29.8,,,,,,,,,,,,,,,,,,,,,,,,
2026-07-30T19:12:13.830Z,2.724,2.736,0.0,1.4,0.0,0.0,0.0,0.0,0.0,0.0,0.0,0.0,1.0,0.0,0.0,0.0,9.0,4.0,0.0,0.0,0.0,0.0,0.0,0.0,0.0,0.0,1.0,12.0,1.0,12.14,5.0200000000000005,2.51,1.5,0.0,0.0,0.0,344.20000000000005,0.0,-0.2,0.6000000000000001,0.4,132.6,0.0,0.0,227.7,0.0,21.3,6.1000000000000005,6.1000000000000005,8.3,300.0,300.0,30.4,33.2,28.8,27.9,29.8,,,,,,,,,,,,,,,,,,,,,,,,
2026-07-30T19:12:13.842Z,2.736,2.748,0.0,1.4,0.0,0.0,0.0,0.0,0.0,0.0,0.0,0.0,1.0,0.0,0.0,0.0,9.0,4.0,0.0,0.0,0.0,0.0,0.0,0.0,0.0,0.0,2.0,12.0,1.0,12.14,5.0200000000000005,2.51,1.5,0.0,0.0,0.0,344.20000000000005,0.0,0.3,-0.5,1.0,132.5,0.0,0.0,227.6,0.0,21.3,6.1000000000000005,6.1000000000000005,8.3,300.0,300.0,30.4,33.2,28.8,27.9,29.8,,,,,,,,,,,,,,,,,,,,,,,,
2026-07-30T19:12:13.854Z,2.748,2.76,0.0,1.4,0.0,0.0,0.0,0.0,0.0,0.0,0.0,0.0,1.0,0.0,0.0,0.0,9.0,4.0,0.0,0.0,0.0,0.0,0.0,0.0,0.0,0.0,3.0,12.0,1.0,12.15,5.01,2.51,1.49,0.0,0.0,0.0,344.3,0.0,0.9,0.6000000000000001,1.0,132.5,0.0,0.0,227.5,0.0,21.4,6.4,6.4,8.6,300.0,300.0,30.3,33.4,28.8,27.9,29.8,,,,,,,,,,,,,,,,,,,,,,,,
2026-07-30T19:12:13.865Z,2.759,2.772,0.0,1.4,0.0,0.0,0.0,0.0,0.0,0.0,0.0,0.0,1.0,0.0,0.0,0.0,9.0,4.0,0.0,0.0,0.0,0.0,0.0,0.0,0.0,0.0,4.0,12.0,1.0,12.15,5.01,2.51,1.49,0.0,0.0,0.0,344.3,0.0,-1.3,0.0,-0.7000000000000001,132.5,0.0,0.0,227.6,0.0,21.4,6.4,6.4,8.6,300.0,300.0,30.3,33.4,28.8,27.9,29.8,,,,,,,,,,,,,,,,,,,,,,,,
2026-07-30T19:12:13.877Z,2.771,2.7840000000000003,0.0,1.4,0.0,0.0,0.0,0.0,0.0,0.0,0.0,0.0,1.0,0.0,0.0,0.0,9.0,4.0,0.0,0.0,0.0,0.0,0.0,0.0,0.0,0.0,5.0,12.0,1.0,12.15,5.01,2.51,1.49,0.0,0.0,0.0,344.20000000000005,0.0,-0.8,-1.1,-1.9,132.5,0.0,0.0,227.5,0.0,21.4,6.4,6.4,8.6,300.0,300.0,30.3,33.4,28.8,27.9,29.8,,,,,,,,,,,,,,,,,,,,,,,,
2026-07-30T19:12:13.889Z,2.783,2.7960000000000003,0.0,1.4,0.0,0.0,0.0,0.0,0.0,0.0,0.0,0.0,1.0,0.0,0.0,0.0,9.0,4.0,0.0,0.0,0.0,0.0,0.0,0.0,0.0,0.0,6.0,12.0,1.0,12.15,5.01,2.51,1.49,0.0,0.1,0.0,344.3,0.0,-0.2,-1.1,-0.2,132.5,0.0,0.0,227.4,0.0,21.4,6.4,6.4,8.6,300.0,300.0,30.3,33.4,28.8,27.9,29.8,,,,,,,,,,,,,,,,,,,,,,,,
2026-07-30T19:12:13.903Z,2.797,2.8080000000000003,0.0,1.4,0.0,0.0,0.0,0.0,0.0,0.0,0.0,0.0,1.0,0.0,0.0,0.0,9.0,4.0,0.0,0.0,0.0,0.0,0.0,0.0,0.0,0.0,1.0,12.0,1.0,12.15,5.01,2.51,1.49,0.0,0.0,0.0,344.3,0.0,-0.8,1.1,-0.2,132.5,0.0,0.0,227.5,0.0,21.4,6.4,6.4,8.6,300.0,300.0,30.3,33.4,28.8,27.9,29.8,,,,,,,,,,,,,,,,,,,,,,,,
2026-07-30T19:12:13.913Z,2.807,2.82,0.0,1.4,0.0,0.0,0.0,0.0,0.0,0.0,0.0,0.0,1.0,0.0,0.0,0.0,9.0,4.0,0.0,0.0,0.0,0.0,0.0,0.0,0.0,0.0,2.0,12.0,1.0,12.15,5.01,2.51,1.49,0.0,0.0,0.0,344.3,0.0,0.3,0.5,0.3,132.6,0.0,0.0,227.0,0.0,21.4,6.4,6.4,8.6,300.0,300.0,30.3,33.4,28.8,27.9,29.8,,,,,,,,,,,,,,,,,,,,,,,,
2026-07-30T19:12:13.926Z,2.82,2.832,0.0,1.4,0.0,0.0,0.0,0.0,0.0,0.0,0.0,0.0,1.0,0.0,0.0,0.0,9.0,4.0,0.0,0.0,0.0,0.0,0.0,0.0,0.0,0.0,3.0,12.0,1.0,12.15,5.01,2.51,1.49,0.0,0.0,0.0,344.3,0.0,-0.7000000000000001,-0.5,-1.3,132.6,0.0,0.0,227.5,0.0,21.4,6.4,6.4,8.6,300.0,300.0,30.3,33.4,28.8,27.9,29.8,,,,,,,,,,,,,,,,,,,,,,,,
2026-07-30T19:12:13.938Z,2.832,2.844,0.0,1.4,0.0,0.0,0.0,0.0,0.0,0.0,0.0,0.0,1.0,0.0,0.0,0.0,9.0,4.0,0.0,0.0,0.0,0.0,0.0,0.0,0.0,0.0,4.0,12.0,1.0,12.15,5.01,2.51,1.49,0.0,0.0,0.0,344.3,0.0,0.3,-0.5,-0.1,132.5,0.0,0.0,227.7,0.0,21.4,6.4,6.4,8.6,300.0,300.0,30.3,33.4,28.8,27.9,29.8,,,,,,,,,,,,,,,,,,,,,,,,
2026-07-30T19:12:13.950Z,2.844,2.856,0.0,1.4,0.0,0.0,0.0,0.0,0.0,0.0,0.0,0.0,1.0,0.0,0.0,0.0,9.0,4.0,0.0,0.0,0.0,0.0,0.0,0.0,0.0,0.0,6.0,12.0,1.0,12.15,5.01,2.51,1.49,0.0,0.0,0.0,344.3,0.0,0.9,0.5,-0.1,132.5,0.0,0.0,227.6,0.0,21.4,6.7,6.7,8.8,300.0,300.0,30.3,33.5,28.8,27.9,29.8,,,,,,,,,,,,,,,,,,,,,,,,
2026-07-30T19:12:13.961Z,2.855,2.868,0.0,1.4,0.0,0.0,0.0,0.0,0.0,0.0,0.0,0.0,1.0,0.0,0.0,0.0,9.0,4.0,0.0,0.0,0.0,0.0,0.0,0.0,0.0,0.0,1.0,12.0,1.0,12.15,5.01,2.51,1.49,0.0,0.0,0.0,344.3,0.0,-0.1,0.0,0.0,132.5,0.0,0.0,227.5,0.0,21.4,6.7,6.7,8.8,300.0,300.0,30.3,33.5,28.8,27.9,29.8,,,,,,,,,,,,,,,,,,,,,,,,
2026-07-30T19:12:13.974Z,2.868,2.88,0.0,1.4,0.0,0.0,0.0,0.0,0.0,0.0,0.0,0.0,1.0,0.0,0.0,0.0,9.0,4.0,0.0,0.0,0.0,0.0,0.0,0.0,0.0,0.0,2.0,12.0,1.0,12.15,5.01,2.51,1.49,0.0,0.0,0.0,344.3,0.0,-1.3,0.6000000000000001,0.0,132.5,0.0,0.0,227.5,0.0,21.4,6.7,6.7,8.8,300.0,300.0,30.3,33.5,28.8,27.9,29.8,,,,,,,,,,,,,,,,,,,,,,,,
2026-07-30T19:12:13.986Z,2.88,2.892,0.0,1.4,0.0,0.0,0.0,0.0,0.0,0.0,0.0,0.0,1.0,0.0,0.0,0.0,9.0,4.0,0.0,0.0,0.0,0.0,0.0,0.0,0.0,0.0,3.0,12.0,1.0,12.15,5.01,2.51,1.49,0.0,0.0,0.0,344.3,0.0,-0.1,-1.2000000000000002,-0.7000000000000001,132.5,0.0,0.0,227.5,0.0,21.4,6.7,6.7,8.8,300.0,300.0,30.3,33.5,28.8,27.9,29.8,,,,,,,,,,,,,,,,,,,,,,,,
2026-07-30T19:12:13.997Z,2.891,2.904,0.0,1.4,0.0,0.0,0.0,0.0,0.0,0.0,0.0,0.0,1.0,0.0,0.0,0.0,9.0,4.0,0.0,0.0,0.0,0.0,0.0,0.0,0.0,0.0,5.0,12.0,1.0,12.15,5.01,2.51,1.49,0.0,0.0,0.0,344.3,0.0,-0.1,0.0,-0.6000000000000001,132.5,0.0,0.0,227.6,0.0,21.4,6.7,6.7,8.8,300.0,300.0,30.3,33.5,28.8,27.9,29.8,,,,,,,,,,,,,,,,,,,,,,,,
2026-07-30T19:12:14.010Z,2.904,2.916,0.0,1.4,0.0,0.0,0.0,0.0,0.0,0.0,0.0,0.0,1.0,0.0,0.0,0.0,9.0,4.0,0.0,0.0,0.0,0.0,0.0,0.0,0.0,0.0,6.0,12.0,1.0,12.15,5.01,2.51,1.49,0.0,0.0,0.0,344.3,0.0,0.4,0.0,-0.6000000000000001,132.5,0.0,0.0,227.5,0.0,21.4,6.7,6.7,8.8,300.0,300.0,30.3,33.5,28.8,27.9,29.8,,,,,,,,,,,,,,,,,,,,,,,,
2026-07-30T19:12:14.022Z,2.916,2.928,0.0,1.4,0.0,0.0,0.0,0.0,0.0,0.0,0.0,0.0,1.0,0.0,0.0,0.0,9.0,4.0,0.0,0.0,0.0,0.0,0.0,0.0,0.0,0.0,2.0,12.0,1.0,12.15,5.01,2.51,1.49,0.0,0.0,0.0,344.20000000000005,0.0,0.4,0.0,0.0,132.6,0.0,0.0,227.3,0.0,21.4,6.7,6.7,8.8,300.0,300.0,30.3,33.5,28.8,27.9,29.8,,,,,,,,,,,,,,,,,,,,,,,,
2026-07-30T19:12:14.034Z,2.928,2.94,0.0,1.4,0.0,0.0,0.0,0.0,0.0,0.0,0.0,0.0,1.0,0.0,0.0,0.0,9.0,4.0,0.0,0.0,0.0,0.0,0.0,0.0,0.0,0.0,3.0,12.0,1.0,12.15,5.01,2.51,1.49,0.0,0.0,0.0,344.3,0.0,1.0,0.6000000000000001,1.2000000000000002,132.6,0.0,0.0,227.6,0.0,21.4,6.7,6.7,8.8,300.0,300.0,30.3,33.5,28.8,27.9,29.8,,,,,,,,,,,,,,,,,,,,,,,,
2026-07-30T19:12:14.045Z,2.939,2.952,0.0,1.4,0.0,0.0,0.0,0.0,0.0,0.0,0.0,0.0,1.0,0.0,0.0,0.0,9.0,4.0,0.0,0.0,0.0,0.0,0.0,0.0,0.0,0.0,4.0,12.0,1.0,12.15,5.01,2.51,1.49,0.0,0.0,0.0,344.3,0.0,1.0,0.0,-0.5,132.5,0.0,0.0,227.6,0.0,21.4,6.7,6.7,8.8,300.0,300.0,30.3,33.5,28.8,27.9,29.8,,,,,,,,,,,,,,,,,,,,,,,,
2026-07-30T19:12:14.057Z,2.951,2.964,0.0,1.4,0.0,0.0,0.0,0.0,0.0,0.0,0.0,0.0,1.0,0.0,0.0,0.0,9.0,4.0,0.0,0.0,0.0,0.0,0.0,0.0,0.0,0.0,5.0,12.0,1.0,12.14,5.03,2.5,1.49,0.0,0.0,0.0,344.3,0.0,0.4,-0.4,-0.5,132.5,0.0,0.0,227.6,0.0,21.4,7.0,7.0,9.1,300.0,300.0,30.4,33.5,28.8,28.0,29.8,,,,,,,,,,,,,,,,,,,,,,,,
2026-07-30T19:12:14.070Z,2.964,2.976,0.0,1.4,0.0,0.0,0.0,0.0,0.0,0.0,0.0,0.0,1.0,0.0,0.0,0.0,9.0,4.0,0.0,0.0,0.0,0.0,0.0,0.0,0.0,0.0,6.0,12.0,1.0,12.14,5.03,2.5,1.49,0.0,0.0,0.0,344.3,0.0,0.4,-1.0,0.6000000000000001,132.5,0.0,0.0,227.7,0.0,21.4,7.0,7.0,9.1,300.0,300.0,30.4,33.5,28.8,28.0,29.8,,,,,,,,,,,,,,,,,,,,,,,,
2026-07-30T19:12:14.081Z,2.975,2.988,0.0,1.4,0.0,0.0,0.0,0.0,0.0,0.0,0.0,0.0,1.0,0.0,0.0,0.0,9.0,4.0,0.0,0.0,0.0,0.0,0.0,0.0,0.0,0.0,6.0,12.0,1.0,12.14,5.03,2.5,1.49,0.0,0.0,0.0,344.3,0.0,-0.1,0.0,-1.1,132.5,0.0,0.0,227.7,0.0,21.4,7.0,7.0,9.1,300.0,300.0,30.4,33.5,28.8,28.0,29.8,,,,,,,,,,,,,,,,,,,,,,,,
2026-07-30T19:12:14.094Z,2.988,3.0,0.0,1.4,0.0,0.0,0.0,0.0,0.0,0.0,0.0,0.0,1.0,0.0,0.0,0.0,9.0,4.0,0.0,0.0,0.0,0.0,0.0,0.0,0.0,0.0,1.0,12.0,1.0,12.14,5.03,2.5,1.49,0.0,0.0,0.0,344.3,0.0,-0.7000000000000001,-0.4,-0.5,132.5,0.0,0.0,227.5,0.0,21.4,7.0,7.0,9.1,300.0,300.0,30.4,33.5,28.8,28.0,29.8,,,,,,,,,,,,,,,,,,,,,,,,
2026-07-30T19:12:14.105Z,2.999,3.012,0.0,1.4,0.0,0.0,0.0,0.0,0.0,0.0,0.0,0.0,1.0,0.0,0.0,0.0,9.0,4.0,0.0,0.0,0.0,0.0,0.0,0.0,0.0,0.0,2.0,12.0,1.0,12.14,5.03,2.5,1.49,0.0,0.0,0.0,344.3,0.0,-0.1,0.0,-1.1,132.5,0.0,0.0,227.6,0.0,21.4,7.0,7.0,9.1,300.0,300.0,30.4,33.5,28.8,28.0,29.8,,,,,,,,,,,,,,,,,,,,,,,,
2026-07-30T19:12:14.117Z,3.011,3.024,0.0,1.4,0.0,0.0,0.0,0.0,0.0,0.0,0.0,0.0,1.0,0.0,0.0,0.0,9.0,4.0,0.0,0.0,0.0,0.0,0.0,0.0,0.0,0.0,3.0,12.0,1.0,12.14,5.03,2.5,1.49,0.0,0.0,0.0,344.3,0.0,0.4,0.1,0.5,132.5,0.0,0.0,227.4,0.0,21.4,7.0,7.0,9.1,300.0,300.0,30.4,33.5,28.8,28.0,29.8,,,,,,,,,,,,,,,,,,,,,,,,
2026-07-30T19:12:14.129Z,3.023,3.036,0.0,1.4,0.0,0.0,0.0,0.0,0.0,0.0,0.0,0.0,1.0,0.0,0.0,0.0,9.0,4.0,0.0,0.0,0.0,0.0,0.0,0.0,0.0,0.0,4.0,12.0,1.0,12.14,5.03,2.5,1.49,0.0,0.0,0.0,344.20000000000005,0.0,-0.8,-1.1,1.7000000000000002,132.5,0.0,0.0,227.7,0.0,21.4,7.0,7.0,9.1,300.0,300.0,30.4,33.5,28.8,28.0,29.8,,,,,,,,,,,,,,,,,,,,,,,,
2026-07-30T19:12:14.141Z,3.035,3.048,0.0,1.4,0.0,0.0,0.0,0.0,0.0,0.0,0.0,0.0,1.0,0.0,0.0,0.0,9.0,4.0,0.0,0.0,0.0,0.0,0.0,0.0,0.0,0.0,5.0,12.0,1.0,12.14,5.03,2.5,1.49,0.0,0.0,0.0,344.3,0.0,0.3,1.1,1.1,132.5,0.0,0.0,227.6,0.0,21.4,7.0,7.0,9.1,300.0,300.0,30.4,33.5,28.8,28.0,29.8,,,,,,,,,,,,,,,,,,,,,,,,
2026-07-30T19:12:14.156Z,3.05,3.06,0.0,1.4,0.0,0.0,0.0,0.0,0.0,0.0,0.0,0.0,1.0,0.0,0.0,0.0,9.0,4.0,0.0,0.0,0.0,0.0,0.0,0.0,0.0,0.0,6.0,12.0,1.0,12.15,5.0200000000000005,2.51,1.49,0.0,0.0,0.0,344.3,0.0,0.3,1.7000000000000002,1.0,132.5,0.0,0.0,227.6,0.0,21.8,7.2,7.2,9.4,300.0,300.0,30.3,33.6,28.8,27.9,29.9,,,,,,,,,,,,,,,,,,,,,,,,
2026-07-30T19:12:14.165Z,3.059,3.072,0.0,1.4,0.0,0.0,0.0,0.0,0.0,0.0,0.0,0.0,1.0,0.0,0.0,0.0,9.0,4.0,0.0,0.0,0.0,0.0,0.0,0.0,0.0,0.0,6.0,12.0,1.0,12.15,5.0200000000000005,2.51,1.49,0.0,0.0,0.0,344.3,0.0,-0.2,-0.6000000000000001,1.0,132.5,0.0,0.0,227.5,0.0,21.8,7.2,7.2,9.4,300.0,300.0,30.3,33.6,28.8,27.9,29.9,,,,,,,,,,,,,,,,,,,,,,,,
2026-07-30T19:12:14.178Z,3.072,3.084,0.0,1.4,0.0,0.0,0.0,0.0,0.0,0.0,0.0,0.0,1.0,0.0,0.0,0.0,9.0,4.0,0.0,0.0,0.0,0.0,0.0,0.0,0.0,0.0,1.0,12.0,1.0,12.15,5.0200000000000005,2.51,1.49,0.0,0.0,0.0,344.3,0.0,-0.2,-1.7000000000000002,-0.7000000000000001,132.5,0.0,0.0,227.6,0.0,21.8,7.2,7.2,9.4,300.0,300.0,30.3,33.6,28.8,27.9,29.9,,,,,,,,,,,,,,,,,,,,,,,,
2026-07-30T19:12:14.189Z,3.083,3.096,0.0,1.4,0.0,0.0,0.0,0.0,0.0,0.0,0.0,0.0,1.0,0.0,0.0,0.0,9.0,4.0,0.0,0.0,0.0,0.0,0.0,0.0,0.0,0.0,2.0,12.0,1.0,12.15,5.0200000000000005,2.51,1.49,0.0,0.0,0.0,344.3,0.0,-0.2,0.0,-0.7000000000000001,132.5,0.0,0.0,227.7,0.0,21.8,7.2,7.2,9.4,300.0,300.0,30.3,33.6,28.8,27.9,29.9,,,,,,,,,,,,,,,,,,,,,,,,
2026-07-30T19:12:14.202Z,3.096,3.108,0.0,1.4,0.0,0.0,0.0,0.0,0.0,0.0,0.0,0.0,1.0,0.0,0.0,0.0,9.0,4.0,0.0,0.0,0.0,0.0,0.0,0.0,0.0,0.0,4.0,12.0,1.0,12.15,5.0200000000000005,2.51,1.49,0.0,0.0,0.0,344.3,0.0,-0.8,0.0,1.5,132.5,0.0,0.0,227.6,0.0,21.8,7.2,7.2,9.4,300.0,300.0,30.3,33.6,28.8,27.9,29.9,,,,,,,,,,,,,,,,,,,,,,,,
2026-07-30T19:12:14.215Z,3.109,3.12,0.0,1.4,0.0,0.0,0.0,0.0,0.0,0.0,0.0,0.0,1.0,0.0,0.0,0.0,9.0,4.0,0.0,0.0,0.0,0.0,0.0,0.0,0.0,0.0,5.0,12.0,1.0,12.15,5.0200000000000005,2.51,1.49,0.0,0.1,0.0,344.3,0.0,-0.2,0.0,-0.7000000000000001,132.5,0.0,0.0,227.5,0.0,21.8,7.2,7.2,9.4,300.0,300.0,30.3,33.6,28.8,27.9,29.9,,,,,,,,,,,,,,,,,,,,,,,,
2026-07-30T19:12:14.226Z,3.12,3.132,0.0,1.4,0.0,0.0,0.0,0.0,0.0,0.0,0.0,0.0,1.0,0.0,0.0,0.0,9.0,4.0,0.0,0.0,0.0,0.0,0.0,0.0,0.0,0.0,5.0,12.0,1.0,12.15,5.0200000000000005,2.51,1.49,0.0,0.0,0.0,344.3,0.0,-0.2,-0.5,0.4,132.5,0.0,0.0,226.5,0.0,21.8,7.2,7.2,9.4,300.0,300.0,30.3,33.6,28.8,27.9,29.9,,,,,,,,,,,,,,,,,,,,,,,,
2026-07-30T19:12:14.238Z,3.132,3.144,0.0,1.4,0.0,0.0,0.0,0.0,0.0,0.0,0.0,0.0,1.0,0.0,0.0,0.0,9.0,4.0,0.0,0.0,0.0,0.0,0.0,0.0,0.0,0.0,1.0,12.0,1.0,12.15,5.0200000000000005,2.51,1.49,0.0,0.0,0.0,344.20000000000005,0.0,0.3,0.0,-1.3,132.5,0.0,0.0,227.7,0.0,21.8,7.2,7.2,9.4,300.0,300.0,30.3,33.6,28.8,27.9,29.9,,,,,,,,,,,,,,,,,,,,,,,,
2026-07-30T19:12:14.249Z,3.143,3.156,0.0,1.4,0.0,0.0,0.0,0.0,0.0,0.0,0.0,0.0,1.0,0.0,0.0,0.0,9.0,4.0,0.0,0.0,0.0,0.0,0.0,0.0,0.0,0.0,2.0,12.0,1.0,12.15,5.0200000000000005,2.51,1.49,0.0,0.0,0.0,344.3,0.0,0.3,0.0,-0.6000000000000001,132.5,0.0,0.0,227.7,0.0,21.8,7.2,7.2,9.4,300.0,300.0,30.3,33.6,28.8,27.9,29.9,,,,,,,,,,,,,,,,,,,,,,,,
2026-07-30T19:12:14.261Z,3.155,3.168,0.0,1.4,0.0,0.0,0.0,0.0,0.0,0.0,0.0,0.0,1.0,0.0,0.0,0.0,9.0,4.0,0.0,0.0,0.0,0.0,0.0,0.0,0.0,0.0,3.0,12.0,1.0,12.11,5.0200000000000005,2.51,1.5,0.0,0.0,0.0,344.3,0.0,-0.2,0.6000000000000001,0.0,132.5,0.0,0.0,227.6,0.0,21.700000000000003,7.5,7.5,9.6,300.0,300.0,30.5,33.7,28.8,27.9,29.9,,,,,,,,,,,,,,,,,,,,,,,,
2026-07-30T19:12:14.273Z,3.167,3.18,0.0,1.4,0.0,0.0,0.0,0.0,0.0,0.0,0.0,0.0,1.0,0.0,0.0,0.0,9.0,4.0,0.0,0.0,0.0,0.0,0.0,0.0,0.0,0.0,4.0,12.0,1.0,12.11,5.0200000000000005,2.51,1.5,0.0,0.0,0.0,344.20000000000005,0.0,-0.7000000000000001,0.0,-0.5,132.5,0.0,0.0,227.7,0.0,21.700000000000003,7.5,7.5,9.6,300.0,300.0,30.5,33.7,28.8,27.9,29.9,,,,,,,,,,,,,,,,,,,,,,,,
2026-07-30T19:12:14.286Z,3.18,3.192,0.0,1.4,0.0,0.0,0.0,0.0,0.0,0.0,0.0,0.0,1.0,0.0,0.0,0.0,9.0,4.0,0.0,0.0,0.0,0.0,0.0,0.0,0.0,0.0,5.0,12.0,1.0,12.11,5.0200000000000005,2.51,1.5,0.0,0.0,0.0,344.3,0.0,-0.1,0.0,1.7000000000000002,132.5,0.0,0.0,227.6,0.0,21.700000000000003,7.5,7.5,9.6,300.0,300.0,30.5,33.7,28.8,27.9,29.9,,,,,,,,,,,,,,,,,,,,,,,,
2026-07-30T19:12:14.298Z,3.192,3.204,0.0,1.4,0.0,0.0,0.0,0.0,0.0,0.0,0.0,0.0,1.0,0.0,0.0,0.0,9.0,4.0,0.0,0.0,0.0,0.0,0.0,0.0,0.0,0.0,6.0,12.0,1.0,12.11,5.0200000000000005,2.51,1.5,0.0,0.0,0.0,344.3,0.0,0.4,0.6000000000000001,-0.6000000000000001,132.5,0.0,0.0,227.6,0.0,21.700000000000003,7.5,7.5,9.6,300.0,300.0,30.5,33.7,28.8,27.9,29.9,,,,,,,,,,,,,,,,,,,,,,,,
2026-07-30T19:12:14.310Z,3.204,3.216,0.0,1.4,0.0,0.0,0.0,0.0,0.0,0.0,0.0,0.0,1.0,0.0,0.0,0.0,9.0,4.0,0.0,0.0,0.0,0.0,0.0,0.0,0.0,0.0,1.0,12.0,1.0,12.11,5.0200000000000005,2.51,1.5,0.0,0.0,0.0,344.3,0.0,-0.1,-0.5,1.1,132.5,0.0,0.0,227.7,0.0,21.700000000000003,7.5,7.5,9.6,300.0,300.0,30.5,33.7,28.8,27.9,29.9,,,,,,,,,,,,,,,,,,,,,,,,
2026-07-30T19:12:14.322Z,3.216,3.228,0.0,1.4,0.0,0.0,0.0,0.0,0.0,0.0,0.0,0.0,1.0,0.0,0.0,0.0,9.0,4.0,0.0,0.0,0.0,0.0,0.0,0.0,0.0,0.0,2.0,12.0,1.0,12.11,5.0200000000000005,2.51,1.5,0.0,0.0,0.0,344.3,0.0,0.4,0.6000000000000001,0.0,132.5,0.0,0.0,227.6,0.0,21.700000000000003,7.5,7.5,9.6,300.0,300.0,30.5,33.7,28.8,27.9,29.9,,,,,,,,,,,,,,,,,,,,,,,,
2026-07-30T19:12:14.333Z,3.227,3.24,0.0,1.4,0.0,0.0,0.0,0.0,0.0,0.0,0.0,0.0,1.0,0.0,0.0,0.0,9.0,4.0,0.0,0.0,0.0,0.0,0.0,0.0,0.0,0.0,3.0,12.0,1.0,12.11,5.0200000000000005,2.51,1.5,0.0,0.0,0.0,344.3,0.0,0.4,0.6000000000000001,0.0,132.5,0.0,0.0,227.2,0.0,21.700000000000003,7.5,7.5,9.6,300.0,300.0,30.5,33.7,28.8,27.9,29.9,,,,,,,,,,,,,,,,,,,,,,,,
2026-07-30T19:12:14.346Z,3.24,3.252,0.0,1.4,0.0,0.0,0.0,0.0,0.0,0.0,0.0,0.0,1.0,0.0,0.0,0.0,9.0,4.0,0.0,0.0,0.0,0.0,0.0,0.0,0.0,0.0,4.0,12.0,1.0,12.11,5.0200000000000005,2.51,1.5,0.0,0.0,0.0,344.20000000000005,0.0,0.4,1.8,0.5,132.5,0.0,0.0,227.7,0.0,21.700000000000003,7.5,7.5,9.6,300.0,300.0,30.5,33.7,28.8,27.9,29.9,,,,,,,,,,,,,,,,,,,,,,,,
2026-07-30T19:12:14.359Z,3.253,3.264,0.0,1.4,0.0,0.0,0.0,0.0,0.0,0.0,0.0,0.0,1.0,0.0,0.0,0.0,9.0,4.0,0.0,0.0,0.0,0.0,0.0,0.0,0.0,0.0,6.0,12.0,1.0,12.15,5.01,2.5,1.49,0.0,0.0,0.0,344.20000000000005,0.0,-0.1,-1.1,-0.6000000000000001,132.5,0.0,0.0,227.5,0.0,21.4,7.800000000000001,7.800000000000001,9.9,300.0,300.0,30.5,33.7,28.8,28.0,29.9,,,,,,,,,,,,,,,,,,,,,,,,
2026-07-30T19:12:14.369Z,3.263,3.276,0.0,1.4,0.0,0.0,0.0,0.0,0.0,0.0,0.0,0.0,1.0,0.0,0.0,0.0,9.0,4.0,0.0,0.0,0.0,0.0,0.0,0.0,0.0,0.0,1.0,12.0,1.0,12.15,5.01,2.5,1.49,0.0,0.1,0.0,344.20000000000005,0.0,0.4,-0.4,-0.6000000000000001,132.5,0.0,0.0,227.5,0.0,21.4,7.800000000000001,7.800000000000001,9.9,300.0,300.0,30.5,33.7,28.8,28.0,29.9,,,,,,,,,,,,,,,,,,,,,,,,
2026-07-30T19:12:14.382Z,3.276,3.2880000000000003,0.0,1.4,0.0,0.0,0.0,0.0,0.0,0.0,0.0,0.0,1.0,0.0,0.0,0.0,9.0,4.0,0.0,0.0,0.0,0.0,0.0,0.0,0.0,0.0,2.0,12.0,1.0,12.15,5.01,2.5,1.49,0.0,0.0,0.0,344.3,0.0,-0.6000000000000001,0.7000000000000001,1.1,132.5,0.0,0.0,227.5,0.0,21.4,7.800000000000001,7.800000000000001,9.9,300.0,300.0,30.5,33.7,28.8,28.0,29.9,,,,,,,,,,,,,,,,,,,,,,,,
2026-07-30T19:12:14.393Z,3.287,3.3000000000000003,0.0,1.4,0.0,0.0,0.0,0.0,0.0,0.0,0.0,0.0,1.0,0.0,0.0,0.0,9.0,4.0,0.0,0.0,0.0,0.0,0.0,0.0,0.0,0.0,3.0,12.0,1.0,12.15,5.01,2.5,1.49,0.0,0.0,0.0,344.3,0.0,1.0,0.1,-0.6000000000000001,132.5,0.0,0.0,227.5,0.0,21.4,7.800000000000001,7.800000000000001,9.9,300.0,300.0,30.5,33.7,28.8,28.0,29.9,,,,,,,,,,,,,,,,,,,,,,,,
2026-07-30T19:12:14.405Z,3.299,3.3120000000000003,0.0,1.4,0.0,0.0,0.0,0.0,0.0,0.0,0.0,0.0,1.0,0.0,0.0,0.0,9.0,4.0,0.0,0.0,0.0,0.0,0.0,0.0,0.0,0.0,4.0,12.0,1.0,12.15,5.01,2.5,1.49,0.0,0.0,0.0,344.20000000000005,0.0,0.0,-0.4,-0.7000000000000001,132.5,0.0,0.0,227.5,0.0,21.4,7.800000000000001,7.800000000000001,9.9,300.0,300.0,30.5,33.7,28.8,28.0,29.9,,,,,,,,,,,,,,,,,,,,,,,,
2026-07-30T19:12:14.417Z,3.311,3.3240000000000003,0.0,1.4,0.0,0.0,0.0,0.0,0.0,0.0,0.0,0.0,1.0,0.0,0.0,0.0,9.0,4.0,0.0,0.0,0.0,0.0,0.0,0.0,0.0,0.0,5.0,12.0,1.0,12.15,5.01,2.5,1.49,0.0,0.0,0.0,344.3,0.0,0.0,-0.4,0.4,132.5,0.0,0.0,227.6,0.0,21.4,7.800000000000001,7.800000000000001,9.9,300.0,300.0,30.5,33.7,28.8,28.0,29.9,,,,,,,,,,,,,,,,,,,,,,,,
2026-07-30T19:12:14.429Z,3.323,3.336,0.0,1.4,0.0,0.0,0.0,0.0,0.0,0.0,0.0,0.0,1.0,0.0,0.0,0.0,9.0,4.0,0.0,0.0,0.0,0.0,0.0,0.0,0.0,0.0,6.0,12.0,1.0,12.15,5.01,2.5,1.49,0.0,0.0,0.0,344.3,0.0,0.5,0.7000000000000001,0.4,132.5,0.0,0.0,227.5,0.0,21.4,7.800000000000001,7.800000000000001,9.9,300.0,300.0,30.5,33.7,28.8,28.0,29.9,,,,,,,,,,,,,,,,,,,,,,,,
2026-07-30T19:12:14.442Z,3.336,3.348,0.0,1.4,0.0,0.0,0.0,0.0,0.0,0.0,0.0,0.0,1.0,0.0,0.0,0.0,9.0,4.0,0.0,0.0,0.0,0.0,0.0,0.0,0.0,0.0,1.0,12.0,1.0,12.15,5.01,2.5,1.49,0.0,0.0,0.0,344.3,0.0,0.5,0.1,-0.1,132.5,0.0,0.0,227.6,0.0,21.4,7.800000000000001,7.800000000000001,9.9,300.0,300.0,30.5,33.7,28.8,28.0,29.9,,,,,,,,,,,,,,,,,,,,,,,,
2026-07-30T19:12:14.454Z,3.348,3.36,0.0,1.4,0.0,0.0,0.0,0.0,0.0,0.0,0.0,0.0,1.0,0.0,0.0,0.0,9.0,4.0,0.0,0.0,0.0,0.0,0.0,0.0,0.0,0.0,2.0,12.0,1.0,12.15,5.01,2.5,1.49,0.0,0.0,0.0,344.3,0.0,0.0,0.1,1.0,132.5,0.0,0.0,227.5,0.0,21.4,7.800000000000001,7.800000000000001,9.9,300.0,300.0,30.5,33.7,28.8,28.0,29.9,,,,,,,,,,,,,,,,,,,,,,,,
2026-07-30T19:12:14.466Z,3.36,3.372,0.0,1.4,0.0,0.0,0.0,0.0,0.0,0.0,0.0,0.0,1.0,0.0,0.0,0.0,9.0,4.0,0.0,0.0,0.0,0.0,0.0,0.0,0.0,0.0,3.0,12.0,1.0,12.14,5.0200000000000005,2.51,1.49,0.0,0.0,0.0,344.3,0.0,1.1,0.1,0.4,132.5,0.0,0.0,227.7,0.0,21.200000000000003,8.1,8.1,10.2,300.0,300.0,30.6,33.7,28.8,28.0,29.9,,,,,,,,,,,,,,,,,,,,,,,,
2026-07-30T19:12:14.478Z,3.372,3.384,0.0,1.4,0.0,0.0,0.0,0.0,0.0,0.0,0.0,0.0,1.0,0.0,0.0,0.0,9.0,4.0,0.0,0.0,0.0,0.0,0.0,0.0,0.0,0.0,5.0,12.0,1.0,12.14,5.0200000000000005,2.51,1.49,0.0,0.0,0.0,344.20000000000005,0.0,0.0,1.3,0.0,132.5,0.0,0.0,227.7,0.0,21.200000000000003,8.1,8.1,10.2,300.0,300.0,30.6,33.7,28.8,28.0,29.9,,,,,,,,,,,,,,,,,,,,,,,,
2026-07-30T19:12:14.489Z,3.383,3.396,0.0,1.4,0.0,0.0,0.0,0.0,0.0,0.0,0.0,0.0,1.0,0.0,0.0,0.0,9.0,4.0,0.0,0.0,0.0,0.0,0.0,0.0,0.0,0.0,6.0,12.0,1.0,12.14,5.0200000000000005,2.51,1.49,0.0,0.0,0.0,344.3,0.0,1.7000000000000002,0.7000000000000001,0.5,132.5,0.0,0.0,227.6,0.0,21.200000000000003,8.1,8.1,10.2,300.0,300.0,30.6,33.7,28.8,28.0,29.9,,,,,,,,,,,,,,,,,,,,,,,,
2026-07-30T19:12:14.501Z,3.395,3.408,0.0,1.4,0.0,0.0,0.0,0.0,0.0,0.0,0.0,0.0,1.0,0.0,0.0,0.0,9.0,4.0,0.0,0.0,0.0,0.0,0.0,0.0,0.0,0.0,1.0,12.0,1.0,12.14,5.0200000000000005,2.51,1.49,0.0,0.0,0.0,344.3,0.0,-0.6000000000000001,-0.4,0.0,132.5,0.0,0.0,227.7,0.0,21.200000000000003,8.1,8.1,10.2,300.0,300.0,30.6,33.7,28.8,28.0,29.9,,,,,,,,,,,,,,,,,,,,,,,,
2026-07-30T19:12:14.513Z,3.407,3.42,0.0,1.4,0.0,0.0,0.0,0.0,0.0,0.0,0.0,0.0,1.0,0.0,0.0,0.0,9.0,4.0,0.0,0.0,0.0,0.0,0.0,0.0,0.0,0.0,2.0,12.0,1.0,12.14,5.0200000000000005,2.51,1.49,0.0,0.0,0.0,344.3,0.0,0.0,-0.4,-0.1,132.5,0.0,0.0,227.5,0.0,21.200000000000003,8.1,8.1,10.2,300.0,300.0,30.6,33.7,28.8,28.0,29.9,,,,,,,,,,,,,,,,,,,,,,,,
2026-07-30T19:12:14.526Z,3.42,3.432,0.0,1.4,0.0,0.0,0.0,0.0,0.0,0.0,0.0,0.0,1.0,0.0,0.0,0.0,9.0,4.0,0.0,0.0,0.0,0.0,0.0,0.0,0.0,0.0,3.0,12.0,1.0,12.14,5.0200000000000005,2.51,1.49,0.0,0.0,0.0,344.3,0.0,-0.6000000000000001,-0.4,-0.1,132.5,0.0,0.0,227.6,0.0,21.200000000000003,8.1,8.1,10.2,300.0,300.0,30.6,33.7,28.8,28.0,29.9,,,,,,,,,,,,,,,,,,,,,,,,
2026-07-30T19:12:14.538Z,3.432,3.444,0.0,1.4,0.0,0.0,0.0,0.0,0.0,0.0,0.0,0.0,1.0,0.0,0.0,0.0,9.0,4.0,0.0,0.0,0.0,0.0,0.0,0.0,0.0,0.0,3.0,12.0,1.0,12.14,5.0200000000000005,2.51,1.49,0.0,0.0,0.0,344.20000000000005,0.0,1.0,0.6000000000000001,-0.7000000000000001,132.5,0.0,0.0,226.1,0.0,21.200000000000003,8.1,8.1,10.2,300.0,300.0,30.6,33.7,28.8,28.0,29.9,,,,,,,,,,,,,,,,,,,,,,,,
2026-07-30T19:12:14.550Z,3.444,3.456,0.0,1.4,0.0,0.0,0.0,0.0,0.0,0.0,0.0,0.0,1.0,0.0,0.0,0.0,9.0,4.0,0.0,0.0,0.0,0.0,0.0,0.0,0.0,0.0,5.0,12.0,1.0,12.14,5.0200000000000005,2.51,1.49,0.0,0.0,0.0,344.3,0.0,-0.1,-1.7000000000000002,-0.7000000000000001,132.5,0.0,0.0,227.6,0.0,21.200000000000003,8.1,8.1,10.2,300.0,300.0,30.6,33.7,28.8,28.0,29.9,,,,,,,,,,,,,,,,,,,,,,,,
2026-07-30T19:12:14.563Z,3.457,3.468,0.0,1.4,0.0,0.0,0.0,0.0,0.0,0.0,0.0,0.0,1.0,0.0,0.0,0.0,9.0,4.0,0.0,0.0,0.0,0.0,0.0,0.0,0.0,0.0,6.0,12.0,1.0,12.1,5.0200000000000005,2.51,1.49,0.0,0.0,0.0,344.20000000000005,0.0,0.4,1.1,0.9,132.5,0.0,0.0,227.5,0.0,21.9,8.3,8.3,10.4,300.0,300.0,30.700000000000003,33.7,28.8,28.0,29.9,,,,,,,,,,,,,,,,,,,,,,,,
2026-07-30T19:12:14.573Z,3.467,3.48,0.0,1.4,0.0,0.0,0.0,0.0,0.0,0.0,0.0,0.0,1.0,0.0,0.0,0.0,9.0,4.0,0.0,0.0,0.0,0.0,0.0,0.0,0.0,0.0,1.0,12.0,1.0,12.1,5.0200000000000005,2.51,1.49,0.0,0.0,0.0,344.20000000000005,0.0,0.4,1.8,-0.1,132.5,0.0,0.0,227.6,0.0,21.9,8.3,8.3,10.4,300.0,300.0,30.700000000000003,33.7,28.8,28.0,29.9,,,,,,,,,,,,,,,,,,,,,,,,
2026-07-30T19:12:14.586Z,3.48,3.492,0.0,1.4,0.0,0.0,0.0,0.0,0.0,0.0,0.0,0.0,1.0,0.0,0.0,0.0,9.0,4.0,0.0,0.0,0.0,0.0,0.0,0.0,0.0,0.0,2.0,12.0,1.0,12.1,5.0200000000000005,2.51,1.49,0.0,0.0,0.0,344.3,0.0,0.4,0.0,-0.1,132.5,0.0,0.0,227.6,0.0,21.9,8.3,8.3,10.4,300.0,300.0,30.700000000000003,33.7,28.8,28.0,29.9,,,,,,,,,,,,,,,,,,,,,,,,
2026-07-30T19:12:14.597Z,3.491,3.504,0.0,1.4,0.0,0.0,0.0,0.0,0.0,0.0,0.0,0.0,1.0,0.0,0.0,0.0,9.0,4.0,0.0,0.0,0.0,0.0,0.0,0.0,0.0,0.0,3.0,12.0,1.0,12.1,5.0200000000000005,2.51,1.49,0.0,0.0,0.0,344.3,0.0,0.4,0.0,-1.3,132.5,0.0,0.0,227.7,0.0,21.9,8.3,8.3,10.4,300.0,300.0,30.700000000000003,33.7,28.8,28.0,29.9,,,,,,,,,,,,,,,,,,,,,,,,
2026-07-30T19:12:14.609Z,3.503,3.516,0.0,1.4,0.0,0.0,0.0,0.0,0.0,0.0,0.0,0.0,1.0,0.0,0.0,0.0,9.0,4.0,0.0,0.0,0.0,0.0,0.0,0.0,0.0,0.0,5.0,12.0,1.0,12.1,5.0200000000000005,2.51,1.49,0.0,0.0,0.0,344.3,0.0,0.4,0.0,0.3,132.5,0.0,0.0,227.6,0.0,21.9,8.3,8.3,10.4,300.0,300.0,30.700000000000003,33.7,28.8,28.0,29.9,,,,,,,,,,,,,,,,,,,,,,,,
2026-07-30T19:12:14.621Z,3.515,3.528,0.0,1.4,0.0,0.0,0.0,0.0,0.0,0.0,0.0,0.0,1.0,0.0,0.0,0.0,9.0,4.0,0.0,0.0,0.0,0.0,0.0,0.0,0.0,0.0,6.0,12.0,1.0,12.1,5.0200000000000005,2.51,1.49,0.0,0.0,0.0,344.3,0.0,-0.7000000000000001,0.6000000000000001,-1.3,132.5,0.0,0.0,227.6,0.0,21.9,8.3,8.3,10.4,300.0,300.0,30.700000000000003,33.7,28.8,28.0,29.9,,,,,,,,,,,,,,,,,,,,,,,,
2026-07-30T19:12:14.634Z,3.528,3.54,0.0,1.4,0.0,0.0,0.0,0.0,0.0,0.0,0.0,0.0,1.0,0.0,0.0,0.0,9.0,4.0,0.0,0.0,0.0,0.0,0.0,0.0,0.0,0.0,1.0,12.0,1.0,12.1,5.0200000000000005,2.51,1.49,0.0,0.0,0.0,344.3,0.0,-0.1,1.2000000000000002,-0.7000000000000001,132.5,0.0,0.0,227.5,0.0,21.9,8.3,8.3,10.4,300.0,300.0,30.700000000000003,33.7,28.8,28.0,29.9,,,,,,,,,,,,,,,,,,,,,,,,
2026-07-30T19:12:14.645Z,3.539,3.552,0.0,1.4,0.0,0.0,0.0,0.0,0.0,0.0,0.0,0.0,1.0,0.0,0.0,0.0,9.0,4.0,0.0,0.0,0.0,0.0,0.0,0.0,0.0,0.0,2.0,12.0,1.0,12.1,5.0200000000000005,2.51,1.49,0.0,0.0,0.0,344.3,0.0,-0.7000000000000001,-0.5,-0.1,132.5,0.0,0.0,227.5,0.0,21.9,8.3,8.3,10.4,300.0,300.0,30.700000000000003,33.7,28.8,28.0,29.9,,,,,,,,,,,,,,,,,,,,,,,,
2026-07-30T19:12:14.657Z,3.551,3.564,0.0,1.4,0.0,0.0,0.0,0.0,0.0,0.0,0.0,0.0,1.0,0.0,0.0,0.0,9.0,4.0,0.0,0.0,0.0,0.0,0.0,0.0,0.0,0.0,3.0,12.0,1.0,12.1,5.0200000000000005,2.51,1.49,0.0,0.0,0.0,344.3,0.0,-0.1,0.0,0.3,132.5,0.0,0.0,227.5,0.0,21.9,8.3,8.3,10.4,300.0,300.0,30.700000000000003,33.7,28.8,28.0,29.9,,,,,,,,,,,,,,,,,,,,,,,,
2026-07-30T19:12:14.669Z,3.563,3.576,0.0,1.4,0.0,0.0,0.0,0.0,0.0,0.0,0.0,0.0,1.0,0.0,0.0,0.0,9.0,4.0,0.0,0.0,0.0,0.0,0.0,0.0,0.0,0.0,5.0,12.0,1.0,12.14,5.01,2.5,1.5,0.0,0.0,0.0,344.3,0.0,-0.1,-0.5,-1.9,132.5,0.0,0.0,227.5,0.0,21.4,8.6,8.6,10.7,300.0,300.0,30.6,33.800000000000004,28.8,28.0,29.9,,,,,,,,,,,,,,,,,,,,,,,,
2026-07-30T19:12:14.681Z,3.575,3.588,0.0,1.4,0.0,0.0,0.0,0.0,0.0,0.0,0.0,0.0,1.0,0.0,0.0,0.0,9.0,4.0,0.0,0.0,0.0,0.0,0.0,0.0,0.0,0.0,6.0,12.0,1.0,12.14,5.01,2.5,1.5,0.0,0.0,0.0,344.20000000000005,0.0,1.6,0.6000000000000001,0.4,132.5,0.0,0.0,227.5,0.0,21.4,8.6,8.6,10.7,300.0,300.0,30.6,33.800000000000004,28.8,28.0,29.9,,,,,,,,,,,,,,,,,,,,,,,,
2026-07-30T19:12:14.694Z,3.588,3.6,0.0,1.4,0.0,0.0,0.0,0.0,0.0,0.0,0.0,0.0,1.0,0.0,0.0,0.0,9.0,4.0,0.0,0.0,0.0,0.0,0.0,0.0,0.0,0.0,1.0,12.0,1.0,12.14,5.01,2.5,1.5,0.0,0.1,0.0,344.20000000000005,0.0,-0.7000000000000001,-0.4,-1.3,132.5,0.0,0.0,227.5,0.0,21.4,8.6,8.6,10.7,300.0,300.0,30.6,33.800000000000004,28.8,28.0,29.9,,,,,,,,,,,,,,,,,,,,,,,,
2026-07-30T19:12:14.705Z,3.599,3.612,0.0,1.4,0.0,0.0,0.0,0.0,0.0,0.0,0.0,0.0,1.0,0.0,0.0,0.0,9.0,4.0,0.0,0.0,0.0,0.0,0.0,0.0,0.0,0.0,3.0,12.0,1.0,12.14,5.01,2.5,1.5,0.0,0.0,0.0,344.3,0.0,-0.1,-0.4,1.0,132.5,0.0,0.0,227.6,0.0,21.4,8.6,8.6,10.7,300.0,300.0,30.6,33.800000000000004,28.8,28.0,29.9,,,,,,,,,,,,,,,,,,,,,,,,
2026-07-30T19:12:14.717Z,3.611,3.624,0.0,1.4,0.0,0.0,0.0,0.0,0.0,0.0,0.0,0.0,1.0,0.0,0.0,0.0,9.0,4.0,0.0,0.0,0.0,0.0,0.0,0.0,0.0,0.0,4.0,12.0,1.0,12.14,5.01,2.5,1.5,0.0,0.0,0.0,344.20000000000005,0.0,0.0,0.7000000000000001,1.5,132.5,0.0,0.0,227.5,0.0,21.4,8.6,8.6,10.7,300.0,300.0,30.6,33.800000000000004,28.8,28.0,29.9,,,,,,,,,,,,,,,,,,,,,,,,
2026-07-30T19:12:14.729Z,3.623,3.636,0.0,1.4,0.0,0.0,0.0,0.0,0.0,0.0,0.0,0.0,1.0,0.0,0.0,0.0,9.0,4.0,0.0,0.0,0.0,0.0,0.0,0.0,0.0,0.0,5.0,12.0,1.0,12.14,5.01,2.5,1.5,0.0,0.0,0.0,344.3,0.0,0.0,0.1,-1.3,132.5,0.0,0.0,227.7,0.0,21.4,8.6,8.6,10.7,300.0,300.0,30.6,33.800000000000004,28.8,28.0,29.9,,,,,,,,,,,,,,,,,,,,,,,,
2026-07-30T19:12:14.741Z,3.635,3.648,0.0,1.4,0.0,0.0,0.0,0.0,0.0,0.0,0.0,0.0,1.0,0.0,0.0,0.0,9.0,4.0,0.0,0.0,0.0,0.0,0.0,0.0,0.0,0.0,6.0,12.0,1.0,12.14,5.01,2.5,1.5,0.0,0.0,0.0,344.3,0.0,1.1,0.7000000000000001,-0.7000000000000001,132.5,0.0,0.0,227.5,0.0,21.4,8.6,8.6,10.7,300.0,300.0,30.6,33.800000000000004,28.8,28.0,29.9,,,,,,,,,,,,,,,,,,,,,,,,
2026-07-30T19:12:14.753Z,3.647,3.66,0.0,1.4,0.0,0.0,0.0,0.0,0.0,0.0,0.0,0.0,1.0,0.0,0.0,0.0,9.0,4.0,0.0,0.0,0.0,0.0,0.0,0.0,0.0,0.0,2.0,12.0,1.0,12.14,5.01,2.5,1.5,0.0,0.0,0.0,344.3,0.0,0.5,-0.3,-0.1,132.5,0.0,0.0,227.6,0.0,21.4,8.6,8.6,10.7,300.0,300.0,30.6,33.800000000000004,28.8,28.0,29.9,,,,,,,,,,,,,,,,,,,,,,,,
2026-07-30T19:12:14.766Z,3.66,3.672,0.0,1.4,0.0,0.0,0.0,0.0,0.0,0.0,0.0,0.0,1.0,0.0,0.0,0.0,9.0,4.0,0.0,0.0,0.0,0.0,0.0,0.0,0.0,0.0,3.0,12.0,1.0,12.14,5.01,2.51,1.49,0.0,0.0,0.0,344.3,0.0,0.0,1.3,-0.1,132.5,0.0,0.0,227.6,0.0,21.700000000000003,8.8,8.8,10.9,300.0,300.0,30.700000000000003,33.800000000000004,28.8,27.9,29.9,,,,,,,,,,,,,,,,,,,,,,,,
2026-07-30T19:12:14.777Z,3.671,3.684,0.0,1.4,0.0,0.0,0.0,0.0,0.0,0.0,0.0,0.0,1.0,0.0,0.0,0.0,9.0,4.0,0.0,0.0,0.0,0.0,0.0,0.0,0.0,0.0,4.0,12.0,1.0,12.14,5.01,2.51,1.49,0.0,0.0,0.0,344.20000000000005,0.0,0.4,0.1,0.4,132.5,0.0,0.0,227.3,0.0,21.700000000000003,8.8,8.8,10.9,300.0,300.0,30.700000000000003,33.800000000000004,28.8,27.9,29.9,,,,,,,,,,,,,,,,,,,,,,,,
2026-07-30T19:12:14.789Z,3.683,3.696,0.0,1.4,0.0,0.0,0.0,0.0,0.0,0.0,0.0,0.0,1.0,0.0,0.0,0.0,9.0,4.0,0.0,0.0,0.0,0.0,0.0,0.0,0.0,0.0,5.0,12.0,1.0,12.14,5.01,2.51,1.49,0.0,0.0,0.0,344.3,0.0,1.0,-0.4,-0.1,132.5,0.0,0.0,227.6,0.0,21.700000000000003,8.8,8.8,10.9,300.0,300.0,30.700000000000003,33.800000000000004,28.8,27.9,29.9,,,,,,,,,,,,,,,,,,,,,,,,
2026-07-30T19:12:14.801Z,3.695,3.708,0.0,1.4,0.0,0.0,0.0,0.0,0.0,0.0,0.0,0.0,1.0,0.0,0.0,0.0,9.0,4.0,0.0,0.0,0.0,0.0,0.0,0.0,0.0,0.0,6.0,12.0,1.0,12.14,5.01,2.51,1.49,0.0,0.0,0.0,344.3,0.0,-0.1,-1.6,0.4,132.5,0.0,0.0,227.7,0.0,21.700000000000003,8.8,8.8,10.9,300.0,300.0,30.700000000000003,33.800000000000004,28.8,27.9,29.9,,,,,,,,,,,,,,,,,,,,,,,,
2026-07-30T19:12:14.813Z,3.707,3.72,0.0,1.4,0.0,0.0,0.0,0.0,0.0,0.0,0.0,0.0,1.0,0.0,0.0,0.0,9.0,4.0,0.0,0.0,0.0,0.0,0.0,0.0,0.0,0.0,1.0,12.0,1.0,12.14,5.01,2.51,1.49,0.0,0.0,0.0,344.3,0.0,0.4,-0.4,-0.7000000000000001,132.5,0.0,0.0,227.6,0.0,21.700000000000003,8.8,8.8,10.9,300.0,300.0,30.700000000000003,33.800000000000004,28.8,27.9,29.9,,,,,,,,,,,,,,,,,,,,,,,,
2026-07-30T19:12:14.825Z,3.719,3.732,0.0,1.4,0.0,0.0,0.0,0.0,0.0,0.0,0.0,0.0,1.0,0.0,0.0,0.0,9.0,4.0,0.0,0.0,0.0,0.0,0.0,0.0,0.0,0.0,2.0,12.0,1.0,12.14,5.01,2.51,1.49,0.0,0.0,0.0,344.3,0.0,-0.2,0.1,0.4,132.5,0.0,0.0,227.6,0.0,21.700000000000003,8.8,8.8,10.9,300.0,300.0,30.700000000000003,33.800000000000004,28.8,27.9,29.9,,,,,,,,,,,,,,,,,,,,,,,,
2026-07-30T19:12:14.838Z,3.732,3.744,0.0,1.4,0.0,0.0,0.0,0.0,0.0,0.0,0.0,0.0,1.0,0.0,0.0,0.0,9.0,4.0,0.0,0.0,0.0,0.0,0.0,0.0,0.0,0.0,3.0,12.0,1.0,12.14,5.01,2.51,1.49,0.0,0.0,0.0,344.3,0.0,0.3,0.1,-0.1,132.5,0.0,0.0,227.6,0.0,21.700000000000003,8.8,8.8,10.9,300.0,300.0,30.700000000000003,33.800000000000004,28.8,27.9,29.9,,,,,,,,,,,,,,,,,,,,,,,,
2026-07-30T19:12:14.849Z,3.743,3.756,0.0,1.4,0.0,0.0,0.0,0.0,0.0,0.0,0.0,0.0,1.0,0.0,0.0,0.0,9.0,4.0,0.0,0.0,0.0,0.0,0.0,0.0,0.0,0.0,5.0,12.0,1.0,12.14,5.01,2.51,1.49,0.0,0.0,0.0,344.20000000000005,0.0,-0.2,-1.0,-1.8,132.5,0.0,0.0,226.8,0.0,21.700000000000003,8.8,8.8,10.9,300.0,300.0,30.700000000000003,33.800000000000004,28.8,27.9,29.9,,,,,,,,,,,,,,,,,,,,,,,,
2026-07-30T19:12:14.861Z,3.755,3.768,0.0,1.4,0.0,0.0,0.0,0.0,0.0,0.0,0.0,0.0,1.0,0.0,0.0,0.0,9.0,4.0,0.0,0.0,0.0,0.0,0.0,0.0,0.0,0.0,6.0,12.0,1.0,12.14,5.01,2.51,1.49,0.0,0.0,0.0,344.3,0.0,-0.2,-1.0,0.4,132.5,0.0,0.0,227.4,0.0,21.700000000000003,8.8,8.8,10.9,300.0,300.0,30.700000000000003,33.800000000000004,28.8,27.9,29.9,,,,,,,,,,,,,,,,,,,,,,,,
2026-07-30T19:12:14.873Z,3.767,3.78,0.0,1.4,0.0,0.0,0.0,0.0,0.0,0.0,0.0,0.0,1.0,0.0,0.0,0.0,9.0,4.0,0.0,0.0,0.0,0.0,0.0,0.0,0.0,0.0,1.0,12.0,1.0,12.17,5.0200000000000005,2.51,1.49,0.0,0.0,0.0,344.20000000000005,0.0,-0.2,0.7000000000000001,0.0,132.5,0.0,0.0,227.6,0.0,21.200000000000003,9.1,9.1,11.2,300.0,300.0,30.700000000000003,33.800000000000004,28.8,28.0,29.8,,,,,,,,,,,,,,,,,,,,,,,,
2026-07-30T19:12:14.885Z,3.779,3.792,0.0,1.4,0.0,0.0,0.0,0.0,0.0,0.0,0.0,0.0,1.0,0.0,0.0,0.0,9.0,4.0,0.0,0.0,0.0,0.0,0.0,0.0,0.0,0.0,2.0,12.0,1.0,12.17,5.0200000000000005,2.51,1.49,-0.1,0.0,0.0,344.3,0.0,-0.2,0.1,1.0,132.5,0.0,0.0,227.7,0.0,21.200000000000003,9.1,9.1,11.2,300.0,300.0,30.700000000000003,33.800000000000004,28.8,28.0,29.8,,,,,,,,,,,,,,,,,,,,,,,,
2026-07-30T19:12:14.897Z,3.791,3.804,0.0,1.4,0.0,0.0,0.0,0.0,0.0,0.0,0.0,0.0,1.0,0.0,0.0,0.0,9.0,4.0,0.0,0.0,0.0,0.0,0.0,0.0,0.0,0.0,3.0,12.0,1.0,12.17,5.0200000000000005,2.51,1.49,0.0,0.0,0.0,344.3,0.0,0.9,0.7000000000000001,1.0,132.5,0.0,0.0,227.5,0.0,21.200000000000003,9.1,9.1,11.2,300.0,300.0,30.700000000000003,33.800000000000004,28.8,28.0,29.8,,,,,,,,,,,,,,,,,,,,,,,,
2026-07-30T19:12:14.909Z,3.803,3.816,0.0,1.4,0.0,0.0,0.0,0.0,0.0,0.0,0.0,0.0,1.0,0.0,0.0,0.0,9.0,4.0,0.0,0.0,0.0,0.0,0.0,0.0,0.0,0.0,4.0,12.0,1.0,12.17,5.0200000000000005,2.51,1.49,0.0,0.0,0.0,344.3,0.0,-0.2,-0.4,-1.3,132.5,0.0,0.0,227.6,0.0,21.200000000000003,9.1,9.1,11.2,300.0,300.0,30.700000000000003,33.800000000000004,28.8,28.0,29.8,,,,,,,,,,,,,,,,,,,,,,,,
2026-07-30T19:12:14.921Z,3.815,3.828,0.0,1.4,0.0,0.0,0.0,0.0,0.0,0.0,0.0,0.0,1.0,0.0,0.0,0.0,9.0,4.0,0.0,0.0,0.0,0.0,0.0,0.0,0.0,0.0,5.0,12.0,1.0,12.17,5.0200000000000005,2.51,1.49,0.0,0.0,0.0,344.3,0.0,0.3,-0.4,-1.2000000000000002,132.5,0.0,0.0,227.5,0.0,21.200000000000003,9.1,9.1,11.2,300.0,300.0,30.700000000000003,33.800000000000004,28.8,28.0,29.8,,,,,,,,,,,,,,,,,,,,,,,,
2026-07-30T19:12:14.933Z,3.827,3.84,0.0,1.4,0.0,0.0,0.0,0.0,0.0,0.0,0.0,0.0,1.0,0.0,0.0,0.0,9.0,4.0,0.0,0.0,0.0,0.0,0.0,0.0,0.0,0.0,6.0,12.0,1.0,12.17,5.0200000000000005,2.51,1.49,0.0,0.0,0.0,344.3,0.0,-0.8,0.6000000000000001,2.1,132.5,0.0,0.0,227.5,0.0,21.200000000000003,9.1,9.1,11.2,300.0,300.0,30.700000000000003,33.800000000000004,28.8,28.0,29.8,,,,,,,,,,,,,,,,,,,,,,,,
2026-07-30T19:12:14.945Z,3.839,3.852,0.0,1.4,0.0,0.0,0.0,0.0,0.0,0.0,0.0,0.0,1.0,0.0,0.0,0.0,9.0,4.0,0.0,0.0,0.0,0.0,0.0,0.0,0.0,0.0,1.0,12.0,1.0,12.17,5.0200000000000005,2.51,1.49,0.0,0.0,0.0,344.3,0.0,-0.8,0.0,-0.7000000000000001,132.5,0.0,0.0,227.5,0.0,21.200000000000003,9.1,9.1,11.2,300.0,300.0,30.700000000000003,33.800000000000004,28.8,28.0,29.8,,,,,,,,,,,,,,,,,,,,,,,,
2026-07-30T19:12:14.958Z,3.852,3.864,0.0,1.4,0.0,0.0,0.0,0.0,0.0,0.0,0.0,0.0,1.0,0.0,0.0,0.0,9.0,4.0,0.0,0.0,0.0,0.0,0.0,0.0,0.0,0.0,2.0,12.0,1.0,12.17,5.0200000000000005,2.51,1.49,0.0,0.0,0.0,344.3,0.0,0.9,0.6000000000000001,1.0,132.5,0.0,0.0,226.6,0.0,21.200000000000003,9.1,9.1,11.2,300.0,300.0,30.700000000000003,33.800000000000004,28.8,28.0,29.8,,,,,,,,,,,,,,,,,,,,,,,,
2026-07-30T19:12:14.971Z,3.865,3.876,0.0,1.4,0.0,0.0,0.0,0.0,0.0,0.0,0.0,0.0,1.0,0.0,0.0,0.0,9.0,4.0,0.0,0.0,0.0,0.0,0.0,0.0,0.0,0.0,3.0,12.0,1.0,12.14,5.0200000000000005,2.5,1.49,0.0,0.0,0.0,344.3,0.0,0.3,0.6000000000000001,1.0,132.5,0.0,0.0,227.5,0.0,21.3,9.4,9.4,11.4,300.0,300.0,30.700000000000003,33.800000000000004,28.8,28.0,29.9,,,,,,,,,,,,,,,,,,,,,,,,
2026-07-30T19:12:14.982Z,3.876,3.888,0.0,1.4,0.0,0.0,0.0,0.0,0.0,0.0,0.0,0.0,1.0,0.0,0.0,0.0,9.0,4.0,0.0,0.0,0.0,0.0,0.0,0.0,0.0,0.0,4.0,12.0,1.0,12.14,5.0200000000000005,2.5,1.49,0.0,0.0,0.0,344.3,0.0,-0.1,-0.5,-0.1,132.5,0.0,0.0,227.5,0.0,21.3,9.4,9.4,11.4,300.0,300.0,30.700000000000003,33.800000000000004,28.8,28.0,29.9,,,,,,,,,,,,,,,,,,,,,,,,
2026-07-30T19:12:14.993Z,3.887,3.9,0.0,1.4,0.0,0.0,0.0,0.0,0.0,0.0,0.0,0.0,1.0,0.0,0.0,0.0,9.0,4.0,0.0,0.0,0.0,0.0,0.0,0.0,0.0,0.0,6.0,12.0,1.0,12.14,5.0200000000000005,2.5,1.49,0.0,0.0,0.0,344.3,0.0,-0.1,-0.5,-0.1,132.5,0.0,0.0,227.7,0.0,21.3,9.4,9.4,11.4,300.0,300.0,30.700000000000003,33.800000000000004,28.8,28.0,29.9,,,,,,,,,,,,,,,,,,,,,,,,
2026-07-30T19:12:15.005Z,3.899,3.912,0.0,1.4,0.0,0.0,0.0,0.0,0.0,0.0,0.0,0.0,1.0,0.0,0.0,0.0,9.0,4.0,0.0,0.0,0.0,0.0,0.0,0.0,0.0,0.0,1.0,12.0,1.0,12.14,5.0200000000000005,2.5,1.49,0.0,0.0,0.0,344.3,0.0,-0.1,0.6000000000000001,-0.1,132.5,0.0,0.0,227.5,0.0,21.3,9.4,9.4,11.4,300.0,300.0,30.700000000000003,33.800000000000004,28.8,28.0,29.9,,,,,,,,,,,,,,,,,,,,,,,,
2026-07-30T19:12:15.017Z,3.911,3.924,0.0,1.4,0.0,0.0,0.0,0.0,0.0,0.0,0.0,0.0,1.0,0.0,0.0,0.0,9.0,4.0,0.0,0.0,0.0,0.0,0.0,0.0,0.0,0.0,2.0,12.0,1.0,12.14,5.0200000000000005,2.5,1.49,0.0,0.0,0.0,344.3,0.0,-0.1,1.8,1.0,132.5,0.0,0.0,227.5,0.0,21.3,9.4,9.4,11.4,300.0,300.0,30.700000000000003,33.800000000000004,28.8,28.0,29.9,,,,,,,,,,,,,,,,,,,,,,,,
2026-07-30T19:12:15.030Z,3.924,3.936,0.0,1.4,0.0,0.0,0.0,0.0,0.0,0.0,0.0,0.0,1.0,0.0,0.0,0.0,9.0,4.0,0.0,0.0,0.0,0.0,0.0,0.0,0.0,0.0,3.0,12.0,1.0,12.14,5.0200000000000005,2.5,1.49,0.0,0.0,0.0,344.3,0.0,-0.1,-0.5,-0.1,132.5,0.0,0.0,227.3,0.0,21.3,9.4,9.4,11.4,300.0,300.0,30.700000000000003,33.800000000000004,28.8,28.0,29.9,,,,,,,,,,,,,,,,,,,,,,,,
2026-07-30T19:12:15.041Z,3.935,3.948,0.0,1.4,0.0,0.0,0.0,0.0,0.0,0.0,0.0,0.0,1.0,0.0,0.0,0.0,9.0,4.0,0.0,0.0,0.0,0.0,0.0,0.0,0.0,0.0,5.0,12.0,1.0,12.14,5.0200000000000005,2.5,1.49,0.0,0.0,0.0,344.3,0.0,-0.1,0.0,-0.7000000000000001,132.5,0.0,0.0,227.5,0.0,21.3,9.4,9.4,11.4,300.0,300.0,30.700000000000003,33.800000000000004,28.8,28.0,29.9,,,,,,,,,,,,,,,,,,,,,,,,
2026-07-30T19:12:15.053Z,3.947,3.96,0.0,1.4,0.0,0.0,0.0,0.0,0.0,0.0,0.0,0.0,1.0,0.0,0.0,0.0,9.0,4.0,0.0,0.0,0.0,0.0,0.0,0.0,0.0,0.0,5.0,12.0,1.0,12.14,5.0200000000000005,2.5,1.49,0.0,0.0,0.0,344.3,0.0,-0.1,1.2000000000000002,-0.1,132.5,0.0,0.0,227.4,0.0,21.3,9.4,9.4,11.4,300.0,300.0,30.700000000000003,33.800000000000004,28.8,28.0,29.9,,,,,,,,,,,,,,,,,,,,,,,,
2026-07-30T19:12:15.066Z,3.96,3.972,0.0,1.4,0.0,0.0,0.0,0.0,0.0,0.0,0.0,0.0,1.0,0.0,0.0,0.0,9.0,4.0,0.0,0.0,0.0,0.0,0.0,0.0,0.0,0.0,1.0,12.0,1.0,12.14,5.0200000000000005,2.5,1.49,0.0,0.0,0.0,344.3,0.0,-0.1,0.0,0.4,132.5,0.0,0.0,227.5,0.0,21.3,9.4,9.4,11.4,300.0,300.0,30.700000000000003,33.800000000000004,28.8,28.0,29.9,,,,,,,,,,,,,,,,,,,,,,,,
2026-07-30T19:12:15.077Z,3.971,3.984,0.0,1.4,0.0,0.0,0.0,0.0,0.0,0.0,0.0,0.0,1.0,0.0,0.0,0.0,9.0,4.0,0.0,0.0,0.0,0.0,0.0,0.0,0.0,0.0,2.0,12.0,1.0,12.15,5.0200000000000005,2.5,1.49,0.0,0.0,0.0,344.3,0.0,0.4,0.6000000000000001,-1.3,132.5,0.0,0.0,227.5,0.0,21.9,9.6,9.6,11.6,300.0,300.0,30.6,33.9,28.8,28.0,29.9,,,,,,,,,,,,,,,,,,,,,,,,
2026-07-30T19:12:15.089Z,3.983,3.996,0.0,1.4,0.0,0.0,0.0,0.0,0.0,0.0,0.0,0.0,1.0,0.0,0.0,0.0,9.0,4.0,0.0,0.0,0.0,0.0,0.0,0.0,0.0,0.0,3.0,12.0,1.0,12.15,5.0200000000000005,2.5,1.49,0.0,0.1,0.0,344.3,0.0,-0.1,-0.5,-0.7000000000000001,132.5,0.0,0.0,227.6,0.0,21.9,9.6,9.6,11.6,300.0,300.0,30.6,33.9,28.8,28.0,29.9,,,,,,,,,,,,,,,,,,,,,,,,
2026-07-30T19:12:15.101Z,3.995,4.008,0.0,1.4,0.0,0.0,0.0,0.0,0.0,0.0,0.0,0.0,1.0,0.0,0.0,0.0,9.0,4.0,0.0,0.0,0.0,0.0,0.0,0.0,0.0,0.0,4.0,12.0,1.0,12.15,5.0200000000000005,2.5,1.49,0.0,0.0,0.0,344.3,0.0,-0.2,0.0,0.4,132.5,0.0,0.0,227.4,0.0,21.9,9.6,9.6,11.6,300.0,300.0,30.6,33.9,28.8,28.0,29.9,,,,,,,,,,,,,,,,,,,,,,,,
2026-07-30T19:12:15.113Z,4.007,4.0200000000000005,0.0,1.4,0.0,0.0,0.0,0.0,0.0,0.0,0.0,0.0,1.0,0.0,0.0,0.0,9.0,4.0,0.0,0.0,0.0,0.0,0.0,0.0,0.0,0.0,5.0,12.0,1.0,12.15,5.0200000000000005,2.5,1.49,0.0,0.0,0.0,344.3,0.0,-0.2,-0.5,0.3,132.5,0.0,0.0,227.4,0.0,21.9,9.6,9.6,11.6,300.0,300.0,30.6,33.9,28.8,28.0,29.9,,,,,,,,,,,,,,,,,,,,,,,,
2026-07-30T19:12:15.125Z,4.019,4.032,0.0,1.4,0.0,0.0,0.0,0.0,0.0,0.0,0.0,0.0,1.0,0.0,0.0,0.0,9.0,4.0,0.0,0.0,0.0,0.0,0.0,0.0,0.0,0.0,6.0,12.0,1.0,12.15,5.0200000000000005,2.5,1.49,0.0,0.1,0.0,344.3,0.0,0.9,-0.5,2.1,132.5,0.0,0.0,227.5,0.0,21.9,9.6,9.6,11.6,300.0,300.0,30.6,33.9,28.8,28.0,29.9,,,,,,,,,,,,,,,,,,,,,,,,
2026-07-30T19:12:15.137Z,4.031,4.0440000000000005,0.0,1.4,0.0,0.0,0.0,0.0,0.0,0.0,0.0,0.0,1.0,0.0,0.0,0.0,9.0,4.0,0.0,0.0,0.0,0.0,0.0,0.0,0.0,0.0,1.0,12.0,1.0,12.15,5.0200000000000005,2.5,1.49,0.0,0.0,0.0,344.3,0.0,-0.8,-1.1,-0.2,132.5,0.0,0.0,227.6,0.0,21.9,9.6,9.6,11.6,300.0,300.0,30.6,33.9,28.8,28.0,29.9,,,,,,,,,,,,,,,,,,,,,,,,
2026-07-30T19:12:15.150Z,4.044,4.056,0.0,1.4,0.0,0.0,0.0,0.0,0.0,0.0,0.0,0.0,1.0,0.0,0.0,0.0,9.0,4.0,0.0,0.0,0.0,0.0,0.0,0.0,0.0,0.0,3.0,12.0,1.0,12.15,5.0200000000000005,2.5,1.49,0.0,0.1,0.0,344.3,0.0,-0.2,0.0,-0.8,132.5,0.0,0.0,227.5,0.0,21.9,9.6,9.6,11.6,300.0,300.0,30.6,33.9,28.8,28.0,29.9,,,,,,,,,,,,,,,,,,,,,,,,
2026-07-30T19:12:15.161Z,4.055,4.0680000000000005,0.0,1.4,0.0,0.0,0.0,0.0,0.0,0.0,0.0,0.0,1.0,0.0,0.0,0.0,9.0,4.0,0.0,0.0,0.0,0.0,0.0,0.0,0.0,0.0,3.0,12.0,1.0,12.15,5.0200000000000005,2.5,1.49,0.0,0.0,0.0,344.20000000000005,0.0,-0.2,0.0,0.3,132.5,0.0,0.0,227.2,0.0,21.9,9.6,9.6,11.6,300.0,300.0,30.6,33.9,28.8,28.0,29.9,,,,,,,,,,,,,,,,,,,,,,,,
2026-07-30T19:12:15.174Z,4.068,4.08,0.0,1.4,0.0,0.0,0.0,0.0,0.0,0.0,0.0,0.0,1.0,0.0,0.0,0.0,9.0,4.0,0.0,0.0,0.0,0.0,0.0,0.0,0.0,0.0,5.0,12.0,1.0,12.15,5.0200000000000005,2.51,1.49,0.0,0.0,0.0,344.3,0.0,-0.2,0.5,-0.2,132.5,0.0,0.0,227.5,0.0,21.8,9.8,9.8,11.9,300.0,300.0,30.5,33.9,28.8,28.0,29.8,,,,,,,,,,,,,,,,,,,,,,,,
2026-07-30T19:12:15.186Z,4.08,4.0920000000000005,0.0,1.4,0.0,0.0,0.0,0.0,0.0,0.0,0.0,0.0,1.0,0.0,0.0,0.0,9.0,4.0,0.0,0.0,0.0,0.0,0.0,0.0,0.0,0.0,6.0,12.0,1.0,12.15,5.0200000000000005,2.51,1.49,0.0,0.0,0.0,344.3,0.0,0.3,-1.7000000000000002,-1.4,132.5,0.0,0.0,227.5,0.0,21.8,9.8,9.8,11.9,300.0,300.0,30.5,33.9,28.8,28.0,29.8,,,,,,,,,,,,,,,,,,,,,,,,
2026-07-30T19:12:15.197Z,4.091,4.104,0.0,1.4,0.0,0.0,0.0,0.0,0.0,0.0,0.0,0.0,1.0,0.0,0.0,0.0,9.0,4.0,0.0,0.0,0.0,0.0,0.0,0.0,0.0,0.0,2.0,12.0,1.0,12.15,5.0200000000000005,2.51,1.49,0.0,0.0,0.0,344.3,0.0,0.3,0.5,-0.2,132.5,0.0,0.0,227.5,0.0,21.8,9.8,9.8,11.9,300.0,300.0,30.5,33.9,28.8,28.0,29.8,,,,,,,,,,,,,,,,,,,,,,,,
2026-07-30T19:12:15.209Z,4.103,4.116,0.0,1.4,0.0,0.0,0.0,0.0,0.0,0.0,0.0,0.0,1.0,0.0,0.0,0.0,9.0,4.0,0.0,0.0,0.0,0.0,0.0,0.0,0.0,0.0,3.0,12.0,1.0,12.15,5.0200000000000005,2.51,1.49,0.0,0.0,0.0,344.3,0.0,0.4,-0.6000000000000001,-0.2,132.5,0.0,0.0,227.5,0.0,21.8,9.8,9.8,11.9,300.0,300.0,30.5,33.9,28.8,28.0,29.8,,,,,,,,,,,,,,,,,,,,,,,,
2026-07-30T19:12:15.222Z,4.116,4.128,0.0,1.4,0.0,0.0,0.0,0.0,0.0,0.0,0.0,0.0,1.0,0.0,0.0,0.0,9.0,4.0,0.0,0.0,0.0,0.0,0.0,0.0,0.0,0.0,4.0,12.0,1.0,12.15,5.0200000000000005,2.51,1.49,0.0,0.0,0.0,344.20000000000005,0.0,-0.1,-0.5,0.3,132.5,0.0,0.0,227.6,0.0,21.8,9.8,9.8,11.9,300.0,300.0,30.5,33.9,28.8,28.0,29.8,,,,,,,,,,,,,,,,,,,,,,,,
2026-07-30T19:12:15.234Z,4.128,4.14,0.0,1.4,0.0,0.0,0.0,0.0,0.0,0.0,0.0,0.0,1.0,0.0,0.0,0.0,9.0,4.0,0.0,0.0,0.0,0.0,0.0,0.0,0.0,0.0,4.0,12.0,1.0,12.15,5.0200000000000005,2.51,1.49,0.0,0.0,0.0,344.3,0.0,-0.1,0.0,-0.7000000000000001,132.5,0.0,0.0,227.5,0.0,21.8,9.8,9.8,11.9,300.0,300.0,30.5,33.9,28.8,28.0,29.8,,,,,,,,,,,,,,,,,,,,,,,,
2026-07-30T19:12:15.246Z,4.14,4.152,0.0,1.4,0.0,0.0,0.0,0.0,0.0,0.0,0.0,0.0,1.0,0.0,0.0,0.0,9.0,4.0,0.0,0.0,0.0,0.0,0.0,0.0,0.0,0.0,6.0,12.0,1.0,12.15,5.0200000000000005,2.51,1.49,0.0,0.0,0.0,344.3,0.0,-0.1,0.0,1.0,132.5,0.0,0.0,227.4,0.0,21.8,9.8,9.8,11.9,300.0,300.0,30.5,33.9,28.8,28.0,29.8,,,,,,,,,,,,,,,,,,,,,,,,
2026-07-30T19:12:15.257Z,4.151,4.164,0.0,1.4,0.0,0.0,0.0,0.0,0.0,0.0,0.0,0.0,1.0,0.0,0.0,0.0,9.0,4.0,0.0,0.0,0.0,0.0,0.0,0.0,0.0,0.0,1.0,12.0,1.0,12.15,5.0200000000000005,2.51,1.49,0.0,0.0,0.0,344.3,0.0,-0.1,-0.5,-0.6000000000000001,132.5,0.0,0.0,227.5,0.0,21.8,9.8,9.8,11.9,300.0,300.0,30.5,33.9,28.8,28.0,29.8,,,,,,,,,,,,,,,,,,,,,,,,
2026-07-30T19:12:15.270Z,4.164,4.176,0.0,1.4,0.0,0.0,0.0,0.0,0.0,0.0,0.0,0.0,1.0,0.0,0.0,0.0,9.0,4.0,0.0,0.0,0.0,0.0,0.0,0.0,0.0,0.0,2.0,12.0,1.0,12.15,5.0200000000000005,2.51,1.49,0.0,0.0,0.0,344.20000000000005,0.0,0.0,-1.1,0.4,132.5,0.0,0.0,226.5,0.0,21.8,9.8,9.8,11.9,300.0,300.0,30.5,33.9,28.8,28.0,29.8,,,,,,,,,,,,,,,,,,,,,,,,
2026-07-30T19:12:15.281Z,4.175,4.188,0.0,1.4,0.0,0.0,0.0,0.0,0.0,0.0,0.0,0.0,1.0,0.0,0.0,0.0,9.0,4.0,0.0,0.0,0.0,0.0,0.0,0.0,0.0,0.0,3.0,12.0,1.0,12.14,5.01,2.51,1.49,0.0,0.0,0.0,344.3,0.0,0.0,-1.6,-1.2000000000000002,132.5,0.0,0.0,227.5,0.0,21.9,10.1,10.1,12.1,300.0,300.0,30.700000000000003,33.9,28.8,28.0,29.8,,,,,,,,,,,,,,,,,,,,,,,,
2026-07-30T19:12:15.293Z,4.187,4.2,0.0,1.4,0.0,0.0,0.0,0.0,0.0,0.0,0.0,0.0,1.0,0.0,0.0,0.0,9.0,4.0,0.0,0.0,0.0,0.0,0.0,0.0,0.0,0.0,4.0,12.0,1.0,12.14,5.01,2.51,1.49,0.0,0.0,0.0,344.3,0.0,-0.6000000000000001,-0.4,-1.8,132.5,0.0,0.0,227.5,0.0,21.9,10.1,10.1,12.1,300.0,300.0,30.700000000000003,33.9,28.8,28.0,29.8,,,,,,,,,,,,,,,,,,,,,,,,
2026-07-30T19:12:15.305Z,4.199,4.212,0.0,1.4,0.0,0.0,0.0,0.0,0.0,0.0,0.0,0.0,1.0,0.0,0.0,0.0,9.0,4.0,0.0,0.0,0.0,0.0,0.0,0.0,0.0,0.0,6.0,12.0,1.0,12.14,5.01,2.51,1.49,0.0,0.0,0.0,344.3,0.0,-1.1,0.6000000000000001,0.0,132.5,0.0,0.0,227.4,0.0,21.9,10.1,10.1,12.1,300.0,300.0,30.700000000000003,33.9,28.8,28.0,29.8,,,,,,,,,,,,,,,,,,,,,,,,
2026-07-30T19:12:15.317Z,4.211,4.224,0.0,1.4,0.0,0.0,0.0,0.0,0.0,0.0,0.0,0.0,1.0,0.0,0.0,0.0,9.0,4.0,0.0,0.0,0.0,0.0,0.0,0.0,0.0,0.0,1.0,12.0,1.0,12.14,5.01,2.51,1.49,0.0,0.0,0.0,344.3,0.0,0.0,-1.0,1.1,132.5,0.0,0.0,227.4,0.0,21.9,10.1,10.1,12.1,300.0,300.0,30.700000000000003,33.9,28.8,28.0,29.8,,,,,,,,,,,,,,,,,,,,,,,,
2026-07-30T19:12:15.329Z,4.223,4.236,0.0,1.4,0.0,0.0,0.0,0.0,0.0,0.0,0.0,0.0,1.0,0.0,0.0,0.0,9.0,4.0,0.0,0.0,0.0,0.0,0.0,0.0,0.0,0.0,2.0,12.0,1.0,12.14,5.01,2.51,1.49,0.0,0.0,0.0,344.3,0.0,-1.1,-0.4,-0.6000000000000001,132.5,0.0,0.0,227.5,0.0,21.9,10.1,10.1,12.1,300.0,300.0,30.700000000000003,33.9,28.8,28.0,29.8,,,,,,,,,,,,,,,,,,,,,,,,
2026-07-30T19:12:15.341Z,4.235,4.248,0.0,1.4,0.0,0.0,0.0,0.0,0.0,0.0,0.0,0.0,1.0,0.0,0.0,0.0,9.0,4.0,0.0,0.0,0.0,0.0,0.0,0.0,0.0,0.0,3.0,12.0,1.0,12.14,5.01,2.51,1.49,0.0,0.0,0.0,344.3,0.0,0.5,0.1,-0.6000000000000001,132.5,0.0,0.0,227.5,0.0,21.9,10.1,10.1,12.1,300.0,300.0,30.700000000000003,33.9,28.8,28.0,29.8,,,,,,,,,,,,,,,,,,,,,,,,
2026-07-30T19:12:15.354Z,4.248,4.26,0.0,1.4,0.0,0.0,0.0,0.0,0.0,0.0,0.0,0.0,1.0,0.0,0.0,0.0,9.0,4.0,0.0,0.0,0.0,0.0,0.0,0.0,0.0,0.0,4.0,12.0,1.0,12.14,5.01,2.51,1.49,0.0,0.0,0.0,344.3,0.0,0.0,-0.4,-0.6000000000000001,132.5,0.0,0.0,227.4,0.0,21.9,10.1,10.1,12.1,300.0,300.0,30.700000000000003,33.9,28.8,28.0,29.8,,,,,,,,,,,,,,,,,,,,,,,,
2026-07-30T19:12:15.365Z,4.259,4.272,0.0,1.4,0.0,0.0,0.0,0.0,0.0,0.0,0.0,0.0,1.0,0.0,0.0,0.0,9.0,4.0,0.0,0.0,0.0,0.0,0.0,0.0,0.0,0.0,4.0,12.0,1.0,12.14,5.01,2.51,1.49,0.0,0.0,0.0,344.3,0.0,0.5,0.0,0.5,132.5,0.0,0.0,227.4,0.0,21.9,10.1,10.1,12.1,300.0,300.0,30.700000000000003,33.9,28.8,28.0,29.8,,,,,,,,,,,,,,,,,,,,,,,,
2026-07-30T19:12:15.378Z,4.272,4.284,0.0,1.4,0.0,0.0,0.0,0.0,0.0,0.0,0.0,0.0,1.0,0.0,0.0,0.0,9.0,4.0,0.0,0.0,0.0,0.0,0.0,0.0,0.0,0.0,6.0,12.0,1.0,12.18,5.01,2.51,1.49,0.0,0.0,0.0,344.3,0.0,0.0,-1.0,-0.6000000000000001,132.6,0.0,0.0,227.0,0.0,21.9,10.3,10.3,12.3,300.0,300.0,30.8,33.9,28.8,28.0,29.9,,,,,,,,,,,,,,,,,,,,,,,,
2026-07-30T19:12:15.389Z,4.283,4.296,0.0,1.4,0.0,0.0,0.0,0.0,0.0,0.0,0.0,0.0,1.0,0.0,0.0,0.0,9.0,4.0,0.0,0.0,0.0,0.0,0.0,0.0,0.0,0.0,6.0,12.0,1.0,12.18,5.01,2.51,1.49,0.0,0.0,0.0,344.20000000000005,0.0,0.0,0.6000000000000001,-1.2000000000000002,132.6,0.0,0.0,227.5,0.0,21.9,10.3,10.3,12.3,300.0,300.0,30.8,33.9,28.8,28.0,29.9,,,,,,,,,,,,,,,,,,,,,,,,
2026-07-30T19:12:15.401Z,4.295,4.308,0.0,1.4,0.0,0.0,0.0,0.0,0.0,0.0,0.0,0.0,1.0,0.0,0.0,0.0,9.0,4.0,0.0,0.0,0.0,0.0,0.0,0.0,0.0,0.0,2.0,12.0,1.0,12.18,5.01,2.51,1.49,0.0,0.0,0.0,344.3,0.0,0.5,1.2000000000000002,-0.6000000000000001,132.6,0.0,0.0,227.4,0.0,21.9,10.3,10.3,12.3,300.0,300.0,30.8,33.9,28.8,28.0,29.9,,,,,,,,,,,,,,,,,,,,,,,,
2026-07-30T19:12:15.413Z,4.307,4.32,0.0,1.4,0.0,0.0,0.0,0.0,0.0,0.0,0.0,0.0,1.0,0.0,0.0,0.0,9.0,4.0,0.0,0.0,0.0,0.0,0.0,0.0,0.0,0.0,3.0,12.0,1.0,12.18,5.01,2.51,1.49,0.0,0.0,0.0,344.3,0.0,0.5,-0.5,-0.6000000000000001,132.6,0.0,0.0,227.5,0.0,21.9,10.3,10.3,12.3,300.0,300.0,30.8,33.9,28.8,28.0,29.9,,,,,,,,,,,,,,,,,,,,,,,,
2026-07-30T19:12:15.426Z,4.32,4.332,0.0,1.4,0.0,0.0,0.0,0.0,0.0,0.0,0.0,0.0,1.0,0.0,0.0,0.0,9.0,4.0,0.0,0.0,0.0,0.0,0.0,0.0,0.0,0.0,4.0,12.0,1.0,12.18,5.01,2.51,1.49,0.0,0.0,0.0,344.3,0.0,-0.6000000000000001,0.0,-1.2000000000000002,132.6,0.0,0.0,227.5,0.0,21.9,10.3,10.3,12.3,300.0,300.0,30.8,33.9,28.8,28.0,29.9,,,,,,,,,,,,,,,,,,,,,,,,
2026-07-30T19:12:15.437Z,4.331,4.344,0.0,1.4,0.0,0.0,0.0,0.0,0.0,0.0,0.0,0.0,1.0,0.0,0.0,0.0,9.0,4.0,0.0,0.0,0.0,0.0,0.0,0.0,0.0,0.0,5.0,12.0,1.0,12.18,5.01,2.51,1.49,0.0,0.1,0.0,344.3,0.0,0.0,1.2000000000000002,0.5,132.6,0.0,0.0,227.5,0.0,21.9,10.3,10.3,12.3,300.0,300.0,30.8,33.9,28.8,28.0,29.9,,,,,,,,,,,,,,,,,,,,,,,,
2026-07-30T19:12:15.449Z,4.343,4.356,0.0,1.4,0.0,0.0,0.0,0.0,0.0,0.0,0.0,0.0,1.0,0.0,0.0,0.0,9.0,4.0,0.0,0.0,0.0,0.0,0.0,0.0,0.0,0.0,1.0,12.0,1.0,12.18,5.01,2.51,1.49,0.0,0.1,0.0,344.3,0.0,0.5,0.0,0.0,132.6,0.0,0.0,227.5,0.0,21.9,10.3,10.3,12.3,300.0,300.0,30.8,33.9,28.8,28.0,29.9,,,,,,,,,,,,,,,,,,,,,,,,
2026-07-30T19:12:15.462Z,4.356,4.368,0.0,1.4,0.0,0.0,0.0,0.0,0.0,0.0,0.0,0.0,1.0,0.0,0.0,0.0,9.0,4.0,0.0,0.0,0.0,0.0,0.0,0.0,0.0,0.0,2.0,12.0,1.0,12.18,5.01,2.51,1.49,0.0,0.0,0.0,344.3,0.0,0.0,-0.4,-0.5,132.6,0.0,0.0,227.4,0.0,21.9,10.3,10.3,12.3,300.0,300.0,30.8,33.9,28.8,28.0,29.9,,,,,,,,,,,,,,,,,,,,,,,,
2026-07-30T19:12:15.474Z,4.368,4.38,-0.1,1.4,0.0,0.0,0.0,0.0,0.0,0.0,0.0,0.0,1.0,0.0,0.0,0.0,9.0,4.0,0.0,0.0,0.0,0.0,0.0,0.0,0.0,0.0,4.0,12.0,1.0,12.18,5.01,2.51,1.49,0.0,0.0,0.0,344.3,0.0,0.6000000000000001,-1.0,-0.6000000000000001,132.6,0.0,0.0,227.3,0.0,21.9,10.3,10.3,12.3,300.0,300.0,30.8,33.9,28.8,28.0,29.9,,,,,,,,,,,,,,,,,,,,,,,,
2026-07-30T19:12:15.485Z,4.379,4.392,0.0,1.4,0.0,0.0,0.0,0.0,0.0,0.0,0.0,0.0,1.0,0.0,0.0,0.0,9.0,4.0,0.0,0.0,0.0,0.0,0.0,0.0,0.0,0.0,4.0,12.0,1.0,12.15,5.01,2.5,1.49,0.0,0.0,0.0,344.3,0.0,1.2000000000000002,0.7000000000000001,0.0,132.6,0.0,0.0,227.5,0.0,21.8,10.6,10.6,12.6,300.0,300.0,30.8,33.800000000000004,28.8,28.0,29.9,,,,,,,,,,,,,,,,,,,,,,,,
2026-07-30T19:12:15.497Z,4.391,4.404,0.0,1.4,0.0,0.0,0.0,0.0,0.0,0.0,0.0,0.0,1.0,0.0,0.0,0.0,9.0,4.0,0.0,0.0,0.0,0.0,0.0,0.0,0.0,0.0,6.0,12.0,1.0,12.15,5.01,2.5,1.49,0.0,0.0,0.0,344.3,0.0,0.0,0.6000000000000001,0.0,132.6,0.0,0.0,227.5,0.0,21.8,10.6,10.6,12.6,300.0,300.0,30.8,33.800000000000004,28.8,28.0,29.9,,,,,,,,,,,,,,,,,,,,,,,,
2026-07-30T19:12:15.509Z,4.403,4.416,-0.1,1.4,0.0,0.0,0.0,0.0,0.0,0.0,0.0,0.0,1.0,0.0,0.0,0.0,9.0,4.0,0.0,0.0,0.0,0.0,0.0,0.0,0.0,0.0,1.0,12.0,1.0,12.15,5.01,2.5,1.49,0.0,0.0,0.0,344.3,0.0,0.5,1.8,2.8000000000000003,132.6,0.0,0.0,227.5,0.0,21.8,10.6,10.6,12.6,300.0,300.0,30.8,33.800000000000004,28.8,28.0,29.9,,,,,,,,,,,,,,,,,,,,,,,,
2026-07-30T19:12:15.521Z,4.415,4.428,-0.1,1.4,0.0,0.0,0.0,0.0,0.0,0.0,0.0,0.0,1.0,0.0,0.0,0.0,9.0,4.0,0.0,0.0,0.0,0.0,0.0,0.0,0.0,0.0,3.0,12.0,1.0,12.15,5.01,2.5,1.49,0.0,0.0,0.0,344.3,0.0,0.5,0.0,0.5,132.6,0.0,0.0,227.5,0.0,21.8,10.6,10.6,12.6,300.0,300.0,30.8,33.800000000000004,28.8,28.0,29.9,,,,,,,,,,,,,,,,,,,,,,,,
2026-07-30T19:12:15.534Z,4.428,4.44,-0.1,1.4,0.0,0.0,0.0,0.0,0.0,0.0,0.0,0.0,1.0,0.0,0.0,0.0,9.0,4.0,0.0,0.0,0.0,0.0,0.0,0.0,0.0,0.0,4.0,12.0,1.0,12.15,5.01,2.5,1.49,0.0,0.0,0.0,344.3,0.0,1.1,1.2000000000000002,2.3000000000000003,132.6,0.0,0.0,227.4,0.0,21.8,10.6,10.6,12.6,300.0,300.0,30.8,33.800000000000004,28.8,28.0,29.9,,,,,,,,,,,,,,,,,,,,,,,,
2026-07-30T19:12:15.545Z,4.439,4.452,0.0,1.4,0.0,0.0,0.0,0.0,0.0,0.0,0.0,0.0,1.0,0.0,0.0,0.0,9.0,4.0,0.0,0.0,0.0,0.0,0.0,0.0,0.0,0.0,6.0,12.0,1.0,12.15,5.01,2.5,1.49,0.0,0.0,0.0,344.3,0.0,0.5,1.2000000000000002,0.5,132.6,0.0,0.0,227.3,0.0,21.8,10.6,10.6,12.6,300.0,300.0,30.8,33.800000000000004,28.8,28.0,29.9,,,,,,,,,,,,,,,,,,,,,,,,
2026-07-30T19:12:15.557Z,4.451,4.464,0.0,1.4,0.0,0.0,0.0,0.0,0.0,0.0,0.0,0.0,1.0,0.0,0.0,0.0,9.0,4.0,0.0,0.0,0.0,0.0,0.0,0.0,0.0,0.0,1.0,12.0,1.0,12.15,5.01,2.5,1.49,0.0,0.0,0.0,344.3,0.0,1.0,1.2000000000000002,-0.5,132.6,0.0,0.0,227.5,0.0,21.8,10.6,10.6,12.6,300.0,300.0,30.8,33.800000000000004,28.8,28.0,29.9,,,,,,,,,,,,,,,,,,,,,,,,
2026-07-30T19:12:15.569Z,4.463,4.476,-0.1,1.4,0.0,0.0,0.0,0.0,0.0,0.0,0.0,0.0,1.0,0.0,0.0,0.0,9.0,4.0,0.0,0.0,0.0,0.0,0.0,0.0,0.0,0.0,2.0,12.0,1.0,12.15,5.01,2.5,1.49,0.0,0.1,0.0,344.3,0.0,1.0,1.2000000000000002,1.1,132.6,0.0,0.0,227.5,0.0,21.8,10.6,10.6,12.6,300.0,300.0,30.8,33.800000000000004,28.8,28.0,29.9,,,,,,,,,,,,,,,,,,,,,,,,
2026-07-30T19:12:15.582Z,4.476,4.488,0.0,1.4,0.0,0.0,0.0,0.0,0.0,0.0,0.0,0.0,1.0,0.0,0.0,0.0,9.0,4.0,0.0,0.0,0.0,0.0,0.0,0.0,0.0,0.0,4.0,12.0,1.0,12.14,5.0200000000000005,2.51,1.49,0.0,0.1,0.0,344.3,0.0,-0.1,0.6000000000000001,-0.5,132.6,0.0,0.0,226.7,0.0,21.3,10.8,10.8,12.8,300.0,300.0,30.700000000000003,33.9,28.8,28.0,29.9,,,,,,,,,,,,,,,,,,,,,,,,
2026-07-30T19:12:15.593Z,4.487,4.5,0.0,1.4,0.0,0.0,0.0,0.0,0.0,0.0,0.0,0.0,1.0,0.0,0.0,0.0,9.0,4.0,0.0,0.0,0.0,0.0,0.0,0.0,0.0,0.0,5.0,12.0,1.0,12.14,5.0200000000000005,2.51,1.49,0.0,0.1,0.0,344.3,0.0,-0.1,0.0,-0.5,132.6,0.0,0.0,227.5,0.0,21.3,10.8,10.8,12.8,300.0,300.0,30.700000000000003,33.9,28.8,28.0,29.9,,,,,,,,,,,,,,,,,,,,,,,,
2026-07-30T19:12:15.605Z,4.499,4.5120000000000005,0.0,1.4,0.0,0.0,0.0,0.0,0.0,0.0,0.0,0.0,1.0,0.0,0.0,0.0,9.0,4.0,0.0,0.0,0.0,0.0,0.0,0.0,0.0,0.0,1.0,12.0,1.0,12.14,5.0200000000000005,2.51,1.49,0.0,0.0,0.0,344.3,0.0,0.4,0.6000000000000001,0.5,132.6,0.0,0.0,227.5,0.0,21.3,10.8,10.8,12.8,300.0,300.0,30.700000000000003,33.9,28.8,28.0,29.9,,,,,,,,,,,,,,,,,,,,,,,,
2026-07-30T19:12:15.617Z,4.511,4.524,0.0,1.4,0.0,0.0,0.0,0.0,0.0,0.0,0.0,0.0,1.0,0.0,0.0,0.0,9.0,4.0,0.0,0.0,0.0,0.0,0.0,0.0,0.0,0.0,2.0,12.0,1.0,12.14,5.0200000000000005,2.51,1.49,0.0,0.0,0.0,344.20000000000005,0.0,0.4,-0.4,-0.5,132.6,0.0,0.0,227.4,0.0,21.3,10.8,10.8,12.8,300.0,300.0,30.700000000000003,33.9,28.8,28.0,29.9,,,,,,,,,,,,,,,,,,,,,,,,
2026-07-30T19:12:15.629Z,4.523,4.5360000000000005,0.0,1.4,0.0,0.0,0.0,0.0,0.0,0.0,0.0,0.0,1.0,0.0,0.0,0.0,9.0,4.0,0.0,0.0,0.0,0.0,0.0,0.0,0.0,0.0,4.0,12.0,1.0,12.14,5.0200000000000005,2.51,1.49,0.0,0.0,0.0,344.3,0.0,1.0,0.0,1.1,132.6,0.0,0.0,227.5,0.0,21.3,10.8,10.8,12.8,300.0,300.0,30.700000000000003,33.9,28.8,28.0,29.9,,,,,,,,,,,,,,,,,,,,,,,,
2026-07-30T19:12:15.642Z,4.536,4.548,0.0,1.4,0.0,0.0,0.0,0.0,0.0,0.0,0.0,0.0,1.0,0.0,0.0,0.0,9.0,4.0,0.0,0.0,0.0,0.0,0.0,0.0,0.0,0.0,5.0,12.0,1.0,12.14,5.0200000000000005,2.51,1.49,0.0,0.0,0.0,344.3,0.0,-0.1,0.0,-1.2000000000000002,132.6,0.0,0.0,227.5,0.0,21.3,10.8,10.8,12.8,300.0,300.0,30.700000000000003,33.9,28.8,28.0,29.9,,,,,,,,,,,,,,,,,,,,,,,,
2026-07-30T19:12:15.653Z,4.547,4.5600000000000005,0.0,1.4,0.0,0.0,0.0,0.0,0.0,0.0,0.0,0.0,1.0,0.0,0.0,0.0,9.0,4.0,0.0,0.0,0.0,0.0,0.0,0.0,0.0,0.0,1.0,12.0,1.0,12.14,5.0200000000000005,2.51,1.49,0.0,0.0,0.0,344.3,0.0,-0.1,-0.5,0.5,132.6,0.0,0.0,227.4,0.0,21.3,10.8,10.8,12.8,300.0,300.0,30.700000000000003,33.9,28.8,28.0,29.9,,,,,,,,,,,,,,,,,,,,,,,,
2026-07-30T19:12:15.666Z,4.56,4.572,0.0,1.4,0.0,0.0,0.0,0.0,0.0,0.0,0.0,0.0,1.0,0.0,0.0,0.0,9.0,4.0,0.0,0.0,0.0,0.0,0.0,0.0,0.0,0.0,2.0,12.0,1.0,12.14,5.0200000000000005,2.51,1.49,0.0,0.0,0.0,344.3,0.0,0.4,-0.5,1.0,132.6,0.0,0.0,227.5,0.0,21.3,10.8,10.8,12.8,300.0,300.0,30.700000000000003,33.9,28.8,28.0,29.9,,,,,,,,,,,,,,,,,,,,,,,,
2026-07-30T19:12:15.678Z,4.572,4.5840000000000005,0.0,1.4,0.0,0.0,0.0,0.0,0.0,0.0,0.0,0.0,1.0,0.0,0.0,0.0,9.0,4.0,0.0,0.0,0.0,0.0,0.0,0.0,0.0,0.0,4.0,12.0,1.0,12.14,5.0200000000000005,2.51,1.49,0.0,0.0,0.0,344.3,0.0,-0.2,0.0,-0.7000000000000001,132.6,0.0,0.0,227.5,0.0,21.3,10.8,10.8,12.8,300.0,300.0,30.700000000000003,33.9,28.8,28.0,29.9,,,,,,,,,,,,,,,,,,,,,,,,
2026-07-30T19:12:15.690Z,4.584,4.596,0.0,1.4,0.0,0.0,0.0,0.0,0.0,0.0,0.0,0.0,1.0,0.0,0.0,0.0,9.0,4.0,0.0,0.0,0.0,0.0,0.0,0.0,0.0,0.0,5.0,12.0,1.0,12.17,5.01,2.51,1.49,0.0,0.0,0.0,344.20000000000005,0.0,0.9,-0.6000000000000001,0.9,132.6,0.0,0.0,227.3,0.0,21.0,11.0,11.0,13.0,300.0,300.0,30.700000000000003,34.0,28.8,28.0,29.9,,,,,,,,,,,,,,,,,,,,,,,,
2026-07-30T19:12:15.702Z,4.596,4.6080000000000005,0.0,1.4,0.0,0.0,0.0,0.0,0.0,0.0,0.0,0.0,1.0,0.0,0.0,0.0,9.0,4.0,0.0,0.0,0.0,0.0,0.0,0.0,0.0,0.0,6.0,12.0,1.0,12.17,5.01,2.51,1.49,0.0,0.0,0.0,344.3,0.0,-0.2,0.0,-0.8,132.6,0.0,0.0,227.4,0.0,21.0,11.0,11.0,13.0,300.0,300.0,30.700000000000003,34.0,28.8,28.0,29.9,,,,,,,,,,,,,,,,,,,,,,,,
2026-07-30T19:12:15.714Z,4.608,4.62,0.0,1.4,0.0,0.0,0.0,0.0,0.0,0.0,0.0,0.0,1.0,0.0,0.0,0.0,9.0,4.0,0.0,0.0,0.0,0.0,0.0,0.0,0.0,0.0,1.0,12.0,1.0,12.17,5.01,2.51,1.49,0.0,0.0,0.0,344.3,0.0,-0.2,-0.6000000000000001,-1.4,132.6,0.0,0.0,227.5,0.0,21.0,11.0,11.0,13.0,300.0,300.0,30.700000000000003,34.0,28.8,28.0,29.9,,,,,,,,,,,,,,,,,,,,,,,,
2026-07-30T19:12:15.725Z,4.619,4.632,0.0,1.4,0.0,0.0,0.0,0.0,0.0,0.0,0.0,0.0,1.0,0.0,0.0,0.0,9.0,4.0,0.0,0.0,0.0,0.0,0.0,0.0,0.0,0.0,3.0,12.0,1.0,12.17,5.01,2.51,1.49,0.0,0.0,0.0,344.3,0.0,0.3,0.0,-0.2,132.6,0.0,0.0,227.5,0.0,21.0,11.0,11.0,13.0,300.0,300.0,30.700000000000003,34.0,28.8,28.0,29.9,,,,,,,,,,,,,,,,,,,,,,,,
2026-07-30T19:12:15.737Z,4.631,4.644,0.0,1.4,0.0,0.0,0.0,0.0,0.0,0.0,0.0,0.0,1.0,0.0,0.0,0.0,9.0,4.0,0.0,0.0,0.0,0.0,0.0,0.0,0.0,0.0,4.0,12.0,1.0,12.17,5.01,2.51,1.49,0.0,0.0,0.0,344.3,0.0,0.9,0.5,0.9,132.6,0.0,0.0,227.4,0.0,21.0,11.0,11.0,13.0,300.0,300.0,30.700000000000003,34.0,28.8,28.0,29.9,,,,,,,,,,,,,,,,,,,,,,,,
2026-07-30T19:12:15.749Z,4.643,4.656,0.0,1.4,0.0,0.0,0.0,0.0,0.0,0.0,0.0,0.0,1.0,0.0,0.0,0.0,9.0,4.0,0.0,0.0,0.0,0.0,0.0,0.0,0.0,0.0,5.0,12.0,1.0,12.17,5.01,2.51,1.49,0.0,0.0,0.0,344.3,0.0,0.3,-1.2000000000000002,-0.2,132.6,0.0,0.0,227.5,0.0,21.0,11.0,11.0,13.0,300.0,300.0,30.700000000000003,34.0,28.8,28.0,29.9,,,,,,,,,,,,,,,,,,,,,,,,
2026-07-30T19:12:15.761Z,4.655,4.668,0.1,1.4,0.0,0.0,0.0,0.0,0.0,0.0,0.0,0.0,1.0,0.0,0.0,0.0,9.0,4.0,0.0,0.0,0.0,0.0,0.0,0.0,0.0,0.0,1.0,12.0,1.0,12.17,5.01,2.51,1.49,0.0,0.0,0.0,344.3,0.0,-0.8,-1.1,-0.2,132.6,0.0,0.0,227.5,0.0,21.0,11.0,11.0,13.0,300.0,300.0,30.700000000000003,34.0,28.8,28.0,29.9,,,,,,,,,,,,,,,,,,,,,,,,
2026-07-30T19:12:15.773Z,4.667,4.68,0.1,1.4,0.0,0.0,0.0,0.0,0.0,0.0,0.0,0.0,1.0,0.0,0.0,0.0,9.0,4.0,0.0,0.0,0.0,0.0,0.0,0.0,0.0,0.0,2.0,12.0,1.0,12.17,5.01,2.51,1.49,0.0,0.0,0.0,344.3,0.0,-0.8,1.1,-0.2,132.6,0.0,0.0,227.3,0.0,21.0,11.0,11.0,13.0,300.0,300.0,30.700000000000003,34.0,28.8,28.0,29.9,,,,,,,,,,,,,,,,,,,,,,,,
2026-07-30T19:12:15.787Z,4.681,4.692,0.1,1.4,0.0,0.0,0.0,0.0,0.0,0.0,0.0,0.0,1.0,0.0,0.0,0.0,9.0,4.0,0.0,0.0,0.0,0.0,0.0,0.0,0.0,0.0,3.0,12.0,1.0,12.15,5.0200000000000005,2.51,1.5,0.0,0.0,0.0,344.3,0.0,-0.8,-1.1,-1.4,132.6,0.0,0.0,227.5,0.0,21.700000000000003,11.3,11.3,13.2,300.0,300.0,30.9,34.0,28.8,28.0,29.9,,,,,,,,,,,,,,,,,,,,,,,,
2026-07-30T19:12:15.798Z,4.692,4.704,0.1,1.4,0.0,0.0,0.0,0.0,0.0,0.0,0.0,0.0,1.0,0.0,0.0,0.0,9.0,4.0,0.0,0.0,0.0,0.0,0.0,0.0,0.0,0.0,4.0,12.0,1.0,12.15,5.0200000000000005,2.51,1.5,0.0,0.0,0.0,344.3,0.0,-0.2,0.6000000000000001,-0.2,132.6,0.0,0.0,227.3,0.0,21.700000000000003,11.3,11.3,13.2,300.0,300.0,30.9,34.0,28.8,28.0,29.9,,,,,,,,,,,,,,,,,,,,,,,,
2026-07-30T19:12:15.809Z,4.703,4.716,0.1,1.4,0.0,0.0,0.0,0.0,0.0,0.0,0.0,0.0,1.0,0.0,0.0,0.0,9.0,4.0,0.0,0.0,0.0,0.0,0.0,0.0,0.0,0.0,6.0,12.0,1.0,12.15,5.0200000000000005,2.51,1.5,0.0,0.0,0.0,344.3,0.0,-0.2,0.0,-0.1,132.6,0.0,0.0,227.6,0.0,21.700000000000003,11.3,11.3,13.2,300.0,300.0,30.9,34.0,28.8,28.0,29.9,,,,,,,,,,,,,,,,,,,,,,,,
2026-07-30T19:12:15.821Z,4.715,4.728,0.1,1.4,0.0,0.0,0.0,0.0,0.0,0.0,0.0,0.0,1.0,0.0,0.0,0.0,9.0,4.0,0.0,0.0,0.0,0.0,0.0,0.0,0.0,0.0,1.0,12.0,1.0,12.15,5.0200000000000005,2.51,1.5,0.0,0.0,0.0,344.3,0.0,-0.8,0.0,0.4,132.6,0.0,0.0,227.6,0.0,21.700000000000003,11.3,11.3,13.2,300.0,300.0,30.9,34.0,28.8,28.0,29.9,,,,,,,,,,,,,,,,,,,,,,,,
2026-07-30T19:12:15.833Z,4.727,4.74,0.1,1.4,0.0,0.0,0.0,0.0,0.0,0.0,0.0,0.0,1.0,0.0,0.0,0.0,9.0,4.0,0.0,0.0,0.0,0.0,0.0,0.0,0.0,0.0,2.0,12.0,1.0,12.15,5.0200000000000005,2.51,1.5,0.0,0.0,0.0,344.3,0.0,0.3,0.6000000000000001,0.4,132.6,0.0,0.0,227.4,0.0,21.700000000000003,11.3,11.3,13.2,300.0,300.0,30.9,34.0,28.8,28.0,29.9,,,,,,,,,,,,,,,,,,,,,,,,
2026-07-30T19:12:15.845Z,4.739,4.752,0.0,1.4,0.0,0.0,0.0,0.0,0.0,0.0,0.0,0.0,1.0,0.0,0.0,0.0,9.0,4.0,0.0,0.0,0.0,0.0,0.0,0.0,0.0,0.0,3.0,12.0,1.0,12.15,5.0200000000000005,2.51,1.5,0.0,0.1,0.0,344.3,0.0,0.8,-0.5,0.4,132.6,0.0,0.0,227.5,0.0,21.700000000000003,11.3,11.3,13.2,300.0,300.0,30.9,34.0,28.8,28.0,29.9,,,,,,,,,,,,,,,,,,,,,,,,
2026-07-30T19:12:15.858Z,4.752,4.764,0.0,1.4,0.0,0.0,0.0,0.0,0.0,0.0,0.0,0.0,1.0,0.0,0.0,0.0,9.0,4.0,0.0,0.0,0.0,0.0,0.0,0.0,0.0,0.0,4.0,12.0,1.0,12.15,5.0200000000000005,2.51,1.5,0.0,0.0,0.0,344.3,0.0,-0.3,0.6000000000000001,-0.1,132.6,0.0,0.0,227.5,0.0,21.700000000000003,11.3,11.3,13.2,300.0,300.0,30.9,34.0,28.8,28.0,29.9,,,,,,,,,,,,,,,,,,,,,,,,
2026-07-30T19:12:15.869Z,4.763,4.776,0.0,1.4,0.0,0.0,0.0,0.0,0.0,0.0,0.0,0.0,1.0,0.0,0.0,0.0,9.0,4.0,0.0,0.0,0.0,0.0,0.0,0.0,0.0,0.0,5.0,12.0,1.0,12.15,5.0200000000000005,2.51,1.5,0.0,0.0,0.0,344.3,0.0,0.2,0.0,-0.1,132.6,0.0,0.0,227.5,0.0,21.700000000000003,11.3,11.3,13.2,300.0,300.0,30.9,34.0,28.8,28.0,29.9,,,,,,,,,,,,,,,,,,,,,,,,
2026-07-30T19:12:15.882Z,4.776,4.788,0.0,1.4,0.0,0.0,0.0,0.0,0.0,0.0,0.0,0.0,1.0,0.0,0.0,0.0,9.0,4.0,0.0,0.0,0.0,0.0,0.0,0.0,0.0,0.0,6.0,12.0,1.0,12.15,5.0200000000000005,2.51,1.5,0.0,0.0,0.0,344.3,0.0,-0.3,-0.5,-1.3,132.6,0.0,0.0,227.5,0.0,21.700000000000003,11.3,11.3,13.2,300.0,300.0,30.9,34.0,28.8,28.0,29.9,,,,,,,,,,,,,,,,,,,,,,,,
2026-07-30T19:12:15.893Z,4.787,4.8,0.0,1.4,0.0,0.0,0.0,0.0,0.0,0.0,0.0,0.0,1.0,0.0,0.0,0.0,9.0,4.0,0.0,0.0,0.0,0.0,0.0,0.0,0.0,0.0,2.0,12.0,1.0,12.17,5.01,2.51,1.49,0.0,0.0,0.0,344.3,0.0,-0.2,0.0,0.4,132.6,0.0,0.0,226.7,0.0,21.700000000000003,11.5,11.5,13.5,300.0,300.0,30.8,33.9,28.8,28.0,29.9,,,,,,,,,,,,,,,,,,,,,,,,
2026-07-30T19:12:15.906Z,4.8,4.812,0.0,1.4,0.0,0.0,0.0,0.0,0.0,0.0,0.0,0.0,1.0,0.0,0.0,0.0,9.0,4.0,0.0,0.0,0.0,0.0,0.0,0.0,0.0,0.0,3.0,12.0,1.0,12.17,5.01,2.51,1.49,0.0,0.1,0.0,344.3,0.0,-0.2,-1.0,0.4,132.6,0.0,0.0,227.5,0.0,21.700000000000003,11.5,11.5,13.5,300.0,300.0,30.8,33.9,28.8,28.0,29.9,,,,,,,,,,,,,,,,,,,,,,,,
2026-07-30T19:12:15.917Z,4.811,4.824,0.0,1.4,0.0,0.0,0.0,0.0,0.0,0.0,0.0,0.0,1.0,0.0,0.0,0.0,9.0,4.0,0.0,0.0,0.0,0.0,0.0,0.0,0.0,0.0,3.0,12.0,1.0,12.17,5.01,2.51,1.49,0.0,0.0,0.0,344.3,0.0,-0.2,0.7000000000000001,0.4,132.6,0.0,0.0,227.6,0.0,21.700000000000003,11.5,11.5,13.5,300.0,300.0,30.8,33.9,28.8,28.0,29.9,,,,,,,,,,,,,,,,,,,,,,,,
2026-07-30T19:12:15.929Z,4.823,4.836,0.0,1.4,0.0,0.0,0.0,0.0,0.0,0.0,0.0,0.0,1.0,0.0,0.0,0.0,9.0,4.0,0.0,0.0,0.0,0.0,0.0,0.0,0.0,0.0,5.0,12.0,1.0,12.17,5.01,2.51,1.49,0.0,0.0,0.0,344.3,0.0,-0.2,0.7000000000000001,-0.1,132.6,0.0,0.0,227.5,0.0,21.700000000000003,11.5,11.5,13.5,300.0,300.0,30.8,33.9,28.8,28.0,29.9,,,,,,,,,,,,,,,,,,,,,,,,
2026-07-30T19:12:15.941Z,4.835,4.848,0.0,1.4,0.0,0.0,0.0,0.0,0.0,0.0,0.0,0.0,1.0,0.0,0.0,0.0,9.0,4.0,0.0,0.0,0.0,0.0,0.0,0.0,0.0,0.0,6.0,12.0,1.0,12.17,5.01,2.51,1.49,-0.1,0.1,0.0,344.3,0.0,0.3,0.1,-0.1,132.6,0.0,0.0,227.5,0.0,21.700000000000003,11.5,11.5,13.5,300.0,300.0,30.8,33.9,28.8,28.0,29.9,,,,,,,,,,,,,,,,,,,,,,,,
2026-07-30T19:12:15.953Z,4.847,4.86,0.0,1.4,0.0,0.0,0.0,0.0,0.0,0.0,0.0,0.0,1.0,0.0,0.0,0.0,9.0,4.0,0.0,0.0,0.0,0.0,0.0,0.0,0.0,0.0,1.0,12.0,1.0,12.17,5.01,2.51,1.49,0.0,0.0,0.0,344.3,0.0,-0.8,-0.4,0.4,132.6,0.0,0.0,227.5,0.0,21.700000000000003,11.5,11.5,13.5,300.0,300.0,30.8,33.9,28.8,28.0,29.9,,,,,,,,,,,,,,,,,,,,,,,,
2026-07-30T19:12:15.965Z,4.859,4.872,0.0,1.4,0.0,0.0,0.0,0.0,0.0,0.0,0.0,0.0,1.0,0.0,0.0,0.0,9.0,4.0,0.0,0.0,0.0,0.0,0.0,0.0,0.0,0.0,3.0,12.0,1.0,12.17,5.01,2.51,1.49,-0.1,0.0,0.0,344.3,0.0,0.9,0.1,-0.7000000000000001,132.6,0.0,0.0,227.7,0.0,21.700000000000003,11.5,11.5,13.5,300.0,300.0,30.8,33.9,28.8,28.0,29.9,,,,,,,,,,,,,,,,,,,,,,,,
2026-07-30T19:12:15.977Z,4.871,4.884,0.0,1.4,0.0,0.0,0.0,0.0,0.0,0.0,0.0,0.0,1.0,0.0,0.0,0.0,9.0,4.0,0.0,0.0,0.0,0.0,0.0,0.0,0.0,0.0,4.0,12.0,1.0,12.17,5.01,2.51,1.49,0.0,0.0,0.0,344.3,0.0,0.3,1.4,1.0,132.6,0.0,0.0,227.4,0.0,21.700000000000003,11.5,11.5,13.5,300.0,300.0,30.8,33.9,28.8,28.0,29.9,,,,,,,,,,,,,,,,,,,,,,,,
2026-07-30T19:12:15.990Z,4.884,4.896,0.0,1.4,0.0,0.0,0.0,0.0,0.0,0.0,0.0,0.0,1.0,0.0,0.0,0.0,9.0,4.0,0.0,0.0,0.0,0.0,0.0,0.0,0.0,0.0,5.0,12.0,1.0,12.14,5.0200000000000005,2.51,1.49,0.0,0.0,0.0,344.3,0.0,0.3,-0.9,0.4,132.6,0.0,0.0,227.4,0.0,21.3,11.7,11.7,13.7,300.0,300.0,30.9,33.9,28.8,28.0,29.8,,,,,,,,,,,,,,,,,,,,,,,,
2026-07-30T19:12:16.001Z,4.895,4.908,0.0,1.4,0.0,0.0,0.0,0.0,0.0,0.0,0.0,0.0,1.0,0.0,0.0,0.0,9.0,4.0,0.0,0.0,0.0,0.0,0.0,0.0,0.0,0.0,1.0,12.0,1.0,12.14,5.0200000000000005,2.51,1.49,0.0,0.0,0.0,344.3,0.0,0.3,0.2,-0.1,132.6,0.0,0.0,226.5,0.0,21.3,11.7,11.7,13.7,300.0,300.0,30.9,33.9,28.8,28.0,29.8,,,,,,,,,,,,,,,,,,,,,,,,
2026-07-30T19:12:16.014Z,4.908,4.92,0.0,1.4,0.0,0.0,0.0,0.0,0.0,0.0,0.0,0.0,1.0,0.0,0.0,0.0,9.0,4.0,0.0,0.0,0.0,0.0,0.0,0.0,0.0,0.0,2.0,12.0,1.0,12.14,5.0200000000000005,2.51,1.49,0.0,0.0,0.0,344.3,0.0,-0.1,0.2,-0.6000000000000001,132.6,0.0,0.0,227.7,0.0,21.3,11.7,11.7,13.7,300.0,300.0,30.9,33.9,28.8,28.0,29.8,,,,,,,,,,,,,,,,,,,,,,,,
2026-07-30T19:12:16.025Z,4.919,4.932,0.0,1.4,0.0,0.0,0.0,0.0,0.0,0.0,0.0,0.0,1.0,0.0,0.0,0.0,9.0,4.0,0.0,0.0,0.0,0.0,0.0,0.0,0.0,0.0,4.0,12.0,1.0,12.14,5.0200000000000005,2.51,1.49,0.0,0.0,0.0,344.3,0.0,0.4,0.2,1.0,132.6,0.0,0.0,227.4,0.0,21.3,11.7,11.7,13.7,300.0,300.0,30.9,33.9,28.8,28.0,29.8,,,,,,,,,,,,,,,,,,,,,,,,
2026-07-30T19:12:16.038Z,4.932,4.944,0.0,1.4,0.0,0.0,0.0,0.0,0.0,0.0,0.0,0.0,1.0,0.0,0.0,0.0,9.0,4.0,0.0,0.0,0.0,0.0,0.0,0.0,0.0,0.0,5.0,12.0,1.0,12.14,5.0200000000000005,2.51,1.49,0.0,0.0,0.0,344.3,0.0,-0.1,0.2,0.0,132.6,0.0,0.0,227.5,0.0,21.3,11.7,11.7,13.7,300.0,300.0,30.9,33.9,28.8,28.0,29.8,,,,,,,,,,,,,,,,,,,,,,,,
2026-07-30T19:12:16.050Z,4.944,4.956,-0.1,1.4,0.0,0.0,0.0,0.0,0.0,0.0,0.0,0.0,1.0,0.0,0.0,0.0,9.0,4.0,0.0,0.0,0.0,0.0,0.0,0.0,0.0,0.0,1.0,12.0,1.0,12.14,5.0200000000000005,2.51,1.49,0.0,0.0,0.0,344.3,0.0,-0.1,-0.9,-1.2000000000000002,132.6,0.0,0.0,227.5,0.0,21.3,11.7,11.7,13.7,300.0,300.0,30.9,33.9,28.8,28.0,29.8,,,,,,,,,,,,,,,,,,,,,,,,
2026-07-30T19:12:16.061Z,4.955,4.968,-0.1,1.4,0.0,0.0,0.0,0.0,0.0,0.0,0.0,0.0,1.0,0.0,0.0,0.0,9.0,4.0,0.0,0.0,0.0,0.0,0.0,0.0,0.0,0.0,2.0,12.0,1.0,12.14,5.0200000000000005,2.51,1.49,0.0,0.0,0.0,344.3,0.0,-0.1,-0.9,-0.6000000000000001,132.6,0.0,0.0,227.5,0.0,21.3,11.7,11.7,13.7,300.0,300.0,30.9,33.9,28.8,28.0,29.8,,,,,,,,,,,,,,,,,,,,,,,,
2026-07-30T19:12:16.073Z,4.967,4.98,0.0,1.4,0.0,0.0,0.0,0.0,0.0,0.0,0.0,0.0,1.0,0.0,0.0,0.0,9.0,4.0,0.0,0.0,0.0,0.0,0.0,0.0,0.0,0.0,3.0,12.0,1.0,12.14,5.0200000000000005,2.51,1.49,0.0,0.0,0.0,344.3,0.0,-0.1,0.1,-0.7000000000000001,132.6,0.0,0.0,227.5,0.0,21.3,11.7,11.7,13.7,300.0,300.0,30.9,33.9,28.8,28.0,29.8,,,,,,,,,,,,,,,,,,,,,,,,
2026-07-30T19:12:16.085Z,4.979,4.992,0.0,1.4,0.0,0.0,0.0,0.0,0.0,0.0,0.0,0.0,1.0,0.0,0.0,0.0,9.0,4.0,0.0,0.0,0.0,0.0,0.0,0.0,0.0,0.0,4.0,12.0,1.0,12.14,5.0200000000000005,2.51,1.49,0.0,0.0,0.0,344.3,0.0,-0.1,-0.9,-0.7000000000000001,132.6,0.0,0.0,227.5,0.0,21.3,11.7,11.7,13.7,300.0,300.0,30.9,33.9,28.8,28.0,29.8,,,,,,,,,,,,,,,,,,,,,,,,
2026-07-30T19:12:16.097Z,4.991,5.004,-0.1,1.4,0.0,0.0,0.0,0.0,0.0,0.0,0.0,0.0,1.0,0.0,0.0,0.0,9.0,4.0,0.0,0.0,0.0,0.0,0.0,0.0,0.0,0.0,5.0,12.0,1.0,12.06,5.01,2.51,1.49,0.0,0.0,0.0,344.3,0.0,-0.7000000000000001,-0.4,1.0,132.6,0.0,0.0,227.5,0.0,21.4,11.9,11.9,13.9,300.0,300.0,30.8,34.0,28.8,28.0,29.9,,,,,,,,,,,,,,,,,,,,,,,,
2026-07-30T19:12:16.110Z,5.004,5.016,-0.1,1.4,0.0,0.0,0.0,0.0,0.0,0.0,0.0,0.0,1.0,0.0,0.0,0.0,9.0,4.0,0.0,0.0,0.0,0.0,0.0,0.0,0.0,0.0,6.0,12.0,1.0,12.06,5.01,2.51,1.49,0.0,0.0,0.0,344.3,0.0,0.4,1.2000000000000002,2.2,132.6,0.0,0.0,227.2,0.0,21.4,11.9,11.9,13.9,300.0,300.0,30.8,34.0,28.8,28.0,29.9,,,,,,,,,,,,,,,,,,,,,,,,
2026-07-30T19:12:16.121Z,5.015,5.0280000000000005,0.0,1.4,0.0,0.0,0.0,0.0,0.0,0.0,0.0,0.0,1.0,0.0,0.0,0.0,9.0,4.0,0.0,0.0,0.0,0.0,0.0,0.0,0.0,0.0,2.0,12.0,1.0,12.06,5.01,2.51,1.49,0.0,0.0,0.0,344.3,0.0,0.4,0.1,1.0,132.6,0.0,0.0,227.5,0.0,21.4,11.9,11.9,13.9,300.0,300.0,30.8,34.0,28.8,28.0,29.9,,,,,,,,,,,,,,,,,,,,,,,,
2026-07-30T19:12:16.134Z,5.028,5.04,0.0,1.4,0.0,0.0,0.0,0.0,0.0,0.0,0.0,0.0,1.0,0.0,0.0,0.0,9.0,4.0,0.0,0.0,0.0,0.0,0.0,0.0,0.0,0.0,4.0,12.0,1.0,12.06,5.01,2.51,1.49,0.0,0.0,0.0,344.3,0.0,-0.1,-0.4,-0.6000000000000001,132.6,0.0,0.0,227.4,0.0,21.4,11.9,11.9,13.9,300.0,300.0,30.8,34.0,28.8,28.0,29.9,,,,,,,,,,,,,,,,,,,,,,,,
2026-07-30T19:12:16.145Z,5.039,5.0520000000000005,0.0,1.4,0.0,0.0,0.0,0.0,0.0,0.0,0.0,0.0,1.0,0.0,0.0,0.0,9.0,4.0,0.0,0.0,0.0,0.0,0.0,0.0,0.0,0.0,5.0,12.0,1.0,12.06,5.01,2.51,1.49,0.0,0.0,0.0,344.3,0.0,0.9,-0.5,-0.7000000000000001,132.6,0.0,0.0,227.5,0.0,21.4,11.9,11.9,13.9,300.0,300.0,30.8,34.0,28.8,28.0,29.9,,,,,,,,,,,,,,,,,,,,,,,,
2026-07-30T19:12:16.157Z,5.051,5.064,0.0,1.4,0.0,0.0,0.0,0.0,0.0,0.0,0.0,0.0,1.0,0.0,0.0,0.0,9.0,4.0,0.0,0.0,0.0,0.0,0.0,0.0,0.0,0.0,6.0,12.0,1.0,12.06,5.01,2.51,1.49,0.0,0.0,0.0,344.3,0.0,-1.3,1.2000000000000002,1.0,132.6,0.0,0.0,227.7,0.0,21.4,11.9,11.9,13.9,300.0,300.0,30.8,34.0,28.8,28.0,29.9,,,,,,,,,,,,,,,,,,,,,,,,
2026-07-30T19:12:16.169Z,5.063,5.0760000000000005,0.0,1.4,0.0,0.0,0.0,0.0,0.0,0.0,0.0,0.0,1.0,0.0,0.0,0.0,9.0,4.0,0.0,0.0,0.0,0.0,0.0,0.0,0.0,0.0,1.0,12.0,1.0,12.06,5.01,2.51,1.49,0.0,0.0,0.0,344.3,0.0,0.3,1.7000000000000002,0.4,132.6,0.0,0.0,227.5,0.0,21.4,11.9,11.9,13.9,300.0,300.0,30.8,34.0,28.8,28.0,29.9,,,,,,,,,,,,,,,,,,,,,,,,
2026-07-30T19:12:16.182Z,5.076,5.088,0.0,1.4,0.0,0.0,0.0,0.0,0.0,0.0,0.0,0.0,1.0,0.0,0.0,0.0,9.0,4.0,0.0,0.0,0.0,0.0,0.0,0.0,0.0,0.0,2.0,12.0,1.0,12.06,5.01,2.51,1.49,-0.1,0.1,0.0,344.3,0.0,0.3,0.6000000000000001,1.7000000000000002,132.6,0.0,0.0,227.5,0.0,21.4,11.9,11.9,13.9,300.0,300.0,30.8,34.0,28.8,28.0,29.9,,,,,,,,,,,,,,,,,,,,,,,,
2026-07-30T19:12:16.194Z,5.088,5.1000000000000005,0.0,1.4,0.0,0.0,0.0,0.0,0.0,0.0,0.0,0.0,1.0,0.0,0.0,0.0,9.0,4.0,0.0,0.0,0.0,0.0,0.0,0.0,0.0,0.0,3.0,12.0,1.0,12.15,5.0200000000000005,2.5,1.49,0.0,0.0,0.0,344.3,0.0,-0.7000000000000001,-0.5,-1.2000000000000002,132.6,0.0,0.0,227.5,0.0,21.8,12.1,12.1,14.1,300.0,300.0,30.9,34.1,28.8,28.0,29.9,,,,,,,,,,,,,,,,,,,,,,,,
2026-07-30T19:12:16.206Z,5.1,5.112,0.0,1.4,0.0,0.0,0.0,0.0,0.0,0.0,0.0,0.0,1.0,0.0,0.0,0.0,9.0,4.0,0.0,0.0,0.0,0.0,0.0,0.0,0.0,0.0,4.0,12.0,1.0,12.15,5.0200000000000005,2.5,1.49,0.0,0.0,0.0,344.3,0.0,-0.7000000000000001,-1.1,-1.2000000000000002,132.6,0.0,0.0,226.9,0.0,21.8,12.1,12.1,14.1,300.0,300.0,30.9,34.1,28.8,28.0,29.9,,,,,,,,,,,,,,,,,,,,,,,,
2026-07-30T19:12:16.218Z,5.112,5.124,0.0,1.4,0.0,0.0,0.0,0.0,0.0,0.0,0.0,0.0,1.0,0.0,0.0,0.0,9.0,4.0,0.0,0.0,0.0,0.0,0.0,0.0,0.0,0.0,5.0,12.0,1.0,12.15,5.0200000000000005,2.5,1.49,0.0,0.0,0.0,344.20000000000005,0.0,0.3,0.0,0.0,132.6,0.0,0.0,227.6,0.0,21.8,12.1,12.1,14.1,300.0,300.0,30.9,34.1,28.8,28.0,29.9,,,,,,,,,,,,,,,,,,,,,,,,
2026-07-30T19:12:16.229Z,5.123,5.136,0.0,1.4,0.0,0.0,0.0,0.0,0.0,0.0,0.0,0.0,1.0,0.0,0.0,0.0,9.0,4.0,0.0,0.0,0.0,0.0,0.0,0.0,0.0,0.0,1.0,12.0,1.0,12.15,5.0200000000000005,2.5,1.49,0.0,0.1,0.0,344.3,0.0,-0.7000000000000001,0.0,0.0,132.6,0.0,0.0,227.5,0.0,21.8,12.1,12.1,14.1,300.0,300.0,30.9,34.1,28.8,28.0,29.9,,,,,,,,,,,,,,,,,,,,,,,,
2026-07-30T19:12:16.242Z,5.136,5.148,0.0,1.4,0.0,0.0,0.0,0.0,0.0,0.0,0.0,0.0,1.0,0.0,0.0,0.0,9.0,4.0,0.0,0.0,0.0,0.0,0.0,0.0,0.0,0.0,2.0,12.0,1.0,12.15,5.0200000000000005,2.5,1.49,0.0,0.0,0.0,344.3,0.0,-0.7000000000000001,0.0,0.4,132.6,0.0,0.0,227.5,0.0,21.8,12.1,12.1,14.1,300.0,300.0,30.9,34.1,28.8,28.0,29.9,,,,,,,,,,,,,,,,,,,,,,,,
2026-07-30T19:12:16.253Z,5.147,5.16,0.0,1.4,0.0,0.0,0.0,0.0,0.0,0.0,0.0,0.0,1.0,0.0,0.0,0.0,9.0,4.0,0.0,0.0,0.0,0.0,0.0,0.0,0.0,0.0,3.0,12.0,1.0,12.15,5.0200000000000005,2.5,1.49,0.0,0.0,0.0,344.3,0.0,-0.7000000000000001,-0.5,-0.6000000000000001,132.6,0.0,0.0,227.5,0.0,21.8,12.1,12.1,14.1,300.0,300.0,30.9,34.1,28.8,28.0,29.9,,,,,,,,,,,,,,,,,,,,,,,,
2026-07-30T19:12:16.266Z,5.16,5.172,0.0,1.4,0.0,0.0,0.0,0.0,0.0,0.0,0.0,0.0,1.0,0.0,0.0,0.0,9.0,4.0,0.0,0.0,0.0,0.0,0.0,0.0,0.0,0.0,4.0,12.0,1.0,12.15,5.0200000000000005,2.5,1.49,0.0,0.0,0.0,344.3,0.0,0.4,1.2000000000000002,-1.2000000000000002,132.6,0.0,0.0,227.6,0.0,21.8,12.1,12.1,14.1,300.0,300.0,30.9,34.1,28.8,28.0,29.9,,,,,,,,,,,,,,,,,,,,,,,,
2026-07-30T19:12:16.278Z,5.172,5.184,0.0,1.4,0.0,0.0,0.0,0.0,0.0,0.0,0.0,0.0,1.0,0.0,0.0,0.0,9.0,4.0,0.0,0.0,0.0,0.0,0.0,0.0,0.0,0.0,5.0,12.0,1.0,12.15,5.0200000000000005,2.5,1.49,0.0,0.0,0.0,344.3,0.0,-0.1,-1.0,0.5,132.6,0.0,0.0,227.5,0.0,21.8,12.1,12.1,14.1,300.0,300.0,30.9,34.1,28.8,28.0,29.9,,,,,,,,,,,,,,,,,,,,,,,,
2026-07-30T19:12:16.290Z,5.184,5.196,0.0,1.4,0.0,0.0,0.0,0.0,0.0,0.0,0.0,0.0,1.0,0.0,0.0,0.0,9.0,4.0,0.0,0.0,0.0,0.0,0.0,0.0,0.0,0.0,6.0,12.0,1.0,12.15,5.0200000000000005,2.5,1.49,0.0,0.0,0.0,344.3,0.0,0.4,1.2000000000000002,1.6,132.6,0.0,0.0,227.4,0.0,21.8,12.1,12.1,14.1,300.0,300.0,30.9,34.1,28.8,28.0,29.9,,,,,,,,,,,,,,,,,,,,,,,,
2026-07-30T19:12:16.302Z,5.196,5.208,0.0,1.4,0.0,0.0,0.0,0.0,0.0,0.0,0.0,0.0,1.0,0.0,0.0,0.0,9.0,4.0,0.0,0.0,0.0,0.0,0.0,0.0,0.0,0.0,1.0,12.0,1.0,12.13,5.0200000000000005,2.51,1.49,0.0,0.0,0.0,344.3,0.0,0.4,0.7000000000000001,-0.6000000000000001,132.6,0.0,0.0,227.5,0.0,21.700000000000003,12.3,12.3,14.3,300.0,300.0,30.9,34.1,28.8,28.0,29.9,,,,,,,,,,,,,,,,,,,,,,,,
2026-07-30T19:12:16.314Z,5.208,5.22,0.0,1.4,0.0,0.0,0.0,0.0,0.0,0.0,0.0,0.0,1.0,0.0,0.0,0.0,9.0,4.0,0.0,0.0,0.0,0.0,0.0,0.0,0.0,0.0,2.0,12.0,1.0,12.13,5.0200000000000005,2.51,1.49,0.0,0.0,0.0,344.3,0.0,-0.1,0.7000000000000001,0.4,132.6,0.0,0.0,226.3,0.0,21.700000000000003,12.3,12.3,14.3,300.0,300.0,30.9,34.1,28.8,28.0,29.9,,,,,,,,,,,,,,,,,,,,,,,,
2026-07-30T19:12:16.325Z,5.219,5.232,0.0,1.4,0.0,0.0,0.0,0.0,0.0,0.0,0.0,0.0,1.0,0.0,0.0,0.0,9.0,4.0,0.0,0.0,0.0,0.0,0.0,0.0,0.0,0.0,3.0,12.0,1.0,12.13,5.0200000000000005,2.51,1.49,0.0,0.0,0.0,344.3,0.0,-0.1,-0.4,-1.9,132.6,0.0,0.0,227.5,0.0,21.700000000000003,12.3,12.3,14.3,300.0,300.0,30.9,34.1,28.8,28.0,29.9,,,,,,,,,,,,,,,,,,,,,,,,
2026-07-30T19:12:16.337Z,5.231,5.244,0.0,1.4,0.0,0.0,0.0,0.0,0.0,0.0,0.0,0.0,1.0,0.0,0.0,0.0,9.0,4.0,0.0,0.0,0.0,0.0,0.0,0.0,0.0,0.0,5.0,12.0,1.0,12.13,5.0200000000000005,2.51,1.49,0.0,0.1,0.0,344.3,0.0,0.4,-1.0,-0.7000000000000001,132.6,0.0,0.0,227.5,0.0,21.700000000000003,12.3,12.3,14.3,300.0,300.0,30.9,34.1,28.8,28.0,29.9,,,,,,,,,,,,,,,,,,,,,,,,
2026-07-30T19:12:16.349Z,5.243,5.256,0.0,1.4,0.0,0.0,0.0,0.0,0.0,0.0,0.0,0.0,1.0,0.0,0.0,0.0,9.0,4.0,0.0,0.0,0.0,0.0,0.0,0.0,0.0,0.0,6.0,12.0,1.0,12.13,5.0200000000000005,2.51,1.49,0.0,0.0,0.0,344.3,0.0,0.9,0.0,-0.1,132.6,0.0,0.0,227.5,0.0,21.700000000000003,12.3,12.3,14.3,300.0,300.0,30.9,34.1,28.8,28.0,29.9,,,,,,,,,,,,,,,,,,,,,,,,
2026-07-30T19:12:16.361Z,5.255,5.268,0.0,1.4,0.0,0.0,0.0,0.0,0.0,0.0,0.0,0.0,1.0,0.0,0.0,0.0,9.0,4.0,0.0,0.0,0.0,0.0,0.0,0.0,0.0,0.0,1.0,12.0,1.0,12.13,5.0200000000000005,2.51,1.49,0.0,0.0,0.0,344.3,0.0,-0.2,1.2000000000000002,0.9,132.6,0.0,0.0,227.5,0.0,21.700000000000003,12.3,12.3,14.3,300.0,300.0,30.9,34.1,28.8,28.0,29.9,,,,,,,,,,,,,,,,,,,,,,,,
2026-07-30T19:12:16.373Z,5.267,5.28,0.0,1.4,0.0,0.0,0.0,0.0,0.0,0.0,0.0,0.0,1.0,0.0,0.0,0.0,9.0,4.0,0.0,0.0,0.0,0.0,0.0,0.0,0.0,0.0,1.0,12.0,1.0,12.13,5.0200000000000005,2.51,1.49,0.0,0.0,0.0,344.20000000000005,0.0,0.3,-0.5,0.4,132.6,0.0,0.0,227.5,0.0,21.700000000000003,12.3,12.3,14.3,300.0,300.0,30.9,34.1,28.8,28.0,29.9,,,,,,,,,,,,,,,,,,,,,,,,
2026-07-30T19:12:16.386Z,5.28,5.292,0.0,1.4,0.0,0.0,0.0,0.0,0.0,0.0,0.0,0.0,1.0,0.0,0.0,0.0,9.0,4.0,0.0,0.0,0.0,0.0,0.0,0.0,0.0,0.0,3.0,12.0,1.0,12.13,5.0200000000000005,2.51,1.49,0.0,0.0,0.0,344.3,0.0,0.3,0.0,-0.2,132.6,0.0,0.0,227.4,0.0,21.700000000000003,12.3,12.3,14.3,300.0,300.0,30.9,34.1,28.8,28.0,29.9,,,,,,,,,,,,,,,,,,,,,,,,
2026-07-30T19:12:16.398Z,5.292,5.304,0.0,1.4,0.0,0.0,0.0,0.0,0.0,0.0,0.0,0.0,1.0,0.0,0.0,0.0,9.0,4.0,0.0,0.0,0.0,0.0,0.0,0.0,0.0,0.0,4.0,12.0,1.0,12.14,5.0200000000000005,2.51,1.49,0.0,0.0,0.0,344.3,0.0,-0.1,-0.5,-1.2000000000000002,132.6,0.0,0.0,227.4,0.0,21.8,12.6,12.6,14.5,300.0,300.0,30.8,34.0,28.8,27.9,29.9,,,,,,,,,,,,,,,,,,,,,,,,
2026-07-30T19:12:16.410Z,5.304,5.316,0.0,1.4,0.0,0.0,0.0,0.0,0.0,0.0,0.0,0.0,1.0,0.0,0.0,0.0,9.0,4.0,0.0,0.0,0.0,0.0,0.0,0.0,0.0,0.0,5.0,12.0,1.0,12.14,5.0200000000000005,2.51,1.49,0.0,0.1,0.0,344.3,0.0,-0.1,0.6000000000000001,-0.7000000000000001,132.6,0.0,0.0,227.7,0.0,21.8,12.6,12.6,14.5,300.0,300.0,30.8,34.0,28.8,27.9,29.9,,,,,,,,,,,,,,,,,,,,,,,,
2026-07-30T19:12:16.421Z,5.315,5.328,0.0,1.4,0.0,0.0,0.0,0.0,0.0,0.0,0.0,0.0,1.0,0.0,0.0,0.0,9.0,4.0,0.0,0.0,0.0,0.0,0.0,0.0,0.0,0.0,6.0,12.0,1.0,12.14,5.0200000000000005,2.51,1.49,0.0,0.1,0.0,344.3,0.0,-0.7000000000000001,-0.5,1.0,132.6,0.0,0.0,226.7,0.0,21.8,12.6,12.6,14.5,300.0,300.0,30.8,34.0,28.8,27.9,29.9,,,,,,,,,,,,,,,,,,,,,,,,
2026-07-30T19:12:16.434Z,5.328,5.34,0.0,1.4,0.0,0.0,0.0,0.0,0.0,0.0,0.0,0.0,1.0,0.0,0.0,0.0,9.0,4.0,0.0,0.0,0.0,0.0,0.0,0.0,0.0,0.0,1.0,12.0,1.0,12.14,5.0200000000000005,2.51,1.49,0.0,0.0,0.0,344.3,0.0,-0.7000000000000001,0.0,1.0,132.6,0.0,0.0,227.5,0.0,21.8,12.6,12.6,14.5,300.0,300.0,30.8,34.0,28.8,27.9,29.9,,,,,,,,,,,,,,,,,,,,,,,,
2026-07-30T19:12:16.446Z,5.34,5.352,0.0,1.4,0.0,0.0,0.0,0.0,0.0,0.0,0.0,0.0,1.0,0.0,0.0,0.0,9.0,4.0,0.0,0.0,0.0,0.0,0.0,0.0,0.0,0.0,1.0,12.0,1.0,12.14,5.0200000000000005,2.51,1.49,0.0,0.0,0.0,344.3,0.0,0.4,0.0,0.4,132.6,0.0,0.0,227.5,0.0,21.8,12.6,12.6,14.5,300.0,300.0,30.8,34.0,28.8,27.9,29.9,,,,,,,,,,,,,,,,,,,,,,,,
2026-07-30T19:12:16.458Z,5.352,5.364,0.0,1.4,0.0,0.0,0.0,0.0,0.0,0.0,0.0,0.0,1.0,0.0,0.0,0.0,9.0,4.0,0.0,0.0,0.0,0.0,0.0,0.0,0.0,0.0,3.0,12.0,1.0,12.14,5.0200000000000005,2.51,1.49,0.0,0.0,0.0,344.3,0.0,1.0,1.2000000000000002,0.4,132.6,0.0,0.0,227.3,0.0,21.8,12.6,12.6,14.5,300.0,300.0,30.8,34.0,28.8,27.9,29.9,,,,,,,,,,,,,,,,,,,,,,,,
2026-07-30T19:12:16.469Z,5.363,5.376,0.0,1.4,0.0,0.0,0.0,0.0,0.0,0.0,0.0,0.0,1.0,0.0,0.0,0.0,9.0,4.0,0.0,0.0,0.0,0.0,0.0,0.0,0.0,0.0,4.0,12.0,1.0,12.14,5.0200000000000005,2.51,1.49,0.0,0.0,0.0,344.3,0.0,0.0,0.6000000000000001,-0.1,132.6,0.0,0.0,227.5,0.0,21.8,12.6,12.6,14.5,300.0,300.0,30.8,34.0,28.8,27.9,29.9,,,,,,,,,,,,,,,,,,,,,,,,
2026-07-30T19:12:16.481Z,5.375,5.388,0.0,1.4,0.0,0.0,0.0,0.0,0.0,0.0,0.0,0.0,1.0,0.0,0.0,0.0,9.0,4.0,0.0,0.0,0.0,0.0,0.0,0.0,0.0,0.0,6.0,12.0,1.0,12.14,5.0200000000000005,2.51,1.49,0.0,0.0,0.0,344.3,0.0,0.0,-0.5,-0.1,132.6,0.0,0.0,227.5,0.0,21.8,12.6,12.6,14.5,300.0,300.0,30.8,34.0,28.8,27.9,29.9,,,,,,,,,,,,,,,,,,,,,,,,
2026-07-30T19:12:16.493Z,5.387,5.4,0.0,1.4,0.0,0.0,0.0,0.0,0.0,0.0,0.0,0.0,1.0,0.0,0.0,0.0,9.0,4.0,0.0,0.0,0.0,0.0,0.0,0.0,0.0,0.0,1.0,12.0,1.0,12.14,5.0200000000000005,2.51,1.49,0.0,0.0,0.0,344.3,0.0,-0.6000000000000001,1.1,1.0,132.6,0.0,0.0,227.5,0.0,21.8,12.6,12.6,14.5,300.0,300.0,30.8,34.0,28.8,27.9,29.9,,,,,,,,,,,,,,,,,,,,,,,,
2026-07-30T19:12:16.505Z,5.399,5.412,0.0,1.4,0.0,0.0,0.0,0.0,0.0,0.0,0.0,0.0,1.0,0.0,0.0,0.0,9.0,4.0,0.0,0.0,0.0,0.0,0.0,0.0,0.0,0.0,2.0,12.0,1.0,12.17,5.0200000000000005,2.51,1.5,0.0,0.0,0.0,344.3,0.0,-0.1,-0.5,-0.7000000000000001,132.6,0.0,0.0,227.5,0.0,21.4,12.8,12.8,14.7,300.0,300.0,30.8,34.0,28.8,27.9,29.9,,,,,,,,,,,,,,,,,,,,,,,,
2026-07-30T19:12:16.517Z,5.411,5.424,0.0,1.4,0.0,0.0,0.0,0.0,0.0,0.0,0.0,0.0,1.0,0.0,0.0,0.0,9.0,4.0,0.0,0.0,0.0,0.0,0.0,0.0,0.0,0.0,3.0,12.0,1.0,12.17,5.0200000000000005,2.51,1.5,0.0,0.0,0.0,344.3,0.0,0.4,-1.7000000000000002,-1.8,132.6,0.0,0.0,227.5,0.0,21.4,12.8,12.8,14.7,300.0,300.0,30.8,34.0,28.8,27.9,29.9,,,,,,,,,,,,,,,,,,,,,,,,
2026-07-30T19:12:16.529Z,5.423,5.436,0.0,1.4,0.0,0.0,0.0,0.0,0.0,0.0,0.0,0.0,1.0,0.0,0.0,0.0,9.0,4.0,0.0,0.0,0.0,0.0,0.0,0.0,0.0,0.0,4.0,12.0,1.0,12.17,5.0200000000000005,2.51,1.5,0.0,0.0,0.0,344.3,0.0,-0.1,-0.5,-0.1,132.6,0.0,0.0,227.6,0.0,21.4,12.8,12.8,14.7,300.0,300.0,30.8,34.0,28.8,27.9,29.9,,,,,,,,,,,,,,,,,,,,,,,,
2026-07-30T19:12:16.541Z,5.435,5.448,0.0,1.4,0.0,0.0,0.0,0.0,0.0,0.0,0.0,0.0,1.0,0.0,0.0,0.0,9.0,4.0,0.0,0.0,0.0,0.0,0.0,0.0,0.0,0.0,5.0,12.0,1.0,12.17,5.0200000000000005,2.51,1.5,0.0,0.1,0.0,344.3,0.0,0.3,0.6000000000000001,1.0,132.6,0.0,0.0,227.6,0.0,21.4,12.8,12.8,14.7,300.0,300.0,30.8,34.0,28.8,27.9,29.9,,,,,,,,,,,,,,,,,,,,,,,,
2026-07-30T19:12:16.554Z,5.448,5.46,0.0,1.4,0.0,0.0,0.0,0.0,0.0,0.0,0.0,0.0,1.0,0.0,0.0,0.0,9.0,4.0,0.0,0.0,0.0,0.0,0.0,0.0,0.0,0.0,6.0,12.0,1.0,12.17,5.0200000000000005,2.51,1.5,0.0,0.0,0.0,344.3,0.0,-0.1,1.2000000000000002,-0.1,132.6,0.0,0.0,227.4,0.0,21.4,12.8,12.8,14.7,300.0,300.0,30.8,34.0,28.8,27.9,29.9,,,,,,,,,,,,,,,,,,,,,,,,
2026-07-30T19:12:16.565Z,5.459,5.472,0.0,1.4,0.0,0.0,0.0,0.0,0.0,0.0,0.0,0.0,1.0,0.0,0.0,0.0,9.0,4.0,0.0,0.0,0.0,0.0,0.0,0.0,0.0,0.0,2.0,12.0,1.0,12.17,5.0200000000000005,2.51,1.5,0.0,0.0,0.0,344.3,0.0,0.4,-0.5,-1.3,132.6,0.0,0.0,227.5,0.0,21.4,12.8,12.8,14.7,300.0,300.0,30.8,34.0,28.8,27.9,29.9,,,,,,,,,,,,,,,,,,,,,,,,
2026-07-30T19:12:16.577Z,5.471,5.484,0.0,1.4,0.0,0.0,0.0,0.0,0.0,0.0,0.0,0.0,1.0,0.0,0.0,0.0,9.0,4.0,0.0,0.0,0.0,0.0,0.0,0.0,0.0,0.0,3.0,12.0,1.0,12.17,5.0200000000000005,2.51,1.5,0.0,0.0,0.0,344.3,0.0,-0.7000000000000001,-1.0,-0.1,132.6,0.0,0.0,227.4,0.0,21.4,12.8,12.8,14.7,300.0,300.0,30.8,34.0,28.8,27.9,29.9,,,,,,,,,,,,,,,,,,,,,,,,
2026-07-30T19:12:16.590Z,5.484,5.496,0.0,1.4,0.0,0.0,0.0,0.0,0.0,0.0,0.0,0.0,1.0,0.0,0.0,0.0,9.0,4.0,0.0,0.0,0.0,0.0,0.0,0.0,0.0,0.0,4.0,12.0,1.0,12.17,5.0200000000000005,2.51,1.5,0.0,0.0,0.0,344.3,0.0,-0.1,0.6000000000000001,0.4,132.6,0.0,0.0,227.4,0.0,21.4,12.8,12.8,14.7,300.0,300.0,30.8,34.0,28.8,27.9,29.9,,,,,,,,,,,,,,,,,,,,,,,,
2026-07-30T19:12:16.603Z,5.497,5.508,0.0,1.4,0.0,0.0,0.0,0.0,0.0,0.0,0.0,0.0,1.0,0.0,0.0,0.0,9.0,4.0,0.0,0.0,0.0,0.0,0.0,0.0,0.0,0.0,5.0,12.0,1.0,12.15,5.0200000000000005,2.51,1.49,0.0,0.0,0.0,344.3,0.0,-0.7000000000000001,-0.5,-1.3,132.6,0.0,0.0,227.5,0.0,21.700000000000003,13.0,13.0,14.9,300.0,300.0,30.9,34.1,28.8,28.0,29.9,,,,,,,,,,,,,,,,,,,,,,,,
2026-07-30T19:12:16.614Z,5.508,5.5200000000000005,0.0,1.4,0.0,0.0,0.0,0.0,0.0,0.0,0.0,0.0,1.0,0.0,0.0,0.0,9.0,4.0,0.0,0.0,0.0,0.0,0.0,0.0,0.0,0.0,6.0,12.0,1.0,12.15,5.0200000000000005,2.51,1.49,0.0,0.0,0.0,344.3,0.0,-0.1,1.1,1.0,132.6,0.0,0.0,227.4,0.0,21.700000000000003,13.0,13.0,14.9,300.0,300.0,30.9,34.1,28.8,28.0,29.9,,,,,,,,,,,,,,,,,,,,,,,,
2026-07-30T19:12:16.626Z,5.52,5.532,0.0,1.4,0.0,0.0,0.0,0.0,0.0,0.0,0.0,0.0,1.0,0.0,0.0,0.0,9.0,4.0,0.0,0.0,0.0,0.0,0.0,0.0,0.0,0.0,1.0,12.0,1.0,12.15,5.0200000000000005,2.51,1.49,0.0,0.0,0.0,344.3,0.0,-0.1,-0.6000000000000001,-0.1,132.6,0.0,0.0,226.7,0.0,21.700000000000003,13.0,13.0,14.9,300.0,300.0,30.9,34.1,28.8,28.0,29.9,,,,,,,,,,,,,,,,,,,,,,,,
2026-07-30T19:12:16.637Z,5.531,5.5440000000000005,0.0,1.4,0.0,0.0,0.0,0.0,0.0,0.0,0.0,0.0,1.0,0.0,0.0,0.0,9.0,4.0,0.0,0.0,0.0,0.0,0.0,0.0,0.0,0.0,3.0,12.0,1.0,12.15,5.0200000000000005,2.51,1.49,0.0,0.0,0.0,344.3,0.0,-1.3,-0.5,-0.1,132.6,0.0,0.0,227.4,0.0,21.700000000000003,13.0,13.0,14.9,300.0,300.0,30.9,34.1,28.8,28.0,29.9,,,,,,,,,,,,,,,,,,,,,,,,
2026-07-30T19:12:16.650Z,5.544,5.556,0.0,1.4,0.0,0.0,0.0,0.0,0.0,0.0,0.0,0.0,1.0,0.0,0.0,0.0,9.0,4.0,0.0,0.0,0.0,0.0,0.0,0.0,0.0,0.0,4.0,12.0,1.0,12.15,5.0200000000000005,2.51,1.49,0.0,0.0,0.0,344.3,0.0,-0.7000000000000001,0.0,-0.1,132.6,0.0,0.0,227.5,0.0,21.700000000000003,13.0,13.0,14.9,300.0,300.0,30.9,34.1,28.8,28.0,29.9,,,,,,,,,,,,,,,,,,,,,,,,
2026-07-30T19:12:16.662Z,5.556,5.5680000000000005,0.0,1.4,0.0,0.0,0.0,0.0,0.0,0.0,0.0,0.0,1.0,0.0,0.0,0.0,9.0,4.0,0.0,0.0,0.0,0.0,0.0,0.0,0.0,0.0,5.0,12.0,1.0,12.15,5.0200000000000005,2.51,1.49,-0.1,0.0,0.0,344.3,0.0,-0.2,-0.6000000000000001,0.9,132.6,0.0,0.0,227.5,0.0,21.700000000000003,13.0,13.0,14.9,300.0,300.0,30.9,34.1,28.8,28.0,29.9,,,,,,,,,,,,,,,,,,,,,,,,
2026-07-30T19:12:16.674Z,5.568,5.58,0.0,1.4,0.0,0.0,0.0,0.0,0.0,0.0,0.0,0.0,1.0,0.0,0.0,0.0,9.0,4.0,0.0,0.0,0.0,0.0,0.0,0.0,0.0,0.0,6.0,12.0,1.0,12.15,5.0200000000000005,2.51,1.49,0.0,0.1,0.0,344.3,0.0,-0.2,0.0,0.9,132.6,0.0,0.0,227.5,0.0,21.700000000000003,13.0,13.0,14.9,300.0,300.0,30.9,34.1,28.8,28.0,29.9,,,,,,,,,,,,,,,,,,,,,,,,
2026-07-30T19:12:16.686Z,5.58,5.5920000000000005,0.0,1.4,0.0,0.0,0.0,0.0,0.0,0.0,0.0,0.0,1.0,0.0,0.0,0.0,9.0,4.0,0.0,0.0,0.0,0.0,0.0,0.0,0.0,0.0,1.0,12.0,1.0,12.15,5.0200000000000005,2.51,1.49,0.0,0.0,0.0,344.3,0.0,0.3,-1.1,-1.8,132.6,0.0,0.0,227.4,0.0,21.700000000000003,13.0,13.0,14.9,300.0,300.0,30.9,34.1,28.8,28.0,29.9,,,,,,,,,,,,,,,,,,,,,,,,
2026-07-30T19:12:16.697Z,5.591,5.604,0.0,1.4,0.0,0.0,0.0,0.0,0.0,0.0,0.0,0.0,1.0,0.0,0.0,0.0,9.0,4.0,0.0,0.0,0.0,0.0,0.0,0.0,0.0,0.0,2.0,12.0,1.0,12.15,5.0200000000000005,2.51,1.49,0.0,0.0,0.0,344.3,0.0,0.3,1.8,0.4,132.6,0.0,0.0,227.5,0.0,21.700000000000003,13.0,13.0,14.9,300.0,300.0,30.9,34.1,28.8,28.0,29.9,,,,,,,,,,,,,,,,,,,,,,,,
2026-07-30T19:12:16.709Z,5.603,5.6160000000000005,0.0,1.4,0.0,0.0,0.0,0.0,0.0,0.0,0.0,0.0,1.0,0.0,0.0,0.0,9.0,4.0,0.0,0.0,0.0,0.0,0.0,0.0,0.0,0.0,3.0,12.0,1.0,12.15,5.01,2.51,1.49,0.0,0.0,0.0,344.3,0.0,0.3,0.6000000000000001,0.4,132.6,0.0,0.0,227.5,0.0,21.3,13.2,13.2,15.1,300.0,300.0,30.8,34.0,28.8,27.9,29.9,,,,,,,,,,,,,,,,,,,,,,,,
2026-07-30T19:12:16.721Z,5.615,5.628,0.0,1.4,0.0,0.0,0.0,0.0,0.0,0.0,0.0,0.0,1.0,0.0,0.0,0.0,9.0,4.0,0.0,0.0,0.0,0.0,0.0,0.0,0.0,0.0,4.0,12.0,1.0,12.15,5.01,2.51,1.49,0.0,0.0,0.0,344.3,0.0,-0.1,-0.4,-0.6000000000000001,132.6,0.0,0.0,227.6,0.0,21.3,13.2,13.2,15.1,300.0,300.0,30.8,34.0,28.8,27.9,29.9,,,,,,,,,,,,,,,,,,,,,,,,
2026-07-30T19:12:16.733Z,5.627,5.64,0.0,1.4,0.0,0.0,0.0,0.0,0.0,0.0,0.0,0.0,1.0,0.0,0.0,0.0,9.0,4.0,0.0,0.0,0.0,0.0,0.0,0.0,0.0,0.0,5.0,12.0,1.0,12.15,5.01,2.51,1.49,0.0,0.0,0.0,344.3,0.0,0.3,-0.5,-0.1,132.6,0.0,0.0,226.2,0.0,21.3,13.2,13.2,15.1,300.0,300.0,30.8,34.0,28.8,27.9,29.9,,,,,,,,,,,,,,,,,,,,,,,,
2026-07-30T19:12:16.746Z,5.64,5.652,0.0,1.4,0.0,0.0,0.0,0.0,0.0,0.0,0.0,0.0,1.0,0.0,0.0,0.0,9.0,4.0,0.0,0.0,0.0,0.0,0.0,0.0,0.0,0.0,6.0,12.0,1.0,12.15,5.01,2.51,1.49,0.0,0.0,0.0,344.3,0.0,-0.2,-0.4,0.5,132.6,0.0,0.0,227.5,0.0,21.3,13.2,13.2,15.1,300.0,300.0,30.8,34.0,28.8,27.9,29.9,,,,,,,,,,,,,,,,,,,,,,,,
2026-07-30T19:12:16.757Z,5.651,5.664,0.0,1.4,0.0,0.0,0.0,0.0,0.0,0.0,0.0,0.0,1.0,0.0,0.0,0.0,9.0,4.0,0.0,0.0,0.0,0.0,0.0,0.0,0.0,0.0,1.0,12.0,1.0,12.15,5.01,2.51,1.49,0.0,0.0,0.0,344.3,0.0,0.4,0.6000000000000001,0.4,132.6,0.0,0.0,227.5,0.0,21.3,13.2,13.2,15.1,300.0,300.0,30.8,34.0,28.8,27.9,29.9,,,,,,,,,,,,,,,,,,,,,,,,
2026-07-30T19:12:16.770Z,5.664,5.676,0.0,1.4,0.0,0.0,0.0,0.0,0.0,0.0,0.0,0.0,1.0,0.0,0.0,0.0,9.0,4.0,0.0,0.0,0.0,0.0,0.0,0.0,0.0,0.0,2.0,12.0,1.0,12.15,5.01,2.51,1.49,0.0,0.0,0.0,344.3,0.0,-0.1,-1.6,-0.7000000000000001,132.6,0.0,0.0,227.5,0.0,21.3,13.2,13.2,15.1,300.0,300.0,30.8,34.0,28.8,27.9,29.9,,,,,,,,,,,,,,,,,,,,,,,,
2026-07-30T19:12:16.781Z,5.675,5.688,0.0,1.4,0.0,0.0,0.0,0.0,0.0,0.0,0.0,0.0,1.0,0.0,0.0,0.0,9.0,4.0,0.0,0.0,0.0,0.0,0.0,0.0,0.0,0.0,3.0,12.0,1.0,12.15,5.01,2.51,1.49,0.0,0.0,0.0,344.3,0.0,0.4,0.6000000000000001,-0.1,132.6,0.0,0.0,227.5,0.0,21.3,13.2,13.2,15.1,300.0,300.0,30.8,34.0,28.8,27.9,29.9,,,,,,,,,,,,,,,,,,,,,,,,
2026-07-30T19:12:16.793Z,5.687,5.7,0.0,1.4,0.0,0.0,0.0,0.0,0.0,0.0,0.0,0.0,1.0,0.0,0.0,0.0,9.0,4.0,0.0,0.0,0.0,0.0,0.0,0.0,0.0,0.0,4.0,12.0,1.0,12.15,5.01,2.51,1.49,-0.1,0.0,0.0,344.3,0.0,-0.1,1.2000000000000002,0.0,132.6,0.0,0.0,227.4,0.0,21.3,13.2,13.2,15.1,300.0,300.0,30.8,34.0,28.8,27.9,29.9,,,,,,,,,,,,,,,,,,,,,,,,
2026-07-30T19:12:16.807Z,5.701,5.712,0.0,1.4,0.0,0.0,0.0,0.0,0.0,0.0,0.0,0.0,1.0,0.0,0.0,0.0,9.0,4.0,0.0,0.0,0.0,0.0,0.0,0.0,0.0,0.0,5.0,12.0,1.0,12.15,5.01,2.51,1.49,0.0,0.0,0.0,344.3,0.0,0.4,-0.4,1.7000000000000002,132.6,0.0,0.0,227.4,0.0,21.700000000000003,13.4,13.4,15.3,300.0,300.0,31.0,34.1,28.8,28.0,29.9,,,,,,,,,,,,,,,,,,,,,,,,
2026-07-30T19:12:16.817Z,5.711,5.724,0.0,1.4,0.0,0.0,0.0,0.0,0.0,0.0,0.0,0.0,1.0,0.0,0.0,0.0,9.0,4.0,0.0,0.0,0.0,0.0,0.0,0.0,0.0,0.0,6.0,12.0,1.0,12.15,5.01,2.51,1.49,0.0,0.0,0.0,344.3,0.0,0.9,-0.4,-1.2000000000000002,132.6,0.0,0.0,227.4,0.0,21.700000000000003,13.4,13.4,15.3,300.0,300.0,31.0,34.1,28.8,28.0,29.9,,,,,,,,,,,,,,,,,,,,,,,,
2026-07-30T19:12:16.829Z,5.723,5.736,0.0,1.4,0.0,0.0,0.0,0.0,0.0,0.0,0.0,0.0,1.0,0.0,0.0,0.0,9.0,4.0,0.0,0.0,0.0,0.0,0.0,0.0,0.0,0.0,2.0,12.0,1.0,12.15,5.01,2.51,1.49,0.0,0.0,0.0,344.3,0.0,0.9,0.6000000000000001,0.5,132.6,0.0,0.0,227.5,0.0,21.700000000000003,13.4,13.4,15.3,300.0,300.0,31.0,34.1,28.8,28.0,29.9,,,,,,,,,,,,,,,,,,,,,,,,
2026-07-30T19:12:16.841Z,5.735,5.748,0.0,1.4,0.0,0.0,0.0,0.0,0.0,0.0,0.0,0.0,1.0,0.0,0.0,0.0,9.0,4.0,0.0,0.0,0.0,0.0,0.0,0.0,0.0,0.0,3.0,12.0,1.0,12.15,5.01,2.51,1.49,-0.1,0.1,0.0,344.3,0.0,0.3,0.1,-0.6000000000000001,132.6,0.0,0.0,227.4,0.0,21.700000000000003,13.4,13.4,15.3,300.0,300.0,31.0,34.1,28.8,28.0,29.9,,,,,,,,,,,,,,,,,,,,,,,,
2026-07-30T19:12:16.853Z,5.747,5.76,0.0,1.4,0.0,0.0,0.0,0.0,0.0,0.0,0.0,0.0,1.0,0.0,0.0,0.0,9.0,4.0,0.0,0.0,0.0,0.0,0.0,0.0,0.0,0.0,5.0,12.0,1.0,12.15,5.01,2.51,1.49,0.0,0.0,0.0,344.3,0.0,-0.2,0.1,1.0,132.6,0.0,0.0,227.4,0.0,21.700000000000003,13.4,13.4,15.3,300.0,300.0,31.0,34.1,28.8,28.0,29.9,,,,,,,,,,,,,,,,,,,,,,,,
2026-07-30T19:12:16.865Z,5.759,5.772,0.0,1.4,0.0,0.0,0.0,0.0,0.0,0.0,0.0,0.0,1.0,0.0,0.0,0.0,9.0,4.0,0.0,0.0,0.0,0.0,0.0,0.0,0.0,0.0,6.0,12.0,1.0,12.15,5.01,2.51,1.49,0.0,0.0,0.0,344.20000000000005,0.0,-0.7000000000000001,-0.4,1.1,132.6,0.0,0.0,227.5,0.0,21.700000000000003,13.4,13.4,15.3,300.0,300.0,31.0,34.1,28.8,28.0,29.9,,,,,,,,,,,,,,,,,,,,,,,,
2026-07-30T19:12:16.877Z,5.771,5.784,0.0,1.4,0.0,0.0,0.0,0.0,0.0,0.0,0.0,0.0,1.0,0.0,0.0,0.0,9.0,4.0,0.0,0.0,0.0,0.0,0.0,0.0,0.0,0.0,1.0,12.0,1.0,12.15,5.01,2.51,1.49,0.0,0.0,0.0,344.3,0.0,-0.2,0.1,0.0,132.6,0.0,0.0,227.4,0.0,21.700000000000003,13.4,13.4,15.3,300.0,300.0,31.0,34.1,28.8,28.0,29.9,,,,,,,,,,,,,,,,,,,,,,,,
2026-07-30T19:12:16.890Z,5.784,5.796,0.0,1.4,0.0,0.0,0.0,0.0,0.0,0.0,0.0,0.0,1.0,0.0,0.0,0.0,9.0,4.0,0.0,0.0,0.0,0.0,0.0,0.0,0.0,0.0,2.0,12.0,1.0,12.15,5.01,2.51,1.49,-0.1,0.1,0.0,344.3,0.0,-0.1,-0.4,0.0,132.6,0.0,0.0,227.3,0.0,21.700000000000003,13.4,13.4,15.3,300.0,300.0,31.0,34.1,28.8,28.0,29.9,,,,,,,,,,,,,,,,,,,,,,,,
2026-07-30T19:12:16.901Z,5.795,5.808,0.0,1.4,0.0,0.0,0.0,0.0,0.0,0.0,0.0,0.0,1.0,0.0,0.0,0.0,9.0,4.0,0.0,0.0,0.0,0.0,0.0,0.0,0.0,0.0,4.0,12.0,1.0,12.15,5.01,2.51,1.49,0.0,0.1,0.0,344.3,0.0,0.4,-0.4,1.1,132.6,0.0,0.0,227.5,0.0,21.700000000000003,13.4,13.4,15.3,300.0,300.0,31.0,34.1,28.8,28.0,29.9,,,,,,,,,,,,,,,,,,,,,,,,
2026-07-30T19:12:16.913Z,5.807,5.82,0.0,1.4,0.0,0.0,0.0,0.0,0.0,0.0,0.0,0.0,1.0,0.0,0.0,0.0,9.0,4.0,0.0,0.0,0.0,0.0,0.0,0.0,0.0,0.0,5.0,12.0,1.0,12.15,5.01,2.5,1.5,0.0,0.1,0.0,344.3,0.0,0.3,-1.0,1.1,132.6,0.0,0.0,227.5,0.0,21.200000000000003,13.6,13.6,15.5,300.0,300.0,31.0,34.1,28.8,27.9,29.9,,,,,,,,,,,,,,,,,,,,,,,,
2026-07-30T19:12:16.925Z,5.819,5.832,0.0,1.4,0.0,0.0,0.0,0.0,0.0,0.0,0.0,0.0,1.0,0.0,0.0,0.0,9.0,4.0,0.0,0.0,0.0,0.0,0.0,0.0,0.0,0.0,6.0,12.0,1.0,12.15,5.01,2.5,1.5,0.0,0.0,0.0,344.20000000000005,0.0,-0.2,0.7000000000000001,0.4,132.6,0.0,0.0,227.5,0.0,21.200000000000003,13.6,13.6,15.5,300.0,300.0,31.0,34.1,28.8,27.9,29.9,,,,,,,,,,,,,,,,,,,,,,,,
2026-07-30T19:12:16.937Z,5.831,5.844,0.0,1.4,0.0,0.0,0.0,0.0,0.0,0.0,0.0,0.0,1.0,0.0,0.0,0.0,9.0,4.0,0.0,0.0,0.0,0.0,0.0,0.0,0.0,0.0,1.0,12.0,1.0,12.15,5.01,2.5,1.5,0.0,0.0,0.0,344.3,0.0,0.3,-0.4,-0.6000000000000001,132.6,0.0,0.0,226.7,0.0,21.200000000000003,13.6,13.6,15.5,300.0,300.0,31.0,34.1,28.8,27.9,29.9,,,,,,,,,,,,,,,,,,,,,,,,
2026-07-30T19:12:16.949Z,5.843,5.856,0.0,1.4,0.0,0.0,0.0,0.0,0.0,0.0,0.0,0.0,1.0,0.0,0.0,0.0,9.0,4.0,0.0,0.0,0.0,0.0,0.0,0.0,0.0,0.0,2.0,12.0,1.0,12.15,5.01,2.5,1.5,0.0,0.0,0.0,344.3,0.0,-0.2,-0.4,-0.6000000000000001,132.6,0.0,0.0,227.6,0.0,21.200000000000003,13.6,13.6,15.5,300.0,300.0,31.0,34.1,28.8,27.9,29.9,,,,,,,,,,,,,,,,,,,,,,,,
2026-07-30T19:12:16.961Z,5.855,5.868,0.0,1.4,0.0,0.0,0.0,0.0,0.0,0.0,0.0,0.0,1.0,0.0,0.0,0.0,9.0,4.0,0.0,0.0,0.0,0.0,0.0,0.0,0.0,0.0,4.0,12.0,1.0,12.15,5.01,2.5,1.5,0.0,0.0,0.0,344.3,0.0,0.3,0.1,-0.1,132.6,0.0,0.0,227.4,0.0,21.200000000000003,13.6,13.6,15.5,300.0,300.0,31.0,34.1,28.8,27.9,29.9,,,,,,,,,,,,,,,,,,,,,,,,
2026-07-30T19:12:16.973Z,5.867,5.88,0.0,1.4,0.0,0.0,0.0,0.0,0.0,0.0,0.0,0.0,1.0,0.0,0.0,0.0,9.0,4.0,0.0,0.0,0.0,0.0,0.0,0.0,0.0,0.0,5.0,12.0,1.0,12.15,5.01,2.5,1.5,0.0,0.1,0.0,344.3,0.0,0.3,-0.4,1.0,132.6,0.0,0.0,227.5,0.0,21.200000000000003,13.6,13.6,15.5,300.0,300.0,31.0,34.1,28.8,27.9,29.9,,,,,,,,,,,,,,,,,,,,,,,,
2026-07-30T19:12:16.985Z,5.879,5.892,0.0,1.4,0.0,0.0,0.0,0.0,0.0,0.0,0.0,0.0,1.0,0.0,0.0,0.0,9.0,4.0,0.0,0.0,0.0,0.0,0.0,0.0,0.0,0.0,6.0,12.0,1.0,12.15,5.01,2.5,1.5,0.0,0.0,0.0,344.3,0.0,-0.2,0.0,0.0,132.6,0.0,0.0,227.4,0.0,21.200000000000003,13.6,13.6,15.5,300.0,300.0,31.0,34.1,28.8,27.9,29.9,,,,,,,,,,,,,,,,,,,,,,,,
2026-07-30T19:12:16.997Z,5.891,5.904,0.0,1.4,0.0,0.0,0.0,0.0,0.0,0.0,0.0,0.0,1.0,0.0,0.0,0.0,9.0,4.0,0.0,0.0,0.0,0.0,0.0,0.0,0.0,0.0,1.0,12.0,1.0,12.15,5.01,2.5,1.5,0.0,0.1,0.0,344.3,0.0,0.3,-0.4,-0.6000000000000001,132.6,0.0,0.0,227.5,0.0,21.200000000000003,13.6,13.6,15.5,300.0,300.0,31.0,34.1,28.8,27.9,29.9,,,,,,,,,,,,,,,,,,,,,,,,
2026-07-30T19:12:17.010Z,5.904,5.916,0.0,1.4,0.0,0.0,0.0,0.0,0.0,0.0,0.0,0.0,1.0,0.0,0.0,0.0,9.0,4.0,0.0,0.0,0.0,0.0,0.0,0.0,0.0,0.0,2.0,12.0,1.0,12.13,5.0200000000000005,2.51,1.49,0.0,0.0,0.0,344.3,0.0,0.9,-0.4,0.5,132.6,0.0,0.0,227.4,0.0,21.700000000000003,13.8,13.8,15.7,300.0,300.0,30.8,34.1,28.8,27.9,29.9,,,,,,,,,,,,,,,,,,,,,,,,
2026-07-30T19:12:17.021Z,5.915,5.928,0.0,1.4,0.0,0.0,0.0,0.0,0.0,0.0,0.0,0.0,1.0,0.0,0.0,0.0,9.0,4.0,0.0,0.0,0.0,0.0,0.0,0.0,0.0,0.0,4.0,12.0,1.0,12.13,5.0200000000000005,2.51,1.49,0.0,0.0,0.0,344.3,0.0,0.3,0.1,1.0,132.6,0.0,0.0,227.5,0.0,21.700000000000003,13.8,13.8,15.7,300.0,300.0,30.8,34.1,28.8,27.9,29.9,,,,,,,,,,,,,,,,,,,,,,,,
2026-07-30T19:12:17.033Z,5.927,5.94,0.0,1.4,0.0,0.0,0.0,0.0,0.0,0.0,0.0,0.0,1.0,0.0,0.0,0.0,9.0,4.0,0.0,0.0,0.0,0.0,0.0,0.0,0.0,0.0,5.0,12.0,1.0,12.13,5.0200000000000005,2.51,1.49,0.0,0.1,0.0,344.20000000000005,0.0,0.3,0.1,0.0,132.6,0.0,0.0,227.5,0.0,21.700000000000003,13.8,13.8,15.7,300.0,300.0,30.8,34.1,28.8,27.9,29.9,,,,,,,,,,,,,,,,,,,,,,,,
2026-07-30T19:12:17.045Z,5.939,5.952,0.0,1.4,0.0,0.0,0.0,0.0,0.0,0.0,0.0,0.0,1.0,0.0,0.0,0.0,9.0,4.0,0.0,0.0,0.0,0.0,0.0,0.0,0.0,0.0,1.0,12.0,1.0,12.13,5.0200000000000005,2.51,1.49,0.0,0.0,0.0,344.3,0.0,0.3,0.0,0.4,132.6,0.0,0.0,225.6,0.0,21.700000000000003,13.8,13.8,15.7,300.0,300.0,30.8,34.1,28.8,27.9,29.9,,,,,,,,,,,,,,,,,,,,,,,,
2026-07-30T19:12:17.057Z,5.951,5.964,0.0,1.4,0.0,0.0,0.0,0.0,0.0,0.0,0.0,0.0,1.0,0.0,0.0,0.0,9.0,4.0,0.0,0.0,0.0,0.0,0.0,0.0,0.0,0.0,2.0,12.0,1.0,12.13,5.0200000000000005,2.51,1.49,0.0,0.0,0.0,344.3,0.0,0.9,0.5,-0.1,132.70000000000002,0.0,0.0,227.6,0.0,21.700000000000003,13.8,13.8,15.7,300.0,300.0,30.8,34.1,28.8,27.9,29.9,,,,,,,,,,,,,,,,,,,,,,,,
2026-07-30T19:12:17.070Z,5.964,5.976,0.0,1.4,0.0,0.0,0.0,0.0,0.0,0.0,0.0,0.0,1.0,0.0,0.0,0.0,9.0,4.0,0.0,0.0,0.0,0.0,0.0,0.0,0.0,0.0,3.0,12.0,1.0,12.13,5.0200000000000005,2.51,1.49,0.0,0.0,0.0,344.3,0.0,0.3,0.6000000000000001,0.5,132.6,0.0,0.0,227.5,0.0,21.700000000000003,13.8,13.8,15.7,300.0,300.0,30.8,34.1,28.8,27.9,29.9,,,,,,,,,,,,,,,,,,,,,,,,
2026-07-30T19:12:17.081Z,5.975,5.988,0.0,1.4,0.0,0.0,0.0,0.0,0.0,0.0,0.0,0.0,1.0,0.0,0.0,0.0,9.0,4.0,0.0,0.0,0.0,0.0,0.0,0.0,0.0,0.0,5.0,12.0,1.0,12.13,5.0200000000000005,2.51,1.49,0.0,0.0,0.0,344.20000000000005,0.0,0.3,1.1,0.4,132.6,0.0,0.0,227.5,0.0,21.700000000000003,13.8,13.8,15.7,300.0,300.0,30.8,34.1,28.8,27.9,29.9,,,,,,,,,,,,,,,,,,,,,,,,
2026-07-30T19:12:17.094Z,5.988,6.0,0.0,1.4,0.0,0.0,0.0,0.0,0.0,0.0,0.0,0.0,1.0,0.0,0.0,0.0,9.0,4.0,0.0,0.0,0.0,0.0,0.0,0.0,0.0,0.0,6.0,12.0,1.0,12.13,5.0200000000000005,2.51,1.49,0.0,0.0,0.0,344.3,0.0,-0.7000000000000001,-1.1,-0.7000000000000001,132.6,0.0,0.0,227.4,0.0,21.700000000000003,13.8,13.8,15.7,300.0,300.0,30.8,34.1,28.8,27.9,29.9,,,,,,,,,,,,,,,,,,,,,,,,
2026-07-30T19:12:17.105Z,5.999,6.0120000000000005,0.0,1.4,0.0,0.0,0.0,0.0,0.0,0.0,0.0,0.0,1.0,0.0,0.0,0.0,9.0,4.0,0.0,0.0,0.0,0.0,0.0,0.0,0.0,0.0,1.0,12.0,1.0,12.13,5.0200000000000005,2.51,1.49,0.0,0.0,0.0,344.3,0.0,-0.2,-1.1,-0.7000000000000001,132.6,0.0,0.0,227.5,0.0,21.700000000000003,13.8,13.8,15.7,300.0,300.0,30.8,34.1,28.8,27.9,29.9,,,,,,,,,,,,,,,,,,,,,,,,
2026-07-30T19:12:17.118Z,6.012,6.024,0.0,1.4,0.0,0.0,0.0,0.0,0.0,0.0,0.0,0.0,1.0,0.0,0.0,0.0,9.0,4.0,0.0,0.0,0.0,0.0,0.0,0.0,0.0,0.0,2.0,12.0,1.0,12.17,5.01,2.51,1.49,0.0,0.1,0.0,344.3,0.0,0.3,-0.5,-0.1,132.6,0.0,0.0,227.5,0.0,21.3,14.0,14.0,15.8,300.0,300.0,30.8,34.2,28.8,28.0,29.9,,,,,,,,,,,,,,,,,,,,,,,,
2026-07-30T19:12:17.130Z,6.024,6.0360000000000005,0.0,1.4,0.0,0.0,0.0,0.0,0.0,0.0,0.0,0.0,1.0,0.0,0.0,0.0,9.0,4.0,0.0,0.0,0.0,0.0,0.0,0.0,0.0,0.0,3.0,12.0,1.0,12.17,5.01,2.51,1.49,0.0,0.0,0.0,344.3,0.0,-0.2,0.5,-0.7000000000000001,132.6,0.0,0.0,227.5,0.0,21.3,14.0,14.0,15.8,300.0,300.0,30.8,34.2,28.8,28.0,29.9,,,,,,,,,,,,,,,,,,,,,,,,
2026-07-30T19:12:17.141Z,6.035,6.048,0.0,1.4,0.0,0.0,0.0,0.0,0.0,0.0,0.0,0.0,1.0,0.0,0.0,0.0,9.0,4.0,0.0,0.0,0.0,0.0,0.0,0.0,0.0,0.0,5.0,12.0,1.0,12.17,5.01,2.51,1.49,0.0,0.0,0.0,344.3,0.0,0.3,0.6000000000000001,0.4,132.6,0.0,0.0,227.4,0.0,21.3,14.0,14.0,15.8,300.0,300.0,30.8,34.2,28.8,28.0,29.9,,,,,,,,,,,,,,,,,,,,,,,,
2026-07-30T19:12:17.153Z,6.047,6.0600000000000005,0.0,1.4,0.0,0.0,0.0,0.0,0.0,0.0,0.0,0.0,1.0,0.0,0.0,0.0,9.0,4.0,0.0,0.0,0.0,0.0,0.0,0.0,0.0,0.0,6.0,12.0,1.0,12.17,5.01,2.51,1.49,0.0,0.0,0.0,344.3,0.0,-0.8,0.0,-1.2000000000000002,132.6,0.0,0.0,227.3,0.0,21.3,14.0,14.0,15.8,300.0,300.0,30.8,34.2,28.8,28.0,29.9,,,,,,,,,,,,,,,,,,,,,,,,
2026-07-30T19:12:17.165Z,6.059,6.072,0.0,1.4,0.0,0.0,0.0,0.0,0.0,0.0,0.0,0.0,1.0,0.0,0.0,0.0,9.0,4.0,0.0,0.0,0.0,0.0,0.0,0.0,0.0,0.0,1.0,12.0,1.0,12.17,5.01,2.51,1.49,0.0,0.0,0.0,344.3,0.0,-0.8,0.0,-0.7000000000000001,132.6,0.0,0.0,227.5,0.0,21.3,14.0,14.0,15.8,300.0,300.0,30.8,34.2,28.8,28.0,29.9,,,,,,,,,,,,,,,,,,,,,,,,
2026-07-30T19:12:17.177Z,6.071,6.0840000000000005,0.0,1.4,0.0,0.0,0.0,0.0,0.0,0.0,0.0,0.0,1.0,0.0,0.0,0.0,9.0,4.0,0.0,0.0,0.0,0.0,0.0,0.0,0.0,0.0,2.0,12.0,1.0,12.17,5.01,2.51,1.49,0.0,0.0,0.0,344.20000000000005,0.0,-0.1,0.6000000000000001,-0.7000000000000001,132.6,0.0,0.0,227.5,0.0,21.3,14.0,14.0,15.8,300.0,300.0,30.8,34.2,28.8,28.0,29.9,,,,,,,,,,,,,,,,,,,,,,,,
2026-07-30T19:12:17.190Z,6.084,6.096,0.0,1.4,0.0,0.0,0.0,0.0,0.0,0.0,0.0,0.0,1.0,0.0,0.0,0.0,9.0,4.0,0.0,0.0,0.0,0.0,0.0,0.0,0.0,0.0,3.0,12.0,1.0,12.17,5.01,2.51,1.49,0.0,0.0,0.0,344.3,0.0,0.9,-0.5,0.4,132.6,0.0,0.0,227.5,0.0,21.3,14.0,14.0,15.8,300.0,300.0,30.8,34.2,28.8,28.0,29.9,,,,,,,,,,,,,,,,,,,,,,,,
2026-07-30T19:12:17.202Z,6.096,6.1080000000000005,0.0,1.4,0.0,0.0,0.0,0.0,0.0,0.0,0.0,0.0,1.0,0.0,0.0,0.0,9.0,4.0,0.0,0.0,0.0,0.0,0.0,0.0,0.0,0.0,4.0,12.0,1.0,12.17,5.01,2.51,1.49,0.0,0.0,0.0,344.3,0.0,0.3,0.1,-0.1,132.6,0.0,0.0,227.5,0.0,21.3,14.0,14.0,15.8,300.0,300.0,30.8,34.2,28.8,28.0,29.9,,,,,,,,,,,,,,,,,,,,,,,,
2026-07-30T19:12:17.215Z,6.109,6.12,0.0,1.4,0.0,0.0,0.0,0.0,0.0,0.0,0.0,0.0,1.0,0.0,0.0,0.0,9.0,4.0,0.0,0.0,0.0,0.0,0.0,0.0,0.0,0.0,5.0,12.0,1.0,12.11,5.0200000000000005,2.51,1.49,0.0,0.0,0.0,344.3,0.0,-0.2,0.7000000000000001,0.4,132.6,0.0,0.0,227.6,0.0,21.700000000000003,14.1,14.1,16.0,300.0,300.0,30.9,34.1,28.8,28.0,29.9,,,,,,,,,,,,,,,,,,,,,,,,
2026-07-30T19:12:17.225Z,6.119,6.132000000000001,0.0,1.4,0.0,0.0,0.0,0.0,0.0,0.0,0.0,0.0,1.0,0.0,0.0,0.0,9.0,4.0,0.0,0.0,0.0,0.0,0.0,0.0,0.0,0.0,1.0,12.0,1.0,12.11,5.0200000000000005,2.51,1.49,0.0,0.0,0.0,344.3,0.0,-0.2,0.1,0.4,132.6,0.0,0.0,227.5,0.0,21.700000000000003,14.1,14.1,16.0,300.0,300.0,30.9,34.1,28.8,28.0,29.9,,,,,,,,,,,,,,,,,,,,,,,,
2026-07-30T19:12:17.237Z,6.131,6.144,0.0,1.4,0.0,0.0,0.0,0.0,0.0,0.0,0.0,0.0,1.0,0.0,0.0,0.0,9.0,4.0,0.0,0.0,0.0,0.0,0.0,0.0,0.0,0.0,2.0,12.0,1.0,12.11,5.0200000000000005,2.51,1.49,0.0,0.0,0.0,344.3,0.0,0.9,0.7000000000000001,0.0,132.6,0.0,0.0,227.4,0.0,21.700000000000003,14.1,14.1,16.0,300.0,300.0,30.9,34.1,28.8,28.0,29.9,,,,,,,,,,,,,,,,,,,,,,,,
2026-07-30T19:12:17.250Z,6.144,6.156,0.0,1.4,0.0,0.0,0.0,0.0,0.0,0.0,0.0,0.0,1.0,0.0,0.0,0.0,9.0,4.0,0.0,0.0,0.0,0.0,0.0,0.0,0.0,0.0,3.0,12.0,1.0,12.11,5.0200000000000005,2.51,1.49,-0.1,0.0,0.0,344.3,0.0,0.3,-0.3,0.0,132.6,0.0,0.0,226.9,0.0,21.700000000000003,14.1,14.1,16.0,300.0,300.0,30.9,34.1,28.8,28.0,29.9,,,,,,,,,,,,,,,,,,,,,,,,
2026-07-30T19:12:17.262Z,6.156,6.168,0.0,1.4,0.0,0.0,0.0,0.0,0.0,0.0,0.0,0.0,1.0,0.0,0.0,0.0,9.0,4.0,0.0,0.0,0.0,0.0,0.0,0.0,0.0,0.0,5.0,12.0,1.0,12.11,5.0200000000000005,2.51,1.49,0.0,0.0,0.0,344.3,0.0,-0.2,0.2,0.0,132.6,0.0,0.0,227.5,0.0,21.700000000000003,14.1,14.1,16.0,300.0,300.0,30.9,34.1,28.8,28.0,29.9,,,,,,,,,,,,,,,,,,,,,,,,
2026-07-30T19:12:17.273Z,6.167,6.18,0.0,1.4,0.0,0.0,0.0,0.0,0.0,0.0,0.0,0.0,1.0,0.0,0.0,0.0,9.0,4.0,0.0,0.0,0.0,0.0,0.0,0.0,0.0,0.0,5.0,12.0,1.0,12.11,5.0200000000000005,2.51,1.49,0.0,0.0,0.0,344.3,0.0,-0.2,0.2,1.7000000000000002,132.6,0.0,0.0,227.6,0.0,21.700000000000003,14.1,14.1,16.0,300.0,300.0,30.9,34.1,28.8,28.0,29.9,,,,,,,,,,,,,,,,,,,,,,,,
2026-07-30T19:12:17.285Z,6.179,6.192,0.0,1.4,0.0,0.0,0.0,0.0,0.0,0.0,0.0,0.0,1.0,0.0,0.0,0.0,9.0,4.0,0.0,0.0,0.0,0.0,0.0,0.0,0.0,0.0,1.0,12.0,1.0,12.11,5.0200000000000005,2.51,1.49,0.0,0.0,0.0,344.3,0.0,-0.2,0.1,0.0,132.6,0.0,0.0,227.5,0.0,21.700000000000003,14.1,14.1,16.0,300.0,300.0,30.9,34.1,28.8,28.0,29.9,,,,,,,,,,,,,,,,,,,,,,,,
2026-07-30T19:12:17.297Z,6.191,6.204,0.0,1.4,0.0,0.0,0.0,0.0,0.0,0.0,0.0,0.0,1.0,0.0,0.0,0.0,9.0,4.0,0.0,0.0,0.0,0.0,0.0,0.0,0.0,0.0,2.0,12.0,1.0,12.11,5.0200000000000005,2.51,1.49,0.0,0.0,0.0,344.3,0.0,-0.2,-0.3,2.8000000000000003,132.6,0.0,0.0,227.5,0.0,21.700000000000003,14.1,14.1,16.0,300.0,300.0,30.9,34.1,28.8,28.0,29.9,,,,,,,,,,,,,,,,,,,,,,,,
2026-07-30T19:12:17.309Z,6.203,6.216,0.0,1.4,0.0,0.0,0.0,0.0,0.0,0.0,0.0,0.0,1.0,0.0,0.0,0.0,9.0,4.0,0.0,0.0,0.0,0.0,0.0,0.0,0.0,0.0,3.0,12.0,1.0,12.11,5.0200000000000005,2.51,1.49,0.0,0.0,0.0,344.3,0.0,0.9,-0.4,-0.6000000000000001,132.6,0.0,0.0,227.5,0.0,21.700000000000003,14.1,14.1,16.0,300.0,300.0,30.9,34.1,28.8,28.0,29.9,,,,,,,,,,,,,,,,,,,,,,,,
2026-07-30T19:12:17.321Z,6.215,6.228,0.0,1.4,0.0,0.0,0.0,0.0,0.0,0.0,0.0,0.0,1.0,0.0,0.0,0.0,9.0,4.0,0.0,0.0,0.0,0.0,0.0,0.0,0.0,0.0,4.0,12.0,1.0,12.18,5.01,2.5,1.49,0.0,0.0,0.0,344.3,0.0,-0.8,-0.3,-0.5,132.6,0.0,0.0,227.5,0.0,21.700000000000003,14.3,14.3,16.2,300.0,300.0,30.8,34.1,28.8,28.0,29.9,,,,,,,,,,,,,,,,,,,,,,,,
2026-07-30T19:12:17.334Z,6.228,6.24,0.0,1.4,0.0,0.0,0.0,0.0,0.0,0.0,0.0,0.0,1.0,0.0,0.0,0.0,9.0,4.0,0.0,0.0,0.0,0.0,0.0,0.0,0.0,0.0,4.0,12.0,1.0,12.18,5.01,2.5,1.49,0.0,0.0,0.0,344.3,0.0,0.3,0.7000000000000001,0.0,132.6,0.0,0.0,227.5,0.0,21.700000000000003,14.3,14.3,16.2,300.0,300.0,30.8,34.1,28.8,28.0,29.9,,,,,,,,,,,,,,,,,,,,,,,,
2026-07-30T19:12:17.346Z,6.24,6.252,-0.1,1.4,0.0,0.0,0.0,0.0,0.0,0.0,0.0,0.0,1.0,0.0,0.0,0.0,9.0,4.0,0.0,0.0,0.0,0.0,0.0,0.0,0.0,0.0,5.0,12.0,1.0,12.18,5.01,2.5,1.49,0.0,0.0,0.0,344.3,0.0,-0.2,0.2,0.0,132.6,0.0,0.0,227.5,0.0,21.700000000000003,14.3,14.3,16.2,300.0,300.0,30.8,34.1,28.8,28.0,29.9,,,,,,,,,,,,,,,,,,,,,,,,
2026-07-30T19:12:17.358Z,6.252,6.264,-0.1,1.4,0.0,0.0,0.0,0.0,0.0,0.0,0.0,0.0,1.0,0.0,0.0,0.0,9.0,4.0,0.0,0.0,0.0,0.0,0.0,0.0,0.0,0.0,6.0,12.0,1.0,12.18,5.01,2.5,1.49,0.0,0.0,0.0,344.3,0.0,-0.2,0.2,0.0,132.6,0.0,0.0,225.9,0.0,21.700000000000003,14.3,14.3,16.2,300.0,300.0,30.8,34.1,28.8,28.0,29.9,,,,,,,,,,,,,,,,,,,,,,,,
2026-07-30T19:12:17.370Z,6.264,6.276,-0.1,1.4,0.0,0.0,0.0,0.0,0.0,0.0,0.0,0.0,1.0,0.0,0.0,0.0,9.0,4.0,0.0,0.0,0.0,0.0,0.0,0.0,0.0,0.0,1.0,12.0,1.0,12.18,5.01,2.5,1.49,0.0,0.0,0.0,344.3,0.0,-0.8,0.2,-0.6000000000000001,132.6,0.0,0.0,227.5,0.0,21.700000000000003,14.3,14.3,16.2,300.0,300.0,30.8,34.1,28.8,28.0,29.9,,,,,,,,,,,,,,,,,,,,,,,,
2026-07-30T19:12:17.382Z,6.276,6.288,0.0,1.4,0.0,0.0,0.0,0.0,0.0,0.0,0.0,0.0,1.0,0.0,0.0,0.0,9.0,4.0,0.0,0.0,0.0,0.0,0.0,0.0,0.0,0.0,2.0,12.0,1.0,12.18,5.01,2.5,1.49,0.0,0.0,0.0,344.3,0.0,-0.2,-0.9,0.0,132.6,0.0,0.0,227.5,0.0,21.700000000000003,14.3,14.3,16.2,300.0,300.0,30.8,34.1,28.8,28.0,29.9,,,,,,,,,,,,,,,,,,,,,,,,
2026-07-30T19:12:17.393Z,6.287,6.3,-0.1,1.4,0.0,0.0,0.0,0.0,0.0,0.0,0.0,0.0,1.0,0.0,0.0,0.0,9.0,4.0,0.0,0.0,0.0,0.0,0.0,0.0,0.0,0.0,3.0,12.0,1.0,12.18,5.01,2.5,1.49,0.0,0.0,0.0,344.3,0.0,-0.2,0.2,0.4,132.6,0.0,0.0,227.4,0.0,21.700000000000003,14.3,14.3,16.2,300.0,300.0,30.8,34.1,28.8,28.0,29.9,,,,,,,,,,,,,,,,,,,,,,,,
2026-07-30T19:12:17.405Z,6.299,6.312,-0.1,1.4,0.0,0.0,0.0,0.0,0.0,0.0,0.0,0.0,1.0,0.0,0.0,0.0,9.0,4.0,0.0,0.0,0.0,0.0,0.0,0.0,0.0,0.0,4.0,12.0,1.0,12.18,5.01,2.5,1.49,0.0,0.0,0.0,344.20000000000005,0.0,-0.2,0.8,0.4,132.6,0.0,0.0,227.5,0.0,21.700000000000003,14.3,14.3,16.2,300.0,300.0,30.8,34.1,28.8,28.0,29.9,,,,,,,,,,,,,,,,,,,,,,,,
2026-07-30T19:12:17.419Z,6.313,6.324,-0.1,1.4,0.0,0.0,0.0,0.0,0.0,0.0,0.0,0.0,1.0,0.0,0.0,0.0,9.0,4.0,0.0,0.0,0.0,0.0,0.0,0.0,0.0,0.0,6.0,12.0,1.0,12.19,5.01,2.51,1.49,0.0,0.0,0.0,344.3,0.0,0.9,0.2,1.6,132.6,0.0,0.0,227.5,0.0,21.3,14.5,14.5,16.400000000000002,300.0,300.0,30.9,34.1,28.8,28.0,29.9,,,,,,,,,,,,,,,,,,,,,,,,
2026-07-30T19:12:17.429Z,6.323,6.336,-0.1,1.4,0.0,0.0,0.0,0.0,0.0,0.0,0.0,0.0,1.0,0.0,0.0,0.0,9.0,4.0,0.0,0.0,0.0,0.0,0.0,0.0,0.0,0.0,1.0,12.0,1.0,12.19,5.01,2.51,1.49,0.0,0.1,0.0,344.3,0.0,0.2,-0.3,-0.6000000000000001,132.6,0.0,0.0,227.5,0.0,21.3,14.5,14.5,16.400000000000002,300.0,300.0,30.9,34.1,28.8,28.0,29.9,,,,,,,,,,,,,,,,,,,,,,,,
2026-07-30T19:12:17.441Z,6.335,6.348,-0.1,1.4,0.0,0.0,0.0,0.0,0.0,0.0,0.0,0.0,1.0,0.0,0.0,0.0,9.0,4.0,0.0,0.0,0.0,0.0,0.0,0.0,0.0,0.0,2.0,12.0,1.0,12.19,5.01,2.51,1.49,0.0,0.0,0.0,344.3,0.0,0.8,-0.9,-0.6000000000000001,132.6,0.0,0.0,227.5,0.0,21.3,14.5,14.5,16.400000000000002,300.0,300.0,30.9,34.1,28.8,28.0,29.9,,,,,,,,,,,,,,,,,,,,,,,,
2026-07-30T19:12:17.454Z,6.348,6.36,-0.1,1.4,0.0,0.0,0.0,0.0,0.0,0.0,0.0,0.0,1.0,0.0,0.0,0.0,9.0,4.0,0.0,0.0,0.0,0.0,0.0,0.0,0.0,0.0,3.0,12.0,1.0,12.19,5.01,2.51,1.49,0.0,0.0,0.0,344.3,0.0,-0.8,0.2,0.0,132.6,0.0,0.0,227.2,0.0,21.3,14.5,14.5,16.400000000000002,300.0,300.0,30.9,34.1,28.8,28.0,29.9,,,,,,,,,,,,,,,,,,,,,,,,
2026-07-30T19:12:17.466Z,6.36,6.372,-0.1,1.4,0.0,0.0,0.0,0.0,0.0,0.0,0.0,0.0,1.0,0.0,0.0,0.0,9.0,4.0,0.0,0.0,0.0,0.0,0.0,0.0,0.0,0.0,4.0,12.0,1.0,12.19,5.01,2.51,1.49,0.0,0.0,0.0,344.3,0.0,0.8,0.8,-0.6000000000000001,132.70000000000002,0.0,0.0,226.7,0.0,21.3,14.5,14.5,16.400000000000002,300.0,300.0,30.9,34.1,28.8,28.0,29.9,,,,,,,,,,,,,,,,,,,,,,,,
2026-07-30T19:12:17.478Z,6.372,6.384,-0.1,1.4,0.0,0.0,0.0,0.0,0.0,0.0,0.0,0.0,1.0,0.0,0.0,0.0,9.0,4.0,0.0,0.0,0.0,0.0,0.0,0.0,0.0,0.0,5.0,12.0,1.0,12.19,5.01,2.51,1.49,0.0,0.0,0.0,344.3,0.0,0.3,-0.8,0.5,132.6,0.0,0.0,227.5,0.0,21.3,14.5,14.5,16.400000000000002,300.0,300.0,30.9,34.1,28.8,28.0,29.9,,,,,,,,,,,,,,,,,,,,,,,,
2026-07-30T19:12:17.490Z,6.384,6.396,-0.1,1.4,0.0,0.0,0.0,0.0,0.0,0.0,0.0,0.0,1.0,0.0,0.0,0.0,9.0,4.0,0.0,0.0,0.0,0.0,0.0,0.0,0.0,0.0,6.0,12.0,1.0,12.19,5.01,2.51,1.49,0.0,0.0,0.0,344.3,0.0,0.8,-0.2,-0.5,132.6,0.0,0.0,227.4,0.0,21.3,14.5,14.5,16.400000000000002,300.0,300.0,30.9,34.1,28.8,28.0,29.9,,,,,,,,,,,,,,,,,,,,,,,,
2026-07-30T19:12:17.502Z,6.396,6.408,-0.1,1.4,0.0,0.0,0.0,0.0,0.0,0.0,0.0,0.0,1.0,0.0,0.0,0.0,9.0,4.0,0.0,0.0,0.0,0.0,0.0,0.0,0.0,0.0,2.0,12.0,1.0,12.19,5.01,2.51,1.49,0.0,0.0,0.0,344.3,0.0,-0.3,-0.2,0.0,132.6,0.0,0.0,227.3,0.0,21.3,14.5,14.5,16.400000000000002,300.0,300.0,30.9,34.1,28.8,28.0,29.9,,,,,,,,,,,,,,,,,,,,,,,,
2026-07-30T19:12:17.514Z,6.408,6.42,-0.1,1.4,0.0,0.0,0.0,0.0,0.0,0.0,0.0,0.0,1.0,0.0,0.0,0.0,9.0,4.0,0.0,0.0,0.0,0.0,0.0,0.0,0.0,0.0,2.0,12.0,1.0,12.19,5.01,2.51,1.49,0.0,0.0,0.0,344.3,0.0,-0.9,1.4,0.0,132.6,0.0,0.0,227.5,0.0,21.3,14.5,14.5,16.400000000000002,300.0,300.0,30.9,34.1,28.8,28.0,29.9,,,,,,,,,,,,,,,,,,,,,,,,
2026-07-30T19:12:17.526Z,6.42,6.432,-0.1,1.4,0.0,0.0,0.0,0.0,0.0,0.0,0.0,0.0,1.0,0.0,0.0,0.0,9.0,4.0,0.0,0.0,0.0,0.0,0.0,0.0,0.0,0.0,4.0,12.0,1.0,12.17,5.0200000000000005,2.51,1.49,0.0,0.0,0.0,344.3,0.0,0.2,-0.3,1.1,132.6,0.0,0.0,227.4,0.0,21.4,14.7,14.7,16.6,300.0,300.0,30.9,34.1,28.8,28.0,29.9,,,,,,,,,,,,,,,,,,,,,,,,
2026-07-30T19:12:17.537Z,6.431,6.444,-0.2,1.4,0.0,0.0,0.0,0.0,0.0,0.0,0.0,0.0,1.0,0.0,0.0,0.0,9.0,4.0,0.0,0.0,0.0,0.0,0.0,0.0,0.0,0.0,5.0,12.0,1.0,12.17,5.0200000000000005,2.51,1.49,0.0,0.0,0.0,344.3,0.0,0.8,0.2,0.6000000000000001,132.6,0.0,0.0,227.5,0.0,21.4,14.7,14.7,16.6,300.0,300.0,30.9,34.1,28.8,28.0,29.9,,,,,,,,,,,,,,,,,,,,,,,,
2026-07-30T19:12:17.549Z,6.443,6.456,-0.2,1.4,0.0,0.0,0.0,0.0,0.0,0.0,0.0,0.0,1.0,0.0,0.0,0.0,9.0,4.0,0.0,0.0,0.0,0.0,0.0,0.0,0.0,0.0,6.0,12.0,1.0,12.17,5.0200000000000005,2.51,1.49,0.0,0.0,0.0,344.3,0.0,0.2,0.2,0.0,132.6,0.0,0.0,227.4,0.0,21.4,14.7,14.7,16.6,300.0,300.0,30.9,34.1,28.8,28.0,29.9,,,,,,,,,,,,,,,,,,,,,,,,
2026-07-30T19:12:17.561Z,6.455,6.468,-0.1,1.4,0.0,0.0,0.0,0.0,0.0,0.0,0.0,0.0,1.0,0.0,0.0,0.0,9.0,4.0,0.0,0.0,0.0,0.0,0.0,0.0,0.0,0.0,1.0,12.0,1.0,12.17,5.0200000000000005,2.51,1.49,0.0,0.0,0.0,344.3,0.0,-0.2,0.2,-0.5,132.6,0.0,0.0,227.3,0.0,21.4,14.7,14.7,16.6,300.0,300.0,30.9,34.1,28.8,28.0,29.9,,,,,,,,,,,,,,,,,,,,,,,,
2026-07-30T19:12:17.573Z,6.467,6.48,-0.1,1.4,0.0,0.0,0.0,0.0,0.0,0.0,0.0,0.0,1.0,0.0,0.0,0.0,9.0,4.0,0.0,0.0,0.0,0.0,0.0,0.0,0.0,0.0,2.0,12.0,1.0,12.17,5.0200000000000005,2.51,1.49,0.0,0.0,0.0,344.3,0.0,-0.8,-0.2,1.8,132.70000000000002,0.0,0.0,227.4,0.0,21.4,14.7,14.7,16.6,300.0,300.0,30.9,34.1,28.8,28.0,29.9,,,,,,,,,,,,,,,,,,,,,,,,
2026-07-30T19:12:17.585Z,6.479,6.492,-0.2,1.4,0.0,0.0,0.0,0.0,0.0,0.0,0.0,0.0,1.0,0.0,0.0,0.0,9.0,4.0,0.0,0.0,0.0,0.0,0.0,0.0,0.0,0.0,3.0,12.0,1.0,12.17,5.0200000000000005,2.51,1.49,0.0,0.0,0.0,344.20000000000005,0.0,-0.3,0.2,1.2000000000000002,132.70000000000002,0.0,0.0,227.4,0.0,21.4,14.7,14.7,16.6,300.0,300.0,30.9,34.1,28.8,28.0,29.9,,,,,,,,,,,,,,,,,,,,,,,,
2026-07-30T19:12:17.597Z,6.491,6.504,-0.2,1.4,0.0,0.0,0.0,0.0,0.0,0.0,0.0,0.0,1.0,0.0,0.0,0.0,9.0,4.0,0.0,0.0,0.0,0.0,0.0,0.0,0.0,0.0,4.0,12.0,1.0,12.17,5.0200000000000005,2.51,1.49,0.0,0.0,0.0,344.20000000000005,0.0,-0.3,2.0,1.8,132.70000000000002,0.0,0.0,227.5,0.0,21.4,14.7,14.7,16.6,300.0,300.0,30.9,34.1,28.8,28.0,29.9,,,,,,,,,,,,,,,,,,,,,,,,
2026-07-30T19:12:17.610Z,6.504,6.516,-0.2,1.4,0.0,0.0,0.0,0.0,0.0,0.0,0.0,0.0,1.0,0.0,0.0,0.0,9.0,4.0,0.0,0.0,0.0,0.0,0.0,0.0,0.0,0.0,5.0,12.0,1.0,12.17,5.0200000000000005,2.51,1.49,0.0,0.0,0.0,344.3,0.0,-0.3,-0.9,-1.6,132.6,0.0,0.0,227.4,0.0,21.4,14.7,14.7,16.6,300.0,300.0,30.9,34.1,28.8,28.0,29.9,,,,,,,,,,,,,,,,,,,,,,,,
2026-07-30T19:12:17.623Z,6.517,6.5280000000000005,-0.1,1.4,0.0,0.0,0.0,0.0,0.0,0.0,0.0,0.0,1.0,0.0,0.0,0.0,9.0,4.0,0.0,0.0,0.0,0.0,0.0,0.0,0.0,0.0,6.0,12.0,1.0,12.09,5.0200000000000005,2.5,1.49,0.0,0.0,0.0,344.3,0.0,-0.3,0.8,0.6000000000000001,132.6,0.0,0.0,227.5,0.0,21.4,14.9,14.9,16.7,300.0,300.0,30.9,34.1,28.8,28.0,29.9,,,,,,,,,,,,,,,,,,,,,,,,
2026-07-30T19:12:17.633Z,6.527,6.54,-0.1,1.4,0.0,0.0,0.0,0.0,0.0,0.0,0.0,0.0,1.0,0.0,0.0,0.0,9.0,4.0,0.0,0.0,0.0,0.0,0.0,0.0,0.0,0.0,2.0,12.0,1.0,12.09,5.0200000000000005,2.5,1.49,0.0,0.0,0.0,344.3,0.0,0.2,-0.8,-0.5,132.6,0.0,0.0,227.5,0.0,21.4,14.9,14.9,16.7,300.0,300.0,30.9,34.1,28.8,28.0,29.9,,,,,,,,,,,,,,,,,,,,,,,,
2026-07-30T19:12:17.645Z,6.539,6.5520000000000005,-0.1,1.4,0.0,0.0,0.0,0.0,0.0,0.0,0.0,0.0,1.0,0.0,0.0,0.0,9.0,4.0,0.0,0.0,0.0,0.0,0.0,0.0,0.0,0.0,3.0,12.0,1.0,12.09,5.0200000000000005,2.5,1.49,0.0,0.0,0.0,344.3,0.0,-0.3,0.2,-0.5,132.6,0.0,0.0,227.4,0.0,21.4,14.9,14.9,16.7,300.0,300.0,30.9,34.1,28.8,28.0,29.9,,,,,,,,,,,,,,,,,,,,,,,,
2026-07-30T19:12:17.657Z,6.551,6.564,-0.1,1.4,0.0,0.0,0.0,0.0,0.0,0.0,0.0,0.0,1.0,0.0,0.0,0.0,9.0,4.0,0.0,0.0,0.0,0.0,0.0,0.0,0.0,0.0,4.0,12.0,1.0,12.09,5.0200000000000005,2.5,1.49,-0.1,0.1,0.0,344.3,0.0,-0.9,0.7000000000000001,-0.5,132.6,0.0,0.0,227.4,0.0,21.4,14.9,14.9,16.7,300.0,300.0,30.9,34.1,28.8,28.0,29.9,,,,,,,,,,,,,,,,,,,,,,,,
2026-07-30T19:12:17.669Z,6.563,6.5760000000000005,-0.1,1.4,0.0,0.0,0.0,0.0,0.0,0.0,0.0,0.0,1.0,0.0,0.0,0.0,9.0,4.0,0.0,0.0,0.0,0.0,0.0,0.0,0.0,0.0,5.0,12.0,1.0,12.09,5.0200000000000005,2.5,1.49,0.0,0.0,0.0,344.3,0.0,0.1,0.7000000000000001,0.0,132.70000000000002,0.0,0.0,226.0,0.0,21.4,14.9,14.9,16.7,300.0,300.0,30.9,34.1,28.8,28.0,29.9,,,,,,,,,,,,,,,,,,,,,,,,
2026-07-30T19:12:17.681Z,6.575,6.588,-0.1,1.4,0.0,0.0,0.0,0.0,0.0,0.0,0.0,0.0,1.0,0.0,0.0,0.0,9.0,4.0,0.0,0.0,0.0,0.0,0.0,0.0,0.0,0.0,6.0,12.0,1.0,12.09,5.0200000000000005,2.5,1.49,0.0,0.0,0.0,344.3,0.0,0.1,0.7000000000000001,0.0,132.70000000000002,0.0,0.0,227.4,0.0,21.4,14.9,14.9,16.7,300.0,300.0,30.9,34.1,28.8,28.0,29.9,,,,,,,,,,,,,,,,,,,,,,,,
2026-07-30T19:12:17.695Z,6.589,6.6000000000000005,-0.1,1.4,0.0,0.0,0.0,0.0,0.0,0.0,0.0,0.0,1.0,0.0,0.0,0.0,9.0,4.0,0.0,0.0,0.0,0.0,0.0,0.0,0.0,0.0,1.0,12.0,1.0,12.09,5.0200000000000005,2.5,1.49,0.0,0.0,0.0,344.3,0.0,-1.0,0.7000000000000001,-0.6000000000000001,132.70000000000002,0.0,0.0,227.4,0.0,21.4,14.9,14.9,16.7,300.0,300.0,30.9,34.1,28.8,28.0,29.9,,,,,,,,,,,,,,,,,,,,,,,,
2026-07-30T19:12:17.705Z,6.599,6.612,-0.1,1.4,0.0,0.0,0.0,0.0,0.0,0.0,0.0,0.0,1.0,0.0,0.0,0.0,9.0,4.0,0.0,0.0,0.0,0.0,0.0,0.0,0.0,0.0,2.0,12.0,1.0,12.09,5.0200000000000005,2.5,1.49,0.0,0.0,0.0,344.20000000000005,0.0,0.1,1.3,0.6000000000000001,132.70000000000002,0.0,0.0,227.4,0.0,21.4,14.9,14.9,16.7,300.0,300.0,30.9,34.1,28.8,28.0,29.9,,,,,,,,,,,,,,,,,,,,,,,,
2026-07-30T19:12:17.717Z,6.611,6.6240000000000006,-0.1,1.4,0.0,0.0,0.0,0.0,0.0,0.0,0.0,0.0,1.0,0.0,0.0,0.0,9.0,4.0,0.0,0.0,0.0,0.0,0.0,0.0,0.0,0.0,3.0,12.0,1.0,12.09,5.0200000000000005,2.5,1.49,0.0,0.0,0.0,344.3,0.0,-0.4,-0.4,0.0,132.70000000000002,0.0,0.0,227.2,0.0,21.4,14.9,14.9,16.7,300.0,300.0,30.9,34.1,28.8,28.0,29.9,,,,,,,,,,,,,,,,,,,,,,,,
2026-07-30T19:12:17.729Z,6.623,6.636,-0.1,1.4,0.0,0.0,0.0,0.0,0.0,0.0,0.0,0.0,1.0,0.0,0.0,0.0,9.0,4.0,0.0,0.0,0.0,0.0,0.0,0.0,0.0,0.0,4.0,12.0,1.0,12.15,5.01,2.5,1.49,0.0,0.0,0.0,344.3,0.0,0.1,-1.0,-0.6000000000000001,132.70000000000002,0.0,0.0,227.4,0.0,21.700000000000003,15.1,15.1,16.900000000000002,300.0,300.0,30.8,34.1,28.8,27.9,29.9,,,,,,,,,,,,,,,,,,,,,,,,
2026-07-30T19:12:17.741Z,6.635,6.648000000000001,-0.1,1.4,0.0,0.0,0.0,0.0,0.0,0.0,0.0,0.0,1.0,0.0,0.0,0.0,9.0,4.0,0.0,0.0,0.0,0.0,0.0,0.0,0.0,0.0,5.0,12.0,1.0,12.15,5.01,2.5,1.49,0.0,0.0,0.0,344.3,0.0,1.3,1.8,2.2,132.70000000000002,0.0,0.0,227.4,0.0,21.700000000000003,15.1,15.1,16.900000000000002,300.0,300.0,30.8,34.1,28.8,27.9,29.9,,,,,,,,,,,,,,,,,,,,,,,,
2026-07-30T19:12:17.754Z,6.648,6.66,0.0,1.4,0.0,0.0,0.0,0.0,0.0,0.0,0.0,0.0,1.0,0.0,0.0,0.0,9.0,4.0,0.0,0.0,0.0,0.0,0.0,0.0,0.0,0.0,6.0,12.0,1.0,12.15,5.01,2.5,1.49,0.0,0.0,0.0,344.3,0.0,-0.4,0.0,-0.1,132.70000000000002,0.0,0.0,227.4,0.0,21.700000000000003,15.1,15.1,16.900000000000002,300.0,300.0,30.8,34.1,28.8,27.9,29.9,,,,,,,,,,,,,,,,,,,,,,,,
2026-07-30T19:12:17.765Z,6.659,6.672,0.0,1.4,0.0,0.0,0.0,0.0,0.0,0.0,0.0,0.0,1.0,0.0,0.0,0.0,9.0,4.0,0.0,0.0,0.0,0.0,0.0,0.0,0.0,0.0,1.0,12.0,1.0,12.15,5.01,2.5,1.49,0.0,0.0,0.0,344.3,0.0,0.1,0.6000000000000001,-0.6000000000000001,132.70000000000002,0.0,0.0,227.4,0.0,21.700000000000003,15.1,15.1,16.900000000000002,300.0,300.0,30.8,34.1,28.8,27.9,29.9,,,,,,,,,,,,,,,,,,,,,,,,
2026-07-30T19:12:17.777Z,6.671,6.684,0.0,1.4,0.0,0.0,0.0,0.0,0.0,0.0,0.0,0.0,1.0,0.0,0.0,0.0,9.0,4.0,0.0,0.0,0.0,0.0,0.0,0.0,0.0,0.0,2.0,12.0,1.0,12.15,5.01,2.5,1.49,0.0,0.0,0.0,344.3,0.0,-0.4,0.0,-0.7000000000000001,132.70000000000002,0.0,0.0,226.8,0.0,21.700000000000003,15.1,15.1,16.900000000000002,300.0,300.0,30.8,34.1,28.8,27.9,29.9,,,,,,,,,,,,,,,,,,,,,,,,
2026-07-30T19:12:17.789Z,6.683,6.696,0.0,1.4,0.0,0.0,0.0,0.0,0.0,0.0,0.0,0.0,1.0,0.0,0.0,0.0,9.0,4.0,0.0,0.0,0.0,0.0,0.0,0.0,0.0,0.0,3.0,12.0,1.0,12.15,5.01,2.5,1.49,0.0,0.0,0.0,344.20000000000005,0.0,0.7000000000000001,0.6000000000000001,0.4,132.70000000000002,0.0,0.0,227.5,0.0,21.700000000000003,15.1,15.1,16.900000000000002,300.0,300.0,30.8,34.1,28.8,27.9,29.9,,,,,,,,,,,,,,,,,,,,,,,,
2026-07-30T19:12:17.801Z,6.695,6.708,0.0,1.4,0.0,0.0,0.0,0.0,0.0,0.0,0.0,0.0,1.0,0.0,0.0,0.0,9.0,4.0,0.0,0.0,0.0,0.0,0.0,0.0,0.0,0.0,4.0,12.0,1.0,12.15,5.01,2.5,1.49,0.0,0.1,0.0,344.3,0.0,0.1,0.0,-0.1,132.70000000000002,0.0,0.0,227.3,0.0,21.700000000000003,15.1,15.1,16.900000000000002,300.0,300.0,30.8,34.1,28.8,27.9,29.9,,,,,,,,,,,,,,,,,,,,,,,,
2026-07-30T19:12:17.814Z,6.708,6.72,0.0,1.4,0.0,0.0,0.0,0.0,0.0,0.0,0.0,0.0,1.0,0.0,0.0,0.0,9.0,4.0,0.0,0.0,0.0,0.0,0.0,0.0,0.0,0.0,5.0,12.0,1.0,12.15,5.01,2.5,1.49,0.0,0.0,0.0,344.20000000000005,0.0,0.1,-1.1,-0.7000000000000001,132.70000000000002,0.0,0.0,227.4,0.0,21.700000000000003,15.1,15.1,16.900000000000002,300.0,300.0,30.8,34.1,28.8,27.9,29.9,,,,,,,,,,,,,,,,,,,,,,,,
2026-07-30T19:12:17.827Z,6.721,6.732,0.0,1.4,0.0,0.0,0.0,0.0,0.0,0.0,0.0,0.0,1.0,0.0,0.0,0.0,9.0,4.0,0.0,0.0,0.0,0.0,0.0,0.0,0.0,0.0,6.0,12.0,1.0,12.15,5.01,2.51,1.49,0.0,0.0,0.0,344.20000000000005,0.0,0.1,-1.0,0.9,132.70000000000002,0.0,0.0,227.5,0.0,21.3,15.2,15.2,17.1,300.0,300.0,30.9,34.1,28.8,27.9,29.9,,,,,,,,,,,,,,,,,,,,,,,,
2026-07-30T19:12:17.838Z,6.732,6.744,0.0,1.4,0.0,0.0,0.0,0.0,0.0,0.0,0.0,0.0,1.0,0.0,0.0,0.0,9.0,4.0,0.0,0.0,0.0,0.0,0.0,0.0,0.0,0.0,2.0,12.0,1.0,12.15,5.01,2.51,1.49,0.0,0.0,0.0,344.3,0.0,-1.0,-0.5,-0.2,132.70000000000002,0.0,0.0,227.5,0.0,21.3,15.2,15.2,17.1,300.0,300.0,30.9,34.1,28.8,27.9,29.9,,,,,,,,,,,,,,,,,,,,,,,,
2026-07-30T19:12:17.849Z,6.743,6.756,0.0,1.4,0.0,0.0,0.0,0.0,0.0,0.0,0.0,0.0,1.0,0.0,0.0,0.0,9.0,4.0,0.0,0.0,0.0,0.0,0.0,0.0,0.0,0.0,3.0,12.0,1.0,12.15,5.01,2.51,1.49,0.0,0.0,0.0,344.3,0.0,0.1,1.2000000000000002,0.9,132.70000000000002,0.0,0.0,227.3,0.0,21.3,15.2,15.2,17.1,300.0,300.0,30.9,34.1,28.8,27.9,29.9,,,,,,,,,,,,,,,,,,,,,,,,
2026-07-30T19:12:17.861Z,6.755,6.768,0.0,1.4,0.0,0.0,0.0,0.0,0.0,0.0,0.0,0.0,1.0,0.0,0.0,0.0,9.0,4.0,0.0,0.0,0.0,0.0,0.0,0.0,0.0,0.0,4.0,12.0,1.0,12.15,5.01,2.51,1.49,0.0,0.0,0.0,344.20000000000005,0.0,0.2,-1.1,-1.3,132.70000000000002,0.0,0.0,227.3,0.0,21.3,15.2,15.2,17.1,300.0,300.0,30.9,34.1,28.8,27.9,29.9,,,,,,,,,,,,,,,,,,,,,,,,
2026-07-30T19:12:17.874Z,6.768,6.78,0.0,1.4,0.0,0.0,0.0,0.0,0.0,0.0,0.0,0.0,1.0,0.0,0.0,0.0,9.0,4.0,0.0,0.0,0.0,0.0,0.0,0.0,0.0,0.0,4.0,12.0,1.0,12.15,5.01,2.51,1.49,-0.1,0.0,0.0,344.20000000000005,0.0,-0.4,0.0,-0.7000000000000001,132.70000000000002,0.0,0.0,227.5,0.0,21.3,15.2,15.2,17.1,300.0,300.0,30.9,34.1,28.8,27.9,29.9,,,,,,,,,,,,,,,,,,,,,,,,
2026-07-30T19:12:17.885Z,6.779,6.792,0.0,1.4,0.0,0.0,0.0,0.0,0.0,0.0,0.0,0.0,1.0,0.0,0.0,0.0,9.0,4.0,0.0,0.0,0.0,0.0,0.0,0.0,0.0,0.0,6.0,12.0,1.0,12.15,5.01,2.51,1.49,0.0,0.0,0.0,344.3,0.0,-0.3,1.1,0.9,132.70000000000002,0.0,0.0,227.3,0.0,21.3,15.2,15.2,17.1,300.0,300.0,30.9,34.1,28.8,27.9,29.9,,,,,,,,,,,,,,,,,,,,,,,,
2026-07-30T19:12:17.897Z,6.791,6.804,0.0,1.4,0.0,0.0,0.0,0.0,0.0,0.0,0.0,0.0,1.0,0.0,0.0,0.0,9.0,4.0,0.0,0.0,0.0,0.0,0.0,0.0,0.0,0.0,1.0,12.0,1.0,12.15,5.01,2.51,1.49,0.0,0.0,0.0,344.3,0.0,0.1,0.5,-0.8,132.70000000000002,0.0,0.0,227.4,0.0,21.3,15.2,15.2,17.1,300.0,300.0,30.9,34.1,28.8,27.9,29.9,,,,,,,,,,,,,,,,,,,,,,,,
2026-07-30T19:12:17.909Z,6.803,6.816,0.0,1.4,0.0,0.0,0.0,0.0,0.0,0.0,0.0,0.0,1.0,0.0,0.0,0.0,9.0,4.0,0.0,0.0,0.0,0.0,0.0,0.0,0.0,0.0,2.0,12.0,1.0,12.15,5.01,2.51,1.49,0.0,0.0,0.0,344.20000000000005,0.0,0.1,0.0,1.5,132.70000000000002,0.0,0.0,227.4,0.0,21.3,15.2,15.2,17.1,300.0,300.0,30.9,34.1,28.8,27.9,29.9,,,,,,,,,,,,,,,,,,,,,,,,
2026-07-30T19:12:17.921Z,6.815,6.828,0.0,1.4,0.0,0.0,0.0,0.0,0.0,0.0,0.0,0.0,1.0,0.0,0.0,0.0,9.0,4.0,0.0,0.0,0.0,0.0,0.0,0.0,0.0,0.0,3.0,12.0,1.0,12.15,5.01,2.51,1.49,0.0,0.0,0.0,344.3,0.0,0.1,0.0,-0.7000000000000001,132.70000000000002,0.0,0.0,227.4,0.0,21.3,15.2,15.2,17.1,300.0,300.0,30.9,34.1,28.8,27.9,29.9,,,,,,,,,,,,,,,,,,,,,,,,
2026-07-30T19:12:17.934Z,6.828,6.84,0.0,1.4,0.0,0.0,0.0,0.0,0.0,0.0,0.0,0.0,1.0,0.0,0.0,0.0,9.0,4.0,0.0,0.0,0.0,0.0,0.0,0.0,0.0,0.0,4.0,12.0,1.0,12.18,5.0200000000000005,2.51,1.49,0.0,0.0,0.0,344.3,0.0,0.2,0.6000000000000001,1.0,132.70000000000002,0.0,0.0,227.5,0.0,21.700000000000003,15.4,15.4,17.2,300.0,300.0,30.8,34.2,28.8,27.9,29.9,,,,,,,,,,,,,,,,,,,,,,,,
2026-07-30T19:12:17.945Z,6.839,6.852,0.0,1.4,0.0,0.0,0.0,0.0,0.0,0.0,0.0,0.0,1.0,0.0,0.0,0.0,9.0,4.0,0.0,0.0,0.0,0.0,0.0,0.0,0.0,0.0,5.0,12.0,1.0,12.18,5.0200000000000005,2.51,1.49,0.0,0.0,0.0,344.3,0.0,-0.3,0.0,-0.1,132.70000000000002,0.0,0.0,227.4,0.0,21.700000000000003,15.4,15.4,17.2,300.0,300.0,30.8,34.2,28.8,27.9,29.9,,,,,,,,,,,,,,,,,,,,,,,,
2026-07-30T19:12:17.957Z,6.851,6.864,0.0,1.4,0.0,0.0,0.0,0.0,0.0,0.0,0.0,0.0,1.0,0.0,0.0,0.0,9.0,4.0,0.0,0.0,0.0,0.0,0.0,0.0,0.0,0.0,1.0,12.0,1.0,12.18,5.0200000000000005,2.51,1.49,0.0,0.0,0.0,344.3,0.0,0.2,0.6000000000000001,-0.1,132.70000000000002,0.0,0.0,227.3,0.0,21.700000000000003,15.4,15.4,17.2,300.0,300.0,30.8,34.2,28.8,27.9,29.9,,,,,,,,,,,,,,,,,,,,,,,,
2026-07-30T19:12:17.970Z,6.864,6.876,0.0,1.4,0.0,0.0,0.0,0.0,0.0,0.0,0.0,0.0,1.0,0.0,0.0,0.0,9.0,4.0,0.0,0.0,0.0,0.0,0.0,0.0,0.0,0.0,2.0,12.0,1.0,12.18,5.0200000000000005,2.51,1.49,0.0,0.0,0.0,344.3,0.0,0.2,0.6000000000000001,2.2,132.70000000000002,0.0,0.0,227.3,0.0,21.700000000000003,15.4,15.4,17.2,300.0,300.0,30.8,34.2,28.8,27.9,29.9,,,,,,,,,,,,,,,,,,,,,,,,
2026-07-30T19:12:17.981Z,6.875,6.888,0.0,1.4,0.0,0.0,0.0,0.0,0.0,0.0,0.0,0.0,1.0,0.0,0.0,0.0,9.0,4.0,0.0,0.0,0.0,0.0,0.0,0.0,0.0,0.0,3.0,12.0,1.0,12.18,5.0200000000000005,2.51,1.49,0.0,0.0,0.0,344.3,0.0,0.2,0.6000000000000001,-0.6000000000000001,132.70000000000002,0.0,0.0,226.1,0.0,21.700000000000003,15.4,15.4,17.2,300.0,300.0,30.8,34.2,28.8,27.9,29.9,,,,,,,,,,,,,,,,,,,,,,,,
2026-07-30T19:12:17.993Z,6.887,6.9,0.0,1.4,0.0,0.0,0.0,0.0,0.0,0.0,0.0,0.0,1.0,0.0,0.0,0.0,9.0,4.0,0.0,0.0,0.0,0.0,0.0,0.0,0.0,0.0,4.0,12.0,1.0,12.18,5.0200000000000005,2.51,1.49,0.0,0.0,0.0,344.3,0.0,0.2,-0.4,0.0,132.8,0.0,0.0,227.5,0.0,21.700000000000003,15.4,15.4,17.2,300.0,300.0,30.8,34.2,28.8,27.9,29.9,,,,,,,,,,,,,,,,,,,,,,,,
2026-07-30T19:12:18.006Z,6.9,6.912,0.0,1.4,0.0,0.0,0.0,0.0,0.0,0.0,0.0,0.0,1.0,0.0,0.0,0.0,9.0,4.0,0.0,0.0,0.0,0.0,0.0,0.0,0.0,0.0,5.0,12.0,1.0,12.18,5.0200000000000005,2.51,1.49,0.0,0.0,0.0,344.3,0.0,-0.2,-0.4,-0.1,132.70000000000002,0.0,0.0,227.5,0.0,21.700000000000003,15.4,15.4,17.2,300.0,300.0,30.8,34.2,28.8,27.9,29.9,,,,,,,,,,,,,,,,,,,,,,,,
2026-07-30T19:12:18.018Z,6.912,6.924,0.0,1.4,0.0,0.0,0.0,0.0,0.0,0.0,0.0,0.0,1.0,0.0,0.0,0.0,9.0,4.0,0.0,0.0,0.0,0.0,0.0,0.0,0.0,0.0,6.0,12.0,1.0,12.18,5.0200000000000005,2.51,1.49,0.0,0.0,0.0,344.3,0.0,-0.2,-0.4,0.0,132.70000000000002,0.0,0.0,227.5,0.0,21.700000000000003,15.4,15.4,17.2,300.0,300.0,30.8,34.2,28.8,27.9,29.9,,,,,,,,,,,,,,,,,,,,,,,,
2026-07-30T19:12:18.030Z,6.924,6.936,0.0,1.4,0.0,0.0,0.0,0.0,0.0,0.0,0.0,0.0,1.0,0.0,0.0,0.0,9.0,4.0,0.0,0.0,0.0,0.0,0.0,0.0,0.0,0.0,1.0,12.0,1.0,12.17,5.01,2.5,1.49,0.0,0.0,0.0,344.3,0.0,-0.2,0.6000000000000001,-0.1,132.70000000000002,0.0,0.0,227.5,0.0,21.3,15.6,15.6,17.400000000000002,300.0,300.0,30.9,34.2,28.8,28.0,29.9,,,,,,,,,,,,,,,,,,,,,,,,
2026-07-30T19:12:18.041Z,6.935,6.948,0.0,1.4,0.0,0.0,0.0,0.0,0.0,0.0,0.0,0.0,1.0,0.0,0.0,0.0,9.0,4.0,0.0,0.0,0.0,0.0,0.0,0.0,0.0,0.0,3.0,12.0,1.0,12.17,5.01,2.5,1.49,0.0,0.0,0.0,344.3,0.0,-0.3,1.2000000000000002,-0.1,132.70000000000002,0.0,0.0,227.5,0.0,21.3,15.6,15.6,17.400000000000002,300.0,300.0,30.9,34.2,28.8,28.0,29.9,,,,,,,,,,,,,,,,,,,,,,,,
2026-07-30T19:12:18.053Z,6.947,6.96,0.0,1.4,0.0,0.0,0.0,0.0,0.0,0.0,0.0,0.0,1.0,0.0,0.0,0.0,9.0,4.0,0.0,0.0,0.0,0.0,0.0,0.0,0.0,0.0,4.0,12.0,1.0,12.17,5.01,2.5,1.49,0.0,0.0,0.0,344.3,0.0,-0.3,-0.4,-0.6000000000000001,132.70000000000002,0.0,0.0,227.5,0.0,21.3,15.6,15.6,17.400000000000002,300.0,300.0,30.9,34.2,28.8,28.0,29.9,,,,,,,,,,,,,,,,,,,,,,,,
2026-07-30T19:12:18.065Z,6.959,6.972,0.0,1.4,0.0,0.0,0.0,0.0,0.0,0.0,0.0,0.0,1.0,0.0,0.0,0.0,9.0,4.0,0.0,0.0,0.0,0.0,0.0,0.0,0.0,0.0,5.0,12.0,1.0,12.17,5.01,2.5,1.49,0.0,0.0,0.0,344.3,0.0,0.2,-1.0,0.0,132.70000000000002,0.0,0.0,227.5,0.0,21.3,15.6,15.6,17.400000000000002,300.0,300.0,30.9,34.2,28.8,28.0,29.9,,,,,,,,,,,,,,,,,,,,,,,,
2026-07-30T19:12:18.077Z,6.971,6.984,0.0,1.4,0.0,0.0,0.0,0.0,0.0,0.0,0.0,0.0,1.0,0.0,0.0,0.0,9.0,4.0,0.0,0.0,0.0,0.0,0.0,0.0,0.0,0.0,1.0,12.0,1.0,12.17,5.01,2.5,1.49,0.0,0.0,0.0,344.3,0.0,0.2,0.0,-0.7000000000000001,132.70000000000002,0.0,0.0,227.4,0.0,21.3,15.6,15.6,17.400000000000002,300.0,300.0,30.9,34.2,28.8,28.0,29.9,,,,,,,,,,,,,,,,,,,,,,,,
2026-07-30T19:12:18.089Z,6.983,6.996,0.0,1.4,0.0,0.0,0.0,0.0,0.0,0.0,0.0,0.0,1.0,0.0,0.0,0.0,9.0,4.0,0.0,0.0,0.0,0.0,0.0,0.0,0.0,0.0,2.0,12.0,1.0,12.17,5.01,2.5,1.49,0.0,0.0,0.0,344.3,0.0,0.8,1.2000000000000002,1.0,132.70000000000002,0.0,0.0,225.8,0.0,21.3,15.6,15.6,17.400000000000002,300.0,300.0,30.9,34.2,28.8,28.0,29.9,,,,,,,,,,,,,,,,,,,,,,,,
2026-07-30T19:12:18.101Z,6.995,7.008,0.0,1.4,0.0,0.0,0.0,0.0,0.0,0.0,0.0,0.0,1.0,0.0,0.0,0.0,9.0,4.0,0.0,0.0,0.0,0.0,0.0,0.0,0.0,0.0,4.0,12.0,1.0,12.17,5.01,2.5,1.49,0.0,0.0,0.0,344.3,0.0,0.2,-0.5,-0.7000000000000001,132.70000000000002,0.0,0.0,227.6,0.0,21.3,15.6,15.6,17.400000000000002,300.0,300.0,30.9,34.2,28.8,28.0,29.9,,,,,,,,,,,,,,,,,,,,,,,,
2026-07-30T19:12:18.114Z,7.008,7.0200000000000005,0.0,1.4,0.0,0.0,0.0,0.0,0.0,0.0,0.0,0.0,1.0,0.0,0.0,0.0,9.0,4.0,0.0,0.0,0.0,0.0,0.0,0.0,0.0,0.0,5.0,12.0,1.0,12.17,5.01,2.5,1.49,0.0,0.0,0.0,344.3,0.0,-0.3,-0.5,1.6,132.70000000000002,0.0,0.0,227.5,0.0,21.3,15.6,15.6,17.400000000000002,300.0,300.0,30.9,34.2,28.8,28.0,29.9,,,,,,,,,,,,,,,,,,,,,,,,
2026-07-30T19:12:18.125Z,7.019,7.032,0.0,1.4,0.0,0.0,0.0,0.0,0.0,0.0,0.0,0.0,1.0,0.0,0.0,0.0,9.0,4.0,0.0,0.0,0.0,0.0,0.0,0.0,0.0,0.0,1.0,12.0,1.0,12.17,5.01,2.5,1.49,0.0,0.0,0.0,344.3,0.0,0.2,0.0,-0.1,132.70000000000002,0.0,0.0,227.4,0.0,21.3,15.6,15.6,17.400000000000002,300.0,300.0,30.9,34.2,28.8,28.0,29.9,,,,,,,,,,,,,,,,,,,,,,,,
2026-07-30T19:12:18.138Z,7.032,7.0440000000000005,0.0,1.4,0.0,0.0,0.0,0.0,0.0,0.0,0.0,0.0,1.0,0.0,0.0,0.0,9.0,4.0,0.0,0.0,0.0,0.0,0.0,0.0,0.0,0.0,2.0,12.0,1.0,12.15,5.0200000000000005,2.51,1.49,0.0,0.1,0.0,344.3,0.0,-0.3,1.2000000000000002,0.4,132.70000000000002,0.0,0.0,227.4,0.0,21.9,15.7,15.7,17.6,300.0,300.0,31.0,34.2,28.8,28.0,29.9,,,,,,,,,,,,,,,,,,,,,,,,
2026-07-30T19:12:18.149Z,7.043,7.056,0.0,1.4,0.0,0.0,0.0,0.0,0.0,0.0,0.0,0.0,1.0,0.0,0.0,0.0,9.0,4.0,0.0,0.0,0.0,0.0,0.0,0.0,0.0,0.0,4.0,12.0,1.0,12.15,5.0200000000000005,2.51,1.49,0.0,0.0,0.0,344.3,0.0,0.2,0.6000000000000001,-0.1,132.70000000000002,0.0,0.0,227.3,0.0,21.9,15.7,15.7,17.6,300.0,300.0,31.0,34.2,28.8,28.0,29.9,,,,,,,,,,,,,,,,,,,,,,,,
2026-07-30T19:12:18.162Z,7.056,7.0680000000000005,0.0,1.4,0.0,0.0,0.0,0.0,0.0,0.0,0.0,0.0,1.0,0.0,0.0,0.0,9.0,4.0,0.0,0.0,0.0,0.0,0.0,0.0,0.0,0.0,5.0,12.0,1.0,12.15,5.0200000000000005,2.51,1.49,0.0,0.0,0.0,344.3,0.0,-0.3,-1.1,0.4,132.70000000000002,0.0,0.0,227.4,0.0,21.9,15.7,15.7,17.6,300.0,300.0,31.0,34.2,28.8,28.0,29.9,,,,,,,,,,,,,,,,,,,,,,,,
2026-07-30T19:12:18.173Z,7.067,7.08,0.0,1.4,0.0,0.0,0.0,0.0,0.0,0.0,0.0,0.0,1.0,0.0,0.0,0.0,9.0,4.0,0.0,0.0,0.0,0.0,0.0,0.0,0.0,0.0,1.0,12.0,1.0,12.15,5.0200000000000005,2.51,1.49,0.0,0.0,0.0,344.3,0.0,0.2,0.0,-0.1,132.70000000000002,0.0,0.0,227.3,0.0,21.9,15.7,15.7,17.6,300.0,300.0,31.0,34.2,28.8,28.0,29.9,,,,,,,,,,,,,,,,,,,,,,,,
2026-07-30T19:12:18.185Z,7.079,7.0920000000000005,0.0,1.4,0.0,0.0,0.0,0.0,0.0,0.0,0.0,0.0,1.0,0.0,0.0,0.0,9.0,4.0,0.0,0.0,0.0,0.0,0.0,0.0,0.0,0.0,2.0,12.0,1.0,12.15,5.0200000000000005,2.51,1.49,-0.1,0.1,0.0,344.3,0.0,0.2,0.6000000000000001,-0.1,132.70000000000002,0.0,0.0,227.4,0.0,21.9,15.7,15.7,17.6,300.0,300.0,31.0,34.2,28.8,28.0,29.9,,,,,,,,,,,,,,,,,,,,,,,,
2026-07-30T19:12:18.198Z,7.092,7.104,0.0,1.4,0.0,0.0,0.0,0.0,0.0,0.0,0.0,0.0,1.0,0.0,0.0,0.0,9.0,4.0,0.0,0.0,0.0,0.0,0.0,0.0,0.0,0.0,4.0,12.0,1.0,12.15,5.0200000000000005,2.51,1.49,0.0,0.0,0.0,344.3,0.0,-0.3,-1.0,-0.7000000000000001,132.70000000000002,0.0,0.0,227.4,0.0,21.9,15.7,15.7,17.6,300.0,300.0,31.0,34.2,28.8,28.0,29.9,,,,,,,,,,,,,,,,,,,,,,,,
2026-07-30T19:12:18.209Z,7.103,7.1160000000000005,0.0,1.4,0.0,0.0,0.0,0.0,0.0,0.0,0.0,0.0,1.0,0.0,0.0,0.0,9.0,4.0,0.0,0.0,0.0,0.0,0.0,0.0,0.0,0.0,5.0,12.0,1.0,12.15,5.0200000000000005,2.51,1.49,0.0,0.0,0.0,344.20000000000005,0.0,-0.9,-1.0,1.0,132.70000000000002,0.0,0.0,227.5,0.0,21.9,15.7,15.7,17.6,300.0,300.0,31.0,34.2,28.8,28.0,29.9,,,,,,,,,,,,,,,,,,,,,,,,
2026-07-30T19:12:18.221Z,7.115,7.128,0.0,1.4,0.0,0.0,0.0,0.0,0.0,0.0,0.0,0.0,1.0,0.0,0.0,0.0,9.0,4.0,0.0,0.0,0.0,0.0,0.0,0.0,0.0,0.0,6.0,12.0,1.0,12.15,5.0200000000000005,2.51,1.49,0.0,0.0,0.0,344.3,0.0,0.2,0.1,-0.6000000000000001,132.70000000000002,0.0,0.0,227.5,0.0,21.9,15.7,15.7,17.6,300.0,300.0,31.0,34.2,28.8,28.0,29.9,,,,,,,,,,,,,,,,,,,,,,,,
2026-07-30T19:12:18.234Z,7.128,7.140000000000001,0.0,1.4,0.0,0.0,0.0,0.0,0.0,0.0,0.0,0.0,1.0,0.0,0.0,0.0,9.0,4.0,0.0,0.0,0.0,0.0,0.0,0.0,0.0,0.0,2.0,12.0,1.0,12.15,5.0200000000000005,2.51,1.49,0.0,0.0,0.0,344.3,0.0,0.2,1.2000000000000002,0.4,132.70000000000002,0.0,0.0,227.5,0.0,21.700000000000003,15.9,15.9,17.7,300.0,300.0,30.9,34.2,28.8,28.0,29.9,,,,,,,,,,,,,,,,,,,,,,,,
2026-07-30T19:12:18.245Z,7.139,7.152,0.0,1.4,0.0,0.0,0.0,0.0,0.0,0.0,0.0,0.0,1.0,0.0,0.0,0.0,9.0,4.0,0.0,0.0,0.0,0.0,0.0,0.0,0.0,0.0,3.0,12.0,1.0,12.15,5.0200000000000005,2.51,1.49,0.0,0.0,0.0,344.3,0.0,-0.3,-0.5,0.0,132.6,0.0,0.0,227.5,0.0,21.700000000000003,15.9,15.9,17.7,300.0,300.0,30.9,34.2,28.8,28.0,29.9,,,,,,,,,,,,,,,,,,,,,,,,
2026-07-30T19:12:18.257Z,7.151,7.164000000000001,0.0,1.4,0.0,0.0,0.0,0.0,0.0,0.0,0.0,0.0,1.0,0.0,0.0,0.0,9.0,4.0,0.0,0.0,0.0,0.0,0.0,0.0,0.0,0.0,5.0,12.0,1.0,12.15,5.0200000000000005,2.51,1.49,0.0,0.0,0.0,344.3,0.0,0.2,-0.5,0.4,132.6,0.0,0.0,227.5,0.0,21.700000000000003,15.9,15.9,17.7,300.0,300.0,30.9,34.2,28.8,28.0,29.9,,,,,,,,,,,,,,,,,,,,,,,,
2026-07-30T19:12:18.270Z,7.164,7.176,0.0,1.4,0.0,0.0,0.0,0.0,0.0,0.0,0.0,0.0,1.0,0.0,0.0,0.0,9.0,4.0,0.0,0.0,0.0,0.0,0.0,0.0,0.0,0.0,6.0,12.0,1.0,12.15,5.0200000000000005,2.51,1.49,0.0,0.1,0.0,344.3,0.0,0.8,1.1,1.0,132.6,0.0,0.0,227.5,0.0,21.700000000000003,15.9,15.9,17.7,300.0,300.0,30.9,34.2,28.8,28.0,29.9,,,,,,,,,,,,,,,,,,,,,,,,
2026-07-30T19:12:18.282Z,7.176,7.188,0.0,1.4,0.0,0.0,0.0,0.0,0.0,0.0,0.0,0.0,1.0,0.0,0.0,0.0,9.0,4.0,0.0,0.0,0.0,0.0,0.0,0.0,0.0,0.0,1.0,12.0,1.0,12.15,5.0200000000000005,2.51,1.49,0.0,0.0,0.0,344.3,0.0,0.8,0.5,-0.1,132.6,0.0,0.0,227.5,0.0,21.700000000000003,15.9,15.9,17.7,300.0,300.0,30.9,34.2,28.8,28.0,29.9,,,,,,,,,,,,,,,,,,,,,,,,
2026-07-30T19:12:18.293Z,7.187,7.2,0.0,1.4,0.0,0.0,0.0,0.0,0.0,0.0,0.0,0.0,1.0,0.0,0.0,0.0,9.0,4.0,0.0,0.0,0.0,0.0,0.0,0.0,0.0,0.0,3.0,12.0,1.0,12.15,5.0200000000000005,2.51,1.49,0.0,0.0,0.0,344.3,0.0,0.3,-0.6000000000000001,0.0,132.6,0.0,0.0,227.0,0.0,21.700000000000003,15.9,15.9,17.7,300.0,300.0,30.9,34.2,28.8,28.0,29.9,,,,,,,,,,,,,,,,,,,,,,,,
2026-07-30T19:12:18.305Z,7.199,7.212,0.0,1.4,0.0,0.0,0.0,0.0,0.0,0.0,0.0,0.0,1.0,0.0,0.0,0.0,9.0,4.0,0.0,0.0,0.0,0.0,0.0,0.0,0.0,0.0,4.0,12.0,1.0,12.15,5.0200000000000005,2.51,1.49,0.0,0.0,0.0,344.3,0.0,-0.2,-2.3000000000000003,-2.4000000000000004,132.6,0.0,0.0,227.4,0.0,21.700000000000003,15.9,15.9,17.7,300.0,300.0,30.9,34.2,28.8,28.0,29.9,,,,,,,,,,,,,,,,,,,,,,,,
2026-07-30T19:12:18.317Z,7.211,7.224,0.0,1.4,0.0,0.0,0.0,0.0,0.0,1.0,1.0,0.0,1.0,0.0,0.0,0.0,4.0,5.0,0.0,0.0,0.0,0.0,0.0,0.0,0.0,0.0,6.0,12.0,1.0,12.15,5.0200000000000005,2.51,1.49,0.0,0.0,0.1,343.3,0.0,-2.0,-1.2000000000000002,0.0,128.5,-0.5,0.0,225.6,0.0,21.700000000000003,15.9,15.9,17.7,300.0,300.0,30.9,34.2,28.8,28.0,29.9,,,,,,,,,,,,,,,,,,,,,,,,
2026-07-30T19:12:18.330Z,7.224,7.236,0.0,1.4,0.0,0.0,0.0,0.0,0.0,1.0,1.0,0.0,1.0,0.0,0.0,0.0,4.0,5.0,0.0,0.0,0.0,0.0,0.0,0.0,0.0,0.0,1.0,12.0,1.0,12.15,5.0200000000000005,2.51,1.49,-0.1,0.0,0.1,343.1,0.0,-2.6,-1.2000000000000002,-1.8,118.1,0.0,0.0,226.0,0.0,21.700000000000003,15.9,15.9,17.7,300.0,300.0,30.9,34.2,28.8,28.0,29.9,,,,,,,,,,,,,,,,,,,,,,,,
2026-07-30T19:12:18.341Z,7.235,7.248,0.0,1.4,0.0,0.0,0.0,0.0,0.0,1.0,1.0,0.0,1.0,0.0,0.0,0.0,5.0,5.0,0.0,0.0,0.0,0.0,0.0,0.0,0.0,0.0,3.0,12.0,1.0,12.05,5.01,2.51,1.5,0.0,0.0,0.1,344.3,0.0,-0.8,-1.7000000000000002,-1.2000000000000002,109.6,-0.1,0.0,225.8,0.0,22.1,16.1,16.1,18.0,300.0,300.0,30.9,34.2,28.8,28.0,29.9,,,,,,,,,,,,,,,,,,,,,,,,
2026-07-30T19:12:18.353Z,7.247,7.26,0.0,1.4,0.0,0.0,0.0,0.0,0.0,1.0,1.0,0.0,1.0,0.0,0.0,0.0,6.0,5.0,0.0,0.0,0.0,0.0,0.0,0.0,0.0,0.0,4.0,12.0,1.0,12.05,5.01,2.51,1.5,-0.1,0.0,0.1,344.40000000000003,0.0,-1.4,-1.7000000000000002,-1.8,102.1,0.0,0.0,226.1,0.0,22.1,16.1,16.1,18.0,300.0,300.0,30.9,34.2,28.8,28.0,29.9,,,,,,,,,,,,,,,,,,,,,,,,
2026-07-30T19:12:18.365Z,7.259,7.272,0.0,1.4,0.0,0.0,0.0,0.0,0.0,1.0,1.0,0.0,1.0,0.0,0.0,0.0,6.0,5.0,0.0,0.0,0.0,0.0,0.0,0.0,0.0,0.0,5.0,12.0,1.0,12.05,5.01,2.51,1.5,-0.1,0.0,0.1,344.1,0.0,-0.8,-0.6000000000000001,-2.4000000000000004,95.2,0.0,0.0,226.2,0.0,22.1,16.1,16.1,18.0,300.0,300.0,30.9,34.2,28.8,28.0,29.9,,,,,,,,,,,,,,,,,,,,,,,,
2026-07-30T19:12:18.377Z,7.271,7.284,0.0,1.4,0.0,0.0,0.0,0.0,0.0,1.0,1.0,0.0,1.0,0.0,0.0,0.0,6.0,5.0,0.0,0.0,0.0,0.0,0.0,0.0,0.0,0.0,1.0,12.0,1.0,12.05,5.01,2.51,1.5,-0.1,0.1,0.2,344.1,0.0,-1.4,-2.3000000000000003,-1.8,87.60000000000001,0.0,0.0,226.1,0.0,22.1,16.1,16.1,18.0,300.0,300.0,30.9,34.2,28.8,28.0,29.9,,,,,,,,,,,,,,,,,,,,,,,,
2026-07-30T19:12:18.389Z,7.283,7.296,0.0,1.4,0.0,0.0,0.0,0.0,0.0,1.0,1.0,0.0,1.0,0.0,0.0,0.0,6.0,5.0,0.0,0.0,0.0,0.0,0.0,0.0,0.0,0.0,2.0,12.0,1.0,12.05,5.01,2.51,1.5,0.0,0.1,0.1,344.3,0.0,-0.8,-1.2000000000000002,-1.2000000000000002,80.4,0.1,0.0,226.6,0.0,22.1,16.1,16.1,18.0,300.0,300.0,30.9,34.2,28.8,28.0,29.9,,,,,,,,,,,,,,,,,,,,,,,,
2026-07-30T19:12:18.401Z,7.295,7.308,0.0,1.4,0.0,0.0,0.0,0.0,0.0,1.0,1.0,0.0,1.0,0.0,0.0,0.0,6.0,5.0,0.0,0.0,0.0,0.0,0.0,0.0,0.0,0.0,4.0,12.0,1.0,12.05,5.01,2.51,1.5,0.0,0.1,0.1,344.40000000000003,0.0,-0.2,-1.2000000000000002,-0.6000000000000001,74.3,0.0,0.0,226.3,0.0,22.1,16.1,16.1,18.0,300.0,300.0,30.9,34.2,28.8,28.0,29.9,,,,,,,,,,,,,,,,,,,,,,,,
2026-07-30T19:12:18.413Z,7.307,7.32,0.0,1.4,0.0,0.0,0.0,0.0,0.0,1.0,1.0,0.0,1.0,0.0,0.0,0.0,6.0,5.0,0.0,0.0,0.0,0.0,0.0,0.0,0.0,0.0,5.0,12.0,1.0,12.05,5.01,2.51,1.5,0.0,0.0,0.1,344.1,0.0,-0.2,0.5,-0.6000000000000001,67.9,-0.2,0.0,225.6,0.0,22.1,16.1,16.1,18.0,300.0,300.0,30.9,34.2,28.8,28.0,29.9,,,,,,,,,,,,,,,,,,,,,,,,
2026-07-30T19:12:18.426Z,7.32,7.332,0.0,1.4,0.0,0.0,0.0,0.0,0.0,1.0,1.0,0.0,1.0,0.0,0.0,0.0,6.0,5.0,0.0,0.0,0.0,0.0,0.0,0.0,0.0,0.0,6.0,12.0,1.0,12.05,5.01,2.51,1.5,-0.1,0.1,0.2,344.3,0.0,-0.2,-1.2000000000000002,-1.2000000000000002,62.2,0.0,0.0,225.8,0.0,22.1,16.1,16.1,18.0,300.0,300.0,30.9,34.2,28.8,28.0,29.9,,,,,,,,,,,,,,,,,,,,,,,,
2026-07-30T19:12:18.438Z,7.332,7.344,0.0,1.4,0.0,0.0,0.0,0.0,0.0,1.0,1.0,0.0,1.0,0.0,0.0,0.0,6.0,5.0,0.0,0.0,0.0,0.0,0.0,0.0,0.0,0.0,1.0,12.0,1.0,12.04,5.01,2.5,1.49,0.0,0.1,0.1,344.3,0.0,-0.2,-0.6000000000000001,0.5,57.1,0.0,0.0,225.9,0.0,22.200000000000003,16.2,16.2,18.1,300.0,300.0,30.9,34.800000000000004,28.8,28.0,29.9,,,,,,,,,,,,,,,,,,,,,,,,
2026-07-30T19:12:18.450Z,7.344,7.356,0.0,1.4,0.0,0.0,0.0,0.0,0.0,1.0,1.0,0.0,1.0,0.0,0.0,0.0,6.0,5.0,0.0,0.0,0.0,0.0,0.0,0.0,0.0,0.0,2.0,12.0,1.0,12.04,5.01,2.5,1.49,-0.1,0.1,0.2,344.3,0.0,-0.2,-2.3000000000000003,-1.8,52.3,0.0,0.0,226.2,0.0,22.200000000000003,16.2,16.2,18.1,300.0,300.0,30.9,34.800000000000004,28.8,28.0,29.9,,,,,,,,,,,,,,,,,,,,,,,,
2026-07-30T19:12:18.461Z,7.355,7.368,0.0,1.4,0.0,0.0,0.0,0.0,0.0,1.0,1.0,0.0,1.0,0.0,0.0,0.0,6.0,5.0,0.0,0.0,0.0,0.0,0.0,0.0,0.0,0.0,4.0,12.0,1.0,12.04,5.01,2.5,1.49,0.0,0.1,0.1,344.3,0.0,0.3,0.0,0.0,47.6,0.0,0.0,226.5,0.0,22.200000000000003,16.2,16.2,18.1,300.0,300.0,30.9,34.800000000000004,28.8,28.0,29.9,,,,,,,,,,,,,,,,,,,,,,,,
2026-07-30T19:12:18.473Z,7.367,7.38,0.0,1.4,0.0,0.0,0.0,0.0,0.0,1.0,1.0,0.0,1.0,0.0,0.0,0.0,6.0,5.0,0.0,0.0,0.0,0.0,0.0,0.0,0.0,0.0,5.0,12.0,1.0,12.04,5.01,2.5,1.49,0.0,0.1,0.1,344.20000000000005,0.0,1.4,1.7000000000000002,-0.6000000000000001,42.7,0.0,0.0,225.9,0.0,22.200000000000003,16.2,16.2,18.1,300.0,300.0,30.9,34.800000000000004,28.8,28.0,29.9,,,,,,,,,,,,,,,,,,,,,,,,
2026-07-30T19:12:18.485Z,7.379,7.392,0.0,1.4,0.0,0.0,0.0,0.0,0.0,1.0,1.0,0.0,1.0,0.0,0.0,0.0,6.0,5.0,0.0,0.0,0.0,0.0,0.0,0.0,0.0,0.0,6.0,12.0,1.0,12.04,5.01,2.5,1.49,0.0,0.1,0.2,344.20000000000005,0.0,1.4,0.0,0.0,38.2,0.1,0.0,226.6,0.0,22.200000000000003,16.2,16.2,18.1,300.0,300.0,30.9,34.800000000000004,28.8,28.0,29.9,,,,,,,,,,,,,,,,,,,,,,,,
2026-07-30T19:12:18.497Z,7.391,7.404,0.0,1.4,0.0,0.0,0.0,0.0,0.0,1.0,1.0,0.0,1.0,0.0,0.0,0.0,6.0,5.0,0.0,0.0,0.0,0.0,0.0,0.0,0.0,0.0,2.0,12.0,1.0,12.04,5.01,2.5,1.49,0.0,0.1,0.1,344.20000000000005,0.0,0.9,1.1,0.5,34.1,0.0,0.0,226.3,0.0,22.200000000000003,16.2,16.2,18.1,300.0,300.0,30.9,34.800000000000004,28.8,28.0,29.9,,,,,,,,,,,,,,,,,,,,,,,,
2026-07-30T19:12:18.509Z,7.403,7.416,0.0,1.4,0.0,0.0,0.0,0.0,0.0,1.0,1.0,0.0,1.0,0.0,0.0,0.0,6.0,5.0,0.0,0.0,0.0,0.0,0.0,0.0,0.0,0.0,3.0,12.0,1.0,12.04,5.01,2.5,1.49,0.0,0.1,0.1,344.3,0.0,0.9,1.7000000000000002,0.5,30.0,0.1,0.0,226.2,0.0,22.200000000000003,16.2,16.2,18.1,300.0,300.0,30.9,34.800000000000004,28.8,28.0,29.9,,,,,,,,,,,,,,,,,,,,,,,,
2026-07-30T19:12:18.521Z,7.415,7.428,0.0,1.4,0.0,0.0,0.0,0.0,0.0,1.0,1.0,0.0,1.0,0.0,0.0,0.0,6.0,5.0,0.0,0.0,0.0,0.0,0.0,0.0,0.0,0.0,5.0,12.0,1.0,12.04,5.01,2.5,1.49,0.0,0.2,0.2,344.20000000000005,0.0,-0.2,0.5,1.6,26.8,0.0,0.0,225.8,0.0,22.200000000000003,16.2,16.2,18.1,300.0,300.0,30.9,34.800000000000004,28.8,28.0,29.9,,,,,,,,,,,,,,,,,,,,,,,,
2026-07-30T19:12:18.533Z,7.427,7.44,0.0,1.4,0.0,0.0,0.0,0.0,0.0,1.0,1.0,0.0,1.0,0.0,0.0,0.0,6.0,5.0,0.0,0.0,0.0,0.0,0.0,0.0,0.0,0.0,6.0,12.0,1.0,12.04,5.01,2.5,1.49,0.0,0.2,0.2,344.20000000000005,0.0,0.9,0.0,0.0,23.4,0.0,0.0,225.8,0.0,22.200000000000003,16.2,16.2,18.1,300.0,300.0,30.9,34.800000000000004,28.8,28.0,29.9,,,,,,,,,,,,,,,,,,,,,,,,
2026-07-30T19:12:18.545Z,7.439,7.452,0.0,1.4,0.0,0.0,0.0,0.0,0.0,1.0,1.0,0.0,1.0,0.0,0.0,0.0,6.0,5.0,0.0,0.0,0.0,0.0,0.0,0.0,0.0,0.0,1.0,12.0,1.0,12.02,5.01,2.51,1.49,0.0,0.2,0.2,344.20000000000005,0.0,0.3,-1.2000000000000002,0.5,20.5,0.0,0.0,226.3,0.0,22.1,16.400000000000002,16.400000000000002,18.3,300.0,300.0,30.9,35.0,28.8,28.0,29.9,,,,,,,,,,,,,,,,,,,,,,,,
2026-07-30T19:12:18.557Z,7.451,7.464,0.0,1.4,0.0,0.0,0.0,0.0,0.0,1.0,1.0,0.0,1.0,0.0,0.0,0.0,7.0,5.0,0.0,0.0,0.0,0.0,0.0,0.0,0.0,0.0,3.0,12.0,1.0,12.02,5.01,2.51,1.49,0.0,0.2,0.2,344.3,0.0,0.9,0.5,0.5,17.8,0.0,0.0,226.2,0.0,22.1,16.400000000000002,16.400000000000002,18.3,300.0,300.0,30.9,35.0,28.8,28.0,29.9,,,,,,,,,,,,,,,,,,,,,,,,
2026-07-30T19:12:18.569Z,7.463,7.476,0.0,1.4,0.0,0.0,0.0,0.0,0.0,1.0,1.0,0.0,1.0,0.0,0.0,0.0,8.0,6.0,0.0,0.0,0.0,0.0,0.0,0.0,0.0,0.0,4.0,12.0,1.0,12.02,5.01,2.51,1.49,-0.7000000000000001,0.1,0.7000000000000001,344.20000000000005,0.0,-0.8,1.1,0.5,14.1,0.0,0.0,225.5,0.0,22.1,16.400000000000002,16.400000000000002,18.3,300.0,300.0,30.9,35.0,28.8,28.0,29.9,,,,,,,,,,,,,,,,,,,,,,,,
2026-07-30T19:12:18.581Z,7.475,7.488,-0.3,1.4,0.0,0.0,0.0,0.0,0.0,1.0,1.0,0.0,1.0,0.0,0.0,0.0,8.0,6.0,0.0,0.0,0.0,0.0,0.0,0.0,0.0,0.0,6.0,12.0,1.0,12.02,5.01,2.51,1.49,-1.3,0.2,1.3,343.8,0.0,-4.9,1.1,2.8000000000000003,7.4,-0.5,0.0,225.3,0.0,22.1,16.400000000000002,16.400000000000002,18.3,300.0,300.0,30.9,35.0,28.8,28.0,29.9,,,,,,,,,,,,,,,,,,,,,,,,
2026-07-30T19:12:18.593Z,7.487,7.5,-0.9,1.4,0.0,0.0,0.0,0.0,0.0,1.0,1.0,0.0,1.0,0.0,0.0,0.0,8.0,6.0,0.0,0.0,0.0,0.0,0.0,0.0,0.0,0.0,2.0,12.0,1.0,12.02,5.01,2.51,1.49,-1.3,0.3,1.4,344.0,0.0,-4.9,0.5,6.9,1.0,-0.2,0.0,224.4,0.0,22.1,16.400000000000002,16.400000000000002,18.3,300.0,300.0,30.9,35.0,28.8,28.0,29.9,,,,,,,,,,,,,,,,,,,,,,,,
2026-07-30T19:12:18.605Z,7.499,7.512,-1.5,1.4,0.0,0.0,0.0,0.0,0.0,1.0,1.0,0.0,1.0,0.0,0.0,0.0,8.0,6.0,0.0,0.0,0.0,0.0,0.0,0.0,0.0,0.0,3.0,12.0,1.0,12.02,5.01,2.51,1.49,-1.3,0.3,1.4,344.3,0.0,-4.9,1.1,4.6000000000000005,-4.7,-0.8,0.0,220.9,0.0,22.1,16.400000000000002,16.400000000000002,18.3,300.0,300.0,30.9,35.0,28.8,28.0,29.9,,,,,,,,,,,,,,,,,,,,,,,,
2026-07-30T19:12:18.617Z,7.511,7.524,-1.7000000000000002,1.4,0.0,0.0,0.0,0.0,0.0,1.0,1.0,0.0,1.0,0.0,0.0,0.0,8.0,6.0,0.0,0.0,0.0,0.0,0.0,0.0,0.0,0.0,5.0,12.0,1.0,12.02,5.01,2.51,1.49,-1.0,0.3,1.1,344.3,0.0,-3.7,0.5,4.6000000000000005,-9.8,-0.3,0.0,220.3,0.0,22.1,16.400000000000002,16.400000000000002,18.3,300.0,300.0,30.9,35.0,28.8,28.0,29.9,,,,,,,,,,,,,,,,,,,,,,,,
2026-07-30T19:12:18.630Z,7.524,7.536,-1.8,1.4,0.0,0.0,0.0,0.0,0.0,1.0,1.0,0.0,1.0,0.0,0.0,0.0,8.0,6.0,0.0,0.0,0.0,0.0,0.0,0.0,0.0,0.0,6.0,12.0,1.0,12.02,5.01,2.51,1.49,-1.0,0.3,1.1,344.1,0.0,-3.7,-1.2000000000000002,1.0,-14.4,-0.1,0.0,219.4,0.0,22.1,16.400000000000002,16.400000000000002,18.3,300.0,300.0,30.9,35.0,28.8,28.0,29.9,,,,,,,,,,,,,,,,,,,,,,,,
2026-07-30T19:12:18.642Z,7.536,7.548,-1.8,1.4,0.0,0.0,0.0,0.0,0.0,1.0,1.0,0.0,1.0,0.0,0.0,0.0,8.0,6.0,0.0,0.0,0.0,0.0,0.0,0.0,0.0,0.0,2.0,12.0,1.0,12.04,5.01,2.51,1.49,-0.8,0.2,0.8,344.20000000000005,0.0,-2.6,0.5,2.2,-18.6,0.0,0.0,219.4,0.0,22.1,16.6,16.6,18.7,300.0,300.0,31.0,35.1,28.8,27.9,29.9,,,,,,,,,,,,,,,,,,,,,,,,
2026-07-30T19:12:18.654Z,7.548,7.56,-1.7000000000000002,1.4,0.0,0.0,0.0,0.0,0.0,1.0,1.0,0.0,1.0,0.0,0.0,0.0,8.0,6.0,0.0,0.0,0.0,0.0,0.0,0.0,0.0,0.0,3.0,12.0,1.0,12.04,5.01,2.51,1.49,-0.8,0.2,0.9,344.3,0.0,-2.0,0.5,1.6,-22.5,-0.2,0.0,218.6,0.0,22.1,16.6,16.6,18.7,300.0,300.0,31.0,35.1,28.8,27.9,29.9,,,,,,,,,,,,,,,,,,,,,,,,
2026-07-30T19:12:18.665Z,7.559,7.572,-1.6,1.4,0.0,0.0,0.0,0.0,0.0,1.0,1.0,0.0,1.0,0.0,0.0,0.0,8.0,6.0,0.0,0.0,0.0,0.0,0.0,0.0,0.0,0.0,4.0,12.0,1.0,12.04,5.01,2.51,1.49,-0.8,0.2,0.9,344.20000000000005,0.0,-2.0,1.1,1.0,-26.200000000000003,0.1,0.0,219.6,0.0,22.1,16.6,16.6,18.7,300.0,300.0,31.0,35.1,28.8,27.9,29.9,,,,,,,,,,,,,,,,,,,,,,,,
2026-07-30T19:12:18.677Z,7.571,7.584,-1.6,1.4,0.0,0.0,0.0,0.0,0.0,1.0,1.0,0.0,1.0,0.0,0.0,0.0,8.0,6.0,0.0,0.0,0.0,0.0,0.0,0.0,0.0,0.0,6.0,12.0,1.0,12.04,5.01,2.51,1.49,-0.8,0.2,0.8,344.3,0.0,-2.0,1.1,2.8000000000000003,-29.700000000000003,0.0,0.0,219.6,0.0,22.1,16.6,16.6,18.7,300.0,300.0,31.0,35.1,28.8,27.9,29.9,,,,,,,,,,,,,,,,,,,,,,,,
2026-07-30T19:12:18.689Z,7.583,7.596,-1.6,1.4,0.0,0.0,0.0,0.0,0.0,1.0,1.0,0.0,1.0,0.0,0.0,0.0,8.0,6.0,0.0,0.0,0.0,0.0,0.0,0.0,0.0,0.0,1.0,12.0,1.0,12.04,5.01,2.51,1.49,-0.9,0.2,0.9,344.3,0.0,-1.4,-0.6000000000000001,1.0,-33.0,0.5,0.0,220.2,0.0,22.1,16.6,16.6,18.7,300.0,300.0,31.0,35.1,28.8,27.9,29.9,,,,,,,,,,,,,,,,,,,,,,,,
2026-07-30T19:12:18.702Z,7.596,7.608,-1.5,1.4,0.0,0.0,0.0,0.0,0.0,1.0,1.0,0.0,1.0,0.0,0.0,0.0,8.0,6.0,0.0,0.0,0.0,0.0,0.0,0.0,0.0,0.0,2.0,12.0,1.0,12.04,5.01,2.51,1.49,-0.9,0.2,0.9,344.20000000000005,0.0,-1.4,0.5,0.5,-36.1,0.1,0.0,220.3,0.0,22.1,16.6,16.6,18.7,300.0,300.0,31.0,35.1,28.8,27.9,29.9,,,,,,,,,,,,,,,,,,,,,,,,
2026-07-30T19:12:18.713Z,7.607,7.62,-1.5,1.4,0.0,0.0,0.0,0.0,0.0,1.0,1.0,0.0,1.0,0.0,0.0,0.0,8.0,6.0,0.0,0.0,0.0,0.0,0.0,0.0,0.0,0.0,3.0,12.0,1.0,12.04,5.01,2.51,1.49,-0.9,0.1,0.9,344.20000000000005,0.0,-2.6,1.7000000000000002,1.6,-39.0,0.2,0.0,220.8,0.0,22.1,16.6,16.6,18.7,300.0,300.0,31.0,35.1,28.8,27.9,29.9,,,,,,,,,,,,,,,,,,,,,,,,
2026-07-30T19:12:18.725Z,7.619,7.632000000000001,-1.5,1.4,0.0,0.0,0.0,0.0,0.0,1.0,1.0,0.0,1.0,0.0,0.0,0.0,8.0,6.0,0.0,0.0,0.0,0.0,0.0,0.0,0.0,0.0,5.0,12.0,1.0,12.04,5.01,2.51,1.49,-0.9,0.2,1.0,344.20000000000005,0.0,-2.0,0.0,1.6,-41.7,-0.1,0.0,220.4,0.0,22.1,16.6,16.6,18.7,300.0,300.0,31.0,35.1,28.8,27.9,29.9,,,,,,,,,,,,,,,,,,,,,,,,
2026-07-30T19:12:18.738Z,7.632,7.644,-1.5,1.4,0.0,0.0,0.0,0.0,0.0,1.0,1.0,0.0,1.0,0.0,0.0,0.0,8.0,6.0,0.0,0.0,0.0,0.0,0.0,0.0,0.0,0.0,6.0,12.0,1.0,12.04,5.01,2.51,1.49,-0.8,0.2,0.8,344.20000000000005,0.0,-2.6,0.5,3.4000000000000004,-44.2,0.3,0.0,221.6,0.0,22.1,16.6,16.6,18.7,300.0,300.0,31.0,35.1,28.8,27.9,29.9,,,,,,,,,,,,,,,,,,,,,,,,
2026-07-30T19:12:18.749Z,7.643,7.656000000000001,-1.5,1.4,0.0,0.0,0.0,0.0,0.0,1.0,1.0,0.0,1.0,0.0,0.0,0.0,8.0,6.0,0.0,0.0,0.0,0.0,0.0,0.0,0.0,0.0,2.0,12.0,1.0,12.02,5.0200000000000005,2.5,1.49,-0.9,0.2,1.0,344.3,0.0,-3.2,0.0,0.5,-46.400000000000006,0.2,0.0,221.6,0.0,21.700000000000003,16.7,16.7,18.8,300.0,300.0,30.9,35.1,28.8,27.9,29.9,,,,,,,,,,,,,,,,,,,,,,,,
2026-07-30T19:12:18.762Z,7.656,7.668,-1.5,1.4,0.0,0.0,0.0,0.0,0.0,1.0,1.0,0.0,1.0,0.0,0.0,0.0,8.0,6.0,0.0,0.0,0.0,0.0,0.0,0.0,0.0,0.0,3.0,12.0,1.0,12.02,5.0200000000000005,2.5,1.49,-0.9,0.2,0.9,344.40000000000003,0.0,-2.6,1.1,2.2,-48.400000000000006,0.0,0.0,221.1,0.0,21.700000000000003,16.7,16.7,18.8,300.0,300.0,30.9,35.1,28.8,27.9,29.9,,,,,,,,,,,,,,,,,,,,,,,,
2026-07-30T19:12:18.773Z,7.667,7.68,-1.5,1.4,0.0,0.0,0.0,0.0,0.0,1.0,1.0,0.0,1.0,0.0,0.0,0.0,8.0,6.0,0.0,0.0,0.0,0.0,0.0,0.0,0.0,0.0,5.0,12.0,1.0,12.02,5.0200000000000005,2.5,1.49,-0.9,0.2,0.9,344.3,0.0,-2.0,1.7000000000000002,2.2,-50.400000000000006,0.0,0.0,221.0,0.0,21.700000000000003,16.7,16.7,18.8,300.0,300.0,30.9,35.1,28.8,27.9,29.9,,,,,,,,,,,,,,,,,,,,,,,,
2026-07-30T19:12:18.785Z,7.679,7.692,-1.5,1.4,0.0,0.0,0.0,0.0,0.0,1.0,1.0,0.0,1.0,0.0,0.0,0.0,8.0,6.0,0.0,0.0,0.0,0.0,0.0,0.0,0.0,0.0,1.0,12.0,1.0,12.02,5.0200000000000005,2.5,1.49,-0.9,0.2,0.9,344.20000000000005,0.0,-3.2,-0.6000000000000001,2.2,-52.2,-0.2,0.0,219.8,0.0,21.700000000000003,16.7,16.7,18.8,300.0,300.0,30.9,35.1,28.8,27.9,29.9,,,,,,,,,,,,,,,,,,,,,,,,
2026-07-30T19:12:18.798Z,7.692,7.704,-1.5,1.4,0.0,0.0,0.0,0.0,0.0,1.0,1.0,0.0,1.0,0.0,0.0,0.0,8.0,6.0,0.0,0.0,0.0,0.0,0.0,0.0,0.0,0.0,2.0,12.0,1.0,12.02,5.0200000000000005,2.5,1.49,-0.9,0.2,0.9,344.3,0.0,-2.0,0.0,1.6,-53.8,0.5,0.0,221.4,0.0,21.700000000000003,16.7,16.7,18.8,300.0,300.0,30.9,35.1,28.8,27.9,29.9,,,,,,,,,,,,,,,,,,,,,,,,
2026-07-30T19:12:18.810Z,7.704,7.716,-1.5,1.4,0.0,0.0,0.0,0.0,0.0,1.0,1.0,0.0,1.0,0.0,0.0,0.0,8.0,6.0,0.0,0.0,0.0,0.0,0.0,0.0,0.0,0.0,3.0,12.0,1.0,12.02,5.0200000000000005,2.5,1.49,-0.8,0.2,0.9,344.3,0.0,-2.6,0.5,2.2,-55.3,0.2,0.0,221.1,0.0,21.700000000000003,16.7,16.7,18.8,300.0,300.0,30.9,35.1,28.8,27.9,29.9,,,,,,,,,,,,,,,,,,,,,,,,
2026-07-30T19:12:18.821Z,7.715,7.728,-1.5,1.4,0.0,0.0,0.0,0.0,0.0,1.0,1.0,0.0,1.0,0.0,0.0,0.0,8.0,6.0,0.0,0.0,0.0,0.0,0.0,0.0,0.0,0.0,5.0,12.0,1.0,12.02,5.0200000000000005,2.5,1.49,-0.9,0.2,1.0,344.20000000000005,0.0,-2.6,0.5,1.0,-56.8,-0.1,0.0,220.4,0.0,21.700000000000003,16.7,16.7,18.8,300.0,300.0,30.9,35.1,28.8,27.9,29.9,,,,,,,,,,,,,,,,,,,,,,,,
2026-07-30T19:12:18.834Z,7.728,7.74,-1.5,1.4,0.0,0.0,0.0,0.0,0.0,1.0,1.0,0.0,1.0,0.0,0.0,0.0,8.0,6.0,0.0,0.0,0.0,0.0,0.0,0.0,0.0,0.0,6.0,12.0,1.0,12.02,5.0200000000000005,2.5,1.49,-0.8,0.2,0.9,344.20000000000005,0.0,-3.2,-0.6000000000000001,2.8000000000000003,-58.2,0.1,0.0,221.0,0.0,21.700000000000003,16.7,16.7,18.8,300.0,300.0,30.9,35.1,28.8,27.9,29.9,,,,,,,,,,,,,,,,,,,,,,,,
2026-07-30T19:12:18.847Z,7.741,7.752,-1.5,1.4,0.0,0.0,0.0,0.0,0.0,1.0,1.0,0.0,1.0,0.0,0.0,0.0,8.0,6.0,0.0,0.0,0.0,0.0,0.0,0.0,0.0,0.0,1.0,12.0,1.0,12.02,5.0200000000000005,2.5,1.49,-0.9,0.2,0.9,344.3,0.0,-2.0,1.1,1.6,-59.400000000000006,-0.1,0.0,220.5,0.0,22.200000000000003,16.900000000000002,16.900000000000002,18.9,300.0,300.0,30.9,35.300000000000004,28.8,28.0,29.9,,,,,,,,,,,,,,,,,,,,,,,,
2026-07-30T19:12:18.857Z,7.751,7.764,-1.5,1.4,0.0,0.0,0.0,0.0,0.0,1.0,1.0,0.0,1.0,0.0,0.0,0.0,8.0,6.0,0.0,0.0,0.0,0.0,0.0,0.0,0.0,0.0,2.0,12.0,1.0,12.02,5.0200000000000005,2.5,1.49,-0.9,0.2,0.9,344.20000000000005,0.0,-2.6,0.0,1.6,-60.6,0.0,0.0,221.4,0.0,22.200000000000003,16.900000000000002,16.900000000000002,18.9,300.0,300.0,30.9,35.300000000000004,28.8,28.0,29.9,,,,,,,,,,,,,,,,,,,,,,,,
2026-07-30T19:12:18.869Z,7.763,7.776,-1.5,1.4,0.0,0.0,0.0,0.0,0.0,1.0,1.0,0.0,1.0,0.0,0.0,0.0,8.0,6.0,0.0,0.0,0.0,0.0,0.0,0.0,0.0,0.0,3.0,12.0,1.0,12.02,5.0200000000000005,2.5,1.49,-0.8,0.2,0.8,344.20000000000005,0.0,-2.6,0.5,3.4000000000000004,-61.6,0.0,0.0,221.3,0.0,22.200000000000003,16.900000000000002,16.900000000000002,18.9,300.0,300.0,30.9,35.300000000000004,28.8,28.0,29.9,,,,,,,,,,,,,,,,,,,,,,,,
2026-07-30T19:12:18.881Z,7.775,7.788,-1.5,1.4,0.0,0.0,0.0,0.0,0.0,1.0,1.0,0.0,1.0,0.0,0.0,0.0,8.0,6.0,0.0,0.0,0.0,0.0,0.0,0.0,0.0,0.0,3.0,12.0,1.0,12.02,5.0200000000000005,2.5,1.49,-0.9,0.2,1.0,344.0,0.0,-2.6,0.0,0.5,-62.7,0.0,0.0,221.0,0.0,22.200000000000003,16.900000000000002,16.900000000000002,18.9,300.0,300.0,30.9,35.300000000000004,28.8,28.0,29.9,,,,,,,,,,,,,,,,,,,,,,,,
2026-07-30T19:12:18.893Z,7.787,7.8,-1.5,1.4,0.0,0.0,0.0,0.0,0.0,1.0,1.0,0.0,1.0,0.0,0.0,0.0,8.0,6.0,0.0,0.0,0.0,0.0,0.0,0.0,0.0,0.0,5.0,12.0,1.0,12.02,5.0200000000000005,2.5,1.49,-0.7000000000000001,0.2,0.8,344.20000000000005,0.0,-1.4,1.1,4.6000000000000005,-63.5,0.0,0.0,220.9,0.0,22.200000000000003,16.900000000000002,16.900000000000002,18.9,300.0,300.0,30.9,35.300000000000004,28.8,28.0,29.9,,,,,,,,,,,,,,,,,,,,,,,,
2026-07-30T19:12:18.905Z,7.799,7.812,-1.5,1.4,0.0,0.0,0.0,0.0,0.0,1.0,1.0,0.0,1.0,0.0,0.0,0.0,8.0,6.0,0.0,0.0,0.0,0.0,0.0,0.0,0.0,0.0,6.0,12.0,1.0,12.02,5.0200000000000005,2.5,1.49,-0.9,0.2,0.9,344.3,0.0,-2.0,0.5,1.6,-64.3,0.3,0.0,220.5,0.0,22.200000000000003,16.900000000000002,16.900000000000002,18.9,300.0,300.0,30.9,35.300000000000004,28.8,28.0,29.9,,,,,,,,,,,,,,,,,,,,,,,,
2026-07-30T19:12:18.917Z,7.811,7.824,-1.4,1.4,0.0,0.0,0.0,0.0,0.0,1.0,1.0,0.0,1.0,0.0,0.0,0.0,8.0,6.0,0.0,0.0,0.0,0.0,0.0,0.0,0.0,0.0,1.0,12.0,1.0,12.02,5.0200000000000005,2.5,1.49,-0.8,0.2,0.9,344.1,0.0,-0.8,0.5,1.0,-65.10000000000001,0.0,0.0,221.2,0.0,22.200000000000003,16.900000000000002,16.900000000000002,18.9,300.0,300.0,30.9,35.300000000000004,28.8,28.0,29.9,,,,,,,,,,,,,,,,,,,,,,,,
2026-07-30T19:12:18.929Z,7.823,7.836,-1.4,1.4,0.0,0.0,0.0,0.0,0.0,1.0,1.0,0.0,1.0,0.0,0.0,0.0,8.0,6.0,0.0,0.0,0.0,0.0,0.0,0.0,0.0,0.0,3.0,12.0,1.0,12.02,5.0200000000000005,2.5,1.49,-0.8,0.2,0.9,344.20000000000005,0.0,-2.6,0.0,3.4000000000000004,-65.9,0.2,0.0,220.9,0.0,22.200000000000003,16.900000000000002,16.900000000000002,18.9,300.0,300.0,30.9,35.300000000000004,28.8,28.0,29.9,,,,,,,,,,,,,,,,,,,,,,,,
2026-07-30T19:12:18.941Z,7.835,7.848,-1.5,1.4,0.0,0.0,0.0,0.0,0.0,1.0,1.0,0.0,1.0,0.0,0.0,0.0,8.0,6.0,0.0,0.0,0.0,0.0,0.0,0.0,0.0,0.0,5.0,12.0,1.0,12.02,5.0200000000000005,2.5,1.49,-0.7000000000000001,0.2,0.8,344.3,0.0,-2.0,1.7000000000000002,3.4000000000000004,-66.5,0.2,0.0,221.3,0.0,22.200000000000003,16.900000000000002,16.900000000000002,18.9,300.0,300.0,30.9,35.300000000000004,28.8,28.0,29.9,,,,,,,,,,,,,,,,,,,,,,,,
2026-07-30T19:12:18.953Z,7.847,7.86,-1.5,1.4,0.0,0.0,0.0,0.0,0.0,1.0,1.0,0.0,1.0,0.0,0.0,0.0,8.0,6.0,0.0,0.0,0.0,0.0,0.0,0.0,0.0,0.0,6.0,12.0,1.0,12.04,5.01,2.51,1.49,-0.8,0.2,0.8,344.1,0.0,-1.4,1.7000000000000002,3.4000000000000004,-67.10000000000001,-0.1,0.0,220.8,0.0,22.200000000000003,17.0,17.0,19.0,300.0,300.0,30.9,35.5,28.8,27.9,30.0,,,,,,,,,,,,,,,,,,,,,,,,
2026-07-30T19:12:18.965Z,7.859,7.872,-1.5,1.4,0.0,0.0,0.0,0.0,0.0,1.0,1.0,0.0,1.0,0.0,0.0,0.0,8.0,6.0,0.0,0.0,0.0,0.0,0.0,0.0,0.0,0.0,2.0,12.0,1.0,12.04,5.01,2.51,1.49,-0.8,0.2,0.9,344.20000000000005,0.0,-1.4,0.5,1.6,-67.7,0.0,0.0,221.3,0.0,22.200000000000003,17.0,17.0,19.0,300.0,300.0,30.9,35.5,28.8,27.9,30.0,,,,,,,,,,,,,,,,,,,,,,,,
2026-07-30T19:12:18.978Z,7.872,7.884,-1.5,1.4,0.0,0.0,0.0,0.0,0.0,1.0,1.0,0.0,1.0,0.0,0.0,0.0,8.0,6.0,0.0,0.0,0.0,0.0,0.0,0.0,0.0,0.0,3.0,12.0,1.0,12.04,5.01,2.51,1.49,-0.9,0.2,0.9,344.3,0.0,-1.4,-0.6000000000000001,1.0,-68.3,-0.1,0.0,221.0,0.0,22.200000000000003,17.0,17.0,19.0,300.0,300.0,30.9,35.5,28.8,27.9,30.0,,,,,,,,,,,,,,,,,,,,,,,,
2026-07-30T19:12:18.990Z,7.884,7.896,-1.5,1.4,0.0,0.0,0.0,0.0,0.0,1.0,1.0,0.0,1.0,0.0,0.0,0.0,8.0,6.0,0.0,0.0,0.0,0.0,0.0,0.0,0.0,0.0,4.0,12.0,1.0,12.04,5.01,2.51,1.49,-0.8,0.2,0.9,344.20000000000005,0.0,-3.2,0.5,3.4000000000000004,-68.8,0.2,0.0,220.9,0.0,22.200000000000003,17.0,17.0,19.0,300.0,300.0,30.9,35.5,28.8,27.9,30.0,,,,,,,,,,,,,,,,,,,,,,,,
2026-07-30T19:12:19.001Z,7.895,7.908,-1.5,1.4,0.0,0.0,0.0,0.0,0.0,1.0,1.0,0.0,1.0,0.0,0.0,0.0,8.0,6.0,0.0,0.0,0.0,0.0,0.0,0.0,0.0,0.0,5.0,12.0,1.0,12.04,5.01,2.51,1.49,-0.9,0.2,0.9,344.20000000000005,0.0,-3.2,0.0,1.0,-69.2,-0.4,0.0,219.8,0.0,22.200000000000003,17.0,17.0,19.0,300.0,300.0,30.9,35.5,28.8,27.9,30.0,,,,,,,,,,,,,,,,,,,,,,,,
2026-07-30T19:12:19.013Z,7.907,7.92,-1.5,1.4,0.0,0.0,0.0,0.0,0.0,1.0,1.0,0.0,1.0,0.0,0.0,0.0,8.0,6.0,0.0,0.0,0.0,0.0,0.0,0.0,0.0,0.0,1.0,12.0,1.0,12.04,5.01,2.51,1.49,-0.8,0.2,0.8,344.3,0.0,-2.0,1.1,4.0,-69.7,0.2,0.0,220.7,0.0,22.200000000000003,17.0,17.0,19.0,300.0,300.0,30.9,35.5,28.8,27.9,30.0,,,,,,,,,,,,,,,,,,,,,,,,
2026-07-30T19:12:19.025Z,7.919,7.932,-1.4,1.4,0.0,0.0,0.0,0.0,0.0,1.0,1.0,0.0,1.0,0.0,0.0,0.0,8.0,6.0,0.0,0.0,0.0,0.0,0.0,0.0,0.0,0.0,3.0,12.0,1.0,12.04,5.01,2.51,1.49,-0.9,0.2,0.9,344.20000000000005,0.0,-1.4,-0.6000000000000001,1.6,-70.0,0.1,0.0,221.1,0.0,22.200000000000003,17.0,17.0,19.0,300.0,300.0,30.9,35.5,28.8,27.9,30.0,,,,,,,,,,,,,,,,,,,,,,,,
2026-07-30T19:12:19.037Z,7.931,7.944,-1.4,1.4,0.0,0.0,0.0,0.0,0.0,1.0,1.0,0.0,1.0,0.0,0.0,0.0,8.0,6.0,0.0,0.0,0.0,0.0,0.0,0.0,0.0,0.0,4.0,12.0,1.0,12.04,5.01,2.51,1.49,-0.9,0.2,0.9,344.3,0.0,-3.2,1.1,0.5,-70.4,0.3,0.0,221.3,0.0,22.200000000000003,17.0,17.0,19.0,300.0,300.0,30.9,35.5,28.8,27.9,30.0,,,,,,,,,,,,,,,,,,,,,,,,
2026-07-30T19:12:19.050Z,7.944,7.956,-1.5,1.4,0.0,0.0,0.0,0.0,0.0,1.0,1.0,0.0,1.0,0.0,0.0,0.0,8.0,6.0,0.0,0.0,0.0,0.0,0.0,0.0,0.0,0.0,6.0,12.0,1.0,12.0,5.01,2.51,1.49,-0.8,0.2,0.8,344.3,0.0,-2.0,0.0,3.4000000000000004,-70.7,0.0,0.0,220.7,0.0,21.9,17.2,17.2,19.200000000000003,300.0,300.0,30.9,35.7,28.9,28.0,30.0,,,,,,,,,,,,,,,,,,,,,,,,
2026-07-30T19:12:19.061Z,7.955,7.968,-1.4,1.4,0.0,0.0,0.0,0.0,0.0,1.0,1.0,0.0,1.0,0.0,0.0,0.0,8.0,6.0,0.0,0.0,0.0,0.0,0.0,0.0,0.0,0.0,1.0,12.0,1.0,12.0,5.01,2.51,1.49,-0.8,0.2,0.9,344.20000000000005,0.0,-2.0,0.5,1.6,-71.0,0.1,0.0,221.4,0.0,21.9,17.2,17.2,19.200000000000003,300.0,300.0,30.9,35.7,28.9,28.0,30.0,,,,,,,,,,,,,,,,,,,,,,,,
2026-07-30T19:12:19.073Z,7.967,7.98,-1.5,1.4,0.0,0.0,0.0,0.0,0.0,1.0,1.0,0.0,1.0,0.0,0.0,0.0,8.0,6.0,0.0,0.0,0.0,0.0,0.0,0.0,0.0,0.0,3.0,12.0,1.0,12.0,5.01,2.51,1.49,-0.8,0.2,0.9,344.3,0.0,-2.0,1.1,2.2,-71.4,-0.1,0.0,221.0,0.0,21.9,17.2,17.2,19.200000000000003,300.0,300.0,30.9,35.7,28.9,28.0,30.0,,,,,,,,,,,,,,,,,,,,,,,,
2026-07-30T19:12:19.086Z,7.98,7.992,-1.5,1.4,0.0,0.0,0.0,0.0,0.0,1.0,1.0,0.0,1.0,0.0,0.0,0.0,8.0,6.0,0.0,0.0,0.0,0.0,0.0,0.0,0.0,0.0,4.0,12.0,1.0,12.0,5.01,2.51,1.49,-0.8,0.2,0.9,344.1,0.0,-2.0,0.5,1.6,-71.7,0.2,0.0,221.7,0.0,21.9,17.2,17.2,19.200000000000003,300.0,300.0,30.9,35.7,28.9,28.0,30.0,,,,,,,,,,,,,,,,,,,,,,,,
2026-07-30T19:12:19.097Z,7.991,8.004,-1.5,1.4,0.0,0.0,0.0,0.0,0.0,1.0,1.0,0.0,1.0,0.0,0.0,0.0,8.0,6.0,0.0,0.0,0.0,0.0,0.0,0.0,0.0,0.0,6.0,12.0,1.0,12.0,5.01,2.51,1.49,-0.9,0.2,1.0,344.20000000000005,0.0,-3.2,-0.6000000000000001,0.5,-71.9,0.2,0.0,221.3,0.0,21.9,17.2,17.2,19.200000000000003,300.0,300.0,30.9,35.7,28.9,28.0,30.0,,,,,,,,,,,,,,,,,,,,,,,,
2026-07-30T19:12:19.110Z,8.004,8.016,-1.4,1.4,0.0,0.0,0.0,0.0,0.0,1.0,1.0,0.0,1.0,0.0,0.0,0.0,8.0,6.0,0.0,0.0,0.0,0.0,0.0,0.0,0.0,0.0,1.0,12.0,1.0,12.0,5.01,2.51,1.49,-0.8,0.2,0.9,344.20000000000005,0.0,-2.6,1.1,1.6,-72.2,0.5,0.0,221.8,0.0,21.9,17.2,17.2,19.200000000000003,300.0,300.0,30.9,35.7,28.9,28.0,30.0,,,,,,,,,,,,,,,,,,,,,,,,
2026-07-30T19:12:19.122Z,8.016,8.028,-1.5,1.4,0.0,0.0,0.0,0.0,0.0,1.0,1.0,0.0,1.0,0.0,0.0,0.0,8.0,6.0,0.0,0.0,0.0,0.0,0.0,0.0,0.0,0.0,2.0,12.0,1.0,12.0,5.01,2.51,1.49,-0.8,0.2,0.9,344.3,0.0,-2.6,1.1,2.2,-72.4,0.0,0.0,220.5,0.0,21.9,17.2,17.2,19.200000000000003,300.0,300.0,30.9,35.7,28.9,28.0,30.0,,,,,,,,,,,,,,,,,,,,,,,,
2026-07-30T19:12:19.133Z,8.027,8.040000000000001,-1.4,1.4,0.0,0.0,0.0,0.0,0.0,1.0,1.0,0.0,1.0,0.0,0.0,0.0,8.0,6.0,0.0,0.0,0.0,0.0,0.0,0.0,0.0,0.0,3.0,12.0,1.0,12.0,5.01,2.51,1.49,-0.9,0.2,0.9,344.20000000000005,0.0,-2.0,0.5,2.2,-72.60000000000001,0.0,0.0,221.2,0.0,21.9,17.2,17.2,19.200000000000003,300.0,300.0,30.9,35.7,28.9,28.0,30.0,,,,,,,,,,,,,,,,,,,,,,,,
2026-07-30T19:12:19.146Z,8.04,8.052,-1.5,1.4,0.0,0.0,0.0,0.0,0.0,1.0,1.0,0.0,1.0,0.0,0.0,0.0,8.0,6.0,0.0,0.0,0.0,0.0,0.0,0.0,0.0,0.0,5.0,12.0,1.0,12.0,5.01,2.51,1.49,-0.9,0.2,0.9,344.20000000000005,0.0,-1.4,1.1,1.6,-72.8,-0.1,0.0,220.4,0.0,21.9,17.2,17.2,19.200000000000003,300.0,300.0,30.9,35.7,28.9,28.0,30.0,,,,,,,,,,,,,,,,,,,,,,,,
2026-07-30T19:12:19.157Z,8.051,8.064,-1.4,1.4,0.0,0.0,0.0,0.0,0.0,1.0,1.0,0.0,1.0,0.0,0.0,0.0,8.0,6.0,0.0,0.0,0.0,0.0,0.0,0.0,0.0,0.0,6.0,12.0,1.0,12.05,5.01,2.5,1.49,-0.9,0.2,1.0,344.20000000000005,0.0,-2.6,-0.6000000000000001,0.5,-72.9,0.1,0.0,221.3,0.0,22.1,17.3,17.3,19.4,300.0,300.0,30.8,35.6,28.9,28.0,30.0,,,,,,,,,,,,,,,,,,,,,,,,
2026-07-30T19:12:19.169Z,8.063,8.076,-1.5,1.4,0.0,0.0,0.0,0.0,0.0,1.0,1.0,0.0,1.0,0.0,0.0,0.0,8.0,6.0,0.0,0.0,0.0,0.0,0.0,0.0,0.0,0.0,1.0,12.0,1.0,12.05,5.01,2.5,1.49,-0.8,0.2,0.9,344.20000000000005,0.0,-2.6,0.0,3.4000000000000004,-73.10000000000001,0.0,0.0,221.1,0.0,22.1,17.3,17.3,19.4,300.0,300.0,30.8,35.6,28.9,28.0,30.0,,,,,,,,,,,,,,,,,,,,,,,,
2026-07-30T19:12:19.181Z,8.075,8.088000000000001,-1.5,1.4,0.0,0.0,0.0,0.0,0.0,1.0,1.0,0.0,1.0,0.0,0.0,0.0,8.0,6.0,0.0,0.0,0.0,0.0,0.0,0.0,0.0,0.0,2.0,12.0,1.0,12.05,5.01,2.5,1.49,-0.9,0.2,0.9,344.3,0.0,-0.8,0.5,1.6,-73.2,-0.6000000000000001,0.0,219.6,0.0,22.1,17.3,17.3,19.4,300.0,300.0,30.8,35.6,28.9,28.0,30.0,,,,,,,,,,,,,,,,,,,,,,,,
2026-07-30T19:12:19.193Z,8.087,8.1,-1.5,1.4,0.0,0.0,0.0,0.0,0.0,1.0,1.0,0.0,1.0,0.0,0.0,0.0,8.0,6.0,0.0,0.0,0.0,0.0,0.0,0.0,0.0,0.0,2.0,12.0,1.0,12.05,5.01,2.5,1.49,-0.7000000000000001,0.2,0.8,344.1,0.0,-1.4,1.7000000000000002,4.0,-73.4,0.3,0.0,221.0,0.0,22.1,17.3,17.3,19.4,300.0,300.0,30.8,35.6,28.9,28.0,30.0,,,,,,,,,,,,,,,,,,,,,,,,
2026-07-30T19:12:19.205Z,8.099,8.112,-1.5,1.4,0.0,0.0,0.0,0.0,0.0,1.0,1.0,0.0,1.0,0.0,0.0,0.0,8.0,6.0,0.0,0.0,0.0,0.0,0.0,0.0,0.0,0.0,4.0,12.0,1.0,12.05,5.01,2.5,1.49,-0.8,0.1,0.8,344.3,0.0,-2.6,2.3000000000000003,1.6,-73.5,0.1,0.0,220.5,0.0,22.1,17.3,17.3,19.4,300.0,300.0,30.8,35.6,28.9,28.0,30.0,,,,,,,,,,,,,,,,,,,,,,,,
2026-07-30T19:12:19.217Z,8.111,8.124,-1.4,1.4,0.0,0.0,0.0,0.0,0.0,1.0,1.0,0.0,1.0,0.0,0.0,0.0,8.0,6.0,0.0,0.0,0.0,0.0,0.0,0.0,0.0,0.0,5.0,12.0,1.0,12.05,5.01,2.5,1.49,-0.9,0.2,0.9,344.3,0.0,-2.6,0.0,2.2,-73.60000000000001,0.0,0.0,220.4,0.0,22.1,17.3,17.3,19.4,300.0,300.0,30.8,35.6,28.9,28.0,30.0,,,,,,,,,,,,,,,,,,,,,,,,
2026-07-30T19:12:19.230Z,8.124,8.136000000000001,-1.5,1.4,0.0,0.0,0.0,0.0,0.0,1.0,1.0,0.0,1.0,0.0,0.0,0.0,8.0,6.0,0.0,0.0,0.0,0.0,0.0,0.0,0.0,0.0,6.0,12.0,1.0,12.05,5.01,2.5,1.49,-0.8,0.2,0.8,344.1,0.0,-2.0,1.1,3.4000000000000004,-73.7,0.3,0.0,221.3,0.0,22.1,17.3,17.3,19.4,300.0,300.0,30.8,35.6,28.9,28.0,30.0,,,,,,,,,,,,,,,,,,,,,,,,
2026-07-30T19:12:19.241Z,8.135,8.148,-1.5,1.4,0.0,0.0,0.0,0.0,0.0,1.0,1.0,0.0,1.0,0.0,0.0,0.0,8.0,6.0,0.0,0.0,0.0,0.0,0.0,0.0,0.0,0.0,2.0,12.0,1.0,12.05,5.01,2.5,1.49,-0.9,0.2,0.9,344.3,0.0,-2.0,0.5,2.2,-73.8,0.0,0.0,220.8,0.0,22.1,17.3,17.3,19.4,300.0,300.0,30.8,35.6,28.9,28.0,30.0,,,,,,,,,,,,,,,,,,,,,,,,
2026-07-30T19:12:19.254Z,8.148,8.16,-1.4,1.4,0.0,0.0,0.0,0.0,0.0,1.0,1.0,0.0,1.0,0.0,0.0,0.0,8.0,6.0,0.0,0.0,0.0,0.0,0.0,0.0,0.0,0.0,3.0,12.0,1.0,12.04,5.01,2.51,1.49,-0.8,0.2,0.9,344.3,0.0,-2.0,1.1,2.2,-73.9,0.1,0.0,221.5,0.0,22.3,17.5,17.5,19.5,300.0,300.0,31.0,35.6,29.0,28.1,30.0,,,,,,,,,,,,,,,,,,,,,,,,
2026-07-30T19:12:19.266Z,8.16,8.172,-1.4,1.4,0.0,0.0,0.0,0.0,0.0,1.0,1.0,0.0,1.0,0.0,0.0,0.0,8.0,6.0,0.0,0.0,0.0,0.0,0.0,0.0,0.0,0.0,4.0,12.0,1.0,12.04,5.01,2.51,1.49,-0.9,0.2,1.0,344.3,0.0,-3.2,0.0,1.0,-74.0,-0.1,0.0,221.0,0.0,22.3,17.5,17.5,19.5,300.0,300.0,31.0,35.6,29.0,28.1,30.0,,,,,,,,,,,,,,,,,,,,,,,,
2026-07-30T19:12:19.278Z,8.172,8.184000000000001,-1.5,1.4,0.0,0.0,0.0,0.0,0.0,1.0,1.0,0.0,1.0,0.0,0.0,0.0,8.0,6.0,0.0,0.0,0.0,0.0,0.0,0.0,0.0,0.0,5.0,12.0,1.0,12.04,5.01,2.51,1.49,-0.9,0.2,0.9,344.20000000000005,0.0,-2.0,0.0,2.2,-74.10000000000001,0.0,0.0,221.3,0.0,22.3,17.5,17.5,19.5,300.0,300.0,31.0,35.6,29.0,28.1,30.0,,,,,,,,,,,,,,,,,,,,,,,,
2026-07-30T19:12:19.290Z,8.184,8.196,-1.5,1.4,0.0,0.0,0.0,0.0,0.0,1.0,1.0,0.0,1.0,0.0,0.0,0.0,8.0,6.0,0.0,0.0,0.0,0.0,0.0,0.0,0.0,0.0,6.0,12.0,1.0,12.04,5.01,2.51,1.49,-0.9,0.2,0.9,344.20000000000005,0.0,-2.0,1.1,3.4000000000000004,-74.10000000000001,-0.6000000000000001,0.0,219.3,0.0,22.3,17.5,17.5,19.5,300.0,300.0,31.0,35.6,29.0,28.1,30.0,,,,,,,,,,,,,,,,,,,,,,,,
2026-07-30T19:12:19.302Z,8.196,8.208,-1.4,1.4,0.0,0.0,0.0,0.0,0.0,1.0,1.0,0.0,1.0,0.0,0.0,0.0,8.0,6.0,0.0,0.0,0.0,0.0,0.0,0.0,0.0,0.0,2.0,12.0,1.0,12.04,5.01,2.51,1.49,-0.9,0.2,0.9,344.3,0.0,-2.0,0.0,1.0,-74.2,-0.5,0.0,219.9,0.0,22.3,17.5,17.5,19.5,300.0,300.0,31.0,35.6,29.0,28.1,30.0,,,,,,,,,,,,,,,,,,,,,,,,
2026-07-30T19:12:19.314Z,8.208,8.22,-1.5,1.4,0.0,0.0,0.0,0.0,0.0,1.0,1.0,0.0,1.0,0.0,0.0,0.0,8.0,6.0,0.0,0.0,0.0,0.0,0.0,0.0,0.0,0.0,3.0,12.0,1.0,12.04,5.01,2.51,1.49,-0.9,0.2,0.9,344.20000000000005,0.0,-2.6,0.0,1.6,-74.3,0.0,0.0,219.8,0.0,22.3,17.5,17.5,19.5,300.0,300.0,31.0,35.6,29.0,28.1,30.0,,,,,,,,,,,,,,,,,,,,,,,,
2026-07-30T19:12:19.326Z,8.22,8.232,-1.4,1.4,0.0,0.0,0.0,0.0,0.0,1.0,1.0,0.0,1.0,0.0,0.0,0.0,8.0,6.0,0.0,0.0,0.0,0.0,0.0,0.0,0.0,0.0,3.0,12.0,1.0,12.04,5.01,2.51,1.49,-0.8,0.2,0.8,344.3,0.0,-2.6,0.5,2.8000000000000003,-74.3,0.1,0.0,220.8,0.0,22.3,17.5,17.5,19.5,300.0,300.0,31.0,35.6,29.0,28.1,30.0,,,,,,,,,,,,,,,,,,,,,,,,
2026-07-30T19:12:19.338Z,8.232,8.244,-1.4,1.4,0.0,0.0,0.0,0.0,0.0,1.0,1.0,0.0,1.0,0.0,0.0,0.0,8.0,6.0,0.0,0.0,0.0,0.0,0.0,0.0,0.0,0.0,4.0,12.0,1.0,12.04,5.01,2.51,1.49,-0.8,0.2,0.9,344.3,0.0,-1.4,1.1,2.2,-74.3,0.1,0.0,221.0,0.0,22.3,17.5,17.5,19.5,300.0,300.0,31.0,35.6,29.0,28.1,30.0,,,,,,,,,,,,,,,,,,,,,,,,
2026-07-30T19:12:19.349Z,8.243,8.256,-1.4,1.4,0.0,0.0,0.0,0.0,0.0,1.0,1.0,0.0,1.0,0.0,0.0,0.0,8.0,6.0,0.0,0.0,0.0,0.0,0.0,0.0,0.0,0.0,5.0,12.0,1.0,12.04,5.01,2.51,1.49,-0.9,0.2,0.9,344.20000000000005,0.0,-2.0,0.5,2.8000000000000003,-74.3,0.0,0.0,220.7,0.0,22.3,17.5,17.5,19.5,300.0,300.0,31.0,35.6,29.0,28.1,30.0,,,,,,,,,,,,,,,,,,,,,,,,
2026-07-30T19:12:19.362Z,8.256,8.268,-1.5,1.4,0.0,0.0,0.0,0.0,0.0,1.0,1.0,0.0,1.0,0.0,0.0,0.0,8.0,6.0,0.0,0.0,0.0,0.0,0.0,0.0,0.0,0.0,6.0,12.0,1.0,12.05,5.01,2.5,1.49,-0.8,0.2,0.8,344.3,0.0,-1.4,1.1,2.8000000000000003,-74.3,0.0,0.0,221.1,0.0,22.1,17.6,17.6,19.700000000000003,300.0,300.0,31.0,35.800000000000004,29.0,28.200000000000003,30.1,,,,,,,,,,,,,,,,,,,,,,,,
2026-07-30T19:12:19.373Z,8.267,8.28,-1.5,1.4,0.0,0.0,0.0,0.0,0.0,1.0,1.0,0.0,1.0,0.0,0.0,0.0,8.0,6.0,0.0,0.0,0.0,0.0,0.0,0.0,0.0,0.0,2.0,12.0,1.0,12.05,5.01,2.5,1.49,-0.9,0.2,0.9,344.3,0.0,-2.0,0.5,0.5,-74.3,-0.1,0.0,221.0,0.0,22.1,17.6,17.6,19.700000000000003,300.0,300.0,31.0,35.800000000000004,29.0,28.200000000000003,30.1,,,,,,,,,,,,,,,,,,,,,,,,
2026-07-30T19:12:19.385Z,8.279,8.292,-1.5,1.4,0.0,0.0,0.0,0.0,0.0,1.0,1.0,0.0,1.0,0.0,0.0,0.0,8.0,6.0,0.0,0.0,0.0,0.0,0.0,0.0,0.0,0.0,3.0,12.0,1.0,12.05,5.01,2.5,1.49,-0.8,0.2,0.8,344.20000000000005,0.0,-3.2,1.1,3.4000000000000004,-74.4,0.2,0.0,220.7,0.0,22.1,17.6,17.6,19.700000000000003,300.0,300.0,31.0,35.800000000000004,29.0,28.200000000000003,30.1,,,,,,,,,,,,,,,,,,,,,,,,
2026-07-30T19:12:19.397Z,8.291,8.304,-1.4,1.4,0.0,0.0,0.0,0.0,0.0,1.0,1.0,0.0,1.0,0.0,0.0,0.0,8.0,6.0,0.0,0.0,0.0,0.0,0.0,0.0,0.0,0.0,4.0,12.0,1.0,12.05,5.01,2.5,1.49,-0.9,0.2,0.9,344.20000000000005,0.0,-1.4,0.5,1.6,-74.4,-0.3,0.0,219.9,0.0,22.1,17.6,17.6,19.700000000000003,300.0,300.0,31.0,35.800000000000004,29.0,28.200000000000003,30.1,,,,,,,,,,,,,,,,,,,,,,,,
2026-07-30T19:12:19.410Z,8.304,8.316,-1.4,1.4,0.0,0.0,0.0,0.0,0.0,1.0,1.0,0.0,1.0,0.0,0.0,0.0,8.0,6.0,0.0,0.0,0.0,0.0,0.0,0.0,0.0,0.0,5.0,12.0,1.0,12.05,5.01,2.5,1.49,-0.8,0.2,0.9,344.20000000000005,0.0,-3.2,0.5,1.6,-74.5,0.3,0.0,221.3,0.0,22.1,17.6,17.6,19.700000000000003,300.0,300.0,31.0,35.800000000000004,29.0,28.200000000000003,30.1,,,,,,,,,,,,,,,,,,,,,,,,
2026-07-30T19:12:19.421Z,8.315,8.328,-1.4,1.4,0.0,0.0,0.0,0.0,0.0,1.0,1.0,0.0,1.0,0.0,0.0,0.0,8.0,6.0,0.0,0.0,0.0,0.0,0.0,0.0,0.0,0.0,6.0,12.0,1.0,12.05,5.01,2.5,1.49,-0.8,0.2,0.8,344.3,0.0,-1.4,1.1,3.4000000000000004,-74.60000000000001,0.0,0.0,220.9,0.0,22.1,17.6,17.6,19.700000000000003,300.0,300.0,31.0,35.800000000000004,29.0,28.200000000000003,30.1,,,,,,,,,,,,,,,,,,,,,,,,
2026-07-30T19:12:19.433Z,8.327,8.34,-1.4,1.4,0.0,0.0,0.0,0.0,0.0,1.0,1.0,0.0,1.0,0.0,0.0,0.0,8.0,6.0,0.0,0.0,0.0,0.0,0.0,0.0,0.0,0.0,1.0,12.0,1.0,12.05,5.01,2.5,1.49,-0.9,0.2,0.9,344.20000000000005,0.0,-2.6,0.5,1.6,-74.60000000000001,0.3,0.0,221.4,0.0,22.1,17.6,17.6,19.700000000000003,300.0,300.0,31.0,35.800000000000004,29.0,28.200000000000003,30.1,,,,,,,,,,,,,,,,,,,,,,,,
2026-07-30T19:12:19.445Z,8.339,8.352,-1.5,1.4,0.0,0.0,0.0,0.0,0.0,1.0,1.0,0.0,1.0,0.0,0.0,0.0,8.0,6.0,0.0,0.0,0.0,0.0,0.0,0.0,0.0,0.0,3.0,12.0,1.0,12.05,5.01,2.5,1.49,-0.8,0.2,0.8,344.1,0.0,-2.6,1.7000000000000002,2.8000000000000003,-74.7,0.1,0.0,221.3,0.0,22.1,17.6,17.6,19.700000000000003,300.0,300.0,31.0,35.800000000000004,29.0,28.200000000000003,30.1,,,,,,,,,,,,,,,,,,,,,,,,
2026-07-30T19:12:19.459Z,8.353,8.364,-1.5,1.4,0.0,0.0,0.0,0.0,0.0,1.0,1.0,0.0,1.0,0.0,0.0,0.0,8.0,6.0,0.0,0.0,0.0,0.0,0.0,0.0,0.0,0.0,4.0,12.0,1.0,12.02,5.01,2.51,1.49,-0.9,0.2,0.9,344.3,0.0,-2.6,-0.6000000000000001,1.6,-74.7,0.0,0.0,220.9,0.0,22.1,17.8,17.8,19.8,300.0,300.0,31.0,36.0,29.0,28.200000000000003,30.1,,,,,,,,,,,,,,,,,,,,,,,,
2026-07-30T19:12:19.469Z,8.363,8.376,-1.5,1.4,0.0,0.0,0.0,0.0,0.0,1.0,1.0,0.0,1.0,0.0,0.0,0.0,8.0,6.0,0.0,0.0,0.0,0.0,0.0,0.0,0.0,0.0,5.0,12.0,1.0,12.02,5.01,2.51,1.49,-0.8,0.1,0.8,344.3,0.0,-1.4,2.3000000000000003,2.2,-74.7,-0.1,0.0,221.1,0.0,22.1,17.8,17.8,19.8,300.0,300.0,31.0,36.0,29.0,28.200000000000003,30.1,,,,,,,,,,,,,,,,,,,,,,,,
2026-07-30T19:12:19.481Z,8.375,8.388,-1.5,1.4,0.0,0.0,0.0,0.0,0.0,1.0,1.0,0.0,1.0,0.0,0.0,0.0,8.0,6.0,0.0,0.0,0.0,0.0,0.0,0.0,0.0,0.0,6.0,12.0,1.0,12.02,5.01,2.51,1.49,-0.9,0.2,0.9,344.20000000000005,0.0,-2.6,0.0,3.4000000000000004,-74.7,-0.4,0.0,219.7,0.0,22.1,17.8,17.8,19.8,300.0,300.0,31.0,36.0,29.0,28.200000000000003,30.1,,,,,,,,,,,,,,,,,,,,,,,,
2026-07-30T19:12:19.494Z,8.388,8.4,-1.5,1.4,0.0,0.0,0.0,0.0,0.0,1.0,1.0,0.0,1.0,0.0,0.0,0.0,8.0,6.0,0.0,0.0,0.0,0.0,0.0,0.0,0.0,0.0,1.0,12.0,1.0,12.02,5.01,2.51,1.49,-0.8,0.2,0.9,344.20000000000005,0.0,-2.0,1.1,1.0,-74.8,0.0,0.0,219.9,0.0,22.1,17.8,17.8,19.8,300.0,300.0,31.0,36.0,29.0,28.200000000000003,30.1,,,,,,,,,,,,,,,,,,,,,,,,
2026-07-30T19:12:19.506Z,8.4,8.412,-1.5,1.4,0.0,0.0,0.0,0.0,0.0,1.0,1.0,0.0,1.0,0.0,0.0,0.0,8.0,6.0,0.0,0.0,0.0,0.0,0.0,0.0,0.0,0.0,2.0,12.0,1.0,12.02,5.01,2.51,1.49,-0.8,0.2,0.8,344.3,0.0,-0.8,0.5,3.4000000000000004,-74.7,0.4,0.0,221.1,0.0,22.1,17.8,17.8,19.8,300.0,300.0,31.0,36.0,29.0,28.200000000000003,30.1,,,,,,,,,,,,,,,,,,,,,,,,
2026-07-30T19:12:19.517Z,8.411,8.424,-1.4,1.4,0.0,0.0,0.0,0.0,0.0,1.0,1.0,0.0,1.0,0.0,0.0,0.0,8.0,6.0,0.0,0.0,0.0,0.0,0.0,0.0,0.0,0.0,4.0,12.0,1.0,12.02,5.01,2.51,1.49,-0.9,0.2,1.0,344.1,0.0,-3.2,-0.6000000000000001,0.0,-74.7,-0.1,0.0,220.5,0.0,22.1,17.8,17.8,19.8,300.0,300.0,31.0,36.0,29.0,28.200000000000003,30.1,,,,,,,,,,,,,,,,,,,,,,,,
2026-07-30T19:12:19.529Z,8.423,8.436,-1.4,1.4,0.0,0.0,0.0,0.0,0.0,1.0,1.0,0.0,1.0,0.0,0.0,0.0,8.0,6.0,0.0,0.0,0.0,0.0,0.0,0.0,0.0,0.0,5.0,12.0,1.0,12.02,5.01,2.51,1.49,-0.8,0.2,0.8,344.3,0.0,-2.0,1.7000000000000002,2.2,-74.7,-0.1,0.0,220.2,0.0,22.1,17.8,17.8,19.8,300.0,300.0,31.0,36.0,29.0,28.200000000000003,30.1,,,,,,,,,,,,,,,,,,,,,,,,
2026-07-30T19:12:19.541Z,8.435,8.448,-1.4,1.4,0.0,0.0,0.0,0.0,0.0,1.0,1.0,0.0,1.0,0.0,0.0,0.0,8.0,6.0,0.0,0.0,0.0,0.0,0.0,0.0,0.0,0.0,6.0,12.0,1.0,12.02,5.01,2.51,1.49,-0.9,0.2,0.9,344.3,0.0,-2.0,-1.2000000000000002,1.6,-74.7,0.0,0.0,220.8,0.0,22.1,17.8,17.8,19.8,300.0,300.0,31.0,36.0,29.0,28.200000000000003,30.1,,,,,,,,,,,,,,,,,,,,,,,,
2026-07-30T19:12:19.554Z,8.448,8.46,-1.4,1.4,0.0,0.0,0.0,0.0,0.0,1.0,1.0,0.0,1.0,0.0,0.0,0.0,8.0,6.0,0.0,0.0,0.0,0.0,0.0,0.0,0.0,0.0,1.0,12.0,1.0,12.02,5.01,2.51,1.49,-0.8,0.2,0.9,344.20000000000005,0.0,-2.6,-0.6000000000000001,2.8000000000000003,-74.7,-0.1,0.0,220.6,0.0,22.1,17.8,17.8,19.8,300.0,300.0,31.0,36.0,29.0,28.200000000000003,30.1,,,,,,,,,,,,,,,,,,,,,,,,
2026-07-30T19:12:19.565Z,8.459,8.472,-1.5,1.4,0.0,0.0,0.0,0.0,0.0,1.0,1.0,0.0,1.0,0.0,0.0,0.0,8.0,6.0,0.0,0.0,0.0,0.0,0.0,0.0,0.0,0.0,3.0,12.0,1.0,12.05,5.0200000000000005,2.5,1.49,-0.8,0.2,0.8,344.20000000000005,0.0,-2.0,0.5,3.4000000000000004,-74.60000000000001,0.2,0.0,221.3,0.0,22.3,17.900000000000002,17.900000000000002,19.9,300.0,300.0,31.0,36.2,29.0,28.3,30.200000000000003,,,,,,,,,,,,,,,,,,,,,,,,
2026-07-30T19:12:19.577Z,8.471,8.484,-1.4,1.4,0.0,0.0,0.0,0.0,0.0,1.0,1.0,0.0,1.0,0.0,0.0,0.0,8.0,6.0,0.0,0.0,0.0,0.0,0.0,0.0,0.0,0.0,4.0,12.0,1.0,12.05,5.0200000000000005,2.5,1.49,-0.9,0.2,0.9,344.3,0.0,-3.2,0.5,1.0,-74.7,0.2,0.0,222.0,0.0,22.3,17.900000000000002,17.900000000000002,19.9,300.0,300.0,31.0,36.2,29.0,28.3,30.200000000000003,,,,,,,,,,,,,,,,,,,,,,,,
2026-07-30T19:12:19.589Z,8.483,8.496,-1.5,1.4,0.0,0.0,0.0,0.0,0.0,1.0,1.0,0.0,1.0,0.0,0.0,0.0,8.0,6.0,0.0,0.0,0.0,0.0,0.0,0.0,0.0,0.0,5.0,12.0,1.0,12.05,5.0200000000000005,2.5,1.49,-0.8,0.2,0.9,344.20000000000005,0.0,-3.2,1.1,2.8000000000000003,-74.7,-0.3,0.0,219.7,0.0,22.3,17.900000000000002,17.900000000000002,19.9,300.0,300.0,31.0,36.2,29.0,28.3,30.200000000000003,,,,,,,,,,,,,,,,,,,,,,,,
2026-07-30T19:12:19.601Z,8.495,8.508000000000001,-1.5,1.4,0.0,0.0,0.0,0.0,0.0,1.0,1.0,0.0,1.0,0.0,0.0,0.0,8.0,6.0,0.0,0.0,0.0,0.0,0.0,0.0,0.0,0.0,1.0,12.0,1.0,12.05,5.0200000000000005,2.5,1.49,-0.9,0.2,0.9,344.3,0.0,-3.2,-0.6000000000000001,1.0,-74.7,0.3,0.0,221.1,0.0,22.3,17.900000000000002,17.900000000000002,19.9,300.0,300.0,31.0,36.2,29.0,28.3,30.200000000000003,,,,,,,,,,,,,,,,,,,,,,,,
2026-07-30T19:12:19.613Z,8.507,8.52,-1.5,1.4,0.0,0.0,0.0,0.0,0.0,1.0,1.0,0.0,1.0,0.0,0.0,0.0,8.0,6.0,0.0,0.0,0.0,0.0,0.0,0.0,0.0,0.0,2.0,12.0,1.0,12.05,5.0200000000000005,2.5,1.49,-0.9,0.2,0.9,344.1,0.0,-2.6,0.0,1.6,-74.60000000000001,-0.1,0.0,220.0,0.0,22.3,17.900000000000002,17.900000000000002,19.9,300.0,300.0,31.0,36.2,29.0,28.3,30.200000000000003,,,,,,,,,,,,,,,,,,,,,,,,
2026-07-30T19:12:19.625Z,8.519,8.532,-1.4,1.4,0.0,0.0,0.0,0.0,0.0,1.0,1.0,0.0,1.0,0.0,0.0,0.0,8.0,6.0,0.0,0.0,0.0,0.0,0.0,0.0,0.0,0.0,3.0,12.0,1.0,12.05,5.0200000000000005,2.5,1.49,-0.9,0.2,0.9,344.20000000000005,0.0,-2.6,1.1,1.6,-74.60000000000001,0.2,0.0,220.9,0.0,22.3,17.900000000000002,17.900000000000002,19.9,300.0,300.0,31.0,36.2,29.0,28.3,30.200000000000003,,,,,,,,,,,,,,,,,,,,,,,,
2026-07-30T19:12:19.637Z,8.531,8.544,-1.4,1.4,0.0,0.0,0.0,0.0,0.0,1.0,1.0,0.0,1.0,0.0,0.0,0.0,8.0,6.0,0.0,0.0,0.0,0.0,0.0,0.0,0.0,0.0,5.0,12.0,1.0,12.05,5.0200000000000005,2.5,1.49,-1.0,0.2,1.0,344.20000000000005,0.0,-3.2,-0.6000000000000001,0.5,-74.60000000000001,0.0,0.0,220.6,0.0,22.3,17.900000000000002,17.900000000000002,19.9,300.0,300.0,31.0,36.2,29.0,28.3,30.200000000000003,,,,,,,,,,,,,,,,,,,,,,,,
2026-07-30T19:12:19.649Z,8.543,8.556000000000001,-1.5,1.4,0.0,0.0,0.0,0.0,0.0,1.0,1.0,0.0,1.0,0.0,0.0,0.0,8.0,6.0,0.0,0.0,0.0,0.0,0.0,0.0,0.0,0.0,6.0,12.0,1.0,12.05,5.0200000000000005,2.5,1.49,-0.9,0.2,0.9,344.20000000000005,0.0,-2.6,0.0,1.6,-74.60000000000001,0.0,0.0,220.3,0.0,22.3,17.900000000000002,17.900000000000002,19.9,300.0,300.0,31.0,36.2,29.0,28.3,30.200000000000003,,,,,,,,,,,,,,,,,,,,,,,,
2026-07-30T19:12:19.662Z,8.556,8.568,-1.5,1.4,0.0,0.0,0.0,0.0,0.0,1.0,1.0,0.0,1.0,0.0,0.0,0.0,8.0,6.0,0.0,0.0,0.0,0.0,0.0,0.0,0.0,0.0,2.0,12.0,1.0,12.02,5.0200000000000005,2.51,1.5,-0.8,0.2,0.9,344.3,0.0,-2.0,1.1,1.6,-74.60000000000001,0.0,0.0,220.9,0.0,21.700000000000003,18.1,18.1,20.1,300.0,300.0,31.1,36.1,29.0,28.4,30.200000000000003,,,,,,,,,,,,,,,,,,,,,,,,
2026-07-30T19:12:19.673Z,8.567,8.58,-1.4,1.4,0.0,0.0,0.0,0.0,0.0,1.0,1.0,0.0,1.0,0.0,0.0,0.0,8.0,6.0,0.0,0.0,0.0,0.0,0.0,0.0,0.0,0.0,3.0,12.0,1.0,12.02,5.0200000000000005,2.51,1.5,-0.9,0.2,1.0,344.3,0.0,-3.2,0.0,0.5,-74.5,-0.1,0.0,220.6,0.0,21.700000000000003,18.1,18.1,20.1,300.0,300.0,31.1,36.1,29.0,28.4,30.200000000000003,,,,,,,,,,,,,,,,,,,,,,,,
2026-07-30T19:12:19.685Z,8.579,8.592,-1.5,1.4,0.0,0.0,0.0,0.0,0.0,1.0,1.0,0.0,1.0,0.0,0.0,0.0,8.0,6.0,0.0,0.0,0.0,0.0,0.0,0.0,0.0,0.0,4.0,12.0,1.0,12.02,5.0200000000000005,2.51,1.5,-0.8,0.2,0.8,344.1,0.0,-2.0,1.7000000000000002,2.8000000000000003,-74.5,0.2,0.0,221.0,0.0,21.700000000000003,18.1,18.1,20.1,300.0,300.0,31.1,36.1,29.0,28.4,30.200000000000003,,,,,,,,,,,,,,,,,,,,,,,,
2026-07-30T19:12:19.697Z,8.591,8.604000000000001,-1.4,1.4,0.0,0.0,0.0,0.0,0.0,1.0,1.0,0.0,1.0,0.0,0.0,0.0,8.0,6.0,0.0,0.0,0.0,0.0,0.0,0.0,0.0,0.0,6.0,12.0,1.0,12.02,5.0200000000000005,2.51,1.5,-0.9,0.2,0.9,344.20000000000005,0.0,-0.8,0.0,1.6,-74.5,0.0,0.0,221.2,0.0,21.700000000000003,18.1,18.1,20.1,300.0,300.0,31.1,36.1,29.0,28.4,30.200000000000003,,,,,,,,,,,,,,,,,,,,,,,,
2026-07-30T19:12:19.709Z,8.603,8.616,-1.4,1.4,0.0,0.0,0.0,0.0,0.0,1.0,1.0,0.0,1.0,0.0,0.0,0.0,8.0,6.0,0.0,0.0,0.0,0.0,0.0,0.0,0.0,0.0,1.0,12.0,1.0,12.02,5.0200000000000005,2.51,1.5,-0.9,0.2,0.9,344.3,0.0,-2.6,0.5,2.2,-74.5,-0.3,0.0,220.5,0.0,21.700000000000003,18.1,18.1,20.1,300.0,300.0,31.1,36.1,29.0,28.4,30.200000000000003,,,,,,,,,,,,,,,,,,,,,,,,
2026-07-30T19:12:19.721Z,8.615,8.628,-1.5,1.4,0.0,0.0,0.0,0.0,0.0,1.0,1.0,0.0,1.0,0.0,0.0,0.0,8.0,6.0,0.0,0.0,0.0,0.0,0.0,0.0,0.0,0.0,3.0,12.0,1.0,12.02,5.0200000000000005,2.51,1.5,-0.8,0.2,0.8,344.20000000000005,0.0,-1.4,1.1,2.8000000000000003,-74.5,0.1,0.0,220.9,0.0,21.700000000000003,18.1,18.1,20.1,300.0,300.0,31.1,36.1,29.0,28.4,30.200000000000003,,,,,,,,,,,,,,,,,,,,,,,,
2026-07-30T19:12:19.733Z,8.627,8.64,-1.5,1.4,0.0,0.0,0.0,0.0,0.0,1.0,1.0,0.0,1.0,0.0,0.0,0.0,8.0,6.0,0.0,0.0,0.0,0.0,0.0,0.0,0.0,0.0,4.0,12.0,1.0,12.02,5.0200000000000005,2.51,1.5,-0.9,0.2,0.9,344.3,0.0,-1.4,1.1,1.6,-74.5,0.1,0.0,220.5,0.0,21.700000000000003,18.1,18.1,20.1,300.0,300.0,31.1,36.1,29.0,28.4,30.200000000000003,,,,,,,,,,,,,,,,,,,,,,,,
2026-07-30T19:12:19.745Z,8.639,8.652000000000001,-1.5,1.4,0.0,0.0,0.0,0.0,0.0,1.0,1.0,0.0,1.0,0.0,0.0,0.0,8.0,6.0,0.0,0.0,0.0,0.0,0.0,0.0,0.0,0.0,6.0,12.0,1.0,12.02,5.0200000000000005,2.51,1.5,-0.8,0.2,0.8,344.3,0.0,-2.0,1.1,2.2,-74.5,0.0,0.0,220.6,0.0,21.700000000000003,18.1,18.1,20.1,300.0,300.0,31.1,36.1,29.0,28.4,30.200000000000003,,,,,,,,,,,,,,,,,,,,,,,,
2026-07-30T19:12:19.757Z,8.651,8.664,-1.4,1.4,0.0,0.0,0.0,0.0,0.0,1.0,1.0,0.0,1.0,0.0,0.0,0.0,8.0,6.0,0.0,0.0,0.0,0.0,0.0,0.0,0.0,0.0,1.0,12.0,1.0,12.02,5.0200000000000005,2.51,1.5,-0.9,0.2,0.9,344.20000000000005,0.0,-1.4,1.1,1.0,-74.60000000000001,0.1,0.0,221.3,0.0,21.700000000000003,18.1,18.1,20.1,300.0,300.0,31.1,36.1,29.0,28.4,30.200000000000003,,,,,,,,,,,,,,,,,,,,,,,,
2026-07-30T19:12:19.769Z,8.663,8.676,-1.4,1.4,0.0,0.0,0.0,0.0,0.0,1.0,1.0,0.0,1.0,0.0,0.0,0.0,8.0,6.0,0.0,0.0,0.0,0.0,0.0,0.0,0.0,0.0,3.0,12.0,1.0,12.05,5.01,2.5,1.49,-0.8,0.2,0.9,344.20000000000005,0.0,-2.0,1.1,1.6,-74.60000000000001,0.0,0.0,221.3,0.0,21.9,18.2,18.2,20.200000000000003,300.0,300.0,31.0,36.0,29.1,28.4,30.3,,,,,,,,,,,,,,,,,,,,,,,,
2026-07-30T19:12:19.781Z,8.675,8.688,-1.5,1.4,0.0,0.0,0.0,0.0,0.0,1.0,1.0,0.0,1.0,0.0,0.0,0.0,8.0,6.0,0.0,0.0,0.0,0.0,0.0,0.0,0.0,0.0,5.0,12.0,1.0,12.05,5.01,2.5,1.49,-0.8,0.2,0.8,344.3,0.0,-2.6,1.7000000000000002,4.0,-74.7,0.0,0.0,220.6,0.0,21.9,18.2,18.2,20.200000000000003,300.0,300.0,31.0,36.0,29.1,28.4,30.3,,,,,,,,,,,,,,,,,,,,,,,,
2026-07-30T19:12:19.793Z,8.687,8.700000000000001,-1.5,1.4,0.0,0.0,0.0,0.0,0.0,1.0,1.0,0.0,1.0,0.0,0.0,0.0,8.0,6.0,0.0,0.0,0.0,0.0,0.0,0.0,0.0,0.0,6.0,12.0,1.0,12.05,5.01,2.5,1.49,-0.8,0.2,0.9,344.20000000000005,0.0,-1.4,0.0,1.0,-74.8,0.2,0.0,221.1,0.0,21.9,18.2,18.2,20.200000000000003,300.0,300.0,31.0,36.0,29.1,28.4,30.3,,,,,,,,,,,,,,,,,,,,,,,,
2026-07-30T19:12:19.805Z,8.699,8.712,-1.5,1.4,0.0,0.0,0.0,0.0,0.0,1.0,1.0,0.0,1.0,0.0,0.0,0.0,8.0,6.0,0.0,0.0,0.0,0.0,0.0,0.0,0.0,0.0,1.0,12.0,1.0,12.05,5.01,2.5,1.49,-0.8,0.1,0.9,344.20000000000005,0.0,-1.4,0.5,2.8000000000000003,-74.8,0.3,0.0,221.0,0.0,21.9,18.2,18.2,20.200000000000003,300.0,300.0,31.0,36.0,29.1,28.4,30.3,,,,,,,,,,,,,,,,,,,,,,,,
2026-07-30T19:12:19.817Z,8.711,8.724,-1.4,1.4,0.0,0.0,0.0,0.0,0.0,1.0,1.0,0.0,1.0,0.0,0.0,0.0,8.0,6.0,0.0,0.0,0.0,0.0,0.0,0.0,0.0,0.0,2.0,12.0,1.0,12.05,5.01,2.5,1.49,-0.8,0.2,0.8,344.20000000000005,0.0,-3.7,0.0,0.5,-74.8,0.1,0.0,221.2,0.0,21.9,18.2,18.2,20.200000000000003,300.0,300.0,31.0,36.0,29.1,28.4,30.3,,,,,,,,,,,,,,,,,,,,,,,,
2026-07-30T19:12:19.829Z,8.723,8.736,-1.4,1.4,0.0,0.0,0.0,0.0,0.0,1.0,1.0,0.0,1.0,0.0,0.0,0.0,8.0,6.0,0.0,0.0,0.0,0.0,0.0,0.0,0.0,0.0,3.0,12.0,1.0,12.05,5.01,2.5,1.49,-0.9,0.2,0.9,344.3,0.0,-2.0,1.1,1.0,-74.8,0.2,0.0,221.1,0.0,21.9,18.2,18.2,20.200000000000003,300.0,300.0,31.0,36.0,29.1,28.4,30.3,,,,,,,,,,,,,,,,,,,,,,,,
2026-07-30T19:12:19.841Z,8.735,8.748,-1.5,1.4,0.0,0.0,0.0,0.0,0.0,1.0,1.0,0.0,1.0,0.0,0.0,0.0,8.0,6.0,0.0,0.0,0.0,0.0,0.0,0.0,0.0,0.0,4.0,12.0,1.0,12.05,5.01,2.5,1.49,-0.9,0.2,0.9,344.20000000000005,0.0,-1.4,0.5,1.6,-74.9,0.1,0.0,221.4,0.0,21.9,18.2,18.2,20.200000000000003,300.0,300.0,31.0,36.0,29.1,28.4,30.3,,,,,,,,,,,,,,,,,,,,,,,,
2026-07-30T19:12:19.853Z,8.747,8.76,-1.5,1.4,0.0,0.0,0.0,0.0,0.0,1.0,1.0,0.0,1.0,0.0,0.0,0.0,8.0,6.0,0.0,0.0,0.0,0.0,0.0,0.0,0.0,0.0,5.0,12.0,1.0,12.05,5.01,2.5,1.49,-0.8,0.2,0.9,344.3,0.0,-2.6,0.5,2.8000000000000003,-74.9,0.0,0.0,220.8,0.0,21.9,18.2,18.2,20.200000000000003,300.0,300.0,31.0,36.0,29.1,28.4,30.3,,,,,,,,,,,,,,,,,,,,,,,,
2026-07-30T19:12:19.866Z,8.76,8.772,-1.5,1.4,0.0,0.0,0.0,0.0,0.0,1.0,1.0,0.0,1.0,0.0,0.0,0.0,8.0,6.0,0.0,0.0,0.0,0.0,0.0,0.0,0.0,0.0,6.0,12.0,1.0,12.02,5.01,2.5,1.49,-0.9,0.2,0.9,344.3,0.0,-1.4,1.1,1.0,-74.9,-0.2,0.0,220.8,0.0,21.9,18.3,18.3,20.4,300.0,300.0,30.9,36.2,29.1,28.4,30.4,,,,,,,,,,,,,,,,,,,,,,,,
2026-07-30T19:12:19.877Z,8.771,8.784,-1.5,1.4,0.0,0.0,0.0,0.0,0.0,1.0,1.0,0.0,1.0,0.0,0.0,0.0,8.0,6.0,0.0,0.0,0.0,0.0,0.0,0.0,0.0,0.0,1.0,12.0,1.0,12.02,5.01,2.5,1.49,-0.8,0.2,0.9,344.20000000000005,0.0,-2.0,0.0,2.8000000000000003,-74.9,0.0,0.0,221.2,0.0,21.9,18.3,18.3,20.4,300.0,300.0,30.9,36.2,29.1,28.4,30.4,,,,,,,,,,,,,,,,,,,,,,,,
2026-07-30T19:12:19.890Z,8.784,8.796,-1.5,1.4,0.0,0.0,0.0,0.0,0.0,1.0,1.0,0.0,1.0,0.0,0.0,0.0,8.0,6.0,0.0,0.0,0.0,0.0,0.0,0.0,0.0,0.0,2.0,12.0,1.0,12.02,5.01,2.5,1.49,-0.9,0.2,0.9,344.3,0.0,-2.6,0.5,1.0,-74.9,-0.3,0.0,219.6,0.0,21.9,18.3,18.3,20.4,300.0,300.0,30.9,36.2,29.1,28.4,30.4,,,,,,,,,,,,,,,,,,,,,,,,
2026-07-30T19:12:19.902Z,8.796,8.808,-1.5,1.4,0.0,0.0,0.0,0.0,0.0,1.0,1.0,0.0,1.0,0.0,0.0,0.0,8.0,6.0,0.0,0.0,0.0,0.0,0.0,0.0,0.0,0.0,3.0,12.0,1.0,12.02,5.01,2.5,1.49,-0.9,0.2,0.9,344.3,0.0,-2.0,1.1,1.6,-74.9,0.1,0.0,220.5,0.0,21.9,18.3,18.3,20.4,300.0,300.0,30.9,36.2,29.1,28.4,30.4,,,,,,,,,,,,,,,,,,,,,,,,
2026-07-30T19:12:19.913Z,8.807,8.82,-1.4,1.4,0.0,0.0,0.0,0.0,0.0,1.0,1.0,0.0,1.0,0.0,0.0,0.0,8.0,6.0,0.0,0.0,0.0,0.0,0.0,0.0,0.0,0.0,4.0,12.0,1.0,12.02,5.01,2.5,1.49,-0.8,0.2,0.8,344.20000000000005,0.0,-2.0,1.7000000000000002,3.4000000000000004,-74.8,0.0,0.0,220.3,0.0,21.9,18.3,18.3,20.4,300.0,300.0,30.9,36.2,29.1,28.4,30.4,,,,,,,,,,,,,,,,,,,,,,,,
2026-07-30T19:12:19.925Z,8.819,8.832,-1.4,1.4,0.0,0.0,0.0,0.0,0.0,1.0,1.0,0.0,1.0,0.0,0.0,0.0,8.0,6.0,0.0,0.0,0.0,0.0,0.0,0.0,0.0,0.0,5.0,12.0,1.0,12.02,5.01,2.5,1.49,-0.8,0.2,0.9,344.20000000000005,0.0,-1.4,1.1,2.2,-74.8,0.0,0.0,220.6,0.0,21.9,18.3,18.3,20.4,300.0,300.0,30.9,36.2,29.1,28.4,30.4,,,,,,,,,,,,,,,,,,,,,,,,
2026-07-30T19:12:19.938Z,8.832,8.844,-1.4,1.4,0.0,0.0,0.0,0.0,0.0,1.0,1.0,0.0,1.0,0.0,0.0,0.0,8.0,6.0,0.0,0.0,0.0,0.0,0.0,0.0,0.0,0.0,1.0,12.0,1.0,12.02,5.01,2.5,1.49,-0.8,0.2,0.9,344.1,0.0,-0.8,0.0,2.8000000000000003,-74.8,-0.1,0.0,220.7,0.0,21.9,18.3,18.3,20.4,300.0,300.0,30.9,36.2,29.1,28.4,30.4,,,,,,,,,,,,,,,,,,,,,,,,
2026-07-30T19:12:19.949Z,8.843,8.856,-1.5,1.4,0.0,0.0,0.0,0.0,0.0,1.0,1.0,0.0,1.0,0.0,0.0,0.0,8.0,6.0,0.0,0.0,0.0,0.0,0.0,0.0,0.0,0.0,2.0,12.0,1.0,12.02,5.01,2.5,1.49,-0.8,0.1,0.9,344.20000000000005,0.0,-1.4,1.7000000000000002,1.0,-74.9,0.0,0.0,220.9,0.0,21.9,18.3,18.3,20.4,300.0,300.0,30.9,36.2,29.1,28.4,30.4,,,,,,,,,,,,,,,,,,,,,,,,
2026-07-30T19:12:19.961Z,8.855,8.868,-1.4,1.4,0.0,0.0,0.0,0.0,0.0,1.0,1.0,0.0,1.0,0.0,0.0,0.0,8.0,6.0,0.0,0.0,0.0,0.0,0.0,0.0,0.0,0.0,3.0,12.0,1.0,12.02,5.01,2.5,1.49,-0.8,0.2,0.9,344.3,0.0,-2.0,1.7000000000000002,2.8000000000000003,-74.9,-0.1,0.0,220.8,0.0,21.9,18.3,18.3,20.4,300.0,300.0,30.9,36.2,29.1,28.4,30.4,,,,,,,,,,,,,,,,,,,,,,,,
2026-07-30T19:12:19.973Z,8.867,8.88,-1.5,1.4,0.0,0.0,0.0,0.0,0.0,1.0,1.0,0.0,1.0,0.0,0.0,0.0,8.0,6.0,0.0,0.0,0.0,0.0,0.0,0.0,0.0,0.0,4.0,12.0,1.0,12.04,5.0200000000000005,2.51,1.49,-0.8,0.2,0.8,344.20000000000005,0.0,-2.6,1.1,2.8000000000000003,-74.9,0.0,0.0,221.4,0.0,21.9,18.5,18.5,20.5,300.0,300.0,30.9,36.3,29.1,28.4,30.4,,,,,,,,,,,,,,,,,,,,,,,,
2026-07-30T19:12:19.985Z,8.879,8.892,-1.5,1.4,0.0,0.0,0.0,0.0,0.0,1.0,1.0,0.0,1.0,0.0,0.0,0.0,8.0,6.0,0.0,0.0,0.0,0.0,0.0,0.0,0.0,0.0,5.0,12.0,1.0,12.04,5.0200000000000005,2.51,1.49,-0.9,0.2,0.9,344.20000000000005,0.0,-2.6,0.5,1.6,-74.9,-0.3,0.0,220.0,0.0,21.9,18.5,18.5,20.5,300.0,300.0,30.9,36.3,29.1,28.4,30.4,,,,,,,,,,,,,,,,,,,,,,,,
2026-07-30T19:12:19.997Z,8.891,8.904,-1.5,1.4,0.0,0.0,0.0,0.0,0.0,1.0,1.0,0.0,1.0,0.0,0.0,0.0,8.0,6.0,0.0,0.0,0.0,0.0,0.0,0.0,0.0,0.0,6.0,12.0,1.0,12.04,5.0200000000000005,2.51,1.49,-0.8,0.2,0.8,344.3,0.0,-2.6,0.0,2.8000000000000003,-74.9,-0.2,0.0,219.8,0.0,21.9,18.5,18.5,20.5,300.0,300.0,30.9,36.3,29.1,28.4,30.4,,,,,,,,,,,,,,,,,,,,,,,,
2026-07-30T19:12:20.009Z,8.903,8.916,-1.4,1.4,0.0,0.0,0.0,0.0,0.0,1.0,1.0,0.0,1.0,0.0,0.0,0.0,8.0,6.0,0.0,0.0,0.0,0.0,0.0,0.0,0.0,0.0,1.0,12.0,1.0,12.04,5.0200000000000005,2.51,1.49,-0.9,0.2,0.9,344.20000000000005,0.0,-2.0,0.0,1.6,-74.9,0.0,0.0,220.5,0.0,21.9,18.5,18.5,20.5,300.0,300.0,30.9,36.3,29.1,28.4,30.4,,,,,,,,,,,,,,,,,,,,,,,,
2026-07-30T19:12:20.021Z,8.915,8.928,-1.4,1.4,0.0,0.0,0.0,0.0,0.0,1.0,1.0,0.0,1.0,0.0,0.0,0.0,8.0,6.0,0.0,0.0,0.0,0.0,0.0,0.0,0.0,0.0,2.0,12.0,1.0,12.04,5.0200000000000005,2.51,1.49,-0.8,0.2,0.9,344.3,0.0,-2.0,1.1,1.6,-74.9,0.1,0.0,221.4,0.0,21.9,18.5,18.5,20.5,300.0,300.0,30.9,36.3,29.1,28.4,30.4,,,,,,,,,,,,,,,,,,,,,,,,
2026-07-30T19:12:20.033Z,8.927,8.94,-1.4,1.4,0.0,0.0,0.0,0.0,0.0,1.0,1.0,0.0,1.0,0.0,0.0,0.0,8.0,6.0,0.0,0.0,0.0,0.0,0.0,0.0,0.0,0.0,4.0,12.0,1.0,12.04,5.0200000000000005,2.51,1.49,-0.9,0.2,0.9,344.3,0.0,-3.2,-0.6000000000000001,3.4000000000000004,-74.9,0.2,0.0,221.4,0.0,21.9,18.5,18.5,20.5,300.0,300.0,30.9,36.3,29.1,28.4,30.4,,,,,,,,,,,,,,,,,,,,,,,,
2026-07-30T19:12:20.045Z,8.939,8.952,-1.5,1.4,0.0,0.0,0.0,0.0,0.0,1.0,1.0,0.0,1.0,0.0,0.0,0.0,8.0,6.0,0.0,0.0,0.0,0.0,0.0,0.0,0.0,0.0,5.0,12.0,1.0,12.04,5.0200000000000005,2.51,1.49,-0.9,0.2,0.9,344.1,0.0,-2.0,1.7000000000000002,1.0,-74.9,0.0,0.0,221.1,0.0,21.9,18.5,18.5,20.5,300.0,300.0,30.9,36.3,29.1,28.4,30.4,,,,,,,,,,,,,,,,,,,,,,,,
2026-07-30T19:12:20.057Z,8.951,8.964,-1.5,1.4,0.0,0.0,0.0,0.0,0.0,1.0,1.0,0.0,1.0,0.0,0.0,0.0,8.0,6.0,0.0,0.0,0.0,0.0,0.0,0.0,0.0,0.0,6.0,12.0,1.0,12.04,5.0200000000000005,2.51,1.49,-0.9,0.2,0.9,344.20000000000005,0.0,-3.2,1.1,1.6,-74.9,0.1,0.0,221.4,0.0,21.9,18.5,18.5,20.5,300.0,300.0,30.9,36.3,29.1,28.4,30.4,,,,,,,,,,,,,,,,,,,,,,,,
2026-07-30T19:12:20.070Z,8.964,8.976,-1.5,1.4,0.0,0.0,0.0,0.0,0.0,1.0,1.0,0.0,1.0,0.0,0.0,0.0,8.0,6.0,0.0,0.0,0.0,0.0,0.0,0.0,0.0,0.0,1.0,12.0,1.0,12.06,5.0200000000000005,2.51,1.49,-0.9,0.2,0.9,344.3,0.0,-2.6,0.0,1.0,-74.9,0.0,0.0,221.3,0.0,22.1,18.6,18.6,20.6,300.0,300.0,30.8,36.3,29.1,28.4,30.4,,,,,,,,,,,,,,,,,,,,,,,,
2026-07-30T19:12:20.081Z,8.975,8.988,-1.5,1.4,0.0,0.0,0.0,0.0,0.0,1.0,1.0,0.0,1.0,0.0,0.0,0.0,8.0,6.0,0.0,0.0,0.0,0.0,0.0,0.0,0.0,0.0,2.0,12.0,1.0,12.06,5.0200000000000005,2.51,1.49,-0.9,0.2,0.9,344.20000000000005,0.0,-2.6,-0.6000000000000001,1.0,-74.9,0.0,0.0,221.0,0.0,22.1,18.6,18.6,20.6,300.0,300.0,30.8,36.3,29.1,28.4,30.4,,,,,,,,,,,,,,,,,,,,,,,,
2026-07-30T19:12:20.093Z,8.987,9.0,-1.5,1.4,0.0,0.0,0.0,0.0,0.0,1.0,1.0,0.0,1.0,0.0,0.0,0.0,8.0,6.0,0.0,0.0,0.0,0.0,0.0,0.0,0.0,0.0,3.0,12.0,1.0,12.06,5.0200000000000005,2.51,1.49,-0.8,0.2,0.9,344.3,0.0,-3.2,0.0,3.4000000000000004,-74.9,0.0,0.0,220.3,0.0,22.1,18.6,18.6,20.6,300.0,300.0,30.8,36.3,29.1,28.4,30.4,,,,,,,,,,,,,,,,,,,,,,,,
2026-07-30T19:12:20.105Z,8.999,9.012,-1.4,1.4,0.0,0.0,0.0,0.0,0.0,1.0,1.0,0.0,1.0,0.0,0.0,0.0,8.0,6.0,0.0,0.0,0.0,0.0,0.0,0.0,0.0,0.0,4.0,12.0,1.0,12.06,5.0200000000000005,2.51,1.49,-0.8,0.2,0.9,344.20000000000005,0.0,-1.4,0.5,1.0,-74.9,0.2,0.0,221.3,0.0,22.1,18.6,18.6,20.6,300.0,300.0,30.8,36.3,29.1,28.4,30.4,,,,,,,,,,,,,,,,,,,,,,,,
2026-07-30T19:12:20.117Z,9.011,9.024,-1.4,1.4,0.0,0.0,0.0,0.0,0.0,1.0,1.0,0.0,1.0,0.0,0.0,0.0,8.0,6.0,0.0,0.0,0.0,0.0,0.0,0.0,0.0,0.0,5.0,12.0,1.0,12.06,5.0200000000000005,2.51,1.49,-0.8,0.2,0.9,344.20000000000005,0.0,-2.6,0.0,2.2,-74.8,-0.1,0.0,220.4,0.0,22.1,18.6,18.6,20.6,300.0,300.0,30.8,36.3,29.1,28.4,30.4,,,,,,,,,,,,,,,,,,,,,,,,
2026-07-30T19:12:20.129Z,9.023,9.036,-1.5,1.4,0.0,0.0,0.0,0.0,0.0,1.0,1.0,0.0,1.0,0.0,0.0,0.0,8.0,6.0,0.0,0.0,0.0,0.0,0.0,0.0,0.0,0.0,6.0,12.0,1.0,12.06,5.0200000000000005,2.51,1.49,-0.8,0.2,0.9,344.3,0.0,-2.6,0.0,1.6,-74.8,0.0,0.0,220.8,0.0,22.1,18.6,18.6,20.6,300.0,300.0,30.8,36.3,29.1,28.4,30.4,,,,,,,,,,,,,,,,,,,,,,,,
2026-07-30T19:12:20.141Z,9.035,9.048,-1.4,1.4,0.0,0.0,0.0,0.0,0.0,1.0,1.0,0.0,1.0,0.0,0.0,0.0,8.0,6.0,0.0,0.0,0.0,0.0,0.0,0.0,0.0,0.0,1.0,12.0,1.0,12.06,5.0200000000000005,2.51,1.49,-0.8,0.1,0.8,344.1,0.0,-2.0,1.7000000000000002,1.6,-74.8,-0.2,0.0,220.5,0.0,22.1,18.6,18.6,20.6,300.0,300.0,30.8,36.3,29.1,28.4,30.4,,,,,,,,,,,,,,,,,,,,,,,,
2026-07-30T19:12:20.153Z,9.047,9.06,-1.4,1.4,0.0,0.0,0.0,0.0,0.0,1.0,1.0,0.0,1.0,0.0,0.0,0.0,8.0,6.0,0.0,0.0,0.0,0.0,0.0,0.0,0.0,0.0,2.0,12.0,1.0,12.06,5.0200000000000005,2.51,1.49,-0.8,0.2,0.8,344.20000000000005,0.0,-2.0,1.1,3.4000000000000004,-74.8,0.1,0.0,221.5,0.0,22.1,18.6,18.6,20.6,300.0,300.0,30.8,36.3,29.1,28.4,30.4,,,,,,,,,,,,,,,,,,,,,,,,
2026-07-30T19:12:20.166Z,9.06,9.072,-1.4,1.4,0.0,0.0,0.0,0.0,0.0,1.0,1.0,0.0,1.0,0.0,0.0,0.0,8.0,6.0,0.0,0.0,0.0,0.0,0.0,0.0,0.0,0.0,3.0,12.0,1.0,12.06,5.0200000000000005,2.51,1.49,-0.9,0.2,0.9,344.3,0.0,-3.2,0.5,1.6,-74.8,0.0,0.0,221.5,0.0,22.1,18.6,18.6,20.6,300.0,300.0,30.8,36.3,29.1,28.4,30.4,,,,,,,,,,,,,,,,,,,,,,,,
2026-07-30T19:12:20.177Z,9.071,9.084,-1.5,1.4,0.0,0.0,0.0,0.0,0.0,1.0,1.0,0.0,1.0,0.0,0.0,0.0,8.0,6.0,0.0,0.0,0.0,0.0,0.0,0.0,0.0,0.0,5.0,12.0,1.0,12.02,5.0200000000000005,2.51,1.49,-0.8,0.2,0.9,344.20000000000005,0.0,-2.6,0.5,2.2,-74.9,0.0,0.0,221.5,0.0,22.200000000000003,18.7,18.7,20.8,300.0,300.0,31.0,36.2,29.1,28.5,30.6,,,,,,,,,,,,,,,,,,,,,,,,
2026-07-30T19:12:20.189Z,9.083,9.096,-1.5,1.4,0.0,0.0,0.0,0.0,0.0,1.0,1.0,0.0,1.0,0.0,0.0,0.0,8.0,6.0,0.0,0.0,0.0,0.0,0.0,0.0,0.0,0.0,6.0,12.0,1.0,12.02,5.0200000000000005,2.51,1.49,-0.8,0.2,0.8,344.3,0.0,-2.0,1.1,1.0,-74.9,0.4,0.0,221.5,0.0,22.200000000000003,18.7,18.7,20.8,300.0,300.0,31.0,36.2,29.1,28.5,30.6,,,,,,,,,,,,,,,,,,,,,,,,
2026-07-30T19:12:20.202Z,9.096,9.108,-1.5,1.4,0.0,0.0,0.0,0.0,0.0,1.0,1.0,0.0,1.0,0.0,0.0,0.0,8.0,6.0,0.0,0.0,0.0,0.0,0.0,0.0,0.0,0.0,1.0,12.0,1.0,12.02,5.0200000000000005,2.51,1.49,-0.9,0.2,0.9,344.3,0.0,-2.0,0.5,1.6,-74.8,-0.5,0.0,219.5,0.0,22.200000000000003,18.7,18.7,20.8,300.0,300.0,31.0,36.2,29.1,28.5,30.6,,,,,,,,,,,,,,,,,,,,,,,,
2026-07-30T19:12:20.214Z,9.108,9.12,-1.4,1.4,0.0,0.0,0.0,0.0,0.0,1.0,1.0,0.0,1.0,0.0,0.0,0.0,8.0,6.0,0.0,0.0,0.0,0.0,0.0,0.0,0.0,0.0,1.0,12.0,1.0,12.02,5.0200000000000005,2.51,1.49,-0.8,0.2,0.8,344.20000000000005,0.0,-2.0,0.5,2.8000000000000003,-74.9,0.0,0.0,220.8,0.0,22.200000000000003,18.7,18.7,20.8,300.0,300.0,31.0,36.2,29.1,28.5,30.6,,,,,,,,,,,,,,,,,,,,,,,,
2026-07-30T19:12:20.227Z,9.121,9.132,-1.4,1.4,0.0,0.0,0.0,0.0,0.0,1.0,1.0,0.0,1.0,0.0,0.0,0.0,8.0,6.0,0.0,0.0,0.0,0.0,0.0,0.0,0.0,0.0,2.0,12.0,1.0,12.02,5.0200000000000005,2.51,1.49,-0.9,0.2,0.9,344.3,0.0,-2.6,-0.6000000000000001,1.0,-74.9,-0.1,0.0,221.0,0.0,22.200000000000003,18.7,18.7,20.8,300.0,300.0,31.0,36.2,29.1,28.5,30.6,,,,,,,,,,,,,,,,,,,,,,,,
2026-07-30T19:12:20.237Z,9.131,9.144,-1.4,1.4,0.0,0.0,0.0,0.0,0.0,1.0,1.0,0.0,1.0,0.0,0.0,0.0,8.0,6.0,0.0,0.0,0.0,0.0,0.0,0.0,0.0,0.0,3.0,12.0,1.0,12.02,5.0200000000000005,2.51,1.49,-0.8,0.2,0.8,344.3,0.0,-2.6,1.1,4.0,-75.0,0.0,0.0,221.5,0.0,22.200000000000003,18.7,18.7,20.8,300.0,300.0,31.0,36.2,29.1,28.5,30.6,,,,,,,,,,,,,,,,,,,,,,,,
2026-07-30T19:12:20.249Z,9.143,9.156,-1.4,1.4,0.0,0.0,0.0,0.0,0.0,1.0,1.0,0.0,1.0,0.0,0.0,0.0,8.0,6.0,0.0,0.0,0.0,0.0,0.0,0.0,0.0,0.0,4.0,12.0,1.0,12.02,5.0200000000000005,2.51,1.49,-0.9,0.2,1.0,344.20000000000005,0.0,-2.0,0.5,1.0,-75.0,-0.4,0.0,220.2,0.0,22.200000000000003,18.7,18.7,20.8,300.0,300.0,31.0,36.2,29.1,28.5,30.6,,,,,,,,,,,,,,,,,,,,,,,,
2026-07-30T19:12:20.261Z,9.155,9.168,-1.5,1.4,0.0,0.0,0.0,0.0,0.0,1.0,1.0,0.0,1.0,0.0,0.0,0.0,8.0,6.0,0.0,0.0,0.0,0.0,0.0,0.0,0.0,0.0,5.0,12.0,1.0,12.02,5.0200000000000005,2.51,1.49,-0.8,0.2,0.8,344.3,0.0,-1.4,1.1,3.4000000000000004,-75.10000000000001,0.0,0.0,221.4,0.0,22.200000000000003,18.7,18.7,20.8,300.0,300.0,31.0,36.2,29.1,28.5,30.6,,,,,,,,,,,,,,,,,,,,,,,,
2026-07-30T19:12:20.275Z,9.169,9.18,-1.4,1.4,0.0,0.0,0.0,0.0,0.0,1.0,1.0,0.0,1.0,0.0,0.0,0.0,8.0,6.0,0.0,0.0,0.0,0.0,0.0,0.0,0.0,0.0,1.0,12.0,1.0,12.05,5.0200000000000005,2.5,1.49,-0.8,0.2,0.9,344.3,0.0,-2.0,0.5,2.8000000000000003,-75.10000000000001,-0.5,0.0,220.3,0.0,22.3,18.9,18.9,20.9,300.0,300.0,31.0,36.1,29.200000000000003,28.4,30.5,,,,,,,,,,,,,,,,,,,,,,,,
2026-07-30T19:12:20.285Z,9.179,9.192,-1.5,1.4,0.0,0.0,0.0,0.0,0.0,1.0,1.0,0.0,1.0,0.0,0.0,0.0,8.0,6.0,0.0,0.0,0.0,0.0,0.0,0.0,0.0,0.0,2.0,12.0,1.0,12.05,5.0200000000000005,2.5,1.49,-0.9,0.2,0.9,344.20000000000005,0.0,-2.0,0.0,1.0,-75.10000000000001,0.4,0.0,221.6,0.0,22.3,18.9,18.9,20.9,300.0,300.0,31.0,36.1,29.200000000000003,28.4,30.5,,,,,,,,,,,,,,,,,,,,,,,,
2026-07-30T19:12:20.297Z,9.191,9.204,-1.4,1.4,0.0,0.0,0.0,0.0,0.0,1.0,1.0,0.0,1.0,0.0,0.0,0.0,8.0,6.0,0.0,0.0,0.0,0.0,0.0,0.0,0.0,0.0,3.0,12.0,1.0,12.05,5.0200000000000005,2.5,1.49,-0.8,0.2,0.8,344.3,0.0,-2.0,1.7000000000000002,2.2,-75.0,-0.4,0.0,220.2,0.0,22.3,18.9,18.9,20.9,300.0,300.0,31.0,36.1,29.200000000000003,28.4,30.5,,,,,,,,,,,,,,,,,,,,,,,,
2026-07-30T19:12:20.309Z,9.203,9.216,-1.4,1.4,0.0,0.0,0.0,0.0,0.0,1.0,1.0,0.0,1.0,0.0,0.0,0.0,8.0,6.0,0.0,0.0,0.0,0.0,0.0,0.0,0.0,0.0,4.0,12.0,1.0,12.05,5.0200000000000005,2.5,1.49,-0.9,0.2,1.0,344.3,0.0,-2.0,0.0,1.0,-74.9,-0.5,0.0,219.7,0.0,22.3,18.9,18.9,20.9,300.0,300.0,31.0,36.1,29.200000000000003,28.4,30.5,,,,,,,,,,,,,,,,,,,,,,,,
2026-07-30T19:12:20.321Z,9.215,9.228,-1.4,1.4,0.0,0.0,0.0,0.0,0.0,1.0,1.0,0.0,1.0,0.0,0.0,0.0,8.0,6.0,0.0,0.0,0.0,0.0,0.0,0.0,0.0,0.0,5.0,12.0,1.0,12.05,5.0200000000000005,2.5,1.49,-0.9,0.2,0.9,344.3,0.0,-3.2,0.0,1.0,-74.9,0.1,0.0,220.9,0.0,22.3,18.9,18.9,20.9,300.0,300.0,31.0,36.1,29.200000000000003,28.4,30.5,,,,,,,,,,,,,,,,,,,,,,,,
2026-07-30T19:12:20.333Z,9.227,9.24,-1.4,1.4,0.0,0.0,0.0,0.0,0.0,1.0,1.0,0.0,1.0,0.0,0.0,0.0,8.0,6.0,0.0,0.0,0.0,0.0,0.0,0.0,0.0,0.0,6.0,12.0,1.0,12.05,5.0200000000000005,2.5,1.49,-0.8,0.2,0.9,344.20000000000005,0.0,-2.6,1.1,2.2,-74.9,0.1,0.0,221.2,0.0,22.3,18.9,18.9,20.9,300.0,300.0,31.0,36.1,29.200000000000003,28.4,30.5,,,,,,,,,,,,,,,,,,,,,,,,
2026-07-30T19:12:20.345Z,9.239,9.252,-1.4,1.4,0.0,0.0,0.0,0.0,0.0,1.0,1.0,0.0,1.0,0.0,0.0,0.0,8.0,6.0,0.0,0.0,0.0,0.0,0.0,0.0,0.0,0.0,1.0,12.0,1.0,12.05,5.0200000000000005,2.5,1.49,-0.8,0.2,0.8,344.20000000000005,0.0,-2.0,1.7000000000000002,3.4000000000000004,-74.8,-0.1,0.0,220.5,0.0,22.3,18.9,18.9,20.9,300.0,300.0,31.0,36.1,29.200000000000003,28.4,30.5,,,,,,,,,,,,,,,,,,,,,,,,
2026-07-30T19:12:20.357Z,9.251,9.264,-1.4,1.4,0.0,0.0,0.0,0.0,0.0,1.0,1.0,0.0,1.0,0.0,0.0,0.0,8.0,6.0,0.0,0.0,0.0,0.0,0.0,0.0,0.0,0.0,2.0,12.0,1.0,12.05,5.0200000000000005,2.5,1.49,-0.9,0.2,0.9,344.3,0.0,-3.2,0.5,1.0,-74.8,0.1,0.0,221.3,0.0,22.3,18.9,18.9,20.9,300.0,300.0,31.0,36.1,29.200000000000003,28.4,30.5,,,,,,,,,,,,,,,,,,,,,,,,
2026-07-30T19:12:20.370Z,9.264,9.276,-1.4,1.4,0.0,0.0,0.0,0.0,0.0,1.0,1.0,0.0,1.0,0.0,0.0,0.0,8.0,6.0,0.0,0.0,0.0,0.0,0.0,0.0,0.0,0.0,3.0,12.0,1.0,12.05,5.0200000000000005,2.5,1.49,-0.9,0.2,0.9,344.20000000000005,0.0,-3.2,0.0,1.6,-74.8,0.0,0.0,221.1,0.0,22.3,18.9,18.9,20.9,300.0,300.0,31.0,36.1,29.200000000000003,28.4,30.5,,,,,,,,,,,,,,,,,,,,,,,,
2026-07-30T19:12:20.382Z,9.276,9.288,-1.5,1.4,0.0,0.0,0.0,0.0,0.0,1.0,1.0,0.0,1.0,0.0,0.0,0.0,8.0,6.0,0.0,0.0,0.0,0.0,0.0,0.0,0.0,0.0,4.0,12.0,1.0,12.04,5.0200000000000005,2.51,1.49,-0.9,0.2,0.9,344.3,0.0,-2.0,1.7000000000000002,1.6,-74.8,-0.5,0.0,219.0,0.0,22.200000000000003,19.0,19.0,21.1,300.0,300.0,30.9,36.2,29.200000000000003,28.5,30.6,,,,,,,,,,,,,,,,,,,,,,,,
2026-07-30T19:12:20.393Z,9.287,9.3,-1.5,1.4,0.0,0.0,0.0,0.0,0.0,1.0,1.0,0.0,1.0,0.0,0.0,0.0,8.0,6.0,0.0,0.0,0.0,0.0,0.0,0.0,0.0,0.0,6.0,12.0,1.0,12.04,5.0200000000000005,2.51,1.49,-0.7000000000000001,0.2,0.7000000000000001,344.3,0.0,-0.8,1.7000000000000002,3.4000000000000004,-74.8,0.4,0.0,221.7,0.0,22.200000000000003,19.0,19.0,21.1,300.0,300.0,30.9,36.2,29.200000000000003,28.5,30.6,,,,,,,,,,,,,,,,,,,,,,,,
2026-07-30T19:12:20.406Z,9.3,9.312,-1.4,1.4,0.0,0.0,0.0,0.0,0.0,1.0,1.0,0.0,1.0,0.0,0.0,0.0,8.0,6.0,0.0,0.0,0.0,0.0,0.0,0.0,0.0,0.0,1.0,12.0,1.0,12.04,5.0200000000000005,2.51,1.49,-0.8,0.2,0.9,344.20000000000005,0.0,-2.6,0.5,2.2,-74.8,-0.3,0.0,220.2,0.0,22.200000000000003,19.0,19.0,21.1,300.0,300.0,30.9,36.2,29.200000000000003,28.5,30.6,,,,,,,,,,,,,,,,,,,,,,,,
2026-07-30T19:12:20.418Z,9.312,9.324,-1.5,1.4,0.0,0.0,0.0,0.0,0.0,1.0,1.0,0.0,1.0,0.0,0.0,0.0,8.0,6.0,0.0,0.0,0.0,0.0,0.0,0.0,0.0,0.0,2.0,12.0,1.0,12.04,5.0200000000000005,2.51,1.49,-0.8,0.2,0.9,344.20000000000005,0.0,-2.6,0.0,2.2,-74.8,0.1,0.0,220.9,0.0,22.200000000000003,19.0,19.0,21.1,300.0,300.0,30.9,36.2,29.200000000000003,28.5,30.6,,,,,,,,,,,,,,,,,,,,,,,,
2026-07-30T19:12:20.429Z,9.323,9.336,-1.5,1.4,0.0,0.0,0.0,0.0,0.0,1.0,1.0,0.0,1.0,0.0,0.0,0.0,8.0,6.0,0.0,0.0,0.0,0.0,0.0,0.0,0.0,0.0,3.0,12.0,1.0,12.04,5.0200000000000005,2.51,1.49,-0.8,0.2,0.9,344.1,0.0,-1.4,0.5,1.6,-74.8,-0.2,0.0,220.3,0.0,22.200000000000003,19.0,19.0,21.1,300.0,300.0,30.9,36.2,29.200000000000003,28.5,30.6,,,,,,,,,,,,,,,,,,,,,,,,
2026-07-30T19:12:20.441Z,9.335,9.348,-1.4,1.4,0.0,0.0,0.0,0.0,0.0,1.0,1.0,0.0,1.0,0.0,0.0,0.0,8.0,6.0,0.0,0.0,0.0,0.0,0.0,0.0,0.0,0.0,4.0,12.0,1.0,12.04,5.0200000000000005,2.51,1.49,-0.8,0.2,0.9,344.20000000000005,0.0,-2.0,1.1,2.2,-74.7,-0.2,0.0,220.3,0.0,22.200000000000003,19.0,19.0,21.1,300.0,300.0,30.9,36.2,29.200000000000003,28.5,30.6,,,,,,,,,,,,,,,,,,,,,,,,
2026-07-30T19:12:20.453Z,9.347,9.36,-1.4,1.4,0.0,0.0,0.0,0.0,0.0,1.0,1.0,0.0,1.0,0.0,0.0,0.0,8.0,6.0,0.0,0.0,0.0,0.0,0.0,0.0,0.0,0.0,6.0,12.0,1.0,12.04,5.0200000000000005,2.51,1.49,-0.9,0.2,0.9,344.3,0.0,-2.6,-0.6000000000000001,2.8000000000000003,-74.8,0.0,0.0,221.2,0.0,22.200000000000003,19.0,19.0,21.1,300.0,300.0,30.9,36.2,29.200000000000003,28.5,30.6,,,,,,,,,,,,,,,,,,,,,,,,
2026-07-30T19:12:20.465Z,9.359,9.372,-1.5,1.4,0.0,0.0,0.0,0.0,0.0,1.0,1.0,0.0,1.0,0.0,0.0,0.0,8.0,6.0,0.0,0.0,0.0,0.0,0.0,0.0,0.0,0.0,1.0,12.0,1.0,12.04,5.0200000000000005,2.51,1.49,-0.8,0.2,0.8,344.20000000000005,0.0,-2.0,0.0,3.4000000000000004,-74.8,0.0,0.0,221.4,0.0,22.200000000000003,19.0,19.0,21.1,300.0,300.0,30.9,36.2,29.200000000000003,28.5,30.6,,,,,,,,,,,,,,,,,,,,,,,,
2026-07-30T19:12:20.478Z,9.372,9.384,-1.5,1.4,0.0,0.0,0.0,0.0,0.0,1.0,1.0,0.0,1.0,0.0,0.0,0.0,8.0,6.0,0.0,0.0,0.0,0.0,0.0,0.0,0.0,0.0,2.0,12.0,1.0,12.05,5.01,2.51,1.49,-0.9,0.2,0.9,344.20000000000005,0.0,-2.0,0.0,1.0,-74.8,0.0,0.0,221.3,0.0,22.1,19.1,19.1,21.200000000000003,300.0,300.0,30.8,36.3,29.200000000000003,28.6,30.6,,,,,,,,,,,,,,,,,,,,,,,,
2026-07-30T19:12:20.490Z,9.384,9.396,-1.5,1.4,0.0,0.0,0.0,0.0,0.0,1.0,1.0,0.0,1.0,0.0,0.0,0.0,8.0,6.0,0.0,0.0,0.0,0.0,0.0,0.0,0.0,0.0,3.0,12.0,1.0,12.05,5.01,2.51,1.49,-0.8,0.2,0.9,344.3,0.0,-2.0,0.5,2.2,-74.8,0.0,0.0,221.1,0.0,22.1,19.1,19.1,21.200000000000003,300.0,300.0,30.8,36.3,29.200000000000003,28.6,30.6,,,,,,,,,,,,,,,,,,,,,,,,
2026-07-30T19:12:20.501Z,9.395,9.408,-1.5,1.4,0.0,0.0,0.0,0.0,0.0,1.0,1.0,0.0,1.0,0.0,0.0,0.0,8.0,6.0,0.0,0.0,0.0,0.0,0.0,0.0,0.0,0.0,5.0,12.0,1.0,12.05,5.01,2.51,1.49,-0.8,0.2,0.8,344.20000000000005,0.0,-1.4,1.7000000000000002,2.2,-74.9,0.5,0.0,220.8,0.0,22.1,19.1,19.1,21.200000000000003,300.0,300.0,30.8,36.3,29.200000000000003,28.6,30.6,,,,,,,,,,,,,,,,,,,,,,,,
2026-07-30T19:12:20.513Z,9.407,9.42,-1.4,1.4,0.0,0.0,0.0,0.0,0.0,1.0,1.0,0.0,1.0,0.0,0.0,0.0,8.0,6.0,0.0,0.0,0.0,0.0,0.0,0.0,0.0,0.0,6.0,12.0,1.0,12.05,5.01,2.51,1.49,-0.9,0.2,1.0,344.20000000000005,0.0,-2.0,-1.2000000000000002,0.0,-74.8,0.2,0.0,221.0,0.0,22.1,19.1,19.1,21.200000000000003,300.0,300.0,30.8,36.3,29.200000000000003,28.6,30.6,,,,,,,,,,,,,,,,,,,,,,,,
2026-07-30T19:12:20.525Z,9.419,9.432,-1.5,1.4,0.0,0.0,0.0,0.0,0.0,1.0,1.0,0.0,1.0,0.0,0.0,0.0,8.0,6.0,0.0,0.0,0.0,0.0,0.0,0.0,0.0,0.0,1.0,12.0,1.0,12.05,5.01,2.51,1.49,-0.8,0.2,0.8,344.3,0.0,-2.6,1.1,2.8000000000000003,-74.8,0.2,0.0,220.8,0.0,22.1,19.1,19.1,21.200000000000003,300.0,300.0,30.8,36.3,29.200000000000003,28.6,30.6,,,,,,,,,,,,,,,,,,,,,,,,
2026-07-30T19:12:20.537Z,9.431,9.444,-1.4,1.4,0.0,0.0,0.0,0.0,0.0,1.0,1.0,0.0,1.0,0.0,0.0,0.0,8.0,6.0,0.0,0.0,0.0,0.0,0.0,0.0,0.0,0.0,3.0,12.0,1.0,12.05,5.01,2.51,1.49,-0.9,0.2,1.0,344.20000000000005,0.0,-3.2,0.0,1.0,-74.7,-0.4,0.0,219.9,0.0,22.1,19.1,19.1,21.200000000000003,300.0,300.0,30.8,36.3,29.200000000000003,28.6,30.6,,,,,,,,,,,,,,,,,,,,,,,,
2026-07-30T19:12:20.549Z,9.443,9.456,-1.4,1.4,0.0,0.0,0.0,0.0,0.0,1.0,1.0,0.0,1.0,0.0,0.0,0.0,8.0,6.0,0.0,0.0,0.0,0.0,0.0,0.0,0.0,0.0,4.0,12.0,1.0,12.05,5.01,2.51,1.49,-0.8,0.2,0.9,344.3,0.0,-2.6,1.1,2.8000000000000003,-74.7,-0.1,0.0,220.4,0.0,22.1,19.1,19.1,21.200000000000003,300.0,300.0,30.8,36.3,29.200000000000003,28.6,30.6,,,,,,,,,,,,,,,,,,,,,,,,
2026-07-30T19:12:20.561Z,9.455,9.468,-1.5,1.4,0.0,0.0,0.0,0.0,0.0,1.0,1.0,0.0,1.0,0.0,0.0,0.0,8.0,6.0,0.0,0.0,0.0,0.0,0.0,0.0,0.0,0.0,4.0,12.0,1.0,12.05,5.01,2.51,1.49,-0.9,0.2,1.0,344.3,0.0,-2.6,-0.6000000000000001,1.0,-74.60000000000001,0.0,0.0,220.8,0.0,22.1,19.1,19.1,21.200000000000003,300.0,300.0,30.8,36.3,29.200000000000003,28.6,30.6,,,,,,,,,,,,,,,,,,,,,,,,
2026-07-30T19:12:20.573Z,9.467,9.48,-1.5,1.4,0.0,0.0,0.0,0.0,0.0,1.0,1.0,0.0,1.0,0.0,0.0,0.0,8.0,6.0,0.0,0.0,0.0,0.0,0.0,0.0,0.0,0.0,6.0,12.0,1.0,12.05,5.01,2.51,1.49,-0.9,0.2,0.9,344.3,0.0,-2.0,0.0,1.6,-74.60000000000001,-0.6000000000000001,0.0,219.4,0.0,22.1,19.1,19.1,21.200000000000003,300.0,300.0,30.8,36.3,29.200000000000003,28.6,30.6,,,,,,,,,,,,,,,,,,,,,,,,
2026-07-30T19:12:20.585Z,9.479,9.492,-1.5,1.4,0.0,0.0,0.0,0.0,0.0,1.0,1.0,0.0,1.0,0.0,0.0,0.0,8.0,6.0,0.0,0.0,0.0,0.0,0.0,0.0,0.0,0.0,1.0,12.0,1.0,12.05,5.01,2.5,1.49,-0.8,0.2,0.8,344.3,0.0,-2.6,0.5,2.8000000000000003,-74.60000000000001,0.1,0.0,220.7,0.0,22.1,19.3,19.3,21.3,300.0,300.0,30.9,36.4,29.3,28.6,30.700000000000003,,,,,,,,,,,,,,,,,,,,,,,,
2026-07-30T19:12:20.597Z,9.491,9.504,-1.4,1.4,0.0,0.0,0.0,0.0,0.0,1.0,1.0,0.0,1.0,0.0,0.0,0.0,8.0,6.0,0.0,0.0,0.0,0.0,0.0,0.0,0.0,0.0,3.0,12.0,1.0,12.05,5.01,2.5,1.49,-0.9,0.2,0.9,344.3,0.0,-2.6,0.0,0.5,-74.60000000000001,-0.5,0.0,219.7,0.0,22.1,19.3,19.3,21.3,300.0,300.0,30.9,36.4,29.3,28.6,30.700000000000003,,,,,,,,,,,,,,,,,,,,,,,,
2026-07-30T19:12:20.609Z,9.503,9.516,-1.4,1.4,0.0,0.0,0.0,0.0,0.0,1.0,1.0,0.0,1.0,0.0,0.0,0.0,8.0,6.0,0.0,0.0,0.0,0.0,0.0,0.0,0.0,0.0,4.0,12.0,1.0,12.05,5.01,2.5,1.49,-0.8,0.2,0.9,344.20000000000005,0.0,-2.0,0.0,2.8000000000000003,-74.60000000000001,-0.1,0.0,220.6,0.0,22.1,19.3,19.3,21.3,300.0,300.0,30.9,36.4,29.3,28.6,30.700000000000003,,,,,,,,,,,,,,,,,,,,,,,,
2026-07-30T19:12:20.621Z,9.515,9.528,-1.4,1.4,0.0,0.0,0.0,0.0,0.0,1.0,1.0,0.0,1.0,0.0,0.0,0.0,8.0,6.0,0.0,0.0,0.0,0.0,0.0,0.0,0.0,0.0,5.0,12.0,1.0,12.05,5.01,2.5,1.49,-0.9,0.2,0.9,344.20000000000005,0.0,-2.0,0.0,1.0,-74.7,0.1,0.0,221.3,0.0,22.1,19.3,19.3,21.3,300.0,300.0,30.9,36.4,29.3,28.6,30.700000000000003,,,,,,,,,,,,,,,,,,,,,,,,
2026-07-30T19:12:20.633Z,9.527,9.54,-1.4,1.4,0.0,0.0,0.0,0.0,0.0,1.0,1.0,0.0,1.0,0.0,0.0,0.0,8.0,6.0,0.0,0.0,0.0,0.0,0.0,0.0,0.0,0.0,1.0,12.0,1.0,12.05,5.01,2.5,1.49,-0.8,0.2,0.8,344.3,0.0,-2.0,1.1,2.8000000000000003,-74.7,0.0,0.0,221.0,0.0,22.1,19.3,19.3,21.3,300.0,300.0,30.9,36.4,29.3,28.6,30.700000000000003,,,,,,,,,,,,,,,,,,,,,,,,
2026-07-30T19:12:20.645Z,9.539,9.552,-1.5,1.4,0.0,0.0,0.0,0.0,0.0,1.0,1.0,0.0,1.0,0.0,0.0,0.0,8.0,6.0,0.0,0.0,0.0,0.0,0.0,0.0,0.0,0.0,2.0,12.0,1.0,12.05,5.01,2.5,1.49,-0.8,0.2,0.8,344.20000000000005,0.0,-2.6,0.5,3.4000000000000004,-74.8,0.1,0.0,221.1,0.0,22.1,19.3,19.3,21.3,300.0,300.0,30.9,36.4,29.3,28.6,30.700000000000003,,,,,,,,,,,,,,,,,,,,,,,,
2026-07-30T19:12:20.657Z,9.551,9.564,-1.5,1.4,0.0,0.0,0.0,0.0,0.0,1.0,1.0,0.0,1.0,0.0,0.0,0.0,8.0,6.0,0.0,0.0,0.0,0.0,0.0,0.0,0.0,0.0,3.0,12.0,1.0,12.05,5.01,2.5,1.49,-0.9,0.2,0.9,344.3,0.0,-2.6,0.0,1.0,-74.8,0.1,0.0,221.6,0.0,22.1,19.3,19.3,21.3,300.0,300.0,30.9,36.4,29.3,28.6,30.700000000000003,,,,,,,,,,,,,,,,,,,,,,,,
2026-07-30T19:12:20.669Z,9.563,9.576,-1.5,1.4,0.0,0.0,0.0,0.0,0.0,1.0,1.0,0.0,1.0,0.0,0.0,0.0,8.0,6.0,0.0,0.0,0.0,0.0,0.0,0.0,0.0,0.0,5.0,12.0,1.0,12.05,5.01,2.5,1.49,-0.9,0.2,0.9,344.20000000000005,0.0,-1.4,0.5,1.0,-74.8,0.0,0.0,221.6,0.0,22.1,19.3,19.3,21.3,300.0,300.0,30.9,36.4,29.3,28.6,30.700000000000003,,,,,,,,,,,,,,,,,,,,,,,,
2026-07-30T19:12:20.682Z,9.576,9.588,-1.5,1.4,0.0,0.0,0.0,0.0,0.0,1.0,1.0,0.0,1.0,0.0,0.0,0.0,8.0,6.0,0.0,0.0,0.0,0.0,0.0,0.0,0.0,0.0,1.0,12.0,1.0,12.05,5.01,2.51,1.49,-0.9,0.2,0.9,344.20000000000005,0.0,-2.6,0.5,1.6,-74.8,0.0,0.0,221.0,0.0,22.200000000000003,19.4,19.4,21.5,300.0,300.0,30.9,36.3,29.3,28.700000000000003,30.700000000000003,,,,,,,,,,,,,,,,,,,,,,,,
2026-07-30T19:12:20.693Z,9.587,9.6,-1.5,1.4,0.0,0.0,0.0,0.0,0.0,1.0,1.0,0.0,1.0,0.0,0.0,0.0,8.0,6.0,0.0,0.0,0.0,0.0,0.0,0.0,0.0,0.0,2.0,12.0,1.0,12.05,5.01,2.51,1.49,-0.8,0.2,0.9,344.3,0.0,-2.0,0.0,1.0,-74.9,0.5,0.0,221.5,0.0,22.200000000000003,19.4,19.4,21.5,300.0,300.0,30.9,36.3,29.3,28.700000000000003,30.700000000000003,,,,,,,,,,,,,,,,,,,,,,,,
2026-07-30T19:12:20.705Z,9.599,9.612,-1.4,1.4,0.0,0.0,0.0,0.0,0.0,1.0,1.0,0.0,1.0,0.0,0.0,0.0,8.0,6.0,0.0,0.0,0.0,0.0,0.0,0.0,0.0,0.0,4.0,12.0,1.0,12.05,5.01,2.51,1.49,-0.8,0.2,0.9,344.20000000000005,0.0,-2.0,0.0,2.8000000000000003,-74.9,0.0,0.0,220.9,0.0,22.200000000000003,19.4,19.4,21.5,300.0,300.0,30.9,36.3,29.3,28.700000000000003,30.700000000000003,,,,,,,,,,,,,,,,,,,,,,,,
2026-07-30T19:12:20.718Z,9.612,9.624,-1.4,1.4,0.0,0.0,0.0,0.0,0.0,1.0,1.0,0.0,1.0,0.0,0.0,0.0,8.0,6.0,0.0,0.0,0.0,0.0,0.0,0.0,0.0,0.0,5.0,12.0,1.0,12.05,5.01,2.51,1.49,-0.8,0.1,0.8,344.20000000000005,0.0,-0.8,1.7000000000000002,2.2,-74.9,0.1,0.0,221.3,0.0,22.200000000000003,19.4,19.4,21.5,300.0,300.0,30.9,36.3,29.3,28.700000000000003,30.700000000000003,,,,,,,,,,,,,,,,,,,,,,,,
2026-07-30T19:12:20.729Z,9.623,9.636,-1.4,1.4,0.0,0.0,0.0,0.0,0.0,1.0,1.0,0.0,1.0,0.0,0.0,0.0,8.0,6.0,0.0,0.0,0.0,0.0,0.0,0.0,0.0,0.0,6.0,12.0,1.0,12.05,5.01,2.51,1.49,-0.8,0.2,0.8,344.20000000000005,0.0,-0.8,1.7000000000000002,2.8000000000000003,-74.9,-0.1,0.0,220.7,0.0,22.200000000000003,19.4,19.4,21.5,300.0,300.0,30.9,36.3,29.3,28.700000000000003,30.700000000000003,,,,,,,,,,,,,,,,,,,,,,,,
2026-07-30T19:12:20.742Z,9.636,9.648,-1.4,1.4,0.0,0.0,0.0,0.0,0.0,1.0,1.0,0.0,1.0,0.0,0.0,0.0,8.0,6.0,0.0,0.0,0.0,0.0,0.0,0.0,0.0,0.0,2.0,12.0,1.0,12.05,5.01,2.51,1.49,-0.9,0.2,0.9,344.20000000000005,0.0,-1.4,0.5,1.0,-74.9,-0.1,0.0,220.7,0.0,22.200000000000003,19.4,19.4,21.5,300.0,300.0,30.9,36.3,29.3,28.700000000000003,30.700000000000003,,,,,,,,,,,,,,,,,,,,,,,,
2026-07-30T19:12:20.753Z,9.647,9.66,-1.5,1.4,0.0,0.0,0.0,0.0,0.0,1.0,1.0,0.0,1.0,0.0,0.0,0.0,8.0,6.0,0.0,0.0,0.0,0.0,0.0,0.0,0.0,0.0,4.0,12.0,1.0,12.05,5.01,2.51,1.49,-0.8,0.2,0.8,344.20000000000005,0.0,-0.8,0.5,2.8000000000000003,-74.9,0.0,0.0,221.4,0.0,22.200000000000003,19.4,19.4,21.5,300.0,300.0,30.9,36.3,29.3,28.700000000000003,30.700000000000003,,,,,,,,,,,,,,,,,,,,,,,,
2026-07-30T19:12:20.765Z,9.659,9.672,-1.5,1.4,0.0,0.0,0.0,0.0,0.0,1.0,1.0,0.0,1.0,0.0,0.0,0.0,8.0,6.0,0.0,0.0,0.0,0.0,0.0,0.0,0.0,0.0,5.0,12.0,1.0,12.05,5.01,2.51,1.49,-0.8,0.2,0.8,344.3,0.0,-2.0,0.5,3.4000000000000004,-74.9,0.0,0.0,221.6,0.0,22.200000000000003,19.4,19.4,21.5,300.0,300.0,30.9,36.3,29.3,28.700000000000003,30.700000000000003,,,,,,,,,,,,,,,,,,,,,,,,
2026-07-30T19:12:20.777Z,9.671,9.684,-1.4,1.4,0.0,0.0,0.0,0.0,0.0,1.0,1.0,0.0,1.0,0.0,0.0,0.0,8.0,6.0,0.0,0.0,0.0,0.0,0.0,0.0,0.0,0.0,6.0,12.0,1.0,12.05,5.01,2.51,1.49,-0.9,0.2,0.9,344.20000000000005,0.0,-2.0,0.5,1.0,-75.0,-0.1,0.0,221.0,0.0,22.200000000000003,19.4,19.4,21.5,300.0,300.0,30.9,36.3,29.3,28.700000000000003,30.700000000000003,,,,,,,,,,,,,,,,,,,,,,,,
2026-07-30T19:12:20.789Z,9.683,9.696,-1.5,1.4,0.0,0.0,0.0,0.0,0.0,1.0,1.0,0.0,1.0,0.0,0.0,0.0,8.0,6.0,0.0,0.0,0.0,0.0,0.0,0.0,0.0,0.0,1.0,12.0,1.0,12.02,5.0200000000000005,2.51,1.49,-0.8,0.2,0.8,344.3,0.0,-2.6,0.5,2.8000000000000003,-75.0,0.1,0.0,221.5,0.0,21.8,19.5,19.5,21.6,300.0,300.0,30.8,36.2,29.3,28.700000000000003,30.6,,,,,,,,,,,,,,,,,,,,,,,,
2026-07-30T19:12:20.801Z,9.695,9.708,-1.5,1.4,0.0,0.0,0.0,0.0,0.0,1.0,1.0,0.0,1.0,0.0,0.0,0.0,8.0,6.0,0.0,0.0,0.0,0.0,0.0,0.0,0.0,0.0,2.0,12.0,1.0,12.02,5.0200000000000005,2.51,1.49,-0.9,0.2,0.9,344.3,0.0,-2.6,0.0,1.6,-75.0,-0.1,0.0,220.9,0.0,21.8,19.5,19.5,21.6,300.0,300.0,30.8,36.2,29.3,28.700000000000003,30.6,,,,,,,,,,,,,,,,,,,,,,,,
2026-07-30T19:12:20.813Z,9.707,9.72,-1.5,1.4,0.0,0.0,0.0,0.0,0.0,1.0,1.0,0.0,1.0,0.0,0.0,0.0,8.0,6.0,0.0,0.0,0.0,0.0,0.0,0.0,0.0,0.0,3.0,12.0,1.0,12.02,5.0200000000000005,2.51,1.49,-0.8,0.2,0.8,344.1,0.0,-2.0,1.1,2.8000000000000003,-75.10000000000001,-0.1,0.0,220.6,0.0,21.8,19.5,19.5,21.6,300.0,300.0,30.8,36.2,29.3,28.700000000000003,30.6,,,,,,,,,,,,,,,,,,,,,,,,
2026-07-30T19:12:20.825Z,9.719,9.732,-1.5,1.4,0.0,0.0,0.0,0.0,0.0,1.0,1.0,0.0,1.0,0.0,0.0,0.0,8.0,6.0,0.0,0.0,0.0,0.0,0.0,0.0,0.0,0.0,4.0,12.0,1.0,12.02,5.0200000000000005,2.51,1.49,-0.8,0.1,0.8,344.3,0.0,-2.6,1.7000000000000002,1.6,-75.10000000000001,0.0,0.0,221.0,0.0,21.8,19.5,19.5,21.6,300.0,300.0,30.8,36.2,29.3,28.700000000000003,30.6,,,,,,,,,,,,,,,,,,,,,,,,
2026-07-30T19:12:20.838Z,9.732,9.744,-1.4,1.4,0.0,0.0,0.0,0.0,0.0,1.0,1.0,0.0,1.0,0.0,0.0,0.0,8.0,6.0,0.0,0.0,0.0,0.0,0.0,0.0,0.0,0.0,4.0,12.0,1.0,12.02,5.0200000000000005,2.51,1.49,-0.8,0.2,0.8,344.3,0.0,-2.6,0.5,1.6,-75.10000000000001,0.0,0.0,221.3,0.0,21.8,19.5,19.5,21.6,300.0,300.0,30.8,36.2,29.3,28.700000000000003,30.6,,,,,,,,,,,,,,,,,,,,,,,,
2026-07-30T19:12:20.849Z,9.743,9.756,-1.4,1.4,0.0,0.0,0.0,0.0,0.0,1.0,1.0,0.0,1.0,0.0,0.0,0.0,8.0,6.0,0.0,0.0,0.0,0.0,0.0,0.0,0.0,0.0,5.0,12.0,1.0,12.02,5.0200000000000005,2.51,1.49,-0.9,0.2,0.9,344.3,0.0,-2.6,-1.2000000000000002,1.0,-75.2,0.2,0.0,221.5,0.0,21.8,19.5,19.5,21.6,300.0,300.0,30.8,36.2,29.3,28.700000000000003,30.6,,,,,,,,,,,,,,,,,,,,,,,,
2026-07-30T19:12:20.861Z,9.755,9.768,-1.4,1.4,0.0,0.0,0.0,0.0,0.0,1.0,1.0,0.0,1.0,0.0,0.0,0.0,8.0,6.0,0.0,0.0,0.0,0.0,0.0,0.0,0.0,0.0,1.0,12.0,1.0,12.02,5.0200000000000005,2.51,1.49,-0.8,0.1,0.8,344.1,0.0,-1.4,2.3000000000000003,2.2,-75.2,0.0,0.0,221.6,0.0,21.8,19.5,19.5,21.6,300.0,300.0,30.8,36.2,29.3,28.700000000000003,30.6,,,,,,,,,,,,,,,,,,,,,,,,
2026-07-30T19:12:20.873Z,9.767,9.78,-1.4,1.4,0.0,0.0,0.0,0.0,0.0,1.0,1.0,0.0,1.0,0.0,0.0,0.0,8.0,6.0,0.0,0.0,0.0,0.0,0.0,0.0,0.0,0.0,2.0,12.0,1.0,12.02,5.0200000000000005,2.51,1.49,-0.9,0.2,0.9,344.3,0.0,-2.0,0.0,1.0,-75.2,0.2,0.0,222.0,0.0,21.8,19.5,19.5,21.6,300.0,300.0,30.8,36.2,29.3,28.700000000000003,30.6,,,,,,,,,,,,,,,,,,,,,,,,
2026-07-30T19:12:20.886Z,9.78,9.792,-1.5,1.4,0.0,0.0,0.0,0.0,0.0,1.0,1.0,0.0,1.0,0.0,0.0,0.0,8.0,6.0,0.0,0.0,0.0,0.0,0.0,0.0,0.0,0.0,3.0,12.0,1.0,12.04,5.01,2.51,1.49,-0.9,0.2,1.0,344.3,0.0,-3.2,0.0,1.6,-75.2,-0.3,0.0,220.0,0.0,21.9,19.700000000000003,19.700000000000003,21.700000000000003,300.0,300.0,30.700000000000003,36.3,29.3,28.8,30.700000000000003,,,,,,,,,,,,,,,,,,,,,,,,
2026-07-30T19:12:20.897Z,9.791,9.804,-1.5,1.4,0.0,0.0,0.0,0.0,0.0,1.0,1.0,0.0,1.0,0.0,0.0,0.0,8.0,6.0,0.0,0.0,0.0,0.0,0.0,0.0,0.0,0.0,4.0,12.0,1.0,12.04,5.01,2.51,1.49,-0.9,0.2,0.9,344.3,0.0,-2.0,0.0,0.5,-75.2,0.3,0.0,221.0,0.0,21.9,19.700000000000003,19.700000000000003,21.700000000000003,300.0,300.0,30.700000000000003,36.3,29.3,28.8,30.700000000000003,,,,,,,,,,,,,,,,,,,,,,,,
2026-07-30T19:12:20.910Z,9.804,9.816,-1.4,1.4,0.0,0.0,0.0,0.0,0.0,1.0,1.0,0.0,1.0,0.0,0.0,0.0,8.0,6.0,0.0,0.0,0.0,0.0,0.0,0.0,0.0,0.0,4.0,12.0,1.0,12.04,5.01,2.51,1.49,-0.9,0.2,0.9,344.3,0.0,-1.4,0.5,1.0,-75.2,-0.3,0.0,220.1,0.0,21.9,19.700000000000003,19.700000000000003,21.700000000000003,300.0,300.0,30.700000000000003,36.3,29.3,28.8,30.700000000000003,,,,,,,,,,,,,,,,,,,,,,,,
2026-07-30T19:12:20.921Z,9.815,9.828,-1.4,1.4,0.0,0.0,0.0,0.0,0.0,1.0,1.0,0.0,1.0,0.0,0.0,0.0,8.0,6.0,0.0,0.0,0.0,0.0,0.0,0.0,0.0,0.0,5.0,12.0,1.0,12.04,5.01,2.51,1.49,-0.8,0.2,0.8,344.3,0.0,-2.6,0.5,1.6,-75.10000000000001,0.1,0.0,221.4,0.0,21.9,19.700000000000003,19.700000000000003,21.700000000000003,300.0,300.0,30.700000000000003,36.3,29.3,28.8,30.700000000000003,,,,,,,,,,,,,,,,,,,,,,,,
2026-07-30T19:12:20.934Z,9.828,9.84,-1.4,1.4,0.0,0.0,0.0,0.0,0.0,1.0,1.0,0.0,1.0,0.0,0.0,0.0,8.0,6.0,0.0,0.0,0.0,0.0,0.0,0.0,0.0,0.0,6.0,12.0,1.0,12.04,5.01,2.51,1.49,-0.8,0.2,0.8,344.20000000000005,0.0,-1.4,1.7000000000000002,2.8000000000000003,-75.10000000000001,0.0,0.0,221.1,0.0,21.9,19.700000000000003,19.700000000000003,21.700000000000003,300.0,300.0,30.700000000000003,36.3,29.3,28.8,30.700000000000003,,,,,,,,,,,,,,,,,,,,,,,,
2026-07-30T19:12:20.945Z,9.839,9.852,-1.5,1.4,0.0,0.0,0.0,0.0,0.0,1.0,1.0,0.0,1.0,0.0,0.0,0.0,8.0,6.0,0.0,0.0,0.0,0.0,0.0,0.0,0.0,0.0,1.0,12.0,1.0,12.04,5.01,2.51,1.49,-0.8,0.2,0.9,344.40000000000003,0.0,-1.4,0.0,1.6,-75.10000000000001,0.1,0.0,221.3,0.0,21.9,19.700000000000003,19.700000000000003,21.700000000000003,300.0,300.0,30.700000000000003,36.3,29.3,28.8,30.700000000000003,,,,,,,,,,,,,,,,,,,,,,,,
2026-07-30T19:12:20.958Z,9.852,9.864,-1.5,1.4,0.0,0.0,0.0,0.0,0.0,1.0,1.0,0.0,1.0,0.0,0.0,0.0,8.0,6.0,0.0,0.0,0.0,0.0,0.0,0.0,0.0,0.0,3.0,12.0,1.0,12.04,5.01,2.51,1.49,-0.8,0.2,0.8,344.20000000000005,0.0,-2.0,1.1,1.6,-75.10000000000001,-0.1,0.0,221.1,0.0,21.9,19.700000000000003,19.700000000000003,21.700000000000003,300.0,300.0,30.700000000000003,36.3,29.3,28.8,30.700000000000003,,,,,,,,,,,,,,,,,,,,,,,,
2026-07-30T19:12:20.969Z,9.863,9.876,-1.4,1.4,0.0,0.0,0.0,0.0,0.0,1.0,1.0,0.0,1.0,0.0,0.0,0.0,8.0,6.0,0.0,0.0,0.0,0.0,0.0,0.0,0.0,0.0,3.0,12.0,1.0,12.04,5.01,2.51,1.49,-0.8,0.2,0.8,344.1,0.0,-2.6,1.1,2.8000000000000003,-75.10000000000001,-0.1,0.0,221.0,0.0,21.9,19.700000000000003,19.700000000000003,21.700000000000003,300.0,300.0,30.700000000000003,36.3,29.3,28.8,30.700000000000003,,,,,,,,,,,,,,,,,,,,,,,,
2026-07-30T19:12:20.981Z,9.875,9.888,-1.5,1.4,0.0,0.0,0.0,0.0,0.0,1.0,1.0,0.0,1.0,0.0,0.0,0.0,8.0,6.0,0.0,0.0,0.0,0.0,0.0,0.0,0.0,0.0,4.0,12.0,1.0,12.04,5.01,2.51,1.49,-0.8,0.2,0.9,344.3,0.0,-2.0,0.5,2.2,-75.2,0.4,0.0,221.6,0.0,21.9,19.700000000000003,19.700000000000003,21.700000000000003,300.0,300.0,30.700000000000003,36.3,29.3,28.8,30.700000000000003,,,,,,,,,,,,,,,,,,,,,,,,
2026-07-30T19:12:20.993Z,9.887,9.9,-1.5,1.4,0.0,0.0,0.0,0.0,0.0,1.0,1.0,0.0,1.0,0.0,0.0,0.0,8.0,6.0,0.0,0.0,0.0,0.0,0.0,0.0,0.0,0.0,6.0,12.0,1.0,12.06,5.01,2.5,1.5,-0.9,0.2,0.9,344.20000000000005,0.0,-1.4,0.5,0.5,-75.2,0.3,0.0,221.2,0.0,21.9,19.8,19.8,21.8,300.0,300.0,30.8,36.5,29.4,28.8,30.8,,,,,,,,,,,,,,,,,,,,,,,,
2026-07-30T19:12:21.005Z,9.899,9.912,-1.4,1.4,0.0,0.0,0.0,0.0,0.0,1.0,1.0,0.0,1.0,0.0,0.0,0.0,8.0,6.0,0.0,0.0,0.0,0.0,0.0,0.0,0.0,0.0,1.0,12.0,1.0,12.06,5.01,2.5,1.5,-0.9,0.2,0.9,344.20000000000005,0.0,-1.4,0.5,1.0,-75.2,-0.2,0.0,220.3,0.0,21.9,19.8,19.8,21.8,300.0,300.0,30.8,36.5,29.4,28.8,30.8,,,,,,,,,,,,,,,,,,,,,,,,
2026-07-30T19:12:21.017Z,9.911,9.924,-1.4,1.4,0.0,0.0,0.0,0.0,0.0,1.0,1.0,0.0,1.0,0.0,0.0,0.0,8.0,6.0,0.0,0.0,0.0,0.0,0.0,0.0,0.0,0.0,2.0,12.0,1.0,12.06,5.01,2.5,1.5,-0.8,0.2,0.9,344.20000000000005,0.0,-2.0,0.5,2.2,-75.2,0.2,0.0,221.3,0.0,21.9,19.8,19.8,21.8,300.0,300.0,30.8,36.5,29.4,28.8,30.8,,,,,,,,,,,,,,,,,,,,,,,,
2026-07-30T19:12:21.029Z,9.923,9.936,-1.4,1.4,0.0,0.0,0.0,0.0,0.0,1.0,1.0,0.0,1.0,0.0,0.0,0.0,8.0,6.0,0.0,0.0,0.0,0.0,0.0,0.0,0.0,0.0,3.0,12.0,1.0,12.06,5.01,2.5,1.5,-0.9,0.2,1.0,344.1,0.0,-2.6,0.0,1.6,-75.2,-0.3,0.0,220.3,0.0,21.9,19.8,19.8,21.8,300.0,300.0,30.8,36.5,29.4,28.8,30.8,,,,,,,,,,,,,,,,,,,,,,,,
2026-07-30T19:12:21.041Z,9.935,9.948,-1.5,1.4,0.0,0.0,0.0,0.0,0.0,1.0,1.0,0.0,1.0,0.0,0.0,0.0,8.0,6.0,0.0,0.0,0.0,0.0,0.0,0.0,0.0,0.0,4.0,12.0,1.0,12.06,5.01,2.5,1.5,-0.8,0.2,0.8,344.3,0.0,-2.6,0.5,2.2,-75.2,0.1,0.0,221.6,0.0,21.9,19.8,19.8,21.8,300.0,300.0,30.8,36.5,29.4,28.8,30.8,,,,,,,,,,,,,,,,,,,,,,,,
2026-07-30T19:12:21.053Z,9.947,9.96,-1.5,1.4,0.0,0.0,0.0,0.0,0.0,1.0,1.0,0.0,1.0,0.0,0.0,0.0,8.0,6.0,0.0,0.0,0.0,0.0,0.0,0.0,0.0,0.0,5.0,12.0,1.0,12.06,5.01,2.5,1.5,-0.8,0.2,0.8,344.3,0.0,-2.0,0.5,2.8000000000000003,-75.3,0.0,0.0,221.2,0.0,21.9,19.8,19.8,21.8,300.0,300.0,30.8,36.5,29.4,28.8,30.8,,,,,,,,,,,,,,,,,,,,,,,,
2026-07-30T19:12:21.065Z,9.959,9.972,-1.4,1.4,0.0,0.0,0.0,0.0,0.0,1.0,1.0,0.0,1.0,0.0,0.0,0.0,8.0,6.0,0.0,0.0,0.0,0.0,0.0,0.0,0.0,0.0,6.0,12.0,1.0,12.06,5.01,2.5,1.5,-0.9,0.2,0.9,344.20000000000005,0.0,-2.6,-0.6000000000000001,1.0,-75.3,0.0,0.0,221.6,0.0,21.9,19.8,19.8,21.8,300.0,300.0,30.8,36.5,29.4,28.8,30.8,,,,,,,,,,,,,,,,,,,,,,,,
2026-07-30T19:12:21.077Z,9.971,9.984,-1.5,1.4,0.0,0.0,0.0,0.0,0.0,1.0,1.0,0.0,1.0,0.0,0.0,0.0,8.0,6.0,0.0,0.0,0.0,0.0,0.0,0.0,0.0,0.0,1.0,12.0,1.0,12.06,5.01,2.5,1.5,-0.8,0.2,0.8,344.3,0.0,-2.6,0.5,4.0,-75.3,0.1,0.0,221.4,0.0,21.9,19.8,19.8,21.8,300.0,300.0,30.8,36.5,29.4,28.8,30.8,,,,,,,,,,,,,,,,,,,,,,,,
2026-07-30T19:12:21.091Z,9.985,9.996,-1.5,1.4,0.0,0.0,0.0,0.0,0.0,1.0,1.0,0.0,1.0,0.0,0.0,0.0,8.0,6.0,0.0,0.0,0.0,0.0,0.0,0.0,0.0,0.0,3.0,12.0,1.0,12.04,5.01,2.5,1.49,-0.9,0.2,0.9,344.3,0.0,-3.7,-0.6000000000000001,1.6,-75.4,0.0,0.0,220.2,0.0,22.3,19.9,19.9,22.0,300.0,300.0,30.9,36.6,29.4,28.8,30.9,,,,,,,,,,,,,,,,,,,,,,,,
2026-07-30T19:12:21.101Z,9.995,10.008,-1.5,1.4,0.0,0.0,0.0,0.0,0.0,1.0,1.0,0.0,1.0,0.0,0.0,0.0,8.0,6.0,0.0,0.0,0.0,0.0,0.0,0.0,0.0,0.0,4.0,12.0,1.0,12.04,5.01,2.5,1.49,-0.7000000000000001,0.1,0.7000000000000001,344.1,0.0,-0.8,1.7000000000000002,2.8000000000000003,-75.5,0.0,0.0,221.2,0.0,22.3,19.9,19.9,22.0,300.0,300.0,30.9,36.6,29.4,28.8,30.9,,,,,,,,,,,,,,,,,,,,,,,,
2026-07-30T19:12:21.114Z,10.008,10.02,-1.4,1.4,0.0,0.0,0.0,0.0,0.0,1.0,1.0,0.0,1.0,0.0,0.0,0.0,8.0,6.0,0.0,0.0,0.0,0.0,0.0,0.0,0.0,0.0,5.0,12.0,1.0,12.04,5.01,2.5,1.49,-0.9,0.2,0.9,344.3,0.0,-2.6,0.5,1.6,-75.5,0.1,0.0,221.5,0.0,22.3,19.9,19.9,22.0,300.0,300.0,30.9,36.6,29.4,28.8,30.9,,,,,,,,,,,,,,,,,,,,,,,,
2026-07-30T19:12:21.125Z,10.019,10.032,-1.4,1.4,0.0,0.0,0.0,0.0,0.0,1.0,1.0,0.0,1.0,0.0,0.0,0.0,8.0,6.0,0.0,0.0,0.0,0.0,0.0,0.0,0.0,0.0,6.0,12.0,1.0,12.04,5.01,2.5,1.49,-0.8,0.2,0.9,344.3,0.0,-2.6,0.0,2.2,-75.60000000000001,0.1,0.0,221.8,0.0,22.3,19.9,19.9,22.0,300.0,300.0,30.9,36.6,29.4,28.8,30.9,,,,,,,,,,,,,,,,,,,,,,,,
2026-07-30T19:12:21.138Z,10.032,10.044,-1.5,1.4,0.0,0.0,0.0,0.0,0.0,1.0,1.0,0.0,1.0,0.0,0.0,0.0,8.0,6.0,0.0,0.0,0.0,0.0,0.0,0.0,0.0,0.0,1.0,12.0,1.0,12.04,5.01,2.5,1.49,-0.8,0.2,0.8,344.1,0.0,-3.2,1.1,2.8000000000000003,-75.60000000000001,0.0,0.0,221.2,0.0,22.3,19.9,19.9,22.0,300.0,300.0,30.9,36.6,29.4,28.8,30.9,,,,,,,,,,,,,,,,,,,,,,,,
2026-07-30T19:12:21.150Z,10.044,10.056,-1.5,1.4,0.0,0.0,0.0,0.0,0.0,1.0,1.0,0.0,1.0,0.0,0.0,0.0,8.0,6.0,0.0,0.0,0.0,0.0,0.0,0.0,0.0,0.0,2.0,12.0,1.0,12.04,5.01,2.5,1.49,-0.9,0.1,0.9,344.3,0.0,-2.6,1.1,1.0,-75.60000000000001,0.2,0.0,222.0,0.0,22.3,19.9,19.9,22.0,300.0,300.0,30.9,36.6,29.4,28.8,30.9,,,,,,,,,,,,,,,,,,,,,,,,
2026-07-30T19:12:21.161Z,10.055,10.068,-1.5,1.4,0.0,0.0,0.0,0.0,0.0,1.0,1.0,0.0,1.0,0.0,0.0,0.0,8.0,6.0,0.0,0.0,0.0,0.0,0.0,0.0,0.0,0.0,3.0,12.0,1.0,12.04,5.01,2.5,1.49,-0.8,0.2,0.8,344.20000000000005,0.0,-1.4,0.5,2.8000000000000003,-75.60000000000001,0.0,0.0,221.7,0.0,22.3,19.9,19.9,22.0,300.0,300.0,30.9,36.6,29.4,28.8,30.9,,,,,,,,,,,,,,,,,,,,,,,,
2026-07-30T19:12:21.173Z,10.067,10.08,-1.5,1.4,0.0,0.0,0.0,0.0,0.0,1.0,1.0,0.0,1.0,0.0,0.0,0.0,8.0,6.0,0.0,0.0,0.0,0.0,0.0,0.0,0.0,0.0,5.0,12.0,1.0,12.04,5.01,2.5,1.49,-0.8,0.2,0.8,344.1,0.0,-2.0,0.5,4.0,-75.60000000000001,-0.4,0.0,221.0,0.0,22.3,19.9,19.9,22.0,300.0,300.0,30.9,36.6,29.4,28.8,30.9,,,,,,,,,,,,,,,,,,,,,,,,
2026-07-30T19:12:21.185Z,10.079,10.092,-1.5,1.4,0.0,0.0,0.0,0.0,0.0,1.0,1.0,0.0,1.0,0.0,0.0,0.0,8.0,6.0,0.0,0.0,0.0,0.0,0.0,0.0,0.0,0.0,6.0,12.0,1.0,12.04,5.01,2.5,1.49,-1.0,0.2,1.0,344.3,0.0,-2.6,-1.2000000000000002,1.0,-75.7,-0.4,0.0,219.8,0.0,22.3,19.9,19.9,22.0,300.0,300.0,30.9,36.6,29.4,28.8,30.9,,,,,,,,,,,,,,,,,,,,,,,,
2026-07-30T19:12:21.197Z,10.091,10.104,-1.5,1.4,0.0,0.0,0.0,0.0,0.0,1.0,1.0,0.0,1.0,0.0,0.0,0.0,8.0,6.0,0.0,0.0,0.0,0.0,0.0,0.0,0.0,0.0,1.0,12.0,1.0,12.04,5.01,2.51,1.49,-0.7000000000000001,0.2,0.8,344.20000000000005,0.0,-2.0,1.7000000000000002,3.4000000000000004,-75.60000000000001,-0.4,0.0,219.9,0.0,22.1,20.0,20.0,22.1,300.0,300.0,30.9,36.4,29.4,28.700000000000003,30.9,,,,,,,,,,,,,,,,,,,,,,,,
2026-07-30T19:12:21.210Z,10.104,10.116,-1.4,1.4,0.0,0.0,0.0,0.0,0.0,1.0,1.0,0.0,1.0,0.0,0.0,0.0,8.0,6.0,0.0,0.0,0.0,0.0,0.0,0.0,0.0,0.0,2.0,12.0,1.0,12.04,5.01,2.51,1.49,-0.8,0.2,0.9,344.20000000000005,0.0,-0.8,1.1,1.6,-75.60000000000001,-0.2,0.0,220.8,0.0,22.1,20.0,20.0,22.1,300.0,300.0,30.9,36.4,29.4,28.700000000000003,30.9,,,,,,,,,,,,,,,,,,,,,,,,
2026-07-30T19:12:21.221Z,10.115,10.128,-1.4,1.4,0.0,0.0,0.0,0.0,0.0,1.0,1.0,0.0,1.0,0.0,0.0,0.0,8.0,6.0,0.0,0.0,0.0,0.0,0.0,0.0,0.0,0.0,3.0,12.0,1.0,12.04,5.01,2.51,1.49,-0.8,0.2,0.8,344.3,0.0,-1.4,1.7000000000000002,4.0,-75.60000000000001,0.0,0.0,220.8,0.0,22.1,20.0,20.0,22.1,300.0,300.0,30.9,36.4,29.4,28.700000000000003,30.9,,,,,,,,,,,,,,,,,,,,,,,,
2026-07-30T19:12:21.234Z,10.128,10.14,-1.5,1.4,0.0,0.0,0.0,0.0,0.0,1.0,1.0,0.0,1.0,0.0,0.0,0.0,8.0,6.0,0.0,0.0,0.0,0.0,0.0,0.0,0.0,0.0,4.0,12.0,1.0,12.04,5.01,2.51,1.49,-0.9,0.2,0.9,344.20000000000005,0.0,-2.0,0.0,1.6,-75.60000000000001,0.2,0.0,221.4,0.0,22.1,20.0,20.0,22.1,300.0,300.0,30.9,36.4,29.4,28.700000000000003,30.9,,,,,,,,,,,,,,,,,,,,,,,,
2026-07-30T19:12:21.245Z,10.139,10.152,-1.5,1.4,0.0,0.0,0.0,0.0,0.0,1.0,1.0,0.0,1.0,0.0,0.0,0.0,8.0,6.0,0.0,0.0,0.0,0.0,0.0,0.0,0.0,0.0,5.0,12.0,1.0,12.04,5.01,2.51,1.49,-0.8,0.1,0.8,344.20000000000005,0.0,-2.6,2.3000000000000003,1.6,-75.5,0.1,0.0,221.6,0.0,22.1,20.0,20.0,22.1,300.0,300.0,30.9,36.4,29.4,28.700000000000003,30.9,,,,,,,,,,,,,,,,,,,,,,,,
2026-07-30T19:12:21.257Z,10.151,10.164,-1.5,1.4,0.0,0.0,0.0,0.0,0.0,1.0,1.0,0.0,1.0,0.0,0.0,0.0,8.0,6.0,0.0,0.0,0.0,0.0,0.0,0.0,0.0,0.0,6.0,12.0,1.0,12.04,5.01,2.51,1.49,-0.9,0.2,0.9,344.3,0.0,-3.2,0.0,1.6,-75.5,0.1,0.0,221.8,0.0,22.1,20.0,20.0,22.1,300.0,300.0,30.9,36.4,29.4,28.700000000000003,30.9,,,,,,,,,,,,,,,,,,,,,,,,
2026-07-30T19:12:21.269Z,10.163,10.176,-1.4,1.4,0.0,0.0,0.0,0.0,0.0,1.0,1.0,0.0,1.0,0.0,0.0,0.0,8.0,6.0,0.0,0.0,0.0,0.0,0.0,0.0,0.0,0.0,1.0,12.0,1.0,12.04,5.01,2.51,1.49,-0.8,0.2,0.8,344.1,0.0,-1.4,0.5,2.2,-75.5,0.1,0.0,222.0,0.0,22.1,20.0,20.0,22.1,300.0,300.0,30.9,36.4,29.4,28.700000000000003,30.9,,,,,,,,,,,,,,,,,,,,,,,,
2026-07-30T19:12:21.281Z,10.175,10.188,-1.5,1.4,0.0,0.0,0.0,0.0,0.0,1.0,1.0,0.0,1.0,0.0,0.0,0.0,8.0,6.0,0.0,0.0,0.0,0.0,0.0,0.0,0.0,0.0,2.0,12.0,1.0,12.04,5.01,2.51,1.49,-0.8,0.2,0.8,344.20000000000005,0.0,-3.2,0.5,2.8000000000000003,-75.60000000000001,0.4,0.0,222.2,0.0,22.1,20.0,20.0,22.1,300.0,300.0,30.9,36.4,29.4,28.700000000000003,30.9,,,,,,,,,,,,,,,,,,,,,,,,
2026-07-30T19:12:21.294Z,10.188,10.2,-1.5,1.4,0.0,0.0,0.0,0.0,0.0,1.0,1.0,0.0,1.0,0.0,0.0,0.0,8.0,6.0,0.0,0.0,0.0,0.0,0.0,0.0,0.0,0.0,3.0,12.0,1.0,12.0,5.0200000000000005,2.51,1.5,-0.8,0.2,0.8,344.3,0.0,-0.8,0.5,2.2,-75.60000000000001,0.3,0.0,222.2,0.0,22.1,20.200000000000003,20.200000000000003,22.200000000000003,300.0,300.0,31.0,36.3,29.6,28.8,30.9,,,,,,,,,,,,,,,,,,,,,,,,
2026-07-30T19:12:21.305Z,10.199,10.212,-1.4,1.4,0.0,0.0,0.0,0.0,0.0,1.0,1.0,0.0,1.0,0.0,0.0,0.0,8.0,6.0,0.0,0.0,0.0,0.0,0.0,0.0,0.0,0.0,4.0,12.0,1.0,12.0,5.0200000000000005,2.51,1.5,-0.9,0.2,1.0,344.1,0.0,-3.2,0.0,0.5,-75.60000000000001,-0.5,0.0,220.3,0.0,22.1,20.200000000000003,20.200000000000003,22.200000000000003,300.0,300.0,31.0,36.3,29.6,28.8,30.9,,,,,,,,,,,,,,,,,,,,,,,,
2026-07-30T19:12:21.317Z,10.211,10.224,-1.4,1.4,0.0,0.0,0.0,0.0,0.0,1.0,1.0,0.0,1.0,0.0,0.0,0.0,8.0,6.0,0.0,0.0,0.0,0.0,0.0,0.0,0.0,0.0,5.0,12.0,1.0,12.0,5.0200000000000005,2.51,1.5,-0.9,0.2,0.9,344.20000000000005,0.0,-2.6,0.0,1.6,-75.60000000000001,0.2,0.0,221.6,0.0,22.1,20.200000000000003,20.200000000000003,22.200000000000003,300.0,300.0,31.0,36.3,29.6,28.8,30.9,,,,,,,,,,,,,,,,,,,,,,,,
2026-07-30T19:12:21.329Z,10.223,10.236,-1.4,1.4,0.0,0.0,0.0,0.0,0.0,1.0,1.0,0.0,1.0,0.0,0.0,0.0,8.0,6.0,0.0,0.0,0.0,0.0,0.0,0.0,0.0,0.0,6.0,12.0,1.0,12.0,5.0200000000000005,2.51,1.5,-0.9,0.2,0.9,344.3,0.0,-2.0,0.5,2.2,-75.60000000000001,-0.3,0.0,220.7,0.0,22.1,20.200000000000003,20.200000000000003,22.200000000000003,300.0,300.0,31.0,36.3,29.6,28.8,30.9,,,,,,,,,,,,,,,,,,,,,,,,
2026-07-30T19:12:21.341Z,10.235,10.248,-1.5,1.4,0.0,0.0,0.0,0.0,0.0,1.0,1.0,0.0,1.0,0.0,0.0,0.0,8.0,6.0,0.0,0.0,0.0,0.0,0.0,0.0,0.0,0.0,1.0,12.0,1.0,12.0,5.0200000000000005,2.51,1.5,-0.8,0.2,0.8,344.20000000000005,0.0,-2.0,1.1,2.8000000000000003,-75.60000000000001,0.1,0.0,221.8,0.0,22.1,20.200000000000003,20.200000000000003,22.200000000000003,300.0,300.0,31.0,36.3,29.6,28.8,30.9,,,,,,,,,,,,,,,,,,,,,,,,
2026-07-30T19:12:21.353Z,10.247,10.26,-1.4,1.4,0.0,0.0,0.0,0.0,0.0,1.0,1.0,0.0,1.0,0.0,0.0,0.0,8.0,6.0,0.0,0.0,0.0,0.0,0.0,0.0,0.0,0.0,2.0,12.0,1.0,12.0,5.0200000000000005,2.51,1.5,-0.8,0.2,0.9,344.20000000000005,0.0,-2.0,0.5,1.0,-75.60000000000001,0.1,0.0,222.0,0.0,22.1,20.200000000000003,20.200000000000003,22.200000000000003,300.0,300.0,31.0,36.3,29.6,28.8,30.9,,,,,,,,,,,,,,,,,,,,,,,,
2026-07-30T19:12:21.366Z,10.26,10.272,-1.5,1.4,0.0,0.0,0.0,0.0,0.0,1.0,1.0,0.0,1.0,0.0,0.0,0.0,8.0,6.0,0.0,0.0,0.0,0.0,0.0,0.0,0.0,0.0,3.0,12.0,1.0,12.0,5.0200000000000005,2.51,1.5,-0.8,0.2,0.9,344.20000000000005,0.0,-3.2,1.1,2.2,-75.60000000000001,0.0,0.0,221.8,0.0,22.1,20.200000000000003,20.200000000000003,22.200000000000003,300.0,300.0,31.0,36.3,29.6,28.8,30.9,,,,,,,,,,,,,,,,,,,,,,,,
2026-07-30T19:12:21.377Z,10.271,10.284,-1.5,1.4,0.0,0.0,0.0,0.0,0.0,1.0,1.0,0.0,1.0,0.0,0.0,0.0,8.0,6.0,0.0,0.0,0.0,0.0,0.0,0.0,0.0,0.0,4.0,12.0,1.0,12.0,5.0200000000000005,2.51,1.5,-0.9,0.2,1.0,344.3,0.0,-2.6,-0.6000000000000001,1.0,-75.60000000000001,0.0,0.0,221.4,0.0,22.1,20.200000000000003,20.200000000000003,22.200000000000003,300.0,300.0,31.0,36.3,29.6,28.8,30.9,,,,,,,,,,,,,,,,,,,,,,,,
2026-07-30T19:12:21.389Z,10.283,10.296,-1.5,1.4,0.0,0.0,0.0,0.0,0.0,1.0,1.0,0.0,1.0,0.0,0.0,0.0,8.0,6.0,0.0,0.0,0.0,0.0,0.0,0.0,0.0,0.0,5.0,12.0,1.0,12.0,5.0200000000000005,2.51,1.5,-0.8,0.2,0.9,344.20000000000005,0.0,-1.4,0.5,2.2,-75.60000000000001,-0.5,0.0,220.0,0.0,22.1,20.200000000000003,20.200000000000003,22.200000000000003,300.0,300.0,31.0,36.3,29.6,28.8,30.9,,,,,,,,,,,,,,,,,,,,,,,,
2026-07-30T19:12:21.402Z,10.296,10.308,-1.5,1.4,0.0,0.0,0.0,0.0,0.0,1.0,1.0,0.0,1.0,0.0,0.0,0.0,8.0,6.0,0.0,0.0,0.0,0.0,0.0,0.0,0.0,0.0,6.0,12.0,1.0,12.05,5.01,2.5,1.49,-0.8,0.2,0.8,344.3,0.0,-2.0,0.5,2.2,-75.5,0.2,0.0,221.5,0.0,22.1,20.3,20.3,22.3,300.0,300.0,31.0,36.5,29.5,28.9,31.0,,,,,,,,,,,,,,,,,,,,,,,,
2026-07-30T19:12:21.414Z,10.308,10.32,-1.4,1.4,0.0,0.0,0.0,0.0,0.0,1.0,1.0,0.0,1.0,0.0,0.0,0.0,8.0,6.0,0.0,0.0,0.0,0.0,0.0,0.0,0.0,0.0,1.0,12.0,1.0,12.05,5.01,2.5,1.49,-0.8,0.2,0.8,344.3,0.0,-2.6,1.7000000000000002,2.8000000000000003,-75.5,-0.1,0.0,221.2,0.0,22.1,20.3,20.3,22.3,300.0,300.0,31.0,36.5,29.5,28.9,31.0,,,,,,,,,,,,,,,,,,,,,,,,
2026-07-30T19:12:21.426Z,10.32,10.332,-1.4,1.4,0.0,0.0,0.0,0.0,0.0,1.0,1.0,0.0,1.0,0.0,0.0,0.0,8.0,6.0,0.0,0.0,0.0,0.0,0.0,0.0,0.0,0.0,2.0,12.0,1.0,12.05,5.01,2.5,1.49,-0.8,0.2,0.9,344.1,0.0,-1.4,0.0,3.4000000000000004,-75.5,-0.5,0.0,220.2,0.0,22.1,20.3,20.3,22.3,300.0,300.0,31.0,36.5,29.5,28.9,31.0,,,,,,,,,,,,,,,,,,,,,,,,
2026-07-30T19:12:21.437Z,10.331,10.344,-1.4,1.4,0.0,0.0,0.0,0.0,0.0,1.0,1.0,0.0,1.0,0.0,0.0,0.0,8.0,6.0,0.0,0.0,0.0,0.0,0.0,0.0,0.0,0.0,4.0,12.0,1.0,12.05,5.01,2.5,1.49,-0.8,0.2,0.8,344.3,0.0,-1.4,0.5,1.6,-75.5,0.2,0.0,222.1,0.0,22.1,20.3,20.3,22.3,300.0,300.0,31.0,36.5,29.5,28.9,31.0,,,,,,,,,,,,,,,,,,,,,,,,
2026-07-30T19:12:21.450Z,10.344,10.356,-1.4,1.4,0.0,0.0,0.0,0.0,0.0,1.0,1.0,0.0,1.0,0.0,0.0,0.0,8.0,6.0,0.0,0.0,0.0,0.0,0.0,0.0,0.0,0.0,5.0,12.0,1.0,12.05,5.01,2.5,1.49,-0.8,0.2,0.8,344.1,0.0,-3.2,2.3000000000000003,3.4000000000000004,-75.5,-0.1,0.0,221.1,0.0,22.1,20.3,20.3,22.3,300.0,300.0,31.0,36.5,29.5,28.9,31.0,,,,,,,,,,,,,,,,,,,,,,,,
2026-07-30T19:12:21.462Z,10.356,10.368,-1.4,1.4,0.0,0.0,0.0,0.0,0.0,1.0,1.0,0.0,1.0,0.0,0.0,0.0,8.0,6.0,0.0,0.0,0.0,0.0,0.0,0.0,0.0,0.0,6.0,12.0,1.0,12.05,5.01,2.5,1.49,-0.9,0.2,0.9,344.20000000000005,0.0,-1.4,0.0,1.6,-75.4,0.0,0.0,221.6,0.0,22.1,20.3,20.3,22.3,300.0,300.0,31.0,36.5,29.5,28.9,31.0,,,,,,,,,,,,,,,,,,,,,,,,
2026-07-30T19:12:21.474Z,10.368,10.38,-1.4,1.4,0.0,0.0,0.0,0.0,0.0,0.0,0.0,0.0,1.0,0.0,0.0,0.0,9.0,4.0,0.0,0.0,0.0,0.0,0.0,0.0,0.0,0.0,1.0,12.0,1.0,12.05,5.01,2.5,1.49,0.0,0.0,0.0,344.8,0.0,-0.2,-0.5,1.1,-67.4,-14.7,0.0,220.7,0.0,22.1,20.3,20.3,22.3,300.0,300.0,31.0,36.5,29.5,28.9,31.0,,,,,,,,,,,,,,,,,,,,,,,,
2026-07-30T19:12:21.486Z,10.38,10.392,-1.1,1.4,0.0,0.0,0.0,0.0,0.0,0.0,0.0,0.0,1.0,0.0,0.0,0.0,9.0,4.0,0.0,0.0,0.0,0.0,0.0,0.0,0.0,0.0,2.0,12.0,1.0,12.05,5.01,2.5,1.49,0.0,0.0,0.0,346.20000000000005,0.0,0.3,0.0,-0.6000000000000001,-52.400000000000006,-1.5,0.0,222.5,0.0,22.1,20.3,20.3,22.3,300.0,300.0,31.0,36.5,29.5,28.9,31.0,,,,,,,,,,,,,,,,,,,,,,,,
2026-07-30T19:12:21.498Z,10.392,10.404,-0.8,1.4,0.0,0.0,0.0,0.0,0.0,0.0,0.0,0.0,1.0,0.0,0.0,0.0,9.0,4.0,0.0,0.0,0.0,0.0,0.0,0.0,0.0,0.0,2.0,12.0,1.0,12.17,5.0200000000000005,2.51,1.49,0.0,0.1,0.0,345.20000000000005,0.0,0.3,1.2000000000000002,0.0,-38.6,-0.1,0.0,223.3,0.0,21.200000000000003,20.4,20.4,22.3,300.0,300.0,31.0,36.7,29.5,28.9,31.0,,,,,,,,,,,,,,,,,,,,,,,,
2026-07-30T19:12:21.510Z,10.404,10.416,-0.6000000000000001,1.4,0.0,0.0,0.0,0.0,0.0,0.0,0.0,0.0,1.0,0.0,0.0,0.0,9.0,4.0,0.0,0.0,0.0,0.0,0.0,0.0,0.0,0.0,3.0,12.0,1.0,12.17,5.0200000000000005,2.51,1.49,0.0,0.0,0.0,344.20000000000005,0.0,-0.3,0.0,-0.7000000000000001,-25.9,0.0,0.0,224.4,0.0,21.200000000000003,20.4,20.4,22.3,300.0,300.0,31.0,36.7,29.5,28.9,31.0,,,,,,,,,,,,,,,,,,,,,,,,
2026-07-30T19:12:21.522Z,10.416,10.428,-0.5,1.4,0.0,0.0,0.0,0.0,0.0,0.0,0.0,0.0,1.0,0.0,0.0,0.0,9.0,4.0,0.0,0.0,0.0,0.0,0.0,0.0,0.0,0.0,4.0,12.0,1.0,12.17,5.0200000000000005,2.51,1.49,-0.1,0.2,0.0,343.70000000000005,0.0,-0.3,-0.4,-1.2000000000000002,-14.2,0.0,0.0,225.6,0.0,21.200000000000003,20.4,20.4,22.3,300.0,300.0,31.0,36.7,29.5,28.9,31.0,,,,,,,,,,,,,,,,,,,,,,,,
2026-07-30T19:12:21.534Z,10.428,10.44,-0.4,1.4,0.0,0.0,0.0,0.0,0.0,0.0,0.0,0.0,1.0,0.0,0.0,0.0,9.0,4.0,0.0,0.0,0.0,0.0,0.0,0.0,0.0,0.0,5.0,12.0,1.0,12.17,5.0200000000000005,2.51,1.49,-0.1,0.1,0.0,344.20000000000005,0.0,-0.9,0.0,-0.6000000000000001,-3.4000000000000004,0.0,0.0,227.0,0.0,21.200000000000003,20.4,20.4,22.3,300.0,300.0,31.0,36.7,29.5,28.9,31.0,,,,,,,,,,,,,,,,,,,,,,,,
2026-07-30T19:12:21.545Z,10.439,10.452,-0.3,1.4,0.0,0.0,0.0,0.0,0.0,0.0,0.0,0.0,1.0,0.0,0.0,0.0,9.0,4.0,0.0,0.0,0.0,0.0,0.0,0.0,0.0,0.0,1.0,12.0,1.0,12.17,5.0200000000000005,2.51,1.49,0.0,0.0,0.0,344.5,0.0,0.2,0.1,0.0,6.4,0.0,1.0,228.1,0.0,21.200000000000003,20.4,20.4,22.3,300.0,300.0,31.0,36.7,29.5,28.9,31.0,,,,,,,,,,,,,,,,,,,,,,,,
2026-07-30T19:12:21.558Z,10.452,10.464,-0.3,1.4,0.0,0.0,0.0,0.0,0.0,0.0,0.0,0.0,1.0,0.0,0.0,0.0,9.0,4.0,0.0,0.0,0.0,0.0,0.0,0.0,0.0,0.0,1.0,12.0,1.0,12.17,5.0200000000000005,2.51,1.49,0.0,0.0,0.0,344.3,0.0,0.2,1.3,0.5,15.5,0.0,1.0,228.3,0.0,21.200000000000003,20.4,20.4,22.3,300.0,300.0,31.0,36.7,29.5,28.9,31.0,,,,,,,,,,,,,,,,,,,,,,,,
2026-07-30T19:12:21.569Z,10.463,10.476,-0.2,1.4,0.0,0.0,0.0,0.0,0.0,0.0,0.0,0.0,1.0,0.0,0.0,0.0,9.0,4.0,0.0,0.0,0.0,0.0,0.0,0.0,0.0,0.0,2.0,12.0,1.0,12.17,5.0200000000000005,2.51,1.49,0.0,0.0,0.0,344.3,0.0,-0.2,-0.4,1.1,24.0,0.0,1.0,227.8,0.0,21.200000000000003,20.4,20.4,22.3,300.0,300.0,31.0,36.7,29.5,28.9,31.0,,,,,,,,,,,,,,,,,,,,,,,,
2026-07-30T19:12:21.581Z,10.475,10.488,-0.2,1.4,0.0,0.0,0.0,0.0,0.0,0.0,0.0,0.0,1.0,0.0,0.0,0.0,9.0,4.0,0.0,0.0,0.0,0.0,0.0,0.0,0.0,0.0,3.0,12.0,1.0,12.17,5.0200000000000005,2.51,1.49,0.0,0.0,0.0,344.3,0.0,0.2,0.1,0.4,31.9,0.0,0.0,227.4,0.0,21.200000000000003,20.4,20.4,22.3,300.0,300.0,31.0,36.7,29.5,28.9,31.0,,,,,,,,,,,,,,,,,,,,,,,,
2026-07-30T19:12:21.593Z,10.487,10.5,-0.1,1.4,0.0,0.0,0.0,0.0,0.0,0.0,0.0,0.0,1.0,0.0,0.0,0.0,9.0,4.0,0.0,0.0,0.0,0.0,0.0,0.0,0.0,0.0,4.0,12.0,1.0,12.17,5.0200000000000005,2.51,1.49,0.0,0.0,0.0,344.3,0.0,-0.8,-0.4,0.4,39.2,0.0,0.0,227.3,0.0,21.200000000000003,20.4,20.4,22.3,300.0,300.0,31.0,36.7,29.5,28.9,31.0,,,,,,,,,,,,,,,,,,,,,,,,
2026-07-30T19:12:21.606Z,10.5,10.512,-0.1,1.4,0.0,0.0,0.0,0.0,0.0,0.0,0.0,0.0,1.0,0.0,0.0,0.0,9.0,4.0,0.0,0.0,0.0,0.0,0.0,0.0,0.0,0.0,4.0,12.0,1.0,12.15,5.01,2.51,1.49,0.0,0.0,0.0,344.3,0.0,-0.8,0.7000000000000001,-0.1,46.0,0.0,0.0,226.9,0.0,21.700000000000003,20.5,20.5,22.4,300.0,300.0,31.0,36.3,29.5,29.0,31.0,,,,,,,,,,,,,,,,,,,,,,,,
2026-07-30T19:12:21.617Z,10.511,10.524,-0.1,1.4,0.0,0.0,0.0,0.0,0.0,0.0,0.0,0.0,1.0,0.0,0.0,0.0,9.0,4.0,0.0,0.0,0.0,0.0,0.0,0.0,0.0,0.0,5.0,12.0,1.0,12.15,5.01,2.51,1.49,0.0,0.0,0.0,344.20000000000005,0.0,0.9,-0.4,0.4,52.3,0.0,0.0,226.9,0.0,21.700000000000003,20.5,20.5,22.4,300.0,300.0,31.0,36.3,29.5,29.0,31.0,,,,,,,,,,,,,,,,,,,,,,,,
2026-07-30T19:12:21.630Z,10.524,10.536,-0.1,1.4,0.0,0.0,0.0,0.0,0.0,0.0,0.0,0.0,1.0,0.0,0.0,0.0,9.0,4.0,0.0,0.0,0.0,0.0,0.0,0.0,0.0,0.0,6.0,12.0,1.0,12.15,5.01,2.51,1.49,-0.1,0.1,0.0,344.3,0.0,0.3,1.2000000000000002,1.5,58.2,0.0,0.0,227.3,0.0,21.700000000000003,20.5,20.5,22.4,300.0,300.0,31.0,36.3,29.5,29.0,31.0,,,,,,,,,,,,,,,,,,,,,,,,
2026-07-30T19:12:21.641Z,10.535,10.548,0.0,1.4,0.0,0.0,0.0,0.0,0.0,0.0,0.0,0.0,1.0,0.0,0.0,0.0,9.0,4.0,0.0,0.0,0.0,0.0,0.0,0.0,0.0,0.0,1.0,12.0,1.0,12.15,5.01,2.51,1.49,0.0,0.0,0.0,344.3,0.0,-0.2,0.7000000000000001,-0.8,63.6,0.0,0.0,227.4,0.0,21.700000000000003,20.5,20.5,22.4,300.0,300.0,31.0,36.3,29.5,29.0,31.0,,,,,,,,,,,,,,,,,,,,,,,,
2026-07-30T19:12:21.653Z,10.547,10.56,0.0,1.4,0.0,0.0,0.0,0.0,0.0,0.0,0.0,0.0,1.0,0.0,0.0,0.0,9.0,4.0,0.0,0.0,0.0,0.0,0.0,0.0,0.0,0.0,3.0,12.0,1.0,12.15,5.01,2.51,1.49,0.0,0.0,0.0,344.3,0.0,-0.8,-1.0,-1.4,68.60000000000001,0.0,0.0,227.5,0.0,21.700000000000003,20.5,20.5,22.4,300.0,300.0,31.0,36.3,29.5,29.0,31.0,,,,,,,,,,,,,,,,,,,,,,,,
2026-07-30T19:12:21.666Z,10.56,10.572,0.0,1.4,0.0,0.0,0.0,0.0,0.0,0.0,0.0,0.0,1.0,0.0,0.0,0.0,9.0,4.0,0.0,0.0,0.0,0.0,0.0,0.0,0.0,0.0,4.0,12.0,1.0,12.15,5.01,2.51,1.49,0.0,0.0,0.0,344.3,0.0,-0.2,0.0,-0.2,73.3,0.0,0.0,227.4,0.0,21.700000000000003,20.5,20.5,22.4,300.0,300.0,31.0,36.3,29.5,29.0,31.0,,,,,,,,,,,,,,,,,,,,,,,,
2026-07-30T19:12:21.677Z,10.571,10.584,0.0,1.4,0.0,0.0,0.0,0.0,0.0,0.0,0.0,0.0,1.0,0.0,0.0,0.0,9.0,4.0,0.0,0.0,0.0,0.0,0.0,0.0,0.0,0.0,5.0,12.0,1.0,12.15,5.01,2.51,1.49,-0.1,0.0,0.0,344.20000000000005,0.0,-0.2,0.0,0.3,77.60000000000001,0.0,0.0,225.6,0.0,21.700000000000003,20.5,20.5,22.4,300.0,300.0,31.0,36.3,29.5,29.0,31.0,,,,,,,,,,,,,,,,,,,,,,,,
2026-07-30T19:12:21.689Z,10.583,10.596,0.0,1.4,0.0,0.0,0.0,0.0,0.0,0.0,0.0,0.0,1.0,0.0,0.0,0.0,9.0,4.0,0.0,0.0,0.0,0.0,0.0,0.0,0.0,0.0,1.0,12.0,1.0,12.15,5.01,2.51,1.49,0.0,0.0,0.0,344.3,0.0,0.9,0.7000000000000001,-0.1,81.7,0.0,0.0,227.3,0.0,21.700000000000003,20.5,20.5,22.4,300.0,300.0,31.0,36.3,29.5,29.0,31.0,,,,,,,,,,,,,,,,,,,,,,,,
2026-07-30T19:12:21.702Z,10.596,10.608,0.0,1.4,0.0,0.0,0.0,0.0,0.0,0.0,0.0,0.0,1.0,0.0,0.0,0.0,9.0,4.0,0.0,0.0,0.0,0.0,0.0,0.0,0.0,0.0,2.0,12.0,1.0,12.14,5.0200000000000005,2.5,1.5,0.0,0.0,0.0,344.3,0.0,-0.7000000000000001,0.0,-0.7000000000000001,85.4,0.0,0.0,227.3,0.0,21.3,20.6,20.6,22.5,300.0,300.0,31.0,36.1,29.5,29.0,31.0,,,,,,,,,,,,,,,,,,,,,,,,
2026-07-30T19:12:21.714Z,10.608,10.62,0.0,1.4,0.0,0.0,0.0,0.0,0.0,0.0,0.0,0.0,1.0,0.0,0.0,0.0,9.0,4.0,0.0,0.0,0.0,0.0,0.0,0.0,0.0,0.0,4.0,12.0,1.0,12.14,5.0200000000000005,2.5,1.5,0.0,0.0,0.0,344.20000000000005,0.0,-0.1,0.0,0.4,88.80000000000001,0.0,0.0,227.3,0.0,21.3,20.6,20.6,22.5,300.0,300.0,31.0,36.1,29.5,29.0,31.0,,,,,,,,,,,,,,,,,,,,,,,,
2026-07-30T19:12:21.725Z,10.619,10.632,0.0,1.4,0.0,0.0,0.0,0.0,0.0,0.0,0.0,0.0,1.0,0.0,0.0,0.0,9.0,4.0,0.0,0.0,0.0,0.0,0.0,0.0,0.0,0.0,5.0,12.0,1.0,12.14,5.0200000000000005,2.5,1.5,0.0,0.0,0.0,344.3,0.0,0.3,1.1,-0.1,92.0,0.0,0.0,227.3,0.0,21.3,20.6,20.6,22.5,300.0,300.0,31.0,36.1,29.5,29.0,31.0,,,,,,,,,,,,,,,,,,,,,,,,
2026-07-30T19:12:21.737Z,10.631,10.644,0.0,1.4,0.0,0.0,0.0,0.0,0.0,0.0,0.0,0.0,1.0,0.0,0.0,0.0,9.0,4.0,0.0,0.0,0.0,0.0,0.0,0.0,0.0,0.0,1.0,12.0,1.0,12.14,5.0200000000000005,2.5,1.5,0.0,0.0,0.0,344.3,0.0,-0.2,0.6000000000000001,-0.1,95.0,0.0,0.0,227.3,0.0,21.3,20.6,20.6,22.5,300.0,300.0,31.0,36.1,29.5,29.0,31.0,,,,,,,,,,,,,,,,,,,,,,,,
2026-07-30T19:12:21.749Z,10.643,10.656,0.0,1.4,0.0,0.0,0.0,0.0,0.0,0.0,0.0,0.0,1.0,0.0,0.0,0.0,9.0,4.0,0.0,0.0,0.0,0.0,0.0,0.0,0.0,0.0,2.0,12.0,1.0,12.14,5.0200000000000005,2.5,1.5,0.0,0.0,0.0,344.3,0.0,0.3,0.0,0.4,97.7,0.0,0.0,227.3,0.0,21.3,20.6,20.6,22.5,300.0,300.0,31.0,36.1,29.5,29.0,31.0,,,,,,,,,,,,,,,,,,,,,,,,
2026-07-30T19:12:21.761Z,10.655,10.668,0.0,1.4,0.0,0.0,0.0,0.0,0.0,0.0,0.0,0.0,1.0,0.0,0.0,0.0,9.0,4.0,0.0,0.0,0.0,0.0,0.0,0.0,0.0,0.0,3.0,12.0,1.0,12.14,5.0200000000000005,2.5,1.5,0.0,0.0,0.0,344.20000000000005,0.0,0.3,-0.5,-0.7000000000000001,100.2,0.0,0.0,227.3,0.0,21.3,20.6,20.6,22.5,300.0,300.0,31.0,36.1,29.5,29.0,31.0,,,,,,,,,,,,,,,,,,,,,,,,
2026-07-30T19:12:21.774Z,10.668,10.68,0.0,1.4,0.0,0.0,0.0,0.0,0.0,0.0,0.0,0.0,1.0,0.0,0.0,0.0,9.0,4.0,0.0,0.0,0.0,0.0,0.0,0.0,0.0,0.0,4.0,12.0,1.0,12.14,5.0200000000000005,2.5,1.5,0.0,0.0,0.0,344.20000000000005,0.0,-0.2,0.1,0.4,102.6,0.0,0.0,227.3,0.0,21.3,20.6,20.6,22.5,300.0,300.0,31.0,36.1,29.5,29.0,31.0,,,,,,,,,,,,,,,,,,,,,,,,
2026-07-30T19:12:21.785Z,10.679,10.692,0.0,1.4,0.0,0.0,0.0,0.0,0.0,0.0,0.0,0.0,1.0,0.0,0.0,0.0,9.0,4.0,0.0,0.0,0.0,0.0,0.0,0.0,0.0,0.0,6.0,12.0,1.0,12.14,5.0200000000000005,2.5,1.5,0.0,0.0,0.0,344.3,0.0,-0.2,0.7000000000000001,-0.6000000000000001,104.8,0.0,0.0,227.1,0.0,21.3,20.6,20.6,22.5,300.0,300.0,31.0,36.1,29.5,29.0,31.0,,,,,,,,,,,,,,,,,,,,,,,,
2026-07-30T19:12:21.797Z,10.691,10.704,0.0,1.4,0.0,0.0,0.0,0.0,0.0,0.0,0.0,0.0,1.0,0.0,0.0,0.0,9.0,4.0,0.0,0.0,0.0,0.0,0.0,0.0,0.0,0.0,1.0,12.0,1.0,12.14,5.0200000000000005,2.5,1.5,0.0,0.0,0.0,344.3,0.0,-0.2,-0.4,0.0,106.8,0.0,0.0,227.5,0.0,21.3,20.6,20.6,22.5,300.0,300.0,31.0,36.1,29.5,29.0,31.0,,,,,,,,,,,,,,,,,,,,,,,,
2026-07-30T19:12:21.809Z,10.703,10.716,0.0,1.4,0.0,0.0,0.0,0.0,0.0,0.0,0.0,0.0,1.0,0.0,0.0,0.0,9.0,4.0,0.0,0.0,0.0,0.0,0.0,0.0,0.0,0.0,2.0,12.0,1.0,12.15,5.01,2.51,1.49,0.0,0.0,0.0,344.3,0.0,-0.1,-0.4,0.0,108.7,0.0,0.0,227.3,0.0,21.3,20.8,20.8,22.6,300.0,300.0,30.9,35.9,29.6,29.0,31.0,,,,,,,,,,,,,,,,,,,,,,,,
2026-07-30T19:12:21.821Z,10.715,10.728,0.0,1.4,0.0,0.0,0.0,0.0,0.0,0.0,0.0,0.0,1.0,0.0,0.0,0.0,9.0,4.0,0.0,0.0,0.0,0.0,0.0,0.0,0.0,0.0,3.0,12.0,1.0,12.15,5.01,2.51,1.49,0.0,0.0,0.0,344.3,0.0,-0.1,0.7000000000000001,-0.5,110.5,0.0,0.0,227.3,0.0,21.3,20.8,20.8,22.6,300.0,300.0,30.9,35.9,29.6,29.0,31.0,,,,,,,,,,,,,,,,,,,,,,,,
2026-07-30T19:12:21.833Z,10.727,10.74,0.0,1.4,0.0,0.0,0.0,0.0,0.0,0.0,0.0,0.0,1.0,0.0,0.0,0.0,9.0,4.0,0.0,0.0,0.0,0.0,0.0,0.0,0.0,0.0,5.0,12.0,1.0,12.15,5.01,2.51,1.49,0.0,0.0,0.0,344.20000000000005,0.0,-0.1,0.7000000000000001,0.0,112.1,0.0,0.0,227.3,0.0,21.3,20.8,20.8,22.6,300.0,300.0,30.9,35.9,29.6,29.0,31.0,,,,,,,,,,,,,,,,,,,,,,,,
2026-07-30T19:12:21.845Z,10.739,10.752,0.0,1.4,0.0,0.0,0.0,0.0,0.0,0.0,0.0,0.0,1.0,0.0,0.0,0.0,9.0,4.0,0.0,0.0,0.0,0.0,0.0,0.0,0.0,0.0,6.0,12.0,1.0,12.15,5.01,2.51,1.49,0.0,0.0,0.0,344.3,0.0,0.4,-0.4,-1.7000000000000002,113.6,0.0,0.0,227.3,0.0,21.3,20.8,20.8,22.6,300.0,300.0,30.9,35.9,29.6,29.0,31.0,,,,,,,,,,,,,,,,,,,,,,,,
2026-07-30T19:12:21.857Z,10.751,10.764,0.0,1.4,0.0,0.0,0.0,0.0,0.0,0.0,0.0,0.0,1.0,0.0,0.0,0.0,9.0,4.0,0.0,0.0,0.0,0.0,0.0,0.0,0.0,0.0,2.0,12.0,1.0,12.15,5.01,2.51,1.49,0.0,0.0,0.0,344.3,0.0,0.4,-0.4,0.6000000000000001,115.0,0.0,0.0,227.3,0.0,21.3,20.8,20.8,22.6,300.0,300.0,30.9,35.9,29.6,29.0,31.0,,,,,,,,,,,,,,,,,,,,,,,,
2026-07-30T19:12:21.869Z,10.763,10.776,0.0,1.4,0.0,0.0,0.0,0.0,0.0,0.0,0.0,0.0,1.0,0.0,0.0,0.0,9.0,4.0,0.0,0.0,0.0,0.0,0.0,0.0,0.0,0.0,3.0,12.0,1.0,12.15,5.01,2.51,1.49,0.0,0.0,0.0,344.3,0.0,1.5,0.7000000000000001,1.7000000000000002,116.3,0.0,0.0,227.3,0.0,21.3,20.8,20.8,22.6,300.0,300.0,30.9,35.9,29.6,29.0,31.0,,,,,,,,,,,,,,,,,,,,,,,,
2026-07-30T19:12:21.881Z,10.775,10.788,0.0,1.4,0.0,0.0,0.0,0.0,0.0,0.0,0.0,0.0,1.0,0.0,0.0,0.0,9.0,4.0,0.0,0.0,0.0,0.0,0.0,0.0,0.0,0.0,4.0,12.0,1.0,12.15,5.01,2.51,1.49,0.0,0.0,0.0,344.3,0.0,0.9,0.7000000000000001,0.5,117.5,0.0,0.0,227.0,0.0,21.3,20.8,20.8,22.6,300.0,300.0,30.9,35.9,29.6,29.0,31.0,,,,,,,,,,,,,,,,,,,,,,,,
2026-07-30T19:12:21.894Z,10.788,10.8,0.0,1.4,0.0,0.0,0.0,0.0,0.0,0.0,0.0,0.0,1.0,0.0,0.0,0.0,9.0,4.0,0.0,0.0,0.0,0.0,0.0,0.0,0.0,0.0,5.0,12.0,1.0,12.15,5.01,2.51,1.49,0.0,0.0,0.0,344.3,0.0,-0.2,0.7000000000000001,-0.5,118.6,0.0,0.0,227.3,0.0,21.3,20.8,20.8,22.6,300.0,300.0,30.9,35.9,29.6,29.0,31.0,,,,,,,,,,,,,,,,,,,,,,,,
2026-07-30T19:12:21.906Z,10.8,10.812,0.0,1.4,0.0,0.0,0.0,0.0,0.0,0.0,0.0,0.0,1.0,0.0,0.0,0.0,9.0,4.0,0.0,0.0,0.0,0.0,0.0,0.0,0.0,0.0,6.0,12.0,1.0,12.18,5.0200000000000005,2.51,1.5,0.0,0.0,0.0,344.3,0.0,-0.8,-1.5,-0.5,119.6,0.0,0.0,227.4,0.0,21.3,20.9,20.9,22.700000000000003,300.0,300.0,30.9,35.800000000000004,29.6,29.0,31.1,,,,,,,,,,,,,,,,,,,,,,,,
2026-07-30T19:12:21.917Z,10.811,10.824,0.0,1.4,0.0,0.0,0.0,0.0,0.0,0.0,0.0,0.0,1.0,0.0,0.0,0.0,9.0,4.0,0.0,0.0,0.0,0.0,0.0,0.0,0.0,0.0,2.0,12.0,1.0,12.18,5.0200000000000005,2.51,1.5,0.0,0.0,0.0,344.3,0.0,0.3,1.3,-0.6000000000000001,120.6,0.0,0.0,227.4,0.0,21.3,20.9,20.9,22.700000000000003,300.0,300.0,30.9,35.800000000000004,29.6,29.0,31.1,,,,,,,,,,,,,,,,,,,,,,,,
2026-07-30T19:12:21.929Z,10.823,10.836,0.0,1.4,0.0,0.0,0.0,0.0,0.0,0.0,0.0,0.0,1.0,0.0,0.0,0.0,9.0,4.0,0.0,0.0,0.0,0.0,0.0,0.0,0.0,0.0,3.0,12.0,1.0,12.18,5.0200000000000005,2.51,1.5,0.0,0.0,0.0,344.20000000000005,0.0,0.3,-0.4,-1.2000000000000002,121.5,0.0,0.0,227.3,0.0,21.3,20.9,20.9,22.700000000000003,300.0,300.0,30.9,35.800000000000004,29.6,29.0,31.1,,,,,,,,,,,,,,,,,,,,,,,,
2026-07-30T19:12:21.941Z,10.835,10.848,0.0,1.4,0.0,0.0,0.0,0.0,0.0,0.0,0.0,0.0,1.0,0.0,0.0,0.0,9.0,4.0,0.0,0.0,0.0,0.0,0.0,0.0,0.0,0.0,5.0,12.0,1.0,12.18,5.0200000000000005,2.51,1.5,0.0,0.0,0.0,344.3,0.0,-0.2,0.2,0.0,122.3,0.0,0.0,227.3,0.0,21.3,20.9,20.9,22.700000000000003,300.0,300.0,30.9,35.800000000000004,29.6,29.0,31.1,,,,,,,,,,,,,,,,,,,,,,,,
2026-07-30T19:12:21.954Z,10.848,10.86,0.0,1.4,0.0,0.0,0.0,0.0,0.0,0.0,0.0,0.0,1.0,0.0,0.0,0.0,9.0,4.0,0.0,0.0,0.0,0.0,0.0,0.0,0.0,0.0,6.0,12.0,1.0,12.18,5.0200000000000005,2.51,1.5,0.0,0.0,0.0,344.20000000000005,0.0,0.3,-0.9,-1.2000000000000002,123.0,0.0,0.0,227.3,0.0,21.3,20.9,20.9,22.700000000000003,300.0,300.0,30.9,35.800000000000004,29.6,29.0,31.1,,,,,,,,,,,,,,,,,,,,,,,,
2026-07-30T19:12:21.965Z,10.859,10.872,0.0,1.4,0.0,0.0,0.0,0.0,0.0,0.0,0.0,0.0,1.0,0.0,0.0,0.0,9.0,4.0,0.0,0.0,0.0,0.0,0.0,0.0,0.0,0.0,1.0,12.0,1.0,12.18,5.0200000000000005,2.51,1.5,0.0,0.0,0.0,344.3,0.0,-0.2,1.4,1.7000000000000002,123.8,0.0,0.0,227.3,0.0,21.3,20.9,20.9,22.700000000000003,300.0,300.0,30.9,35.800000000000004,29.6,29.0,31.1,,,,,,,,,,,,,,,,,,,,,,,,
2026-07-30T19:12:21.977Z,10.871,10.884,0.0,1.4,0.0,0.0,0.0,0.0,0.0,0.0,0.0,0.0,1.0,0.0,0.0,0.0,9.0,4.0,0.0,0.0,0.0,0.0,0.0,0.0,0.0,0.0,3.0,12.0,1.0,12.18,5.0200000000000005,2.51,1.5,0.0,0.0,0.0,344.3,0.0,-0.8,0.2,-0.6000000000000001,124.4,0.0,0.0,227.3,0.0,21.3,20.9,20.9,22.700000000000003,300.0,300.0,30.9,35.800000000000004,29.6,29.0,31.1,,,,,,,,,,,,,,,,,,,,,,,,
2026-07-30T19:12:21.989Z,10.883,10.896,0.0,1.4,0.0,0.0,0.0,0.0,0.0,0.0,0.0,0.0,1.0,0.0,0.0,0.0,9.0,4.0,0.0,0.0,0.0,0.0,0.0,0.0,0.0,0.0,4.0,12.0,1.0,12.18,5.0200000000000005,2.51,1.5,0.0,0.0,0.0,344.3,0.0,0.8,0.2,1.1,125.0,0.0,0.0,226.5,0.0,21.3,20.9,20.9,22.700000000000003,300.0,300.0,30.9,35.800000000000004,29.6,29.0,31.1,,,,,,,,,,,,,,,,,,,,,,,,
2026-07-30T19:12:22.001Z,10.895,10.908,0.0,1.4,0.0,0.0,0.0,0.0,0.0,0.0,0.0,0.0,1.0,0.0,0.0,0.0,9.0,4.0,0.0,0.0,0.0,0.0,0.0,0.0,0.0,0.0,5.0,12.0,1.0,12.18,5.0200000000000005,2.51,1.5,0.0,0.0,0.0,344.3,0.0,-0.2,0.2,0.5,125.6,0.0,0.0,227.3,0.0,21.3,20.9,20.9,22.700000000000003,300.0,300.0,30.9,35.800000000000004,29.6,29.0,31.1,,,,,,,,,,,,,,,,,,,,,,,,
2026-07-30T19:12:22.013Z,10.907,10.92,0.0,1.4,0.0,0.0,0.0,0.0,0.0,0.0,0.0,0.0,1.0,0.0,0.0,0.0,9.0,4.0,0.0,0.0,0.0,0.0,0.0,0.0,0.0,0.0,6.0,12.0,1.0,12.15,5.01,2.5,1.49,0.0,0.0,0.0,344.20000000000005,0.0,0.3,-0.3,0.5,126.1,0.0,0.0,227.3,0.0,21.3,21.0,21.0,22.8,300.0,300.0,30.9,35.7,29.6,29.0,31.1,,,,,,,,,,,,,,,,,,,,,,,,
2026-07-30T19:12:22.025Z,10.919,10.932,0.0,1.4,0.0,0.0,0.0,0.0,0.0,0.0,0.0,0.0,1.0,0.0,0.0,0.0,9.0,4.0,0.0,0.0,0.0,0.0,0.0,0.0,0.0,0.0,1.0,12.0,1.0,12.15,5.01,2.5,1.49,0.0,0.0,0.0,344.3,0.0,0.3,0.8,1.7000000000000002,126.6,0.0,0.0,227.3,0.0,21.3,21.0,21.0,22.8,300.0,300.0,30.9,35.7,29.6,29.0,31.1,,,,,,,,,,,,,,,,,,,,,,,,
2026-07-30T19:12:22.037Z,10.931,10.944,0.0,1.4,0.0,0.0,0.0,0.0,0.0,0.0,0.0,0.0,1.0,0.0,0.0,0.0,9.0,4.0,0.0,0.0,0.0,0.0,0.0,0.0,0.0,0.0,2.0,12.0,1.0,12.15,5.01,2.5,1.49,0.0,0.0,0.0,344.3,0.0,-0.8,0.8,-0.6000000000000001,127.0,0.0,0.0,227.3,0.0,21.3,21.0,21.0,22.8,300.0,300.0,30.9,35.7,29.6,29.0,31.1,,,,,,,,,,,,,,,,,,,,,,,,
2026-07-30T19:12:22.050Z,10.944,10.956,0.0,1.4,0.0,0.0,0.0,0.0,0.0,0.0,0.0,0.0,1.0,0.0,0.0,0.0,9.0,4.0,0.0,0.0,0.0,0.0,0.0,0.0,0.0,0.0,4.0,12.0,1.0,12.15,5.01,2.5,1.49,0.0,0.0,0.0,344.3,0.0,-0.8,-1.5,-1.1,127.4,0.0,0.0,227.3,0.0,21.3,21.0,21.0,22.8,300.0,300.0,30.9,35.7,29.6,29.0,31.1,,,,,,,,,,,,,,,,,,,,,,,,
2026-07-30T19:12:22.061Z,10.955,10.968,0.0,1.4,0.0,0.0,0.0,0.0,0.0,0.0,0.0,0.0,1.0,0.0,0.0,0.0,9.0,4.0,0.0,0.0,0.0,0.0,0.0,0.0,0.0,0.0,5.0,12.0,1.0,12.15,5.01,2.5,1.49,0.0,0.0,0.0,344.20000000000005,0.0,-0.2,0.1,0.0,127.8,0.0,0.0,227.3,0.0,21.3,21.0,21.0,22.8,300.0,300.0,30.9,35.7,29.6,29.0,31.1,,,,,,,,,,,,,,,,,,,,,,,,
2026-07-30T19:12:22.074Z,10.968,10.98,0.0,1.4,0.0,0.0,0.0,0.0,0.0,0.0,0.0,0.0,1.0,0.0,0.0,0.0,9.0,4.0,0.0,0.0,0.0,0.0,0.0,0.0,0.0,0.0,1.0,12.0,1.0,12.15,5.01,2.5,1.49,0.0,0.0,0.0,344.20000000000005,0.0,0.3,0.2,1.1,128.20000000000002,0.0,0.0,227.3,0.0,21.3,21.0,21.0,22.8,300.0,300.0,30.9,35.7,29.6,29.0,31.1,,,,,,,,,,,,,,,,,,,,,,,,
2026-07-30T19:12:22.085Z,10.979,10.992,0.0,1.4,0.0,0.0,0.0,0.0,0.0,0.0,0.0,0.0,1.0,0.0,0.0,0.0,9.0,4.0,0.0,0.0,0.0,0.0,0.0,0.0,0.0,0.0,2.0,12.0,1.0,12.15,5.01,2.5,1.49,0.0,0.0,0.0,344.20000000000005,0.0,0.3,0.1,-0.6000000000000001,128.5,0.0,0.0,227.3,0.0,21.3,21.0,21.0,22.8,300.0,300.0,30.9,35.7,29.6,29.0,31.1,,,,,,,,,,,,,,,,,,,,,,,,
2026-07-30T19:12:22.097Z,10.991,11.004,0.0,1.4,0.0,0.0,0.0,0.0,0.0,0.0,0.0,0.0,1.0,0.0,0.0,0.0,9.0,4.0,0.0,0.0,0.0,0.0,0.0,0.0,0.0,0.0,3.0,12.0,1.0,12.15,5.01,2.5,1.49,0.0,0.0,0.0,344.20000000000005,0.0,-0.2,-1.0,-0.5,128.9,0.0,0.0,226.8,0.0,21.3,21.0,21.0,22.8,300.0,300.0,30.9,35.7,29.6,29.0,31.1,,,,,,,,,,,,,,,,,,,,,,,,
2026-07-30T19:12:22.111Z,11.005,11.016,0.0,1.4,0.0,0.0,0.0,0.0,0.0,0.0,0.0,0.0,1.0,0.0,0.0,0.0,9.0,4.0,0.0,0.0,0.0,0.0,0.0,0.0,0.0,0.0,4.0,12.0,1.0,12.17,5.01,2.5,1.49,0.0,0.0,0.0,344.3,0.0,0.3,0.1,0.5,129.1,0.0,0.0,227.3,0.0,21.200000000000003,21.1,21.1,22.9,300.0,300.0,30.9,35.6,29.6,29.0,31.1,,,,,,,,,,,,,,,,,,,,,,,,
2026-07-30T19:12:22.121Z,11.015,11.028,0.0,1.4,0.0,0.0,0.0,0.0,0.0,0.0,0.0,0.0,1.0,0.0,0.0,0.0,9.0,4.0,0.0,0.0,0.0,0.0,0.0,0.0,0.0,0.0,5.0,12.0,1.0,12.17,5.01,2.5,1.49,0.0,0.0,0.0,344.3,0.0,-0.2,0.6000000000000001,0.5,129.4,0.0,0.0,227.3,0.0,21.200000000000003,21.1,21.1,22.9,300.0,300.0,30.9,35.6,29.6,29.0,31.1,,,,,,,,,,,,,,,,,,,,,,,,
2026-07-30T19:12:22.133Z,11.027,11.04,0.0,1.4,0.0,0.0,0.0,0.0,0.0,0.0,0.0,0.0,1.0,0.0,0.0,0.0,9.0,4.0,0.0,0.0,0.0,0.0,0.0,0.0,0.0,0.0,6.0,12.0,1.0,12.17,5.01,2.5,1.49,0.0,0.0,0.0,344.3,0.0,-0.2,-0.4,-0.5,129.6,0.0,0.0,227.4,0.0,21.200000000000003,21.1,21.1,22.9,300.0,300.0,30.9,35.6,29.6,29.0,31.1,,,,,,,,,,,,,,,,,,,,,,,,
2026-07-30T19:12:22.145Z,11.039,11.052,0.0,1.4,0.0,0.0,0.0,0.0,0.0,0.0,0.0,0.0,1.0,0.0,0.0,0.0,9.0,4.0,0.0,0.0,0.0,0.0,0.0,0.0,0.0,0.0,1.0,12.0,1.0,12.17,5.01,2.5,1.49,0.0,0.0,0.0,344.3,0.0,0.3,-0.4,1.1,129.8,0.0,0.0,227.3,0.0,21.200000000000003,21.1,21.1,22.9,300.0,300.0,30.9,35.6,29.6,29.0,31.1,,,,,,,,,,,,,,,,,,,,,,,,
2026-07-30T19:12:22.157Z,11.051,11.064,0.0,1.4,0.0,0.0,0.0,0.0,0.0,0.0,0.0,0.0,1.0,0.0,0.0,0.0,9.0,4.0,0.0,0.0,0.0,0.0,0.0,0.0,0.0,0.0,2.0,12.0,1.0,12.17,5.01,2.5,1.49,0.0,0.0,0.0,344.3,0.0,-0.1,0.1,-0.5,130.1,0.0,0.0,227.3,0.0,21.200000000000003,21.1,21.1,22.9,300.0,300.0,30.9,35.6,29.6,29.0,31.1,,,,,,,,,,,,,,,,,,,,,,,,
2026-07-30T19:12:22.169Z,11.063,11.076,0.0,1.4,0.0,0.0,0.0,0.0,0.0,0.0,0.0,0.0,1.0,0.0,0.0,0.0,9.0,4.0,0.0,0.0,0.0,0.0,0.0,0.0,0.0,0.0,3.0,12.0,1.0,12.17,5.01,2.5,1.49,0.0,0.0,0.0,344.3,0.0,0.9,0.1,0.6000000000000001,130.20000000000002,0.0,0.0,227.3,0.0,21.200000000000003,21.1,21.1,22.9,300.0,300.0,30.9,35.6,29.6,29.0,31.1,,,,,,,,,,,,,,,,,,,,,,,,
2026-07-30T19:12:22.182Z,11.076,11.088,0.0,1.4,0.0,0.0,0.0,0.0,0.0,0.0,0.0,0.0,1.0,0.0,0.0,0.0,9.0,4.0,0.0,0.0,0.0,0.0,0.0,0.0,0.0,0.0,4.0,12.0,1.0,12.17,5.01,2.5,1.49,0.0,0.0,0.0,344.3,0.0,0.3,0.0,0.0,130.4,0.0,0.0,227.3,0.0,21.200000000000003,21.1,21.1,22.9,300.0,300.0,30.9,35.6,29.6,29.0,31.1,,,,,,,,,,,,,,,,,,,,,,,,
2026-07-30T19:12:22.194Z,11.088,11.1,0.0,1.4,0.0,0.0,0.0,0.0,0.0,0.0,0.0,0.0,1.0,0.0,0.0,0.0,9.0,4.0,0.0,0.0,0.0,0.0,0.0,0.0,0.0,0.0,5.0,12.0,1.0,12.17,5.01,2.5,1.49,0.0,0.0,0.0,344.20000000000005,0.0,0.3,-1.0,-0.5,130.6,0.0,0.0,227.3,0.0,21.200000000000003,21.1,21.1,22.9,300.0,300.0,30.9,35.6,29.6,29.0,31.1,,,,,,,,,,,,,,,,,,,,,,,,
2026-07-30T19:12:22.205Z,11.099,11.112,0.0,1.4,0.0,0.0,0.0,0.0,0.0,0.0,0.0,0.0,1.0,0.0,0.0,0.0,9.0,4.0,0.0,0.0,0.0,0.0,0.0,0.0,0.0,0.0,6.0,12.0,1.0,12.17,5.01,2.5,1.49,0.0,0.0,0.0,344.3,0.0,0.3,0.1,0.6000000000000001,130.8,0.0,0.0,227.2,0.0,21.200000000000003,21.1,21.1,22.9,300.0,300.0,30.9,35.6,29.6,29.0,31.1,,,,,,,,,,,,,,,,,,,,,,,,
2026-07-30T19:12:22.218Z,11.112,11.124,0.0,1.4,0.0,0.0,0.0,0.0,0.0,0.0,0.0,0.0,1.0,0.0,0.0,0.0,9.0,4.0,0.0,0.0,0.0,0.0,0.0,0.0,0.0,0.0,1.0,12.0,1.0,12.15,5.01,2.51,1.49,0.0,0.0,0.0,344.3,0.0,0.3,0.1,0.0,130.9,0.0,0.0,227.3,0.0,21.9,21.200000000000003,21.200000000000003,23.1,300.0,300.0,31.0,35.5,29.6,29.0,31.0,,,,,,,,,,,,,,,,,,,,,,,,
2026-07-30T19:12:22.229Z,11.123,11.136,0.0,1.4,0.0,0.0,0.0,0.0,0.0,0.0,0.0,0.0,1.0,0.0,0.0,0.0,9.0,4.0,0.0,0.0,0.0,0.0,0.0,0.0,0.0,0.0,3.0,12.0,1.0,12.15,5.01,2.51,1.49,0.0,0.0,0.0,344.3,0.0,0.9,0.1,-0.5,131.1,0.0,0.0,227.3,0.0,21.9,21.200000000000003,21.200000000000003,23.1,300.0,300.0,31.0,35.5,29.6,29.0,31.0,,,,,,,,,,,,,,,,,,,,,,,,
2026-07-30T19:12:22.241Z,11.135,11.148,0.0,1.4,0.0,0.0,0.0,0.0,0.0,0.0,0.0,0.0,1.0,0.0,0.0,0.0,9.0,4.0,0.0,0.0,0.0,0.0,0.0,0.0,0.0,0.0,4.0,12.0,1.0,12.15,5.01,2.51,1.49,0.0,0.0,0.0,344.20000000000005,0.0,-0.1,0.6000000000000001,1.1,131.20000000000002,0.0,0.0,227.4,0.0,21.9,21.200000000000003,21.200000000000003,23.1,300.0,300.0,31.0,35.5,29.6,29.0,31.0,,,,,,,,,,,,,,,,,,,,,,,,
2026-07-30T19:12:22.253Z,11.147,11.16,0.0,1.4,0.0,0.0,0.0,0.0,0.0,0.0,0.0,0.0,1.0,0.0,0.0,0.0,9.0,4.0,0.0,0.0,0.0,0.0,0.0,0.0,0.0,0.0,5.0,12.0,1.0,12.15,5.01,2.51,1.49,0.0,0.0,0.0,344.3,0.0,-0.7000000000000001,0.1,0.5,131.3,0.0,0.0,227.3,0.0,21.9,21.200000000000003,21.200000000000003,23.1,300.0,300.0,31.0,35.5,29.6,29.0,31.0,,,,,,,,,,,,,,,,,,,,,,,,
2026-07-30T19:12:22.265Z,11.159,11.172,0.0,1.4,0.0,0.0,0.0,0.0,0.0,0.0,0.0,0.0,1.0,0.0,0.0,0.0,9.0,4.0,0.0,0.0,0.0,0.0,0.0,0.0,0.0,0.0,6.0,12.0,1.0,12.15,5.01,2.51,1.49,0.0,0.0,0.0,344.3,0.0,1.0,0.1,0.0,131.4,0.0,0.0,227.3,0.0,21.9,21.200000000000003,21.200000000000003,23.1,300.0,300.0,31.0,35.5,29.6,29.0,31.0,,,,,,,,,,,,,,,,,,,,,,,,
2026-07-30T19:12:22.277Z,11.171,11.184,0.0,1.4,0.0,0.0,0.0,0.0,0.0,0.0,0.0,0.0,1.0,0.0,0.0,0.0,9.0,4.0,0.0,0.0,0.0,0.0,0.0,0.0,0.0,0.0,1.0,12.0,1.0,12.15,5.01,2.51,1.49,0.0,0.0,0.0,344.3,0.0,-0.1,-1.0,-0.6000000000000001,131.5,0.0,0.0,227.4,0.0,21.9,21.200000000000003,21.200000000000003,23.1,300.0,300.0,31.0,35.5,29.6,29.0,31.0,,,,,,,,,,,,,,,,,,,,,,,,
2026-07-30T19:12:22.289Z,11.183,11.196,0.0,1.4,0.0,0.0,0.0,0.0,0.0,0.0,0.0,0.0,1.0,0.0,0.0,0.0,9.0,4.0,0.0,0.0,0.0,0.0,0.0,0.0,0.0,0.0,2.0,12.0,1.0,12.15,5.01,2.51,1.49,0.0,0.0,0.0,344.3,0.0,0.4,0.1,1.7000000000000002,131.6,0.0,0.0,227.4,0.0,21.9,21.200000000000003,21.200000000000003,23.1,300.0,300.0,31.0,35.5,29.6,29.0,31.0,,,,,,,,,,,,,,,,,,,,,,,,
2026-07-30T19:12:22.301Z,11.195,11.208,0.0,1.4,0.0,0.0,0.0,0.0,0.0,0.0,0.0,0.0,1.0,0.0,0.0,0.0,9.0,4.0,0.0,0.0,0.0,0.0,0.0,0.0,0.0,0.0,4.0,12.0,1.0,12.15,5.01,2.51,1.49,0.0,0.0,0.0,344.20000000000005,0.0,0.4,1.8,1.1,131.70000000000002,0.0,0.0,226.6,0.0,21.9,21.200000000000003,21.200000000000003,23.1,300.0,300.0,31.0,35.5,29.6,29.0,31.0,,,,,,,,,,,,,,,,,,,,,,,,
2026-07-30T19:12:22.315Z,11.209,11.22,0.0,1.4,0.0,0.0,0.0,0.0,0.0,0.0,0.0,0.0,1.0,0.0,0.0,0.0,9.0,4.0,0.0,0.0,0.0,0.0,0.0,0.0,0.0,0.0,5.0,12.0,1.0,12.17,5.01,2.51,1.49,0.0,0.0,0.0,344.20000000000005,0.0,-0.6000000000000001,0.1,-0.6000000000000001,131.8,0.0,0.0,227.4,0.0,21.8,21.3,21.3,23.200000000000003,300.0,300.0,31.0,35.4,29.6,29.0,31.0,,,,,,,,,,,,,,,,,,,,,,,,
2026-07-30T19:12:22.325Z,11.219,11.232,0.0,1.4,0.0,0.0,0.0,0.0,0.0,0.0,0.0,0.0,1.0,0.0,0.0,0.0,9.0,4.0,0.0,0.0,0.0,0.0,0.0,0.0,0.0,0.0,6.0,12.0,1.0,12.17,5.01,2.51,1.49,0.0,0.0,0.0,344.3,0.0,0.4,-1.0,0.5,131.8,0.0,0.0,227.3,0.0,21.8,21.3,21.3,23.200000000000003,300.0,300.0,31.0,35.4,29.6,29.0,31.0,,,,,,,,,,,,,,,,,,,,,,,,
2026-07-30T19:12:22.337Z,11.231,11.244,0.0,1.4,0.0,0.0,0.0,0.0,0.0,0.0,0.0,0.0,1.0,0.0,0.0,0.0,9.0,4.0,0.0,0.0,0.0,0.0,0.0,0.0,0.0,0.0,1.0,12.0,1.0,12.17,5.01,2.51,1.49,0.0,0.0,0.0,344.3,0.0,0.4,-0.4,0.0,131.9,0.0,0.0,227.4,0.0,21.8,21.3,21.3,23.200000000000003,300.0,300.0,31.0,35.4,29.6,29.0,31.0,,,,,,,,,,,,,,,,,,,,,,,,
2026-07-30T19:12:22.349Z,11.243,11.256,0.0,1.4,0.0,0.0,0.0,0.0,0.0,0.0,0.0,0.0,1.0,0.0,0.0,0.0,9.0,4.0,0.0,0.0,0.0,0.0,0.0,0.0,0.0,0.0,2.0,12.0,1.0,12.17,5.01,2.51,1.49,0.0,0.0,0.0,344.20000000000005,0.0,1.0,0.6000000000000001,0.5,131.9,0.0,0.0,227.3,0.0,21.8,21.3,21.3,23.200000000000003,300.0,300.0,31.0,35.4,29.6,29.0,31.0,,,,,,,,,,,,,,,,,,,,,,,,
2026-07-30T19:12:22.361Z,11.255,11.268,0.0,1.4,0.0,0.0,0.0,0.0,0.0,0.0,0.0,0.0,1.0,0.0,0.0,0.0,9.0,4.0,0.0,0.0,0.0,0.0,0.0,0.0,0.0,0.0,3.0,12.0,1.0,12.17,5.01,2.51,1.49,0.0,0.0,0.0,344.3,0.0,-1.3,0.0,-0.7000000000000001,132.0,0.0,0.0,227.3,0.0,21.8,21.3,21.3,23.200000000000003,300.0,300.0,31.0,35.4,29.6,29.0,31.0,,,,,,,,,,,,,,,,,,,,,,,,
2026-07-30T19:12:22.373Z,11.267,11.28,0.0,1.4,0.0,0.0,0.0,0.0,0.0,0.0,0.0,0.0,1.0,0.0,0.0,0.0,9.0,4.0,0.0,0.0,0.0,0.0,0.0,0.0,0.0,0.0,4.0,12.0,1.0,12.17,5.01,2.51,1.49,0.0,0.0,0.0,344.3,0.0,-0.1,0.0,0.4,132.1,0.0,0.0,227.3,0.0,21.8,21.3,21.3,23.200000000000003,300.0,300.0,31.0,35.4,29.6,29.0,31.0,,,,,,,,,,,,,,,,,,,,,,,,
2026-07-30T19:12:22.385Z,11.279,11.292,0.0,1.4,0.0,0.0,0.0,0.0,0.0,0.0,0.0,0.0,1.0,0.0,0.0,0.0,9.0,4.0,0.0,0.0,0.0,0.0,0.0,0.0,0.0,0.0,5.0,12.0,1.0,12.17,5.01,2.51,1.49,0.0,0.0,0.0,344.3,0.0,-0.1,-2.2,-1.3,132.1,0.0,0.0,227.3,0.0,21.8,21.3,21.3,23.200000000000003,300.0,300.0,31.0,35.4,29.6,29.0,31.0,,,,,,,,,,,,,,,,,,,,,,,,
2026-07-30T19:12:22.397Z,11.291,11.304,0.0,1.4,0.0,0.0,0.0,0.0,0.0,0.0,0.0,0.0,1.0,0.0,0.0,0.0,9.0,4.0,0.0,0.0,0.0,0.0,0.0,0.0,0.0,0.0,6.0,12.0,1.0,12.17,5.01,2.51,1.49,0.0,0.1,0.0,344.3,0.0,0.3,-0.5,-0.8,132.1,0.0,0.0,227.3,0.0,21.8,21.3,21.3,23.200000000000003,300.0,300.0,31.0,35.4,29.6,29.0,31.0,,,,,,,,,,,,,,,,,,,,,,,,
2026-07-30T19:12:22.409Z,11.303,11.316,0.0,1.4,0.0,0.0,0.0,0.0,0.0,0.0,0.0,0.0,1.0,0.0,0.0,0.0,9.0,4.0,0.0,0.0,0.0,0.0,0.0,0.0,0.0,0.0,1.0,12.0,1.0,12.17,5.01,2.51,1.49,0.0,0.1,0.0,344.3,0.0,0.9,1.1,-0.2,132.20000000000002,0.0,0.0,225.9,0.0,21.8,21.3,21.3,23.200000000000003,300.0,300.0,31.0,35.4,29.6,29.0,31.0,,,,,,,,,,,,,,,,,,,,,,,,
2026-07-30T19:12:22.421Z,11.315,11.328,0.0,1.4,0.0,0.0,0.0,0.0,0.0,0.0,0.0,0.0,1.0,0.0,0.0,0.0,9.0,4.0,0.0,0.0,0.0,0.0,0.0,0.0,0.0,0.0,2.0,12.0,1.0,12.14,5.01,2.5,1.49,0.0,0.0,0.0,344.3,0.0,0.9,0.6000000000000001,-0.2,132.3,0.0,0.0,227.4,0.0,21.4,21.4,21.4,23.3,300.0,300.0,30.9,35.300000000000004,29.6,29.0,31.0,,,,,,,,,,,,,,,,,,,,,,,,
2026-07-30T19:12:22.433Z,11.327,11.34,0.0,1.4,0.0,0.0,0.0,0.0,0.0,0.0,0.0,0.0,1.0,0.0,0.0,0.0,9.0,4.0,0.0,0.0,0.0,0.0,0.0,0.0,0.0,0.0,3.0,12.0,1.0,12.14,5.01,2.5,1.49,0.0,0.0,0.0,344.3,0.0,-0.1,0.0,0.3,132.3,0.0,0.0,227.3,0.0,21.4,21.4,21.4,23.3,300.0,300.0,30.9,35.300000000000004,29.6,29.0,31.0,,,,,,,,,,,,,,,,,,,,,,,,
2026-07-30T19:12:22.445Z,11.339,11.352,0.0,1.4,0.0,0.0,0.0,0.0,0.0,0.0,0.0,0.0,1.0,0.0,0.0,0.0,9.0,4.0,0.0,0.0,0.0,0.0,0.0,0.0,0.0,0.0,5.0,12.0,1.0,12.14,5.01,2.5,1.49,0.0,0.0,0.0,344.20000000000005,0.0,-0.1,0.5,-0.2,132.3,0.0,0.0,227.3,0.0,21.4,21.4,21.4,23.3,300.0,300.0,30.9,35.300000000000004,29.6,29.0,31.0,,,,,,,,,,,,,,,,,,,,,,,,
2026-07-30T19:12:22.457Z,11.351,11.364,0.0,1.4,0.0,0.0,0.0,0.0,0.0,0.0,0.0,0.0,1.0,0.0,0.0,0.0,9.0,4.0,0.0,0.0,0.0,0.0,0.0,0.0,0.0,0.0,6.0,12.0,1.0,12.14,5.01,2.5,1.49,0.0,0.0,0.0,344.3,0.0,-1.3,0.6000000000000001,-1.3,132.4,0.0,0.0,227.3,0.0,21.4,21.4,21.4,23.3,300.0,300.0,30.9,35.300000000000004,29.6,29.0,31.0,,,,,,,,,,,,,,,,,,,,,,,,
2026-07-30T19:12:22.469Z,11.363,11.376,0.0,1.4,0.0,0.0,0.0,0.0,0.0,0.0,0.0,0.0,1.0,0.0,0.0,0.0,9.0,4.0,0.0,0.0,0.0,0.0,0.0,0.0,0.0,0.0,1.0,12.0,1.0,12.14,5.01,2.5,1.49,0.0,0.0,0.0,344.3,0.0,0.4,-0.5,-0.1,132.4,0.0,0.0,227.3,0.0,21.4,21.4,21.4,23.3,300.0,300.0,30.9,35.300000000000004,29.6,29.0,31.0,,,,,,,,,,,,,,,,,,,,,,,,
2026-07-30T19:12:22.481Z,11.375,11.388,0.0,1.4,0.0,0.0,0.0,0.0,0.0,0.0,0.0,0.0,1.0,0.0,0.0,0.0,9.0,4.0,0.0,0.0,0.0,0.0,0.0,0.0,0.0,0.0,3.0,12.0,1.0,12.14,5.01,2.5,1.49,0.0,0.0,0.0,344.3,0.0,0.9,-0.5,2.1,132.4,0.0,0.0,227.3,0.0,21.4,21.4,21.4,23.3,300.0,300.0,30.9,35.300000000000004,29.6,29.0,31.0,,,,,,,,,,,,,,,,,,,,,,,,
2026-07-30T19:12:22.493Z,11.387,11.4,0.0,1.4,0.0,0.0,0.0,0.0,0.0,0.0,0.0,0.0,1.0,0.0,0.0,0.0,9.0,4.0,0.0,0.0,0.0,0.0,0.0,0.0,0.0,0.0,4.0,12.0,1.0,12.14,5.01,2.5,1.49,0.0,0.1,0.0,344.3,0.0,-0.1,0.0,0.4,132.4,0.0,0.0,227.3,0.0,21.4,21.4,21.4,23.3,300.0,300.0,30.9,35.300000000000004,29.6,29.0,31.0,,,,,,,,,,,,,,,,,,,,,,,,
2026-07-30T19:12:22.505Z,11.399,11.412,0.0,1.4,0.0,0.0,0.0,0.0,0.0,0.0,0.0,0.0,1.0,0.0,0.0,0.0,9.0,4.0,0.0,0.0,0.0,0.0,0.0,0.0,0.0,0.0,5.0,12.0,1.0,12.14,5.01,2.5,1.49,0.0,0.0,0.0,344.3,0.0,0.4,0.0,-0.1,132.4,0.0,0.0,227.4,0.0,21.4,21.4,21.4,23.3,300.0,300.0,30.9,35.300000000000004,29.6,29.0,31.0,,,,,,,,,,,,,,,,,,,,,,,,
2026-07-30T19:12:22.518Z,11.412,11.424,0.0,1.4,0.0,0.0,0.0,0.0,0.0,0.0,0.0,0.0,1.0,0.0,0.0,0.0,9.0,4.0,0.0,0.0,0.0,0.0,0.0,0.0,0.0,0.0,1.0,12.0,1.0,12.18,5.01,2.51,1.49,0.0,0.0,0.0,344.3,0.0,0.4,-0.5,0.4,132.5,0.0,0.0,227.3,0.0,21.700000000000003,21.5,21.5,23.4,300.0,300.0,31.0,35.300000000000004,29.6,29.0,31.0,,,,,,,,,,,,,,,,,,,,,,,,
2026-07-30T19:12:22.529Z,11.423,11.436,0.0,1.4,0.0,0.0,0.0,0.0,0.0,0.0,0.0,0.0,1.0,0.0,0.0,0.0,9.0,4.0,0.0,0.0,0.0,0.0,0.0,0.0,0.0,0.0,2.0,12.0,1.0,12.18,5.01,2.51,1.49,0.0,0.0,0.0,344.20000000000005,0.0,-0.1,-1.1,0.4,132.5,0.0,0.0,227.3,0.0,21.700000000000003,21.5,21.5,23.4,300.0,300.0,31.0,35.300000000000004,29.6,29.0,31.0,,,,,,,,,,,,,,,,,,,,,,,,
2026-07-30T19:12:22.541Z,11.435,11.448,0.0,1.4,0.0,0.0,0.0,0.0,0.0,0.0,0.0,0.0,1.0,0.0,0.0,0.0,9.0,4.0,0.0,0.0,0.0,0.0,0.0,0.0,0.0,0.0,3.0,12.0,1.0,12.18,5.01,2.51,1.49,0.0,0.0,0.0,344.3,0.0,-0.1,0.0,0.4,132.5,0.0,0.0,227.3,0.0,21.700000000000003,21.5,21.5,23.4,300.0,300.0,31.0,35.300000000000004,29.6,29.0,31.0,,,,,,,,,,,,,,,,,,,,,,,,
2026-07-30T19:12:22.553Z,11.447,11.46,0.0,1.4,0.0,0.0,0.0,0.0,0.0,0.0,0.0,0.0,1.0,0.0,0.0,0.0,9.0,4.0,0.0,0.0,0.0,0.0,0.0,0.0,0.0,0.0,5.0,12.0,1.0,12.18,5.01,2.51,1.49,0.0,0.0,0.0,344.3,0.0,-0.7000000000000001,0.0,-1.3,132.5,0.0,0.0,227.3,0.0,21.700000000000003,21.5,21.5,23.4,300.0,300.0,31.0,35.300000000000004,29.6,29.0,31.0,,,,,,,,,,,,,,,,,,,,,,,,
2026-07-30T19:12:22.565Z,11.459,11.472,0.0,1.4,0.0,0.0,0.0,0.0,0.0,0.0,0.0,0.0,1.0,0.0,0.0,0.0,9.0,4.0,0.0,0.0,0.0,0.0,0.0,0.0,0.0,0.0,6.0,12.0,1.0,12.18,5.01,2.51,1.49,0.0,0.0,0.0,344.3,0.0,-0.7000000000000001,0.0,-0.7000000000000001,132.5,0.0,0.0,227.4,0.0,21.700000000000003,21.5,21.5,23.4,300.0,300.0,31.0,35.300000000000004,29.6,29.0,31.0,,,,,,,,,,,,,,,,,,,,,,,,
2026-07-30T19:12:22.577Z,11.471,11.484,0.0,1.4,0.0,0.0,0.0,0.0,0.0,0.0,0.0,0.0,1.0,0.0,0.0,0.0,9.0,4.0,0.0,0.0,0.0,0.0,0.0,0.0,0.0,0.0,1.0,12.0,1.0,12.18,5.01,2.51,1.49,0.0,0.0,0.0,344.3,0.0,-0.2,0.0,-0.1,132.6,0.0,0.0,227.3,0.0,21.700000000000003,21.5,21.5,23.4,300.0,300.0,31.0,35.300000000000004,29.6,29.0,31.0,,,,,,,,,,,,,,,,,,,,,,,,
2026-07-30T19:12:22.589Z,11.483,11.496,0.0,1.4,0.0,0.0,0.0,0.0,0.0,0.0,0.0,0.0,1.0,0.0,0.0,0.0,9.0,4.0,0.0,0.0,0.0,0.0,0.0,0.0,0.0,0.0,2.0,12.0,1.0,12.18,5.01,2.51,1.49,0.0,0.0,0.0,344.3,0.0,0.4,0.0,-0.7000000000000001,132.6,0.0,0.0,227.3,0.0,21.700000000000003,21.5,21.5,23.4,300.0,300.0,31.0,35.300000000000004,29.6,29.0,31.0,,,,,,,,,,,,,,,,,,,,,,,,
2026-07-30T19:12:22.601Z,11.495,11.508,0.0,1.4,0.0,0.0,0.0,0.0,0.0,0.0,0.0,0.0,1.0,0.0,0.0,0.0,9.0,4.0,0.0,0.0,0.0,0.0,0.0,0.0,0.0,0.0,3.0,12.0,1.0,12.18,5.01,2.51,1.49,0.0,0.0,0.0,344.3,0.0,0.4,0.6000000000000001,0.4,132.6,0.0,0.0,227.3,0.0,21.700000000000003,21.5,21.5,23.4,300.0,300.0,31.0,35.300000000000004,29.6,29.0,31.0,,,,,,,,,,,,,,,,,,,,,,,,
2026-07-30T19:12:22.613Z,11.507,11.52,0.0,1.4,0.0,0.0,0.0,0.0,0.0,0.0,0.0,0.0,1.0,0.0,0.0,0.0,9.0,4.0,0.0,0.0,0.0,0.0,0.0,0.0,0.0,0.0,4.0,12.0,1.0,12.18,5.01,2.51,1.49,0.0,0.0,0.0,344.3,0.0,-0.1,0.0,-0.1,132.6,0.0,0.0,226.5,0.0,21.700000000000003,21.5,21.5,23.4,300.0,300.0,31.0,35.300000000000004,29.6,29.0,31.0,,,,,,,,,,,,,,,,,,,,,,,,
2026-07-30T19:12:22.626Z,11.52,11.532,0.0,1.4,0.0,0.0,0.0,0.0,0.0,0.0,0.0,0.0,1.0,0.0,0.0,0.0,9.0,4.0,0.0,0.0,0.0,0.0,0.0,0.0,0.0,0.0,5.0,12.0,1.0,12.15,5.01,2.51,1.49,0.0,0.0,0.0,344.3,0.0,-0.1,0.0,-0.7000000000000001,132.70000000000002,0.0,0.0,227.3,0.0,21.3,21.6,21.6,23.5,300.0,300.0,31.0,35.2,29.6,29.0,31.0,,,,,,,,,,,,,,,,,,,,,,,,
2026-07-30T19:12:22.637Z,11.531,11.544,0.0,1.4,0.0,0.0,0.0,0.0,0.0,0.0,0.0,0.0,1.0,0.0,0.0,0.0,9.0,4.0,0.0,0.0,0.0,0.0,0.0,0.0,0.0,0.0,5.0,12.0,1.0,12.15,5.01,2.51,1.49,0.0,0.0,0.0,344.20000000000005,0.0,-0.1,-0.5,0.4,132.70000000000002,0.0,0.0,227.3,0.0,21.3,21.6,21.6,23.5,300.0,300.0,31.0,35.2,29.6,29.0,31.0,,,,,,,,,,,,,,,,,,,,,,,,
2026-07-30T19:12:22.649Z,11.543,11.556,0.0,1.4,0.0,0.0,0.0,0.0,0.0,0.0,0.0,0.0,1.0,0.0,0.0,0.0,9.0,4.0,0.0,0.0,0.0,0.0,0.0,0.0,0.0,0.0,1.0,12.0,1.0,12.15,5.01,2.51,1.49,0.0,0.0,0.0,344.20000000000005,0.0,-0.1,1.2000000000000002,-1.3,132.70000000000002,0.0,0.0,227.3,0.0,21.3,21.6,21.6,23.5,300.0,300.0,31.0,35.2,29.6,29.0,31.0,,,,,,,,,,,,,,,,,,,,,,,,
2026-07-30T19:12:22.661Z,11.555,11.568,0.0,1.4,0.0,0.0,0.0,0.0,0.0,0.0,0.0,0.0,1.0,0.0,0.0,0.0,9.0,4.0,0.0,0.0,0.0,0.0,0.0,0.0,0.0,0.0,2.0,12.0,1.0,12.15,5.01,2.51,1.49,0.0,0.0,0.0,344.3,0.0,-0.1,-0.4,-0.7000000000000001,132.70000000000002,0.0,0.0,227.3,0.0,21.3,21.6,21.6,23.5,300.0,300.0,31.0,35.2,29.6,29.0,31.0,,,,,,,,,,,,,,,,,,,,,,,,
2026-07-30T19:12:22.673Z,11.567,11.58,0.0,1.4,0.0,0.0,0.0,0.0,0.0,0.0,0.0,0.0,1.0,0.0,0.0,0.0,9.0,4.0,0.0,0.0,0.0,0.0,0.0,0.0,0.0,0.0,3.0,12.0,1.0,12.15,5.01,2.51,1.49,0.0,0.1,0.0,344.20000000000005,0.0,0.4,-0.4,0.4,132.70000000000002,0.0,0.0,227.3,0.0,21.3,21.6,21.6,23.5,300.0,300.0,31.0,35.2,29.6,29.0,31.0,,,,,,,,,,,,,,,,,,,,,,,,
2026-07-30T19:12:22.685Z,11.579,11.592,0.0,1.4,0.0,0.0,0.0,0.0,0.0,0.0,0.0,0.0,1.0,0.0,0.0,0.0,9.0,4.0,0.0,0.0,0.0,0.0,0.0,0.0,0.0,0.0,4.0,12.0,1.0,12.15,5.01,2.51,1.49,0.0,0.0,0.0,344.3,0.0,-0.1,1.2000000000000002,0.4,132.70000000000002,0.0,0.0,227.3,0.0,21.3,21.6,21.6,23.5,300.0,300.0,31.0,35.2,29.6,29.0,31.0,,,,,,,,,,,,,,,,,,,,,,,,
2026-07-30T19:12:22.697Z,11.591,11.604,0.0,1.4,0.0,0.0,0.0,0.0,0.0,0.0,0.0,0.0,1.0,0.0,0.0,0.0,9.0,4.0,0.0,0.0,0.0,0.0,0.0,0.0,0.0,0.0,5.0,12.0,1.0,12.15,5.01,2.51,1.49,0.0,0.0,0.0,344.20000000000005,0.0,1.0,1.8,1.0,132.70000000000002,0.0,0.0,227.3,0.0,21.3,21.6,21.6,23.5,300.0,300.0,31.0,35.2,29.6,29.0,31.0,,,,,,,,,,,,,,,,,,,,,,,,
2026-07-30T19:12:22.709Z,11.603,11.616,0.0,1.4,0.0,0.0,0.0,0.0,0.0,0.0,0.0,0.0,1.0,0.0,0.0,0.0,9.0,4.0,0.0,0.0,0.0,0.0,0.0,0.0,0.0,0.0,6.0,12.0,1.0,12.15,5.01,2.51,1.49,0.0,0.0,0.0,344.3,0.0,0.4,-0.4,-0.1,132.70000000000002,0.0,0.0,227.3,0.0,21.3,21.6,21.6,23.5,300.0,300.0,31.0,35.2,29.6,29.0,31.0,,,,,,,,,,,,,,,,,,,,,,,,
2026-07-30T19:12:22.721Z,11.615,11.628,0.0,1.4,0.0,0.0,0.0,0.0,0.0,0.0,0.0,0.0,1.0,0.0,0.0,0.0,9.0,4.0,0.0,0.0,0.0,0.0,0.0,0.0,0.0,0.0,1.0,12.0,1.0,12.14,5.01,2.51,1.49,0.0,0.0,0.0,344.3,0.0,-0.7000000000000001,-2.2,-1.8,132.70000000000002,0.0,0.0,225.7,0.0,21.8,21.700000000000003,21.700000000000003,23.6,300.0,300.0,31.1,35.1,29.6,29.0,31.0,,,,,,,,,,,,,,,,,,,,,,,,
2026-07-30T19:12:22.733Z,11.627,11.64,0.0,1.4,0.0,0.0,0.0,0.0,0.0,0.0,0.0,0.0,1.0,0.0,0.0,0.0,9.0,4.0,0.0,0.0,0.0,0.0,0.0,0.0,0.0,0.0,2.0,12.0,1.0,12.14,5.01,2.51,1.49,0.0,0.0,0.0,344.3,0.0,0.4,1.8,0.4,132.8,0.0,0.0,227.1,0.0,21.8,21.700000000000003,21.700000000000003,23.6,300.0,300.0,31.1,35.1,29.6,29.0,31.0,,,,,,,,,,,,,,,,,,,,,,,,
2026-07-30T19:12:22.745Z,11.639,11.652,0.0,1.4,0.0,0.0,0.0,0.0,0.0,0.0,0.0,0.0,1.0,0.0,0.0,0.0,9.0,4.0,0.0,0.0,0.0,0.0,0.0,0.0,0.0,0.0,3.0,12.0,1.0,12.14,5.01,2.51,1.49,0.0,0.0,0.0,344.3,0.0,-0.2,0.6000000000000001,-1.3,132.70000000000002,0.0,0.0,227.3,0.0,21.8,21.700000000000003,21.700000000000003,23.6,300.0,300.0,31.1,35.1,29.6,29.0,31.0,,,,,,,,,,,,,,,,,,,,,,,,
2026-07-30T19:12:22.758Z,11.652,11.664,0.0,1.4,0.0,0.0,0.0,0.0,0.0,0.0,0.0,0.0,1.0,0.0,0.0,0.0,9.0,4.0,0.0,0.0,0.0,0.0,0.0,0.0,0.0,0.0,4.0,12.0,1.0,12.14,5.01,2.51,1.49,0.0,0.0,0.0,344.3,0.0,-0.1,0.1,0.4,132.70000000000002,0.0,0.0,227.3,0.0,21.8,21.700000000000003,21.700000000000003,23.6,300.0,300.0,31.1,35.1,29.6,29.0,31.0,,,,,,,,,,,,,,,,,,,,,,,,
2026-07-30T19:12:22.769Z,11.663,11.676,0.0,1.4,0.0,0.0,0.0,0.0,0.0,0.0,0.0,0.0,1.0,0.0,0.0,0.0,9.0,4.0,0.0,0.0,0.0,0.0,0.0,0.0,0.0,0.0,4.0,12.0,1.0,12.14,5.01,2.51,1.49,0.0,0.0,0.0,344.20000000000005,0.0,0.4,-0.4,0.4,132.70000000000002,0.0,0.0,227.3,0.0,21.8,21.700000000000003,21.700000000000003,23.6,300.0,300.0,31.1,35.1,29.6,29.0,31.0,,,,,,,,,,,,,,,,,,,,,,,,
2026-07-30T19:12:22.781Z,11.675,11.688,0.0,1.4,0.0,0.0,0.0,0.0,0.0,0.0,0.0,0.0,1.0,0.0,0.0,0.0,9.0,4.0,0.0,0.0,0.0,0.0,0.0,0.0,0.0,0.0,5.0,12.0,1.0,12.14,5.01,2.51,1.49,0.0,0.0,0.0,344.3,0.0,-0.1,0.0,0.0,132.70000000000002,0.0,0.0,227.3,0.0,21.8,21.700000000000003,21.700000000000003,23.6,300.0,300.0,31.1,35.1,29.6,29.0,31.0,,,,,,,,,,,,,,,,,,,,,,,,
2026-07-30T19:12:22.793Z,11.687,11.7,0.0,1.4,0.0,0.0,0.0,0.0,0.0,0.0,0.0,0.0,1.0,0.0,0.0,0.0,9.0,4.0,0.0,0.0,0.0,0.0,0.0,0.0,0.0,0.0,6.0,12.0,1.0,12.14,5.01,2.51,1.49,0.0,0.0,0.0,344.20000000000005,0.0,0.4,1.3,1.1,132.70000000000002,0.0,0.0,227.3,0.0,21.8,21.700000000000003,21.700000000000003,23.6,300.0,300.0,31.1,35.1,29.6,29.0,31.0,,,,,,,,,,,,,,,,,,,,,,,,
2026-07-30T19:12:22.806Z,11.7,11.712,0.0,1.4,0.0,0.0,0.0,0.0,0.0,0.0,0.0,0.0,1.0,0.0,0.0,0.0,9.0,4.0,0.0,0.0,0.0,0.0,0.0,0.0,0.0,0.0,1.0,12.0,1.0,12.14,5.01,2.51,1.49,0.0,0.0,0.0,344.3,0.0,-0.1,-0.4,-0.5,132.70000000000002,0.0,0.0,227.3,0.0,21.8,21.700000000000003,21.700000000000003,23.6,300.0,300.0,31.1,35.1,29.6,29.0,31.0,,,,,,,,,,,,,,,,,,,,,,,,
2026-07-30T19:12:22.817Z,11.711,11.724,0.0,1.4,0.0,0.0,0.0,0.0,0.0,0.0,0.0,0.0,1.0,0.0,0.0,0.0,9.0,4.0,0.0,0.0,0.0,0.0,0.0,0.0,0.0,0.0,2.0,12.0,1.0,12.14,5.01,2.51,1.49,0.0,0.0,0.0,344.3,0.0,-0.1,-1.0,-1.1,132.70000000000002,0.0,0.0,227.3,0.0,21.8,21.700000000000003,21.700000000000003,23.6,300.0,300.0,31.1,35.1,29.6,29.0,31.0,,,,,,,,,,,,,,,,,,,,,,,,
2026-07-30T19:12:22.829Z,11.723,11.736,0.0,1.4,0.0,0.0,0.0,0.0,0.0,0.0,0.0,0.0,1.0,0.0,0.0,0.0,9.0,4.0,0.0,0.0,0.0,0.0,0.0,0.0,0.0,0.0,3.0,12.0,1.0,12.14,5.0200000000000005,2.5,1.5,0.0,0.0,0.0,344.3,0.0,-0.1,0.7000000000000001,-1.1,132.8,0.0,0.0,226.2,0.0,21.8,21.8,21.8,23.700000000000003,300.0,300.0,31.0,35.2,29.6,29.0,31.0,,,,,,,,,,,,,,,,,,,,,,,,
2026-07-30T19:12:22.841Z,11.735,11.748,-0.1,1.4,0.0,0.0,0.0,0.0,0.0,0.0,0.0,0.0,1.0,0.0,0.0,0.0,9.0,4.0,0.0,0.0,0.0,0.0,0.0,0.0,0.0,0.0,4.0,12.0,1.0,12.14,5.0200000000000005,2.5,1.5,0.0,0.0,0.0,344.3,0.0,-0.2,0.1,0.0,132.8,0.0,0.0,227.4,0.0,21.8,21.8,21.8,23.700000000000003,300.0,300.0,31.0,35.2,29.6,29.0,31.0,,,,,,,,,,,,,,,,,,,,,,,,
2026-07-30T19:12:22.853Z,11.747,11.76,-0.1,1.4,0.0,0.0,0.0,0.0,0.0,0.0,0.0,0.0,1.0,0.0,0.0,0.0,9.0,4.0,0.0,0.0,0.0,0.0,0.0,0.0,0.0,0.0,5.0,12.0,1.0,12.14,5.0200000000000005,2.5,1.5,0.0,0.0,0.0,344.3,0.0,-0.2,-0.4,-0.5,132.8,0.0,0.0,227.3,0.0,21.8,21.8,21.8,23.700000000000003,300.0,300.0,31.0,35.2,29.6,29.0,31.0,,,,,,,,,,,,,,,,,,,,,,,,
2026-07-30T19:12:22.865Z,11.759,11.772,-0.1,1.4,0.0,0.0,0.0,0.0,0.0,0.0,0.0,0.0,1.0,0.0,0.0,0.0,9.0,4.0,0.0,0.0,0.0,0.0,0.0,0.0,0.0,0.0,5.0,12.0,1.0,12.14,5.0200000000000005,2.5,1.5,0.0,0.0,0.0,344.3,0.0,-0.2,-1.0,0.0,132.8,0.0,0.0,227.3,0.0,21.8,21.8,21.8,23.700000000000003,300.0,300.0,31.0,35.2,29.6,29.0,31.0,,,,,,,,,,,,,,,,,,,,,,,,
2026-07-30T19:12:22.878Z,11.772,11.784,-0.1,1.4,0.0,0.0,0.0,0.0,0.0,0.0,0.0,0.0,1.0,0.0,0.0,0.0,9.0,4.0,0.0,0.0,0.0,0.0,0.0,0.0,0.0,0.0,6.0,12.0,1.0,12.14,5.0200000000000005,2.5,1.5,0.0,0.0,0.0,344.20000000000005,0.0,0.9,0.7000000000000001,0.5,132.8,0.0,0.0,227.3,0.0,21.8,21.8,21.8,23.700000000000003,300.0,300.0,31.0,35.2,29.6,29.0,31.0,,,,,,,,,,,,,,,,,,,,,,,,
2026-07-30T19:12:22.889Z,11.783,11.796,-0.1,1.4,0.0,0.0,0.0,0.0,0.0,0.0,0.0,0.0,1.0,0.0,0.0,0.0,9.0,4.0,0.0,0.0,0.0,0.0,0.0,0.0,0.0,0.0,1.0,12.0,1.0,12.14,5.0200000000000005,2.5,1.5,0.0,0.0,0.0,344.3,0.0,0.9,1.2000000000000002,-0.6000000000000001,132.8,0.0,0.0,227.3,0.0,21.8,21.8,21.8,23.700000000000003,300.0,300.0,31.0,35.2,29.6,29.0,31.0,,,,,,,,,,,,,,,,,,,,,,,,
2026-07-30T19:12:22.902Z,11.796,11.808,-0.1,1.4,0.0,0.0,0.0,0.0,0.0,0.0,0.0,0.0,1.0,0.0,0.0,0.0,9.0,4.0,0.0,0.0,0.0,0.0,0.0,0.0,0.0,0.0,3.0,12.0,1.0,12.14,5.0200000000000005,2.5,1.5,0.0,0.0,0.0,344.3,0.0,0.3,0.0,0.0,132.8,0.0,0.0,227.3,0.0,21.8,21.8,21.8,23.700000000000003,300.0,300.0,31.0,35.2,29.6,29.0,31.0,,,,,,,,,,,,,,,,,,,,,,,,
2026-07-30T19:12:22.913Z,11.807,11.82,-0.1,1.4,0.0,0.0,0.0,0.0,0.0,0.0,0.0,0.0,1.0,0.0,0.0,0.0,9.0,4.0,0.0,0.0,0.0,0.0,0.0,0.0,0.0,0.0,4.0,12.0,1.0,12.14,5.0200000000000005,2.5,1.5,0.0,0.1,0.0,344.20000000000005,0.0,0.2,-0.5,0.0,132.70000000000002,0.0,0.0,227.3,0.0,21.8,21.8,21.8,23.700000000000003,300.0,300.0,31.0,35.2,29.6,29.0,31.0,,,,,,,,,,,,,,,,,,,,,,,,
2026-07-30T19:12:22.925Z,11.819,11.832,-0.1,1.4,0.0,0.0,0.0,0.0,0.0,0.0,0.0,0.0,1.0,0.0,0.0,0.0,9.0,4.0,0.0,0.0,0.0,0.0,0.0,0.0,0.0,0.0,5.0,12.0,1.0,12.15,5.01,2.51,1.49,0.0,0.0,0.0,344.3,0.0,-0.3,1.1,-0.6000000000000001,132.70000000000002,0.0,0.0,227.1,0.0,21.8,21.9,21.9,23.8,300.0,300.0,31.0,35.1,29.6,29.0,31.0,,,,,,,,,,,,,,,,,,,,,,,,
2026-07-30T19:12:22.937Z,11.831,11.844,-0.1,1.4,0.0,0.0,0.0,0.0,0.0,0.0,0.0,0.0,1.0,0.0,0.0,0.0,9.0,4.0,0.0,0.0,0.0,0.0,0.0,0.0,0.0,0.0,1.0,12.0,1.0,12.15,5.01,2.51,1.49,0.0,0.1,0.0,344.3,0.0,0.2,0.6000000000000001,0.0,132.8,0.0,0.0,227.3,0.0,21.8,21.9,21.9,23.8,300.0,300.0,31.0,35.1,29.6,29.0,31.0,,,,,,,,,,,,,,,,,,,,,,,,
2026-07-30T19:12:22.950Z,11.844,11.856,0.0,1.4,0.0,0.0,0.0,0.0,0.0,0.0,0.0,0.0,1.0,0.0,0.0,0.0,9.0,4.0,0.0,0.0,0.0,0.0,0.0,0.0,0.0,0.0,2.0,12.0,1.0,12.15,5.01,2.51,1.49,0.0,0.0,0.0,344.3,0.0,-0.3,-0.5,0.0,132.8,0.0,0.0,227.3,0.0,21.8,21.9,21.9,23.8,300.0,300.0,31.0,35.1,29.6,29.0,31.0,,,,,,,,,,,,,,,,,,,,,,,,
2026-07-30T19:12:22.961Z,11.855,11.868,0.0,1.4,0.0,0.0,0.0,0.0,0.0,0.0,0.0,0.0,1.0,0.0,0.0,0.0,9.0,4.0,0.0,0.0,0.0,0.0,0.0,0.0,0.0,0.0,3.0,12.0,1.0,12.15,5.01,2.51,1.49,0.0,0.1,0.0,344.20000000000005,0.0,0.3,-0.5,-1.2000000000000002,132.8,0.0,0.0,227.3,0.0,21.8,21.9,21.9,23.8,300.0,300.0,31.0,35.1,29.6,29.0,31.0,,,,,,,,,,,,,,,,,,,,,,,,
2026-07-30T19:12:22.973Z,11.867,11.88,-0.1,1.4,0.0,0.0,0.0,0.0,0.0,0.0,0.0,0.0,1.0,0.0,0.0,0.0,9.0,4.0,0.0,0.0,0.0,0.0,0.0,0.0,0.0,0.0,4.0,12.0,1.0,12.15,5.01,2.51,1.49,0.0,0.0,0.0,344.3,0.0,0.3,1.2000000000000002,0.5,132.8,0.0,0.0,227.3,0.0,21.8,21.9,21.9,23.8,300.0,300.0,31.0,35.1,29.6,29.0,31.0,,,,,,,,,,,,,,,,,,,,,,,,
2026-07-30T19:12:22.985Z,11.879,11.892,0.0,1.4,0.0,0.0,0.0,0.0,0.0,0.0,0.0,0.0,1.0,0.0,0.0,0.0,9.0,4.0,0.0,0.0,0.0,0.0,0.0,0.0,0.0,0.0,6.0,12.0,1.0,12.15,5.01,2.51,1.49,0.0,0.0,0.0,344.3,0.0,-0.2,0.6000000000000001,-0.6000000000000001,132.8,0.0,0.0,227.3,0.0,21.8,21.9,21.9,23.8,300.0,300.0,31.0,35.1,29.6,29.0,31.0,,,,,,,,,,,,,,,,,,,,,,,,
2026-07-30T19:12:22.997Z,11.891,11.904,-0.1,1.4,0.0,0.0,0.0,0.0,0.0,0.0,0.0,0.0,1.0,0.0,0.0,0.0,9.0,4.0,0.0,0.0,0.0,0.0,0.0,0.0,0.0,0.0,1.0,12.0,1.0,12.15,5.01,2.51,1.49,0.0,0.0,0.0,344.20000000000005,0.0,0.3,0.1,1.1,132.8,0.0,0.0,227.3,0.0,21.8,21.9,21.9,23.8,300.0,300.0,31.0,35.1,29.6,29.0,31.0,,,,,,,,,,,,,,,,,,,,,,,,
2026-07-30T19:12:23.009Z,11.903,11.916,-0.1,1.4,0.0,0.0,0.0,0.0,0.0,0.0,0.0,0.0,1.0,0.0,0.0,0.0,9.0,4.0,0.0,0.0,0.0,0.0,0.0,0.0,0.0,0.0,2.0,12.0,1.0,12.15,5.01,2.51,1.49,0.0,0.0,0.0,344.3,0.0,0.3,-1.0,0.5,132.70000000000002,0.0,0.0,227.5,0.0,21.8,21.9,21.9,23.8,300.0,300.0,31.0,35.1,29.6,29.0,31.0,,,,,,,,,,,,,,,,,,,,,,,,
2026-07-30T19:12:23.021Z,11.915,11.928,-0.1,1.4,0.0,0.0,0.0,0.0,0.0,0.0,0.0,0.0,1.0,0.0,0.0,0.0,9.0,4.0,0.0,0.0,0.0,0.0,0.0,0.0,0.0,0.0,4.0,12.0,1.0,12.15,5.01,2.51,1.49,0.0,0.0,0.0,344.3,0.0,0.3,0.1,-1.1,132.70000000000002,0.0,0.0,227.4,0.0,21.8,21.9,21.9,23.8,300.0,300.0,31.0,35.1,29.6,29.0,31.0,,,,,,,,,,,,,,,,,,,,,,,,
2026-07-30T19:12:23.033Z,11.927,11.94,-0.1,1.4,0.0,0.0,0.0,0.0,0.0,0.0,0.0,0.0,1.0,0.0,0.0,0.0,9.0,4.0,0.0,0.0,0.0,0.0,0.0,0.0,0.0,0.0,5.0,12.0,1.0,12.18,5.01,2.51,1.49,0.0,0.0,0.0,344.20000000000005,0.0,-0.7000000000000001,0.7000000000000001,0.0,132.8,0.0,0.0,226.1,0.0,21.3,22.0,22.0,23.9,300.0,300.0,30.8,35.1,29.6,29.0,31.0,,,,,,,,,,,,,,,,,,,,,,,,
2026-07-30T19:12:23.045Z,11.939,11.952,-0.1,1.4,0.0,0.0,0.0,0.0,0.0,0.0,0.0,0.0,1.0,0.0,0.0,0.0,9.0,4.0,0.0,0.0,0.0,0.0,0.0,0.0,0.0,0.0,6.0,12.0,1.0,12.18,5.01,2.51,1.49,0.0,0.1,0.0,344.20000000000005,0.0,-0.1,-0.3,0.0,132.8,0.0,0.0,227.3,0.0,21.3,22.0,22.0,23.9,300.0,300.0,30.8,35.1,29.6,29.0,31.0,,,,,,,,,,,,,,,,,,,,,,,,
2026-07-30T19:12:23.057Z,11.951,11.964,-0.1,1.4,0.0,0.0,0.0,0.0,0.0,0.0,0.0,0.0,1.0,0.0,0.0,0.0,9.0,4.0,0.0,0.0,0.0,0.0,0.0,0.0,0.0,0.0,2.0,12.0,1.0,12.18,5.01,2.51,1.49,0.0,0.0,0.0,344.3,0.0,0.3,-0.3,0.0,132.8,0.0,0.0,227.3,0.0,21.3,22.0,22.0,23.9,300.0,300.0,30.8,35.1,29.6,29.0,31.0,,,,,,,,,,,,,,,,,,,,,,,,
2026-07-30T19:12:23.069Z,11.963,11.976,-0.1,1.4,0.0,0.0,0.0,0.0,0.0,0.0,0.0,0.0,1.0,0.0,0.0,0.0,9.0,4.0,0.0,0.0,0.0,0.0,0.0,0.0,0.0,0.0,3.0,12.0,1.0,12.18,5.01,2.51,1.49,0.0,0.0,0.0,344.3,0.0,-0.7000000000000001,1.4,1.1,132.8,0.0,0.0,227.3,0.0,21.3,22.0,22.0,23.9,300.0,300.0,30.8,35.1,29.6,29.0,31.0,,,,,,,,,,,,,,,,,,,,,,,,
2026-07-30T19:12:23.081Z,11.975,11.988,-0.1,1.4,0.0,0.0,0.0,0.0,0.0,0.0,0.0,0.0,1.0,0.0,0.0,0.0,9.0,4.0,0.0,0.0,0.0,0.0,0.0,0.0,0.0,0.0,4.0,12.0,1.0,12.18,5.01,2.51,1.49,0.0,0.0,0.0,344.20000000000005,0.0,-0.2,0.2,-1.1,132.8,0.0,0.0,227.3,0.0,21.3,22.0,22.0,23.9,300.0,300.0,30.8,35.1,29.6,29.0,31.0,,,,,,,,,,,,,,,,,,,,,,,,
2026-07-30T19:12:23.093Z,11.987,12.0,-0.1,1.4,0.0,0.0,0.0,0.0,0.0,0.0,0.0,0.0,1.0,0.0,0.0,0.0,9.0,4.0,0.0,0.0,0.0,0.0,0.0,0.0,0.0,0.0,5.0,12.0,1.0,12.18,5.01,2.51,1.49,0.0,0.0,0.0,344.20000000000005,0.0,-0.2,-0.3,-0.5,132.8,0.0,0.0,227.4,0.0,21.3,22.0,22.0,23.9,300.0,300.0,30.8,35.1,29.6,29.0,31.0,,,,,,,,,,,,,,,,,,,,,,,,
2026-07-30T19:12:23.105Z,11.999,12.012,-0.1,1.4,0.0,0.0,0.0,0.0,0.0,0.0,0.0,0.0,1.0,0.0,0.0,0.0,9.0,4.0,0.0,0.0,0.0,0.0,0.0,0.0,0.0,0.0,6.0,12.0,1.0,12.18,5.01,2.51,1.49,0.0,0.0,0.0,344.20000000000005,0.0,0.3,-0.4,0.0,132.70000000000002,0.0,0.0,227.4,0.0,21.3,22.0,22.0,23.9,300.0,300.0,30.8,35.1,29.6,29.0,31.0,,,,,,,,,,,,,,,,,,,,,,,,
2026-07-30T19:12:23.117Z,12.011,12.024,-0.1,1.4,0.0,0.0,0.0,0.0,0.0,0.0,0.0,0.0,1.0,0.0,0.0,0.0,9.0,4.0,0.0,0.0,0.0,0.0,0.0,0.0,0.0,0.0,1.0,12.0,1.0,12.18,5.01,2.51,1.49,0.0,0.0,0.0,344.3,0.0,-0.2,0.7000000000000001,-0.6000000000000001,132.70000000000002,0.0,0.0,227.4,0.0,21.3,22.0,22.0,23.9,300.0,300.0,30.8,35.1,29.6,29.0,31.0,,,,,,,,,,,,,,,,,,,,,,,,
2026-07-30T19:12:23.129Z,12.023,12.036,0.0,1.4,0.0,0.0,0.0,0.0,0.0,0.0,0.0,0.0,1.0,0.0,0.0,0.0,9.0,4.0,0.0,0.0,0.0,0.0,0.0,0.0,0.0,0.0,2.0,12.0,1.0,12.14,5.0200000000000005,2.51,1.49,0.0,0.0,0.0,344.20000000000005,0.0,-0.2,-0.4,-1.8,132.70000000000002,0.0,0.0,227.3,0.0,21.4,22.1,22.1,24.0,300.0,300.0,31.0,35.1,29.6,29.0,31.0,,,,,,,,,,,,,,,,,,,,,,,,
2026-07-30T19:12:23.141Z,12.035,12.048,0.0,1.4,0.0,0.0,0.0,0.0,0.0,0.0,0.0,0.0,1.0,0.0,0.0,0.0,9.0,4.0,0.0,0.0,0.0,0.0,0.0,0.0,0.0,0.0,3.0,12.0,1.0,12.14,5.0200000000000005,2.51,1.49,0.0,0.0,0.0,344.3,0.0,0.3,0.1,-0.6000000000000001,132.8,0.0,0.0,226.9,0.0,21.4,22.1,22.1,24.0,300.0,300.0,31.0,35.1,29.6,29.0,31.0,,,,,,,,,,,,,,,,,,,,,,,,
2026-07-30T19:12:23.153Z,12.047,12.06,-0.1,1.4,0.0,0.0,0.0,0.0,0.0,0.0,0.0,0.0,1.0,0.0,0.0,0.0,9.0,4.0,0.0,0.0,0.0,0.0,0.0,0.0,0.0,0.0,4.0,12.0,1.0,12.14,5.0200000000000005,2.51,1.49,0.0,0.0,0.0,344.3,0.0,-0.2,-1.5,0.5,132.8,0.0,0.0,227.3,0.0,21.4,22.1,22.1,24.0,300.0,300.0,31.0,35.1,29.6,29.0,31.0,,,,,,,,,,,,,,,,,,,,,,,,
2026-07-30T19:12:23.165Z,12.059,12.072,-0.1,1.4,0.0,0.0,0.0,0.0,0.0,0.0,0.0,0.0,1.0,0.0,0.0,0.0,9.0,4.0,0.0,0.0,0.0,0.0,0.0,0.0,0.0,0.0,5.0,12.0,1.0,12.14,5.0200000000000005,2.51,1.49,0.0,0.0,0.0,344.3,0.0,-0.2,0.7000000000000001,0.0,132.8,0.0,0.0,227.3,0.0,21.4,22.1,22.1,24.0,300.0,300.0,31.0,35.1,29.6,29.0,31.0,,,,,,,,,,,,,,,,,,,,,,,,
2026-07-30T19:12:23.177Z,12.071,12.084,-0.1,1.4,0.0,0.0,0.0,0.0,0.0,0.0,0.0,0.0,1.0,0.0,0.0,0.0,9.0,4.0,0.0,0.0,0.0,0.0,0.0,0.0,0.0,0.0,6.0,12.0,1.0,12.14,5.0200000000000005,2.51,1.49,0.0,0.0,0.0,344.3,0.0,-0.2,-0.3,-1.2000000000000002,132.70000000000002,0.0,0.0,227.4,0.0,21.4,22.1,22.1,24.0,300.0,300.0,31.0,35.1,29.6,29.0,31.0,,,,,,,,,,,,,,,,,,,,,,,,
2026-07-30T19:12:23.189Z,12.083,12.096,-0.1,1.4,0.0,0.0,0.0,0.0,0.0,0.0,0.0,0.0,1.0,0.0,0.0,0.0,9.0,4.0,0.0,0.0,0.0,0.0,0.0,0.0,0.0,0.0,1.0,12.0,1.0,12.14,5.0200000000000005,2.51,1.49,0.0,0.0,0.0,344.20000000000005,0.0,0.3,0.2,0.5,132.70000000000002,0.0,0.0,227.3,0.0,21.4,22.1,22.1,24.0,300.0,300.0,31.0,35.1,29.6,29.0,31.0,,,,,,,,,,,,,,,,,,,,,,,,
2026-07-30T19:12:23.202Z,12.096,12.108,-0.1,1.4,0.0,0.0,0.0,0.0,0.0,0.0,0.0,0.0,1.0,0.0,0.0,0.0,9.0,4.0,0.0,0.0,0.0,0.0,0.0,0.0,0.0,0.0,2.0,12.0,1.0,12.14,5.0200000000000005,2.51,1.49,0.0,0.0,0.0,344.20000000000005,0.0,0.3,-0.9,-1.8,132.70000000000002,0.0,0.0,227.3,0.0,21.4,22.1,22.1,24.0,300.0,300.0,31.0,35.1,29.6,29.0,31.0,,,,,,,,,,,,,,,,,,,,,,,,
2026-07-30T19:12:23.213Z,12.107,12.12,-0.1,1.4,0.0,0.0,0.0,0.0,0.0,0.0,0.0,0.0,1.0,0.0,0.0,0.0,9.0,4.0,0.0,0.0,0.0,0.0,0.0,0.0,0.0,0.0,4.0,12.0,1.0,12.14,5.0200000000000005,2.51,1.49,0.0,0.1,0.0,344.3,0.0,0.3,0.2,0.0,132.70000000000002,0.0,0.0,227.3,0.0,21.4,22.1,22.1,24.0,300.0,300.0,31.0,35.1,29.6,29.0,31.0,,,,,,,,,,,,,,,,,,,,,,,,
2026-07-30T19:12:23.226Z,12.12,12.132,-0.1,1.4,0.0,0.0,0.0,0.0,0.0,0.0,0.0,0.0,1.0,0.0,0.0,0.0,9.0,4.0,0.0,0.0,0.0,0.0,0.0,0.0,0.0,0.0,5.0,12.0,1.0,12.14,5.0200000000000005,2.51,1.49,0.0,0.0,0.0,344.3,0.0,-0.7000000000000001,0.2,0.0,132.70000000000002,0.0,0.0,227.5,0.0,21.4,22.1,22.1,24.0,300.0,300.0,31.0,35.1,29.6,29.0,31.0,,,,,,,,,,,,,,,,,,,,,,,,
2026-07-30T19:12:23.237Z,12.131,12.144,-0.1,1.4,0.0,0.0,0.0,0.0,0.0,0.0,0.0,0.0,1.0,0.0,0.0,0.0,9.0,4.0,0.0,0.0,0.0,0.0,0.0,0.0,0.0,0.0,6.0,12.0,1.0,12.17,5.01,2.5,1.49,0.0,0.0,0.0,344.3,0.0,0.3,-0.9,-0.6000000000000001,132.70000000000002,0.0,0.0,227.3,0.0,21.3,22.200000000000003,22.200000000000003,24.1,300.0,300.0,31.0,35.0,29.6,29.0,31.0,,,,,,,,,,,,,,,,,,,,,,,,
2026-07-30T19:12:23.250Z,12.144,12.156,-0.1,1.4,0.0,0.0,0.0,0.0,0.0,0.0,0.0,0.0,1.0,0.0,0.0,0.0,9.0,4.0,0.0,0.0,0.0,0.0,0.0,0.0,0.0,0.0,1.0,12.0,1.0,12.17,5.01,2.5,1.49,0.0,0.0,0.0,344.20000000000005,0.0,-0.2,0.8,2.2,132.8,0.0,0.0,227.3,0.0,21.3,22.200000000000003,22.200000000000003,24.1,300.0,300.0,31.0,35.0,29.6,29.0,31.0,,,,,,,,,,,,,,,,,,,,,,,,
2026-07-30T19:12:23.261Z,12.155,12.168,-0.1,1.4,0.0,0.0,0.0,0.0,0.0,0.0,0.0,0.0,1.0,0.0,0.0,0.0,9.0,4.0,0.0,0.0,0.0,0.0,0.0,0.0,0.0,0.0,2.0,12.0,1.0,12.17,5.01,2.5,1.49,0.0,0.0,0.0,344.20000000000005,0.0,0.3,0.2,-0.6000000000000001,132.70000000000002,0.0,0.0,227.3,0.0,21.3,22.200000000000003,22.200000000000003,24.1,300.0,300.0,31.0,35.0,29.6,29.0,31.0,,,,,,,,,,,,,,,,,,,,,,,,
2026-07-30T19:12:23.273Z,12.167,12.18,-0.1,1.4,0.0,0.0,0.0,0.0,0.0,0.0,0.0,0.0,1.0,0.0,0.0,0.0,9.0,4.0,0.0,0.0,0.0,0.0,0.0,0.0,0.0,0.0,4.0,12.0,1.0,12.17,5.01,2.5,1.49,0.0,0.0,0.0,344.20000000000005,0.0,0.3,0.1,1.6,132.70000000000002,0.0,0.0,227.3,0.0,21.3,22.200000000000003,22.200000000000003,24.1,300.0,300.0,31.0,35.0,29.6,29.0,31.0,,,,,,,,,,,,,,,,,,,,,,,,
2026-07-30T19:12:23.285Z,12.179,12.192,-0.1,1.4,0.0,0.0,0.0,0.0,0.0,0.0,0.0,0.0,1.0,0.0,0.0,0.0,9.0,4.0,0.0,0.0,0.0,0.0,0.0,0.0,0.0,0.0,5.0,12.0,1.0,12.17,5.01,2.5,1.49,0.0,0.0,0.0,344.3,0.0,-0.2,0.7000000000000001,-0.1,132.70000000000002,0.0,0.0,227.5,0.0,21.3,22.200000000000003,22.200000000000003,24.1,300.0,300.0,31.0,35.0,29.6,29.0,31.0,,,,,,,,,,,,,,,,,,,,,,,,
2026-07-30T19:12:23.298Z,12.192,12.204,-0.1,1.4,0.0,0.0,0.0,0.0,0.0,0.0,0.0,0.0,1.0,0.0,0.0,0.0,9.0,4.0,0.0,0.0,0.0,0.0,0.0,0.0,0.0,0.0,6.0,12.0,1.0,12.17,5.01,2.5,1.49,0.0,0.0,0.0,344.3,0.0,-0.2,-1.0,0.4,132.70000000000002,0.0,0.0,227.3,0.0,21.3,22.200000000000003,22.200000000000003,24.1,300.0,300.0,31.0,35.0,29.6,29.0,31.0,,,,,,,,,,,,,,,,,,,,,,,,
2026-07-30T19:12:23.309Z,12.203,12.216,-0.1,1.4,0.0,0.0,0.0,0.0,0.0,0.0,0.0,0.0,1.0,0.0,0.0,0.0,9.0,4.0,0.0,0.0,0.0,0.0,0.0,0.0,0.0,0.0,1.0,12.0,1.0,12.17,5.01,2.5,1.49,0.0,0.0,0.0,344.3,0.0,-0.2,0.7000000000000001,-0.7000000000000001,132.70000000000002,0.0,0.0,227.4,0.0,21.3,22.200000000000003,22.200000000000003,24.1,300.0,300.0,31.0,35.0,29.6,29.0,31.0,,,,,,,,,,,,,,,,,,,,,,,,
2026-07-30T19:12:23.321Z,12.215,12.228,-0.1,1.4,0.0,0.0,0.0,0.0,0.0,0.0,0.0,0.0,1.0,0.0,0.0,0.0,9.0,4.0,0.0,0.0,0.0,0.0,0.0,0.0,0.0,0.0,3.0,12.0,1.0,12.17,5.01,2.5,1.49,0.0,0.0,0.0,344.20000000000005,0.0,0.3,0.7000000000000001,-0.1,132.70000000000002,0.0,0.0,227.3,0.0,21.3,22.200000000000003,22.200000000000003,24.1,300.0,300.0,31.0,35.0,29.6,29.0,31.0,,,,,,,,,,,,,,,,,,,,,,,,
2026-07-30T19:12:23.333Z,12.227,12.24,0.0,1.4,0.0,0.0,0.0,0.0,0.0,0.0,0.0,0.0,1.0,0.0,0.0,0.0,9.0,4.0,0.0,0.0,0.0,0.0,0.0,0.0,0.0,0.0,5.0,12.0,1.0,12.15,5.0200000000000005,2.51,1.49,0.0,0.0,0.0,344.20000000000005,0.0,-0.2,0.1,1.0,132.70000000000002,0.0,0.0,227.3,0.0,21.700000000000003,22.3,22.3,24.200000000000003,300.0,300.0,31.0,35.0,29.6,29.0,31.0,,,,,,,,,,,,,,,,,,,,,,,,
2026-07-30T19:12:23.345Z,12.239,12.252,0.0,1.4,0.0,0.0,0.0,0.0,0.0,0.0,0.0,0.0,1.0,0.0,0.0,0.0,9.0,4.0,0.0,0.0,0.0,0.0,0.0,0.0,0.0,0.0,6.0,12.0,1.0,12.15,5.0200000000000005,2.51,1.49,0.0,0.0,0.0,344.3,0.0,0.3,-0.4,-0.1,132.70000000000002,0.0,0.0,226.3,0.0,21.700000000000003,22.3,22.3,24.200000000000003,300.0,300.0,31.0,35.0,29.6,29.0,31.0,,,,,,,,,,,,,,,,,,,,,,,,
2026-07-30T19:12:23.357Z,12.251,12.264,0.0,1.4,0.0,0.0,0.0,0.0,0.0,0.0,0.0,0.0,1.0,0.0,0.0,0.0,9.0,4.0,0.0,0.0,0.0,0.0,0.0,0.0,0.0,0.0,2.0,12.0,1.0,12.15,5.0200000000000005,2.51,1.49,0.0,0.0,0.0,344.20000000000005,0.0,-0.2,0.6000000000000001,-0.6000000000000001,132.8,0.0,0.0,227.3,0.0,21.700000000000003,22.3,22.3,24.200000000000003,300.0,300.0,31.0,35.0,29.6,29.0,31.0,,,,,,,,,,,,,,,,,,,,,,,,
2026-07-30T19:12:23.369Z,12.263,12.276,0.0,1.4,0.0,0.0,0.0,0.0,0.0,0.0,0.0,0.0,1.0,0.0,0.0,0.0,9.0,4.0,0.0,0.0,0.0,0.0,0.0,0.0,0.0,0.0,3.0,12.0,1.0,12.15,5.0200000000000005,2.51,1.49,0.0,0.0,0.0,344.20000000000005,0.0,0.3,0.0,0.0,132.8,0.0,0.0,227.5,0.0,21.700000000000003,22.3,22.3,24.200000000000003,300.0,300.0,31.0,35.0,29.6,29.0,31.0,,,,,,,,,,,,,,,,,,,,,,,,
2026-07-30T19:12:23.381Z,12.275,12.288,0.0,1.4,0.0,0.0,0.0,0.0,0.0,0.0,0.0,0.0,1.0,0.0,0.0,0.0,9.0,4.0,0.0,0.0,0.0,0.0,0.0,0.0,0.0,0.0,5.0,12.0,1.0,12.15,5.0200000000000005,2.51,1.49,0.0,0.0,0.0,344.3,0.0,0.3,-0.5,0.4,132.70000000000002,0.0,0.0,227.3,0.0,21.700000000000003,22.3,22.3,24.200000000000003,300.0,300.0,31.0,35.0,29.6,29.0,31.0,,,,,,,,,,,,,,,,,,,,,,,,
2026-07-30T19:12:23.393Z,12.287,12.3,0.0,1.4,0.0,0.0,0.0,0.0,0.0,0.0,0.0,0.0,1.0,0.0,0.0,0.0,9.0,4.0,0.0,0.0,0.0,0.0,0.0,0.0,0.0,0.0,1.0,12.0,1.0,12.15,5.0200000000000005,2.51,1.49,0.0,0.0,0.0,344.3,0.0,-0.2,-0.5,-0.1,132.70000000000002,0.0,0.0,227.3,0.0,21.700000000000003,22.3,22.3,24.200000000000003,300.0,300.0,31.0,35.0,29.6,29.0,31.0,,,,,,,,,,,,,,,,,,,,,,,,
2026-07-30T19:12:23.405Z,12.299,12.312,0.0,1.4,0.0,0.0,0.0,0.0,0.0,0.0,0.0,0.0,1.0,0.0,0.0,0.0,9.0,4.0,0.0,0.0,0.0,0.0,0.0,0.0,0.0,0.0,2.0,12.0,1.0,12.15,5.0200000000000005,2.51,1.49,0.0,0.0,0.0,344.20000000000005,0.0,-0.3,1.1,0.3,132.70000000000002,0.0,0.0,227.3,0.0,21.700000000000003,22.3,22.3,24.200000000000003,300.0,300.0,31.0,35.0,29.6,29.0,31.0,,,,,,,,,,,,,,,,,,,,,,,,
2026-07-30T19:12:23.417Z,12.311,12.324,0.0,1.4,0.0,0.0,0.0,0.0,0.0,0.0,0.0,0.0,1.0,0.0,0.0,0.0,9.0,4.0,0.0,0.0,0.0,0.0,0.0,0.0,0.0,0.0,3.0,12.0,1.0,12.15,5.0200000000000005,2.51,1.49,-0.1,0.0,0.0,344.3,0.0,-0.3,-0.6000000000000001,-0.8,132.70000000000002,0.0,0.0,227.3,0.0,21.700000000000003,22.3,22.3,24.200000000000003,300.0,300.0,31.0,35.0,29.6,29.0,31.0,,,,,,,,,,,,,,,,,,,,,,,,
2026-07-30T19:12:23.429Z,12.323,12.336,0.0,1.4,0.0,0.0,0.0,0.0,0.0,0.0,0.0,0.0,1.0,0.0,0.0,0.0,9.0,4.0,0.0,0.0,0.0,0.0,0.0,0.0,0.0,0.0,5.0,12.0,1.0,12.15,5.0200000000000005,2.51,1.49,0.0,0.0,0.0,344.3,0.0,1.3,1.1,0.9,132.70000000000002,0.0,0.0,227.3,0.0,21.700000000000003,22.3,22.3,24.200000000000003,300.0,300.0,31.0,35.0,29.6,29.0,31.0,,,,,,,,,,,,,,,,,,,,,,,,
2026-07-30T19:12:23.441Z,12.335,12.348,0.0,1.4,0.0,0.0,0.0,0.0,0.0,0.0,0.0,0.0,1.0,0.0,0.0,0.0,9.0,4.0,0.0,0.0,0.0,0.0,0.0,0.0,0.0,0.0,6.0,12.0,1.0,12.15,5.0200000000000005,2.51,1.49,0.0,0.0,0.0,344.20000000000005,0.0,-0.3,0.0,-1.3,132.70000000000002,0.0,0.0,227.4,0.0,21.4,22.4,22.4,24.3,300.0,300.0,31.0,35.0,29.6,29.0,31.0,,,,,,,,,,,,,,,,,,,,,,,,
2026-07-30T19:12:23.453Z,12.347,12.36,0.0,1.4,0.0,0.0,0.0,0.0,0.0,0.0,0.0,0.0,1.0,0.0,0.0,0.0,9.0,4.0,0.0,0.0,0.0,0.0,0.0,0.0,0.0,0.0,2.0,12.0,1.0,12.15,5.0200000000000005,2.51,1.49,0.0,0.0,0.0,344.20000000000005,0.0,0.2,-0.6000000000000001,-0.8,132.8,0.0,0.0,225.0,0.0,21.4,22.4,22.4,24.3,300.0,300.0,31.0,35.0,29.6,29.0,31.0,,,,,,,,,,,,,,,,,,,,,,,,
2026-07-30T19:12:23.465Z,12.359,12.372,0.0,1.4,0.0,0.0,0.0,0.0,0.0,0.0,0.0,0.0,1.0,0.0,0.0,0.0,9.0,4.0,0.0,0.0,0.0,0.0,0.0,0.0,0.0,0.0,3.0,12.0,1.0,12.15,5.0200000000000005,2.51,1.49,0.0,0.0,0.0,344.3,0.0,-0.3,0.0,-0.7000000000000001,132.8,0.0,0.0,227.4,0.0,21.4,22.4,22.4,24.3,300.0,300.0,31.0,35.0,29.6,29.0,31.0,,,,,,,,,,,,,,,,,,,,,,,,
2026-07-30T19:12:23.477Z,12.371,12.384,0.0,1.4,0.0,0.0,0.0,0.0,0.0,0.0,0.0,0.0,1.0,0.0,0.0,0.0,9.0,4.0,0.0,0.0,0.0,0.0,0.0,0.0,0.0,0.0,5.0,12.0,1.0,12.15,5.0200000000000005,2.51,1.49,0.0,0.0,0.0,344.3,0.0,-0.3,-0.5,-0.7000000000000001,132.8,0.0,0.0,227.4,0.0,21.4,22.4,22.4,24.3,300.0,300.0,31.0,35.0,29.6,29.0,31.0,,,,,,,,,,,,,,,,,,,,,,,,
2026-07-30T19:12:23.489Z,12.383,12.396,0.0,1.4,0.0,0.0,0.0,0.0,0.0,0.0,0.0,0.0,1.0,0.0,0.0,0.0,9.0,4.0,0.0,0.0,0.0,0.0,0.0,0.0,0.0,0.0,6.0,12.0,1.0,12.15,5.0200000000000005,2.51,1.49,0.0,0.0,0.0,344.3,0.0,0.2,-0.5,-0.2,132.8,0.0,0.0,227.4,0.0,21.4,22.4,22.4,24.3,300.0,300.0,31.0,35.0,29.6,29.0,31.0,,,,,,,,,,,,,,,,,,,,,,,,
2026-07-30T19:12:23.502Z,12.396,12.408,0.0,1.4,0.0,0.0,0.0,0.0,0.0,0.0,0.0,0.0,1.0,0.0,0.0,0.0,9.0,4.0,0.0,0.0,0.0,0.0,0.0,0.0,0.0,0.0,2.0,12.0,1.0,12.15,5.0200000000000005,2.51,1.49,0.0,0.0,0.0,344.3,0.0,-0.2,0.0,0.9,132.8,0.0,0.0,227.3,0.0,21.4,22.4,22.4,24.3,300.0,300.0,31.0,35.0,29.6,29.0,31.0,,,,,,,,,,,,,,,,,,,,,,,,
2026-07-30T19:12:23.514Z,12.408,12.42,0.0,1.4,0.0,0.0,0.0,0.0,0.0,0.0,0.0,0.0,1.0,0.0,0.0,0.0,9.0,4.0,0.0,0.0,0.0,0.0,0.0,0.0,0.0,0.0,3.0,12.0,1.0,12.15,5.0200000000000005,2.51,1.49,0.0,0.1,0.0,344.20000000000005,0.0,0.3,0.0,-1.9,132.8,0.0,0.0,227.3,0.0,21.4,22.4,22.4,24.3,300.0,300.0,31.0,35.0,29.6,29.0,31.0,,,,,,,,,,,,,,,,,,,,,,,,
2026-07-30T19:12:23.526Z,12.42,12.432,0.0,1.4,0.0,0.0,0.0,0.0,0.0,0.0,0.0,0.0,1.0,0.0,0.0,0.0,9.0,4.0,0.0,0.0,0.0,0.0,0.0,0.0,0.0,0.0,4.0,12.0,1.0,12.15,5.0200000000000005,2.51,1.49,0.0,0.1,0.0,344.3,0.0,-0.2,-0.5,-0.7000000000000001,132.8,0.0,0.0,227.3,0.0,21.4,22.4,22.4,24.3,300.0,300.0,31.0,35.0,29.6,29.0,31.0,,,,,,,,,,,,,,,,,,,,,,,,
2026-07-30T19:12:23.537Z,12.431,12.444,0.0,1.4,0.0,0.0,0.0,0.0,0.0,0.0,0.0,0.0,1.0,0.0,0.0,0.0,9.0,4.0,0.0,0.0,0.0,0.0,0.0,0.0,0.0,0.0,4.0,12.0,1.0,12.17,5.0200000000000005,2.5,1.5,0.0,0.0,0.0,344.3,0.0,0.3,0.0,-0.1,132.8,0.0,0.0,227.3,0.0,21.4,22.5,22.5,24.4,300.0,300.0,30.9,35.0,29.6,28.9,31.0,,,,,,,,,,,,,,,,,,,,,,,,
2026-07-30T19:12:23.550Z,12.444,12.456,0.0,1.4,0.0,0.0,0.0,0.0,0.0,0.0,0.0,0.0,1.0,0.0,0.0,0.0,9.0,4.0,0.0,0.0,0.0,0.0,0.0,0.0,0.0,0.0,5.0,12.0,1.0,12.17,5.0200000000000005,2.5,1.5,0.0,0.0,0.0,344.3,0.0,0.3,1.1,0.3,132.8,0.0,0.0,227.3,0.0,21.4,22.5,22.5,24.4,300.0,300.0,30.9,35.0,29.6,28.9,31.0,,,,,,,,,,,,,,,,,,,,,,,,
2026-07-30T19:12:23.561Z,12.455,12.468,0.0,1.4,0.0,0.0,0.0,0.0,0.0,0.0,0.0,0.0,1.0,0.0,0.0,0.0,9.0,4.0,0.0,0.0,0.0,0.0,0.0,0.0,0.0,0.0,6.0,12.0,1.0,12.17,5.0200000000000005,2.5,1.5,0.0,0.0,0.0,344.20000000000005,0.0,0.3,0.0,1.5,132.8,0.0,0.0,227.0,0.0,21.4,22.5,22.5,24.4,300.0,300.0,30.9,35.0,29.6,28.9,31.0,,,,,,,,,,,,,,,,,,,,,,,,
2026-07-30T19:12:23.573Z,12.467,12.48,0.0,1.4,0.0,0.0,0.0,0.0,0.0,0.0,0.0,0.0,1.0,0.0,0.0,0.0,9.0,4.0,0.0,0.0,0.0,0.0,0.0,0.0,0.0,0.0,2.0,12.0,1.0,12.17,5.0200000000000005,2.5,1.5,0.0,0.0,0.0,344.20000000000005,0.0,0.3,0.6000000000000001,-0.7000000000000001,132.8,0.0,0.0,227.3,0.0,21.4,22.5,22.5,24.4,300.0,300.0,30.9,35.0,29.6,28.9,31.0,,,,,,,,,,,,,,,,,,,,,,,,
2026-07-30T19:12:23.585Z,12.479,12.492,0.0,1.4,0.0,0.0,0.0,0.0,0.0,0.0,0.0,0.0,1.0,0.0,0.0,0.0,9.0,4.0,0.0,0.0,0.0,0.0,0.0,0.0,0.0,0.0,3.0,12.0,1.0,12.17,5.0200000000000005,2.5,1.5,0.0,0.0,0.0,344.3,0.0,-0.8,0.0,0.9,132.8,0.0,0.0,227.3,0.0,21.4,22.5,22.5,24.4,300.0,300.0,30.9,35.0,29.6,28.9,31.0,,,,,,,,,,,,,,,,,,,,,,,,
2026-07-30T19:12:23.597Z,12.491,12.504,0.0,1.4,0.0,0.0,0.0,0.0,0.0,0.0,0.0,0.0,1.0,0.0,0.0,0.0,9.0,4.0,0.0,0.0,0.0,0.0,0.0,0.0,0.0,0.0,4.0,12.0,1.0,12.17,5.0200000000000005,2.5,1.5,0.0,0.0,0.0,344.20000000000005,0.0,-1.4,0.0,0.9,132.8,0.0,0.0,227.3,0.0,21.4,22.5,22.5,24.4,300.0,300.0,30.9,35.0,29.6,28.9,31.0,,,,,,,,,,,,,,,,,,,,,,,,
2026-07-30T19:12:23.609Z,12.503,12.516,0.0,1.4,0.0,0.0,0.0,0.0,0.0,0.0,0.0,0.0,1.0,0.0,0.0,0.0,9.0,4.0,0.0,0.0,0.0,0.0,0.0,0.0,0.0,0.0,5.0,12.0,1.0,12.17,5.0200000000000005,2.5,1.5,0.0,0.0,0.0,344.3,0.0,0.2,0.0,-0.1,132.8,0.0,0.0,227.5,0.0,21.4,22.5,22.5,24.4,300.0,300.0,30.9,35.0,29.6,28.9,31.0,,,,,,,,,,,,,,,,,,,,,,,,
2026-07-30T19:12:23.621Z,12.515,12.528,0.0,1.4,0.0,0.0,0.0,0.0,0.0,0.0,0.0,0.0,1.0,0.0,0.0,0.0,9.0,4.0,0.0,0.0,0.0,0.0,0.0,0.0,0.0,0.0,6.0,12.0,1.0,12.17,5.0200000000000005,2.5,1.5,0.0,0.0,0.0,344.20000000000005,0.0,-0.3,0.6000000000000001,0.3,132.8,0.0,0.0,227.5,0.0,21.4,22.5,22.5,24.4,300.0,300.0,30.9,35.0,29.6,28.9,31.0,,,,,,,,,,,,,,,,,,,,,,,,
2026-07-30T19:12:23.633Z,12.527,12.54,0.0,1.4,0.0,0.0,0.0,0.0,0.0,0.0,0.0,0.0,1.0,0.0,0.0,0.0,9.0,4.0,0.0,0.0,0.0,0.0,0.0,0.0,0.0,0.0,1.0,12.0,1.0,12.17,5.0200000000000005,2.5,1.5,0.0,0.1,0.0,344.3,0.0,-0.2,0.6000000000000001,-0.2,132.70000000000002,0.0,0.0,227.3,0.0,21.4,22.5,22.5,24.4,300.0,300.0,30.9,35.0,29.6,28.9,31.0,,,,,,,,,,,,,,,,,,,,,,,,
2026-07-30T19:12:23.646Z,12.54,12.552,0.0,1.4,0.0,0.0,0.0,0.0,0.0,0.0,0.0,0.0,1.0,0.0,0.0,0.0,9.0,4.0,0.0,0.0,0.0,0.0,0.0,0.0,0.0,0.0,2.0,12.0,1.0,12.17,5.01,2.5,1.49,0.0,0.0,0.0,344.20000000000005,0.0,-0.2,0.0,-0.7000000000000001,132.70000000000002,0.0,0.0,227.3,0.0,21.700000000000003,22.6,22.6,24.5,300.0,300.0,30.9,35.0,29.6,28.9,30.9,,,,,,,,,,,,,,,,,,,,,,,,
2026-07-30T19:12:23.658Z,12.552,12.564,0.0,1.4,0.0,0.0,0.0,0.0,0.0,0.0,0.0,0.0,1.0,0.0,0.0,0.0,9.0,4.0,0.0,0.0,0.0,0.0,0.0,0.0,0.0,0.0,3.0,12.0,1.0,12.17,5.01,2.5,1.49,0.0,0.0,0.0,344.3,0.0,-0.2,0.0,-0.2,132.70000000000002,0.0,0.0,226.9,0.0,21.700000000000003,22.6,22.6,24.5,300.0,300.0,30.9,35.0,29.6,28.9,30.9,,,,,,,,,,,,,,,,,,,,,,,,
2026-07-30T19:12:23.670Z,12.564,12.576,0.0,1.4,0.0,0.0,0.0,0.0,0.0,0.0,0.0,0.0,1.0,0.0,0.0,0.0,9.0,4.0,0.0,0.0,0.0,0.0,0.0,0.0,0.0,0.0,4.0,12.0,1.0,12.17,5.01,2.5,1.49,0.0,0.0,0.0,344.3,0.0,-0.2,-0.5,-0.8,132.8,0.0,0.0,227.2,0.0,21.700000000000003,22.6,22.6,24.5,300.0,300.0,30.9,35.0,29.6,28.9,30.9,,,,,,,,,,,,,,,,,,,,,,,,
2026-07-30T19:12:23.682Z,12.576,12.588,0.0,1.4,0.0,0.0,0.0,0.0,0.0,0.0,0.0,0.0,1.0,0.0,0.0,0.0,9.0,4.0,0.0,0.0,0.0,0.0,0.0,0.0,0.0,0.0,5.0,12.0,1.0,12.17,5.01,2.5,1.49,0.0,0.0,0.0,344.3,0.0,-0.2,0.6000000000000001,0.9,132.8,0.0,0.0,227.3,0.0,21.700000000000003,22.6,22.6,24.5,300.0,300.0,30.9,35.0,29.6,28.9,30.9,,,,,,,,,,,,,,,,,,,,,,,,
2026-07-30T19:12:23.693Z,12.587,12.6,0.0,1.4,0.0,0.0,0.0,0.0,0.0,0.0,0.0,0.0,1.0,0.0,0.0,0.0,9.0,4.0,0.0,0.0,0.0,0.0,0.0,0.0,0.0,0.0,1.0,12.0,1.0,12.17,5.01,2.5,1.49,0.0,0.0,0.0,344.3,0.0,0.2,0.0,-0.8,132.70000000000002,0.0,0.0,227.3,0.0,21.700000000000003,22.6,22.6,24.5,300.0,300.0,30.9,35.0,29.6,28.9,30.9,,,,,,,,,,,,,,,,,,,,,,,,
2026-07-30T19:12:23.705Z,12.599,12.612,0.0,1.4,0.0,0.0,0.0,0.0,0.0,0.0,0.0,0.0,1.0,0.0,0.0,0.0,9.0,4.0,0.0,0.0,0.0,0.0,0.0,0.0,0.0,0.0,2.0,12.0,1.0,12.17,5.01,2.5,1.49,0.0,0.0,0.0,344.20000000000005,0.0,-0.2,0.0,-1.3,132.70000000000002,0.0,0.0,227.3,0.0,21.700000000000003,22.6,22.6,24.5,300.0,300.0,30.9,35.0,29.6,28.9,30.9,,,,,,,,,,,,,,,,,,,,,,,,
2026-07-30T19:12:23.717Z,12.611,12.624,0.0,1.4,0.0,0.0,0.0,0.0,0.0,0.0,0.0,0.0,1.0,0.0,0.0,0.0,9.0,4.0,0.0,0.0,0.0,0.0,0.0,0.0,0.0,0.0,3.0,12.0,1.0,12.17,5.01,2.5,1.49,0.0,0.0,0.0,344.3,0.0,0.3,0.0,0.3,132.70000000000002,0.0,0.0,227.3,0.0,21.700000000000003,22.6,22.6,24.5,300.0,300.0,30.9,35.0,29.6,28.9,30.9,,,,,,,,,,,,,,,,,,,,,,,,
2026-07-30T19:12:23.729Z,12.623,12.636,0.0,1.4,0.0,0.0,0.0,0.0,0.0,0.0,0.0,0.0,1.0,0.0,0.0,0.0,9.0,4.0,0.0,0.0,0.0,0.0,0.0,0.0,0.0,0.0,4.0,12.0,1.0,12.17,5.01,2.5,1.49,0.0,0.0,0.0,344.20000000000005,0.0,-0.2,0.0,0.9,132.70000000000002,0.0,0.0,227.3,0.0,21.700000000000003,22.6,22.6,24.5,300.0,300.0,30.9,35.0,29.6,28.9,30.9,,,,,,,,,,,,,,,,,,,,,,,,
2026-07-30T19:12:23.742Z,12.636,12.648,0.0,1.4,0.0,0.0,0.0,0.0,0.0,0.0,0.0,0.0,1.0,0.0,0.0,0.0,9.0,4.0,0.0,0.0,0.0,0.0,0.0,0.0,0.0,0.0,5.0,12.0,1.0,12.17,5.01,2.5,1.49,0.0,0.0,0.0,344.3,0.0,0.3,-0.5,-0.8,132.70000000000002,0.0,0.0,227.3,0.0,21.3,22.700000000000003,22.700000000000003,24.6,300.0,300.0,31.0,34.9,29.6,28.9,30.9,,,,,,,,,,,,,,,,,,,,,,,,
2026-07-30T19:12:23.753Z,12.647,12.66,0.0,1.4,0.0,0.0,0.0,0.0,0.0,0.0,0.0,0.0,1.0,0.0,0.0,0.0,9.0,4.0,0.0,0.0,0.0,0.0,0.0,0.0,0.0,0.0,6.0,12.0,1.0,12.17,5.01,2.5,1.49,0.0,0.0,0.0,344.3,0.0,0.3,0.6000000000000001,-0.2,132.70000000000002,0.0,0.0,227.3,0.0,21.3,22.700000000000003,22.700000000000003,24.6,300.0,300.0,31.0,34.9,29.6,28.9,30.9,,,,,,,,,,,,,,,,,,,,,,,,
2026-07-30T19:12:23.765Z,12.659,12.672,0.0,1.4,0.0,0.0,0.0,0.0,0.0,0.0,0.0,0.0,1.0,0.0,0.0,0.0,9.0,4.0,0.0,0.0,0.0,0.0,0.0,0.0,0.0,0.0,1.0,12.0,1.0,12.17,5.01,2.5,1.49,0.0,0.0,0.0,344.20000000000005,0.0,0.3,0.1,0.9,132.8,0.0,0.0,225.4,0.0,21.3,22.700000000000003,22.700000000000003,24.6,300.0,300.0,31.0,34.9,29.6,28.9,30.9,,,,,,,,,,,,,,,,,,,,,,,,
2026-07-30T19:12:23.778Z,12.672,12.684,0.0,1.4,0.0,0.0,0.0,0.0,0.0,0.0,0.0,0.0,1.0,0.0,0.0,0.0,9.0,4.0,0.0,0.0,0.0,0.0,0.0,0.0,0.0,0.0,2.0,12.0,1.0,12.17,5.01,2.5,1.49,0.0,0.0,0.0,344.3,0.0,-0.7000000000000001,-1.0,-0.1,132.8,0.0,0.0,227.4,0.0,21.3,22.700000000000003,22.700000000000003,24.6,300.0,300.0,31.0,34.9,29.6,28.9,30.9,,,,,,,,,,,,,,,,,,,,,,,,
2026-07-30T19:12:23.790Z,12.684,12.696,0.0,1.4,0.0,0.0,0.0,0.0,0.0,0.0,0.0,0.0,1.0,0.0,0.0,0.0,9.0,4.0,0.0,0.0,0.0,0.0,0.0,0.0,0.0,0.0,3.0,12.0,1.0,12.17,5.01,2.5,1.49,0.0,0.0,0.0,344.20000000000005,0.0,-0.2,0.1,-0.7000000000000001,132.8,0.0,0.0,227.3,0.0,21.3,22.700000000000003,22.700000000000003,24.6,300.0,300.0,31.0,34.9,29.6,28.9,30.9,,,,,,,,,,,,,,,,,,,,,,,,
2026-07-30T19:12:23.802Z,12.696,12.708,0.0,1.4,0.0,0.0,0.0,0.0,0.0,0.0,0.0,0.0,1.0,0.0,0.0,0.0,9.0,4.0,0.0,0.0,0.0,0.0,0.0,0.0,0.0,0.0,4.0,12.0,1.0,12.17,5.01,2.5,1.49,0.0,0.0,0.0,344.3,0.0,0.9,0.7000000000000001,1.0,132.8,0.0,0.0,227.4,0.0,21.3,22.700000000000003,22.700000000000003,24.6,300.0,300.0,31.0,34.9,29.6,28.9,30.9,,,,,,,,,,,,,,,,,,,,,,,,
2026-07-30T19:12:23.814Z,12.708,12.72,0.0,1.4,0.0,0.0,0.0,0.0,0.0,0.0,0.0,0.0,1.0,0.0,0.0,0.0,9.0,4.0,0.0,0.0,0.0,0.0,0.0,0.0,0.0,0.0,5.0,12.0,1.0,12.17,5.01,2.5,1.49,0.0,0.0,0.0,344.1,0.0,-0.2,-0.3,0.0,132.8,0.0,0.0,227.5,0.0,21.3,22.700000000000003,22.700000000000003,24.6,300.0,300.0,31.0,34.9,29.6,28.9,30.9,,,,,,,,,,,,,,,,,,,,,,,,
2026-07-30T19:12:23.826Z,12.72,12.732,0.0,1.4,0.0,0.0,0.0,0.0,0.0,0.0,0.0,0.0,1.0,0.0,0.0,0.0,9.0,4.0,0.0,0.0,0.0,0.0,0.0,0.0,0.0,0.0,6.0,12.0,1.0,12.17,5.01,2.5,1.49,0.0,0.0,0.0,344.20000000000005,0.0,0.9,-0.9,-0.6000000000000001,132.8,0.0,0.0,227.4,0.0,21.3,22.700000000000003,22.700000000000003,24.6,300.0,300.0,31.0,34.9,29.6,28.9,30.9,,,,,,,,,,,,,,,,,,,,,,,,
2026-07-30T19:12:23.838Z,12.732,12.744,0.0,1.4,0.0,0.0,0.0,0.0,0.0,0.0,0.0,0.0,1.0,0.0,0.0,0.0,9.0,4.0,0.0,0.0,0.0,0.0,0.0,0.0,0.0,0.0,2.0,12.0,1.0,12.17,5.01,2.5,1.49,0.0,0.0,0.0,344.20000000000005,0.0,0.3,1.3,0.0,132.70000000000002,0.0,0.0,227.4,0.0,21.3,22.700000000000003,22.700000000000003,24.6,300.0,300.0,31.0,34.9,29.6,28.9,30.9,,,,,,,,,,,,,,,,,,,,,,,,
2026-07-30T19:12:23.849Z,12.743,12.756,0.0,1.4,0.0,0.0,0.0,0.0,0.0,0.0,0.0,0.0,1.0,0.0,0.0,0.0,9.0,4.0,0.0,0.0,0.0,0.0,0.0,0.0,0.0,0.0,2.0,12.0,1.0,12.15,5.0200000000000005,2.51,1.49,0.0,0.0,0.0,344.20000000000005,0.0,-0.8,-0.4,-0.6000000000000001,132.70000000000002,0.0,0.0,227.4,0.0,21.3,22.8,22.8,24.700000000000003,300.0,300.0,30.9,34.9,29.6,28.9,30.9,,,,,,,,,,,,,,,,,,,,,,,,
2026-07-30T19:12:23.862Z,12.756,12.768,0.0,1.4,0.0,0.0,0.0,0.0,0.0,0.0,0.0,0.0,1.0,0.0,0.0,0.0,9.0,4.0,0.0,0.0,0.0,0.0,0.0,0.0,0.0,0.0,3.0,12.0,1.0,12.15,5.0200000000000005,2.51,1.49,0.0,0.0,0.0,344.3,0.0,-0.8,-0.4,0.0,132.70000000000002,0.0,0.0,227.3,0.0,21.3,22.8,22.8,24.700000000000003,300.0,300.0,30.9,34.9,29.6,28.9,30.9,,,,,,,,,,,,,,,,,,,,,,,,
2026-07-30T19:12:23.874Z,12.768,12.78,0.0,1.4,0.0,0.0,0.0,0.0,0.0,0.0,0.0,0.0,1.0,0.0,0.0,0.0,9.0,4.0,0.0,0.0,0.0,0.0,0.0,0.0,0.0,0.0,4.0,12.0,1.0,12.15,5.0200000000000005,2.51,1.49,0.0,0.0,0.0,344.3,0.0,0.2,-0.4,0.5,132.8,0.0,0.0,226.7,0.0,21.3,22.8,22.8,24.700000000000003,300.0,300.0,30.9,34.9,29.6,28.9,30.9,,,,,,,,,,,,,,,,,,,,,,,,
2026-07-30T19:12:23.885Z,12.779,12.792,0.0,1.4,0.0,0.0,0.0,0.0,0.0,0.0,0.0,0.0,1.0,0.0,0.0,0.0,9.0,4.0,0.0,0.0,0.0,0.0,0.0,0.0,0.0,0.0,5.0,12.0,1.0,12.15,5.0200000000000005,2.51,1.49,0.0,0.1,0.0,344.3,0.0,-0.3,-0.4,-1.7000000000000002,132.8,0.0,0.0,227.4,0.0,21.3,22.8,22.8,24.700000000000003,300.0,300.0,30.9,34.9,29.6,28.9,30.9,,,,,,,,,,,,,,,,,,,,,,,,
2026-07-30T19:12:23.897Z,12.791,12.804,0.0,1.4,0.0,0.0,0.0,0.0,0.0,0.0,0.0,0.0,1.0,0.0,0.0,0.0,9.0,4.0,0.0,0.0,0.0,0.0,0.0,0.0,0.0,0.0,6.0,12.0,1.0,12.15,5.0200000000000005,2.51,1.49,0.0,0.0,0.0,344.3,0.0,0.2,0.7000000000000001,0.5,132.8,0.0,0.0,227.3,0.0,21.3,22.8,22.8,24.700000000000003,300.0,300.0,30.9,34.9,29.6,28.9,30.9,,,,,,,,,,,,,,,,,,,,,,,,
2026-07-30T19:12:23.909Z,12.803,12.816,0.0,1.4,0.0,0.0,0.0,0.0,0.0,0.0,0.0,0.0,1.0,0.0,0.0,0.0,9.0,4.0,0.0,0.0,0.0,0.0,0.0,0.0,0.0,0.0,1.0,12.0,1.0,12.15,5.0200000000000005,2.51,1.49,0.0,0.0,0.0,344.3,0.0,-0.3,-0.4,-0.6000000000000001,132.8,0.0,0.0,227.5,0.0,21.3,22.8,22.8,24.700000000000003,300.0,300.0,30.9,34.9,29.6,28.9,30.9,,,,,,,,,,,,,,,,,,,,,,,,
2026-07-30T19:12:23.921Z,12.815,12.828,0.0,1.4,0.0,0.0,0.0,0.0,0.0,0.0,0.0,0.0,1.0,0.0,0.0,0.0,9.0,4.0,0.0,0.0,0.0,0.0,0.0,0.0,0.0,0.0,3.0,12.0,1.0,12.15,5.0200000000000005,2.51,1.49,0.0,0.0,0.0,344.20000000000005,0.0,0.2,-0.4,1.0,132.8,0.0,0.0,227.3,0.0,21.3,22.8,22.8,24.700000000000003,300.0,300.0,30.9,34.9,29.6,28.9,30.9,,,,,,,,,,,,,,,,,,,,,,,,
2026-07-30T19:12:23.933Z,12.827,12.84,0.0,1.4,0.0,0.0,0.0,0.0,0.0,0.0,0.0,0.0,1.0,0.0,0.0,0.0,9.0,4.0,0.0,0.0,0.0,0.0,0.0,0.0,0.0,0.0,4.0,12.0,1.0,12.15,5.0200000000000005,2.51,1.49,0.0,0.0,0.0,344.3,0.0,-0.9,-0.4,-0.7000000000000001,132.70000000000002,0.0,0.0,227.3,0.0,21.3,22.8,22.8,24.700000000000003,300.0,300.0,30.9,34.9,29.6,28.9,30.9,,,,,,,,,,,,,,,,,,,,,,,,
2026-07-30T19:12:23.945Z,12.839,12.852,0.0,1.4,0.0,0.0,0.0,0.0,0.0,0.0,0.0,0.0,1.0,0.0,0.0,0.0,9.0,4.0,0.0,0.0,0.0,0.0,0.0,0.0,0.0,0.0,5.0,12.0,1.0,12.17,5.0200000000000005,2.51,1.49,0.0,0.0,0.0,344.3,0.0,-0.9,-0.4,-0.1,132.70000000000002,0.0,0.0,227.3,0.0,21.4,22.9,22.9,24.8,300.0,300.0,30.9,34.9,29.6,28.9,30.9,,,,,,,,,,,,,,,,,,,,,,,,
2026-07-30T19:12:23.957Z,12.851,12.864,0.0,1.4,0.0,0.0,0.0,0.0,0.0,0.0,0.0,0.0,1.0,0.0,0.0,0.0,9.0,4.0,0.0,0.0,0.0,0.0,0.0,0.0,0.0,0.0,6.0,12.0,1.0,12.17,5.0200000000000005,2.51,1.49,0.0,0.0,0.0,344.3,0.0,-0.3,-1.0,-0.1,132.70000000000002,0.0,0.0,227.3,0.0,21.4,22.9,22.9,24.8,300.0,300.0,30.9,34.9,29.6,28.9,30.9,,,,,,,,,,,,,,,,,,,,,,,,
2026-07-30T19:12:23.970Z,12.864,12.876,0.0,1.4,0.0,0.0,0.0,0.0,0.0,0.0,0.0,0.0,1.0,0.0,0.0,0.0,9.0,4.0,0.0,0.0,0.0,0.0,0.0,0.0,0.0,0.0,1.0,12.0,1.0,12.17,5.0200000000000005,2.51,1.49,0.0,0.0,0.0,344.20000000000005,0.0,-0.3,0.6000000000000001,1.6,132.70000000000002,0.0,0.0,227.1,0.0,21.4,22.9,22.9,24.8,300.0,300.0,30.9,34.9,29.6,28.9,30.9,,,,,,,,,,,,,,,,,,,,,,,,
2026-07-30T19:12:23.982Z,12.876,12.888,0.0,1.4,0.0,0.0,0.0,0.0,0.0,0.0,0.0,0.0,1.0,0.0,0.0,0.0,9.0,4.0,0.0,0.0,0.0,0.0,0.0,0.0,0.0,0.0,2.0,12.0,1.0,12.17,5.0200000000000005,2.51,1.49,0.0,0.0,0.0,344.3,0.0,-0.8,-0.4,0.5,132.8,0.0,0.0,227.4,0.0,21.4,22.9,22.9,24.8,300.0,300.0,30.9,34.9,29.6,28.9,30.9,,,,,,,,,,,,,,,,,,,,,,,,
2026-07-30T19:12:23.993Z,12.887,12.9,0.0,1.4,0.0,0.0,0.0,0.0,0.0,0.0,0.0,0.0,1.0,0.0,0.0,0.0,9.0,4.0,0.0,0.0,0.0,0.0,0.0,0.0,0.0,0.0,2.0,12.0,1.0,12.17,5.0200000000000005,2.51,1.49,0.0,0.0,0.0,344.20000000000005,0.0,0.2,0.6000000000000001,-0.1,132.8,0.0,0.0,227.4,0.0,21.4,22.9,22.9,24.8,300.0,300.0,30.9,34.9,29.6,28.9,30.9,,,,,,,,,,,,,,,,,,,,,,,,
2026-07-30T19:12:24.005Z,12.899,12.912,0.0,1.4,0.0,0.0,0.0,0.0,0.0,0.0,0.0,0.0,1.0,0.0,0.0,0.0,9.0,4.0,0.0,0.0,0.0,0.0,0.0,0.0,0.0,0.0,4.0,12.0,1.0,12.17,5.0200000000000005,2.51,1.49,0.0,0.0,0.0,344.20000000000005,0.0,0.3,0.1,-0.6000000000000001,132.70000000000002,0.0,0.0,227.4,0.0,21.4,22.9,22.9,24.8,300.0,300.0,30.9,34.9,29.6,28.9,30.9,,,,,,,,,,,,,,,,,,,,,,,,
2026-07-30T19:12:24.017Z,12.911,12.924,0.0,1.4,0.0,0.0,0.0,0.0,0.0,0.0,0.0,0.0,1.0,0.0,0.0,0.0,9.0,4.0,0.0,0.0,0.0,0.0,0.0,0.0,0.0,0.0,5.0,12.0,1.0,12.17,5.0200000000000005,2.51,1.49,0.0,0.0,0.0,344.3,0.0,-0.2,0.0,-0.6000000000000001,132.70000000000002,0.0,0.0,227.3,0.0,21.4,22.9,22.9,24.8,300.0,300.0,30.9,34.9,29.6,28.9,30.9,,,,,,,,,,,,,,,,,,,,,,,,
2026-07-30T19:12:24.029Z,12.923,12.936,0.0,1.4,0.0,0.0,0.0,0.0,0.0,0.0,0.0,0.0,1.0,0.0,0.0,0.0,9.0,4.0,0.0,0.0,0.0,0.0,0.0,0.0,0.0,0.0,6.0,12.0,1.0,12.17,5.0200000000000005,2.51,1.49,0.0,0.0,0.0,344.3,0.0,0.3,0.6000000000000001,0.0,132.70000000000002,0.0,0.0,227.4,0.0,21.4,22.9,22.9,24.8,300.0,300.0,30.9,34.9,29.6,28.9,30.9,,,,,,,,,,,,,,,,,,,,,,,,
2026-07-30T19:12:24.042Z,12.936,12.948,0.0,1.4,0.0,0.0,0.0,0.0,0.0,0.0,0.0,0.0,1.0,0.0,0.0,0.0,9.0,4.0,0.0,0.0,0.0,0.0,0.0,0.0,0.0,0.0,1.0,12.0,1.0,12.17,5.0200000000000005,2.51,1.49,0.0,0.0,0.0,344.3,0.0,-0.2,1.2000000000000002,-0.5,132.70000000000002,0.0,0.0,227.3,0.0,21.4,22.9,22.9,24.8,300.0,300.0,30.9,34.9,29.6,28.9,30.9,,,,,,,,,,,,,,,,,,,,,,,,
2026-07-30T19:12:24.053Z,12.947,12.96,0.0,1.4,0.0,0.0,0.0,0.0,0.0,0.0,0.0,0.0,1.0,0.0,0.0,0.0,9.0,4.0,0.0,0.0,0.0,0.0,0.0,0.0,0.0,0.0,2.0,12.0,1.0,12.15,5.0200000000000005,2.51,1.49,0.0,0.0,0.0,344.3,0.0,-0.2,0.1,0.5,132.70000000000002,0.0,0.0,227.3,0.0,21.4,23.0,23.0,24.8,300.0,300.0,31.0,34.9,29.6,28.9,30.9,,,,,,,,,,,,,,,,,,,,,,,,
2026-07-30T19:12:24.065Z,12.959,12.972,0.0,1.4,0.0,0.0,0.0,0.0,0.0,0.0,0.0,0.0,1.0,0.0,0.0,0.0,9.0,4.0,0.0,0.0,0.0,0.0,0.0,0.0,0.0,0.0,4.0,12.0,1.0,12.15,5.0200000000000005,2.51,1.49,0.0,0.0,0.0,344.3,0.0,0.3,0.0,-0.6000000000000001,132.70000000000002,0.0,0.0,227.3,0.0,21.4,23.0,23.0,24.8,300.0,300.0,31.0,34.9,29.6,28.9,30.9,,,,,,,,,,,,,,,,,,,,,,,,
2026-07-30T19:12:24.078Z,12.972,12.984,0.0,1.4,0.0,0.0,0.0,0.0,0.0,0.0,0.0,0.0,1.0,0.0,0.0,0.0,9.0,4.0,0.0,0.0,0.0,0.0,0.0,0.0,0.0,0.0,5.0,12.0,1.0,12.15,5.0200000000000005,2.51,1.49,0.0,0.0,0.0,344.20000000000005,0.0,-0.2,1.2000000000000002,0.5,132.70000000000002,0.0,0.0,226.0,0.0,21.4,23.0,23.0,24.8,300.0,300.0,31.0,34.9,29.6,28.9,30.9,,,,,,,,,,,,,,,,,,,,,,,,
2026-07-30T19:12:24.090Z,12.984,12.996,0.0,1.4,0.0,0.0,0.0,0.0,0.0,0.0,0.0,0.0,1.0,0.0,0.0,0.0,9.0,4.0,0.0,0.0,0.0,0.0,0.0,0.0,0.0,0.0,5.0,12.0,1.0,12.15,5.0200000000000005,2.51,1.49,0.0,0.0,0.0,344.20000000000005,0.0,-0.2,-0.4,0.0,132.8,0.0,0.0,227.5,0.0,21.4,23.0,23.0,24.8,300.0,300.0,31.0,34.9,29.6,28.9,30.9,,,,,,,,,,,,,,,,,,,,,,,,
2026-07-30T19:12:24.101Z,12.995,13.008,0.0,1.4,0.0,0.0,0.0,0.0,0.0,0.0,0.0,0.0,1.0,0.0,0.0,0.0,9.0,4.0,0.0,0.0,0.0,0.0,0.0,0.0,0.0,0.0,1.0,12.0,1.0,12.15,5.0200000000000005,2.51,1.49,0.0,0.0,0.0,344.3,0.0,-0.2,-0.4,0.0,132.8,0.0,0.0,227.4,0.0,21.4,23.0,23.0,24.8,300.0,300.0,31.0,34.9,29.6,28.9,30.9,,,,,,,,,,,,,,,,,,,,,,,,
2026-07-30T19:12:24.113Z,13.007,13.02,0.0,1.4,0.0,0.0,0.0,0.0,0.0,0.0,0.0,0.0,1.0,0.0,0.0,0.0,9.0,4.0,0.0,0.0,0.0,0.0,0.0,0.0,0.0,0.0,2.0,12.0,1.0,12.15,5.0200000000000005,2.51,1.49,0.0,0.0,0.0,344.3,0.0,0.3,-0.5,0.0,132.70000000000002,0.0,0.0,227.4,0.0,21.4,23.0,23.0,24.8,300.0,300.0,31.0,34.9,29.6,28.9,30.9,,,,,,,,,,,,,,,,,,,,,,,,
2026-07-30T19:12:24.125Z,13.019,13.032,0.0,1.4,0.0,0.0,0.0,0.0,0.0,0.0,0.0,0.0,1.0,0.0,0.0,0.0,9.0,4.0,0.0,0.0,0.0,0.0,0.0,0.0,0.0,0.0,3.0,12.0,1.0,12.15,5.0200000000000005,2.51,1.49,0.0,0.0,0.0,344.3,0.0,0.3,0.0,-2.4000000000000004,132.70000000000002,0.0,0.0,227.3,0.0,21.4,23.0,23.0,24.8,300.0,300.0,31.0,34.9,29.6,28.9,30.9,,,,,,,,,,,,,,,,,,,,,,,,
2026-07-30T19:12:24.139Z,13.033,13.044,0.0,1.4,0.0,0.0,0.0,0.0,0.0,0.0,0.0,0.0,1.0,0.0,0.0,0.0,9.0,4.0,0.0,0.0,0.0,0.0,0.0,0.0,0.0,0.0,4.0,12.0,1.0,12.15,5.0200000000000005,2.51,1.49,0.0,0.0,0.0,344.3,0.0,-0.7000000000000001,-0.5,0.5,132.70000000000002,0.0,0.0,227.3,0.0,21.4,23.0,23.0,24.8,300.0,300.0,31.0,34.9,29.6,28.9,30.9,,,,,,,,,,,,,,,,,,,,,,,,
2026-07-30T19:12:24.149Z,13.043,13.056,0.0,1.4,0.0,0.0,0.0,0.0,0.0,0.0,0.0,0.0,1.0,0.0,0.0,0.0,9.0,4.0,0.0,0.0,0.0,0.0,0.0,0.0,0.0,0.0,4.0,12.0,1.0,12.18,5.0200000000000005,2.51,1.49,0.0,0.0,0.0,344.3,0.0,-0.7000000000000001,0.0,1.1,132.70000000000002,0.0,0.0,227.3,0.0,21.4,23.1,23.1,24.9,300.0,300.0,31.0,34.9,29.6,28.9,30.9,,,,,,,,,,,,,,,,,,,,,,,,
2026-07-30T19:12:24.161Z,13.055,13.068,0.0,1.4,0.0,0.0,0.0,0.0,0.0,0.0,0.0,0.0,1.0,0.0,0.0,0.0,9.0,4.0,0.0,0.0,0.0,0.0,0.0,0.0,0.0,0.0,5.0,12.0,1.0,12.18,5.0200000000000005,2.51,1.49,0.0,0.0,0.0,344.3,0.0,-0.1,0.0,1.2000000000000002,132.70000000000002,0.0,0.0,227.3,0.0,21.4,23.1,23.1,24.9,300.0,300.0,31.0,34.9,29.6,28.9,30.9,,,,,,,,,,,,,,,,,,,,,,,,
2026-07-30T19:12:24.173Z,13.067,13.08,0.0,1.4,0.0,0.0,0.0,0.0,0.0,0.0,0.0,0.0,1.0,0.0,0.0,0.0,9.0,4.0,0.0,0.0,0.0,0.0,0.0,0.0,0.0,0.0,6.0,12.0,1.0,12.18,5.0200000000000005,2.51,1.49,0.0,0.0,0.0,344.20000000000005,0.0,-0.7000000000000001,0.0,0.0,132.70000000000002,0.0,0.0,227.3,0.0,21.4,23.1,23.1,24.9,300.0,300.0,31.0,34.9,29.6,28.9,30.9,,,,,,,,,,,,,,,,,,,,,,,,
2026-07-30T19:12:24.186Z,13.08,13.092,0.0,1.4,0.0,0.0,0.0,0.0,0.0,0.0,0.0,0.0,1.0,0.0,0.0,0.0,9.0,4.0,0.0,0.0,0.0,0.0,0.0,0.0,0.0,0.0,1.0,12.0,1.0,12.18,5.0200000000000005,2.51,1.49,0.0,0.0,0.0,344.20000000000005,0.0,-0.1,1.1,0.5,132.8,0.0,0.0,226.1,0.0,21.4,23.1,23.1,24.9,300.0,300.0,31.0,34.9,29.6,28.9,30.9,,,,,,,,,,,,,,,,,,,,,,,,
2026-07-30T19:12:24.197Z,13.091,13.104,0.0,1.4,0.0,0.0,0.0,0.0,0.0,0.0,0.0,0.0,1.0,0.0,0.0,0.0,9.0,4.0,0.0,0.0,0.0,0.0,0.0,0.0,0.0,0.0,2.0,12.0,1.0,12.18,5.0200000000000005,2.51,1.49,0.0,0.0,0.0,344.3,0.0,0.4,0.0,-1.1,132.8,0.0,0.0,227.4,0.0,21.4,23.1,23.1,24.9,300.0,300.0,31.0,34.9,29.6,28.9,30.9,,,,,,,,,,,,,,,,,,,,,,,,
2026-07-30T19:12:24.209Z,13.103,13.116,0.0,1.4,0.0,0.0,0.0,0.0,0.0,0.0,0.0,0.0,1.0,0.0,0.0,0.0,9.0,4.0,0.0,0.0,0.0,0.0,0.0,0.0,0.0,0.0,3.0,12.0,1.0,12.18,5.0200000000000005,2.51,1.49,0.0,0.0,0.0,344.3,0.0,0.9,-0.5,0.0,132.8,0.0,0.0,227.4,0.0,21.4,23.1,23.1,24.9,300.0,300.0,31.0,34.9,29.6,28.9,30.9,,,,,,,,,,,,,,,,,,,,,,,,
2026-07-30T19:12:24.221Z,13.115,13.128,0.0,1.4,0.0,0.0,0.0,0.0,0.0,0.0,0.0,0.0,1.0,0.0,0.0,0.0,9.0,4.0,0.0,0.0,0.0,0.0,0.0,0.0,0.0,0.0,4.0,12.0,1.0,12.18,5.0200000000000005,2.51,1.49,0.0,0.0,0.0,344.3,0.0,0.3,0.0,0.5,132.8,0.0,0.0,227.3,0.0,21.4,23.1,23.1,24.9,300.0,300.0,31.0,34.9,29.6,28.9,30.9,,,,,,,,,,,,,,,,,,,,,,,,
2026-07-30T19:12:24.233Z,13.127,13.14,0.0,1.4,0.0,0.0,0.0,0.0,0.0,0.0,0.0,0.0,1.0,0.0,0.0,0.0,9.0,4.0,0.0,0.0,0.0,0.0,0.0,0.0,0.0,0.0,5.0,12.0,1.0,12.18,5.0200000000000005,2.51,1.49,0.0,0.0,0.0,344.20000000000005,0.0,0.9,0.0,0.0,132.70000000000002,0.0,0.0,227.4,0.0,21.4,23.1,23.1,24.9,300.0,300.0,31.0,34.9,29.6,28.9,30.9,,,,,,,,,,,,,,,,,,,,,,,,
2026-07-30T19:12:24.245Z,13.139,13.152,0.0,1.4,0.0,0.0,0.0,0.0,0.0,0.0,0.0,0.0,1.0,0.0,0.0,0.0,9.0,4.0,0.0,0.0,0.0,0.0,0.0,0.0,0.0,0.0,6.0,12.0,1.0,12.18,5.0200000000000005,2.51,1.49,0.0,0.0,0.0,344.20000000000005,0.0,-0.2,-0.5,-0.6000000000000001,132.70000000000002,0.0,0.0,227.3,0.0,21.4,23.1,23.1,24.9,300.0,300.0,31.0,34.9,29.6,28.9,30.9,,,,,,,,,,,,,,,,,,,,,,,,
2026-07-30T19:12:24.257Z,13.151,13.164,0.0,1.4,0.0,0.0,0.0,0.0,0.0,0.0,0.0,0.0,1.0,0.0,0.0,0.0,9.0,4.0,0.0,0.0,0.0,0.0,0.0,0.0,0.0,0.0,1.0,12.0,1.0,12.18,5.0200000000000005,2.51,1.49,0.0,0.0,0.0,344.3,0.0,-0.2,-1.6,-0.5,132.70000000000002,0.0,0.0,227.3,0.0,21.4,23.200000000000003,23.200000000000003,25.0,300.0,300.0,30.9,34.9,29.6,28.9,30.9,,,,,,,,,,,,,,,,,,,,,,,,
2026-07-30T19:12:24.269Z,13.163,13.176,0.0,1.4,0.0,0.0,0.0,0.0,0.0,0.0,0.0,0.0,1.0,0.0,0.0,0.0,9.0,4.0,0.0,0.0,0.0,0.0,0.0,0.0,0.0,0.0,3.0,12.0,1.0,12.18,5.0200000000000005,2.51,1.49,0.0,0.0,0.0,344.3,0.0,-0.2,0.6000000000000001,1.7000000000000002,132.70000000000002,0.0,0.0,227.5,0.0,21.4,23.200000000000003,23.200000000000003,25.0,300.0,300.0,30.9,34.9,29.6,28.9,30.9,,,,,,,,,,,,,,,,,,,,,,,,
2026-07-30T19:12:24.281Z,13.175,13.188,0.0,1.4,0.0,0.0,0.0,0.0,0.0,0.0,0.0,0.0,1.0,0.0,0.0,0.0,9.0,4.0,0.0,0.0,0.0,0.0,0.0,0.0,0.0,0.0,4.0,12.0,1.0,12.18,5.0200000000000005,2.51,1.49,0.0,0.0,0.0,344.20000000000005,0.0,0.9,0.6000000000000001,0.0,132.70000000000002,0.0,0.0,227.3,0.0,21.4,23.200000000000003,23.200000000000003,25.0,300.0,300.0,30.9,34.9,29.6,28.9,30.9,,,,,,,,,,,,,,,,,,,,,,,,
2026-07-30T19:12:24.293Z,13.187,13.2,0.0,1.4,0.0,0.0,0.0,0.0,0.0,0.0,0.0,0.0,1.0,0.0,0.0,0.0,9.0,4.0,0.0,0.0,0.0,0.0,0.0,0.0,0.0,0.0,5.0,12.0,1.0,12.18,5.0200000000000005,2.51,1.49,0.0,0.0,0.0,344.3,0.0,0.3,0.0,-0.1,132.8,0.0,0.0,227.2,0.0,21.4,23.200000000000003,23.200000000000003,25.0,300.0,300.0,30.9,34.9,29.6,28.9,30.9,,,,,,,,,,,,,,,,,,,,,,,,
2026-07-30T19:12:24.305Z,13.199,13.212,0.0,1.4,0.0,0.0,0.0,0.0,0.0,0.0,0.0,0.0,1.0,0.0,0.0,0.0,9.0,4.0,0.0,0.0,0.0,0.0,0.0,0.0,0.0,0.0,6.0,12.0,1.0,12.18,5.0200000000000005,2.51,1.49,0.0,0.0,0.0,344.20000000000005,0.0,0.3,-1.1,0.4,132.8,0.0,0.0,227.4,0.0,21.4,23.200000000000003,23.200000000000003,25.0,300.0,300.0,30.9,34.9,29.6,28.9,30.9,,,,,,,,,,,,,,,,,,,,,,,,
2026-07-30T19:12:24.317Z,13.211,13.224,0.0,1.4,0.0,0.0,0.0,0.0,0.0,0.0,0.0,0.0,1.0,0.0,0.0,0.0,9.0,4.0,0.0,0.0,0.0,0.0,0.0,0.0,0.0,0.0,1.0,12.0,1.0,12.18,5.0200000000000005,2.51,1.49,0.0,0.1,0.0,344.3,0.0,-0.2,-0.5,-0.6000000000000001,132.8,0.0,0.0,227.3,0.0,21.4,23.200000000000003,23.200000000000003,25.0,300.0,300.0,30.9,34.9,29.6,28.9,30.9,,,,,,,,,,,,,,,,,,,,,,,,
2026-07-30T19:12:24.329Z,13.223,13.236,0.0,1.4,0.0,0.0,0.0,0.0,0.0,0.0,0.0,0.0,1.0,0.0,0.0,0.0,9.0,4.0,0.0,0.0,0.0,0.0,0.0,0.0,0.0,0.0,2.0,12.0,1.0,12.18,5.0200000000000005,2.51,1.49,0.0,0.0,0.0,344.3,0.0,-0.7000000000000001,-0.5,0.0,132.70000000000002,0.0,0.0,227.4,0.0,21.4,23.200000000000003,23.200000000000003,25.0,300.0,300.0,30.9,34.9,29.6,28.9,30.9,,,,,,,,,,,,,,,,,,,,,,,,
2026-07-30T19:12:24.342Z,13.236,13.248,0.0,1.4,0.0,0.0,0.0,0.0,0.0,0.0,0.0,0.0,1.0,0.0,0.0,0.0,9.0,4.0,0.0,0.0,0.0,0.0,0.0,0.0,0.0,0.0,4.0,12.0,1.0,12.18,5.0200000000000005,2.51,1.49,0.0,0.0,0.0,344.3,0.0,-0.1,0.0,-0.1,132.70000000000002,0.0,0.0,227.4,0.0,21.4,23.200000000000003,23.200000000000003,25.0,300.0,300.0,30.9,34.9,29.6,28.9,30.9,,,,,,,,,,,,,,,,,,,,,,,,
2026-07-30T19:12:24.354Z,13.248,13.26,0.0,1.4,0.0,0.0,0.0,0.0,0.0,0.0,0.0,0.0,1.0,0.0,0.0,0.0,9.0,4.0,0.0,0.0,0.0,0.0,0.0,0.0,0.0,0.0,4.0,12.0,1.0,12.17,5.0200000000000005,2.51,1.49,0.0,0.0,0.0,344.3,0.0,-0.1,-0.5,0.0,132.70000000000002,0.0,0.0,227.3,0.0,21.4,23.200000000000003,23.200000000000003,25.1,300.0,300.0,31.0,34.800000000000004,29.6,28.9,30.8,,,,,,,,,,,,,,,,,,,,,,,,
2026-07-30T19:12:24.365Z,13.259,13.272,0.0,1.4,0.0,0.0,0.0,0.0,0.0,0.0,0.0,0.0,1.0,0.0,0.0,0.0,9.0,4.0,0.0,0.0,0.0,0.0,0.0,0.0,0.0,0.0,6.0,12.0,1.0,12.17,5.0200000000000005,2.51,1.49,0.0,0.0,0.0,344.3,0.0,0.4,0.6000000000000001,-1.2000000000000002,132.70000000000002,0.0,0.0,227.3,0.0,21.4,23.200000000000003,23.200000000000003,25.1,300.0,300.0,31.0,34.800000000000004,29.6,28.9,30.8,,,,,,,,,,,,,,,,,,,,,,,,
2026-07-30T19:12:24.377Z,13.271,13.284,0.0,1.4,0.0,0.0,0.0,0.0,0.0,0.0,0.0,0.0,1.0,0.0,0.0,0.0,9.0,4.0,0.0,0.0,0.0,0.0,0.0,0.0,0.0,0.0,1.0,12.0,1.0,12.17,5.0200000000000005,2.51,1.49,0.0,0.0,0.0,344.3,0.0,-0.1,-0.5,-0.6000000000000001,132.70000000000002,0.0,0.0,227.3,0.0,21.4,23.200000000000003,23.200000000000003,25.1,300.0,300.0,31.0,34.800000000000004,29.6,28.9,30.8,,,,,,,,,,,,,,,,,,,,,,,,
2026-07-30T19:12:24.389Z,13.283,13.296,0.0,1.4,0.0,0.0,0.0,0.0,0.0,0.0,0.0,0.0,1.0,0.0,0.0,0.0,9.0,4.0,0.0,0.0,0.0,0.0,0.0,0.0,0.0,0.0,2.0,12.0,1.0,12.17,5.0200000000000005,2.51,1.49,0.0,0.0,0.0,344.20000000000005,0.0,-0.1,-1.1,-1.2000000000000002,132.70000000000002,0.0,0.0,226.9,0.0,21.4,23.200000000000003,23.200000000000003,25.1,300.0,300.0,31.0,34.800000000000004,29.6,28.9,30.8,,,,,,,,,,,,,,,,,,,,,,,,
2026-07-30T19:12:24.401Z,13.295,13.308,0.0,1.4,0.0,0.0,0.0,0.0,0.0,0.0,0.0,0.0,1.0,0.0,0.0,0.0,9.0,4.0,0.0,0.0,0.0,0.0,0.0,0.0,0.0,0.0,3.0,12.0,1.0,12.17,5.0200000000000005,2.51,1.49,0.0,0.1,0.0,344.20000000000005,0.0,0.3,-0.5,-0.7000000000000001,132.70000000000002,0.0,0.0,227.4,0.0,21.4,23.200000000000003,23.200000000000003,25.1,300.0,300.0,31.0,34.800000000000004,29.6,28.9,30.8,,,,,,,,,,,,,,,,,,,,,,,,
2026-07-30T19:12:24.413Z,13.307,13.32,0.0,1.4,0.0,0.0,0.0,0.0,0.0,0.0,0.0,0.0,1.0,0.0,0.0,0.0,9.0,4.0,0.0,0.0,0.0,0.0,0.0,0.0,0.0,0.0,4.0,12.0,1.0,12.17,5.0200000000000005,2.51,1.49,0.0,0.0,0.0,344.3,0.0,-0.8,0.0,0.3,132.70000000000002,0.0,0.0,227.3,0.0,21.4,23.200000000000003,23.200000000000003,25.1,300.0,300.0,31.0,34.800000000000004,29.6,28.9,30.8,,,,,,,,,,,,,,,,,,,,,,,,
2026-07-30T19:12:24.425Z,13.319,13.332,0.0,1.4,0.0,0.0,0.0,0.0,0.0,0.0,0.0,0.0,1.0,0.0,0.0,0.0,9.0,4.0,0.0,0.0,0.0,0.0,0.0,0.0,0.0,0.0,5.0,12.0,1.0,12.17,5.0200000000000005,2.51,1.49,0.0,0.0,0.0,344.20000000000005,0.0,0.3,0.0,-0.7000000000000001,132.70000000000002,0.0,0.0,227.3,0.0,21.4,23.200000000000003,23.200000000000003,25.1,300.0,300.0,31.0,34.800000000000004,29.6,28.9,30.8,,,,,,,,,,,,,,,,,,,,,,,,
2026-07-30T19:12:24.437Z,13.331,13.344,0.0,1.4,0.0,0.0,0.0,0.0,0.0,0.0,0.0,0.0,1.0,0.0,0.0,0.0,9.0,4.0,0.0,0.0,0.0,0.0,0.0,0.0,0.0,0.0,6.0,12.0,1.0,12.17,5.0200000000000005,2.51,1.49,0.0,0.0,0.0,344.3,0.0,-0.2,-1.1,-0.7000000000000001,132.70000000000002,0.0,0.0,227.5,0.0,21.4,23.200000000000003,23.200000000000003,25.1,300.0,300.0,31.0,34.800000000000004,29.6,28.9,30.8,,,,,,,,,,,,,,,,,,,,,,,,
2026-07-30T19:12:24.449Z,13.343,13.356,0.0,1.4,0.0,0.0,0.0,0.0,0.0,0.0,0.0,0.0,1.0,0.0,0.0,0.0,9.0,4.0,0.0,0.0,0.0,0.0,0.0,0.0,0.0,0.0,1.0,12.0,1.0,12.17,5.0200000000000005,2.51,1.49,0.0,0.0,0.0,344.3,0.0,0.8,0.0,0.4,132.70000000000002,0.0,0.0,227.3,0.0,21.4,23.200000000000003,23.200000000000003,25.1,300.0,300.0,31.0,34.800000000000004,29.6,28.9,30.8,,,,,,,,,,,,,,,,,,,,,,,,
2026-07-30T19:12:24.461Z,13.355,13.368,0.0,1.4,0.0,0.0,0.0,0.0,0.0,0.0,0.0,0.0,1.0,0.0,0.0,0.0,9.0,4.0,0.0,0.0,0.0,0.0,0.0,0.0,0.0,0.0,1.0,12.0,1.0,12.14,5.01,2.51,1.49,0.0,0.0,0.0,344.20000000000005,0.0,-0.3,-0.6000000000000001,0.4,132.70000000000002,0.0,0.0,227.3,0.0,21.700000000000003,23.3,23.3,25.200000000000003,300.0,300.0,31.1,34.9,29.6,28.9,30.8,,,,,,,,,,,,,,,,,,,,,,,,
2026-07-30T19:12:24.473Z,13.367,13.38,0.0,1.4,0.0,0.0,0.0,0.0,0.0,0.0,0.0,0.0,1.0,0.0,0.0,0.0,9.0,4.0,0.0,0.0,0.0,0.0,0.0,0.0,0.0,0.0,3.0,12.0,1.0,12.14,5.01,2.51,1.49,0.0,0.0,0.0,344.3,0.0,-0.3,-0.6000000000000001,0.4,132.70000000000002,0.0,0.0,227.3,0.0,21.700000000000003,23.3,23.3,25.200000000000003,300.0,300.0,31.1,34.9,29.6,28.9,30.8,,,,,,,,,,,,,,,,,,,,,,,,
2026-07-30T19:12:24.486Z,13.38,13.392,0.0,1.4,0.0,0.0,0.0,0.0,0.0,0.0,0.0,0.0,1.0,0.0,0.0,0.0,9.0,4.0,0.0,0.0,0.0,0.0,0.0,0.0,0.0,0.0,4.0,12.0,1.0,12.14,5.01,2.51,1.49,0.0,0.0,0.0,344.20000000000005,0.0,-0.3,-0.5,-0.1,132.70000000000002,0.0,0.0,227.3,0.0,21.700000000000003,23.3,23.3,25.200000000000003,300.0,300.0,31.1,34.9,29.6,28.9,30.8,,,,,,,,,,,,,,,,,,,,,,,,
2026-07-30T19:12:24.498Z,13.392,13.404,0.0,1.4,0.0,0.0,0.0,0.0,0.0,0.0,0.0,0.0,1.0,0.0,0.0,0.0,9.0,4.0,0.0,0.0,0.0,0.0,0.0,0.0,0.0,0.0,5.0,12.0,1.0,12.14,5.01,2.51,1.49,0.0,0.0,0.0,344.20000000000005,0.0,0.2,-1.1,-2.5,132.8,0.0,0.0,225.6,0.0,21.700000000000003,23.3,23.3,25.200000000000003,300.0,300.0,31.1,34.9,29.6,28.9,30.8,,,,,,,,,,,,,,,,,,,,,,,,
2026-07-30T19:12:24.510Z,13.404,13.416,0.0,1.4,0.0,0.0,0.0,0.0,0.0,0.0,0.0,0.0,1.0,0.0,0.0,0.0,9.0,4.0,0.0,0.0,0.0,0.0,0.0,0.0,0.0,0.0,6.0,12.0,1.0,12.14,5.01,2.51,1.49,0.0,0.0,0.0,344.3,0.0,-0.2,-0.5,-1.3,132.8,0.0,0.0,227.3,0.0,21.700000000000003,23.3,23.3,25.200000000000003,300.0,300.0,31.1,34.9,29.6,28.9,30.8,,,,,,,,,,,,,,,,,,,,,,,,
2026-07-30T19:12:24.522Z,13.416,13.428,0.0,1.4,0.0,0.0,0.0,0.0,0.0,0.0,0.0,0.0,1.0,0.0,0.0,0.0,9.0,4.0,0.0,0.0,0.0,0.0,0.0,0.0,0.0,0.0,1.0,12.0,1.0,12.14,5.01,2.51,1.49,0.0,0.0,0.0,344.3,0.0,0.3,1.7000000000000002,1.6,132.8,0.0,0.0,227.3,0.0,21.700000000000003,23.3,23.3,25.200000000000003,300.0,300.0,31.1,34.9,29.6,28.9,30.8,,,,,,,,,,,,,,,,,,,,,,,,
2026-07-30T19:12:24.533Z,13.427,13.44,0.0,1.4,0.0,0.0,0.0,0.0,0.0,0.0,0.0,0.0,1.0,0.0,0.0,0.0,9.0,4.0,0.0,0.0,0.0,0.0,0.0,0.0,0.0,0.0,2.0,12.0,1.0,12.14,5.01,2.51,1.49,0.0,0.0,0.0,344.3,0.0,-1.4,-0.5,-0.7000000000000001,132.8,0.0,0.0,227.3,0.0,21.700000000000003,23.3,23.3,25.200000000000003,300.0,300.0,31.1,34.9,29.6,28.9,30.8,,,,,,,,,,,,,,,,,,,,,,,,
2026-07-30T19:12:24.545Z,13.439,13.452,0.0,1.4,0.0,0.0,0.0,0.0,0.0,0.0,0.0,0.0,1.0,0.0,0.0,0.0,9.0,4.0,0.0,0.0,0.0,0.0,0.0,0.0,0.0,0.0,4.0,12.0,1.0,12.14,5.01,2.51,1.49,0.0,0.0,0.0,344.20000000000005,0.0,-1.4,0.0,-0.1,132.8,0.0,0.0,227.3,0.0,21.700000000000003,23.3,23.3,25.200000000000003,300.0,300.0,31.1,34.9,29.6,28.9,30.8,,,,,,,,,,,,,,,,,,,,,,,,
2026-07-30T19:12:24.557Z,13.451,13.464,0.0,1.4,0.0,0.0,0.0,0.0,0.0,0.0,0.0,0.0,1.0,0.0,0.0,0.0,9.0,4.0,0.0,0.0,0.0,0.0,0.0,0.0,0.0,0.0,4.0,12.0,1.0,12.17,5.0200000000000005,2.5,1.49,0.0,0.0,0.0,344.20000000000005,0.0,-0.2,0.0,-0.1,132.8,0.0,0.0,227.3,0.0,21.700000000000003,23.4,23.4,25.3,300.0,300.0,31.0,34.9,29.6,28.9,30.8,,,,,,,,,,,,,,,,,,,,,,,,
2026-07-30T19:12:24.569Z,13.463,13.476,0.0,1.4,0.0,0.0,0.0,0.0,0.0,0.0,0.0,0.0,1.0,0.0,0.0,0.0,9.0,4.0,0.0,0.0,0.0,0.0,0.0,0.0,0.0,0.0,6.0,12.0,1.0,12.17,5.0200000000000005,2.5,1.49,0.0,0.1,0.0,344.20000000000005,0.0,-0.2,-1.1,-0.1,132.8,0.0,0.0,227.3,0.0,21.700000000000003,23.4,23.4,25.3,300.0,300.0,31.0,34.9,29.6,28.9,30.8,,,,,,,,,,,,,,,,,,,,,,,,
2026-07-30T19:12:24.582Z,13.476,13.488,0.0,1.4,0.0,0.0,0.0,0.0,0.0,0.0,0.0,0.0,1.0,0.0,0.0,0.0,9.0,4.0,0.0,0.0,0.0,0.0,0.0,0.0,0.0,0.0,1.0,12.0,1.0,12.17,5.0200000000000005,2.5,1.49,0.0,0.0,0.0,344.20000000000005,0.0,-0.8,0.6000000000000001,0.4,132.8,0.0,0.0,227.3,0.0,21.700000000000003,23.4,23.4,25.3,300.0,300.0,31.0,34.9,29.6,28.9,30.8,,,,,,,,,,,,,,,,,,,,,,,,
2026-07-30T19:12:24.593Z,13.487,13.5,0.0,1.4,0.0,0.0,0.0,0.0,0.0,0.0,0.0,0.0,1.0,0.0,0.0,0.0,9.0,4.0,0.0,0.0,0.0,0.0,0.0,0.0,0.0,0.0,2.0,12.0,1.0,12.17,5.0200000000000005,2.5,1.49,0.0,0.0,0.0,344.3,0.0,-0.8,-1.7000000000000002,-1.3,132.8,0.0,0.0,227.3,0.0,21.700000000000003,23.4,23.4,25.3,300.0,300.0,31.0,34.9,29.6,28.9,30.8,,,,,,,,,,,,,,,,,,,,,,,,
2026-07-30T19:12:24.605Z,13.499,13.512,0.0,1.4,0.0,0.0,0.0,0.0,0.0,0.0,0.0,0.0,1.0,0.0,0.0,0.0,9.0,4.0,0.0,0.0,0.0,0.0,0.0,0.0,0.0,0.0,2.0,12.0,1.0,12.17,5.0200000000000005,2.5,1.49,0.0,0.0,0.0,344.3,0.0,0.3,-0.5,-0.7000000000000001,132.8,0.0,0.0,226.9,0.0,21.700000000000003,23.4,23.4,25.3,300.0,300.0,31.0,34.9,29.6,28.9,30.8,,,,,,,,,,,,,,,,,,,,,,,,
2026-07-30T19:12:24.617Z,13.511,13.524,0.0,1.4,0.0,0.0,0.0,0.0,0.0,0.0,0.0,0.0,1.0,0.0,0.0,0.0,9.0,4.0,0.0,0.0,0.0,0.0,0.0,0.0,0.0,0.0,4.0,12.0,1.0,12.17,5.0200000000000005,2.5,1.49,0.0,0.0,0.0,344.3,0.0,0.3,0.5,-0.2,132.8,0.0,0.0,227.4,0.0,21.700000000000003,23.4,23.4,25.3,300.0,300.0,31.0,34.9,29.6,28.9,30.8,,,,,,,,,,,,,,,,,,,,,,,,
2026-07-30T19:12:24.629Z,13.523,13.536,0.0,1.4,0.0,0.0,0.0,0.0,0.0,0.0,0.0,0.0,1.0,0.0,0.0,0.0,9.0,4.0,0.0,0.0,0.0,0.0,0.0,0.0,0.0,0.0,5.0,12.0,1.0,12.17,5.0200000000000005,2.5,1.49,0.0,0.0,0.0,344.20000000000005,0.0,-0.2,-0.5,-0.8,132.8,0.0,0.0,227.3,0.0,21.700000000000003,23.4,23.4,25.3,300.0,300.0,31.0,34.9,29.6,28.9,30.8,,,,,,,,,,,,,,,,,,,,,,,,
2026-07-30T19:12:24.641Z,13.535,13.548,0.0,1.4,0.0,0.0,0.0,0.0,0.0,0.0,0.0,0.0,1.0,0.0,0.0,0.0,9.0,4.0,0.0,0.0,0.0,0.0,0.0,0.0,0.0,0.0,6.0,12.0,1.0,12.17,5.0200000000000005,2.5,1.49,0.0,0.0,0.0,344.3,0.0,0.8,0.0,0.9,132.8,0.0,0.0,227.3,0.0,21.700000000000003,23.4,23.4,25.3,300.0,300.0,31.0,34.9,29.6,28.9,30.8,,,,,,,,,,,,,,,,,,,,,,,,
2026-07-30T19:12:24.653Z,13.547,13.56,0.0,1.4,0.0,0.0,0.0,0.0,0.0,0.0,0.0,0.0,1.0,0.0,0.0,0.0,9.0,4.0,0.0,0.0,0.0,0.0,0.0,0.0,0.0,0.0,1.0,12.0,1.0,12.17,5.0200000000000005,2.5,1.49,0.0,0.0,0.0,344.3,0.0,-0.3,0.0,-0.2,132.8,0.0,0.0,227.3,0.0,21.700000000000003,23.4,23.4,25.3,300.0,300.0,31.0,34.9,29.6,28.9,30.8,,,,,,,,,,,,,,,,,,,,,,,,
2026-07-30T19:12:24.665Z,13.559,13.572,0.0,1.4,0.0,0.0,0.0,0.0,0.0,0.0,0.0,0.0,1.0,0.0,0.0,0.0,9.0,4.0,0.0,0.0,0.0,0.0,0.0,0.0,0.0,0.0,2.0,12.0,1.0,12.14,5.01,2.5,1.5,0.0,0.1,0.0,344.3,0.0,-0.2,0.0,-0.8,132.8,0.0,0.0,227.3,0.0,21.4,23.5,23.5,25.4,300.0,300.0,31.0,34.9,29.6,28.8,30.8,,,,,,,,,,,,,,,,,,,,,,,,
2026-07-30T19:12:24.677Z,13.571,13.584,0.0,1.4,0.0,0.0,0.0,0.0,0.0,0.0,0.0,0.0,1.0,0.0,0.0,0.0,9.0,4.0,0.0,0.0,0.0,0.0,0.0,0.0,0.0,0.0,3.0,12.0,1.0,12.14,5.01,2.5,1.5,0.0,0.0,0.0,344.3,0.0,-0.2,-0.5,-0.7000000000000001,132.8,0.0,0.0,227.3,0.0,21.4,23.5,23.5,25.4,300.0,300.0,31.0,34.9,29.6,28.8,30.8,,,,,,,,,,,,,,,,,,,,,,,,
2026-07-30T19:12:24.689Z,13.583,13.596,0.0,1.4,0.0,0.0,0.0,0.0,0.0,0.0,0.0,0.0,1.0,0.0,0.0,0.0,9.0,4.0,0.0,0.0,0.0,0.0,0.0,0.0,0.0,0.0,4.0,12.0,1.0,12.14,5.01,2.5,1.5,0.0,0.0,0.0,344.3,0.0,0.3,-0.5,1.5,132.8,0.0,0.0,227.3,0.0,21.4,23.5,23.5,25.4,300.0,300.0,31.0,34.9,29.6,28.8,30.8,,,,,,,,,,,,,,,,,,,,,,,,
2026-07-30T19:12:24.701Z,13.595,13.608,0.0,1.4,0.0,0.0,0.0,0.0,0.0,0.0,0.0,0.0,1.0,0.0,0.0,0.0,9.0,4.0,0.0,0.0,0.0,0.0,0.0,0.0,0.0,0.0,5.0,12.0,1.0,12.14,5.01,2.5,1.5,0.0,0.0,0.0,344.20000000000005,0.0,0.3,1.1,-0.1,132.8,0.0,0.0,227.0,0.0,21.4,23.5,23.5,25.4,300.0,300.0,31.0,34.9,29.6,28.8,30.8,,,,,,,,,,,,,,,,,,,,,,,,
2026-07-30T19:12:24.714Z,13.608,13.62,0.0,1.4,0.0,0.0,0.0,0.0,0.0,0.0,0.0,0.0,1.0,0.0,0.0,0.0,9.0,4.0,0.0,0.0,0.0,0.0,0.0,0.0,0.0,0.0,6.0,12.0,1.0,12.14,5.01,2.5,1.5,0.0,0.0,0.0,344.20000000000005,0.0,0.3,0.5,-0.6000000000000001,132.8,0.0,0.0,227.3,0.0,21.4,23.5,23.5,25.4,300.0,300.0,31.0,34.9,29.6,28.8,30.8,,,,,,,,,,,,,,,,,,,,,,,,
2026-07-30T19:12:24.725Z,13.619,13.632,0.0,1.4,0.0,0.0,0.0,0.0,0.0,0.0,0.0,0.0,1.0,0.0,0.0,0.0,9.0,4.0,0.0,0.0,0.0,0.0,0.0,0.0,0.0,0.0,1.0,12.0,1.0,12.14,5.01,2.5,1.5,0.0,0.0,0.0,344.3,0.0,0.3,-0.6000000000000001,0.9,132.8,0.0,0.0,227.3,0.0,21.4,23.5,23.5,25.4,300.0,300.0,31.0,34.9,29.6,28.8,30.8,,,,,,,,,,,,,,,,,,,,,,,,
2026-07-30T19:12:24.737Z,13.631,13.644,0.0,1.4,0.0,0.0,0.0,0.0,0.0,0.0,0.0,0.0,1.0,0.0,0.0,0.0,9.0,4.0,0.0,0.0,0.0,0.0,0.0,0.0,0.0,0.0,3.0,12.0,1.0,12.14,5.01,2.5,1.5,0.0,0.0,0.0,344.3,0.0,-0.2,-1.1,-0.7000000000000001,132.8,0.0,0.0,227.3,0.0,21.4,23.5,23.5,25.4,300.0,300.0,31.0,34.9,29.6,28.8,30.8,,,,,,,,,,,,,,,,,,,,,,,,
2026-07-30T19:12:24.749Z,13.643,13.656,0.0,1.4,0.0,0.0,0.0,0.0,0.0,0.0,0.0,0.0,1.0,0.0,0.0,0.0,9.0,4.0,0.0,0.0,0.0,0.0,0.0,0.0,0.0,0.0,4.0,12.0,1.0,12.14,5.01,2.5,1.5,0.0,0.0,0.0,344.3,0.0,0.3,1.7000000000000002,-0.6000000000000001,132.8,0.0,0.0,227.3,0.0,21.4,23.5,23.5,25.4,300.0,300.0,31.0,34.9,29.6,28.8,30.8,,,,,,,,,,,,,,,,,,,,,,,,
2026-07-30T19:12:24.763Z,13.657,13.668,0.0,1.4,0.0,0.0,0.0,0.0,0.0,0.0,0.0,0.0,1.0,0.0,0.0,0.0,9.0,4.0,0.0,0.0,0.0,0.0,0.0,0.0,0.0,0.0,5.0,12.0,1.0,12.14,5.0200000000000005,2.5,1.49,0.0,0.0,0.0,344.20000000000005,0.0,0.3,0.6000000000000001,0.4,132.70000000000002,0.0,0.0,227.3,0.0,21.8,23.6,23.6,25.4,300.0,300.0,31.0,34.9,29.6,28.8,30.8,,,,,,,,,,,,,,,,,,,,,,,,
2026-07-30T19:12:24.773Z,13.667,13.68,0.0,1.4,0.0,0.0,0.0,0.0,0.0,0.0,0.0,0.0,1.0,0.0,0.0,0.0,9.0,4.0,0.0,0.0,0.0,0.0,0.0,0.0,0.0,0.0,6.0,12.0,1.0,12.14,5.0200000000000005,2.5,1.49,0.0,0.0,0.0,344.20000000000005,0.0,0.4,-1.0,-0.6000000000000001,132.70000000000002,0.0,0.0,227.4,0.0,21.8,23.6,23.6,25.4,300.0,300.0,31.0,34.9,29.6,28.8,30.8,,,,,,,,,,,,,,,,,,,,,,,,
2026-07-30T19:12:24.785Z,13.679,13.692,0.0,1.4,0.0,0.0,0.0,0.0,0.0,0.0,0.0,0.0,1.0,0.0,0.0,0.0,9.0,4.0,0.0,0.0,0.0,0.0,0.0,0.0,0.0,0.0,1.0,12.0,1.0,12.14,5.0200000000000005,2.5,1.49,0.0,0.0,0.0,344.20000000000005,0.0,0.3,-0.5,-0.1,132.70000000000002,0.0,0.0,227.4,0.0,21.8,23.6,23.6,25.4,300.0,300.0,31.0,34.9,29.6,28.8,30.8,,,,,,,,,,,,,,,,,,,,,,,,
2026-07-30T19:12:24.798Z,13.692,13.704,0.0,1.4,0.0,0.0,0.0,0.0,0.0,0.0,0.0,0.0,1.0,0.0,0.0,0.0,9.0,4.0,0.0,0.0,0.0,0.0,0.0,0.0,0.0,0.0,2.0,12.0,1.0,12.14,5.0200000000000005,2.5,1.49,0.0,0.0,0.0,344.20000000000005,0.0,0.9,0.6000000000000001,-1.3,132.70000000000002,0.0,0.0,227.5,0.0,21.8,23.6,23.6,25.4,300.0,300.0,31.0,34.9,29.6,28.8,30.8,,,,,,,,,,,,,,,,,,,,,,,,
2026-07-30T19:12:24.809Z,13.703,13.716,0.0,1.4,0.0,0.0,0.0,0.0,0.0,0.0,0.0,0.0,1.0,0.0,0.0,0.0,9.0,4.0,0.0,0.0,0.0,0.0,0.0,0.0,0.0,0.0,3.0,12.0,1.0,12.14,5.0200000000000005,2.5,1.49,0.0,0.0,0.0,344.3,0.0,-1.3,-0.4,-1.8,132.70000000000002,0.0,0.0,226.1,0.0,21.8,23.6,23.6,25.4,300.0,300.0,31.0,34.9,29.6,28.8,30.8,,,,,,,,,,,,,,,,,,,,,,,,
2026-07-30T19:12:24.821Z,13.715,13.728,0.0,1.4,0.0,0.0,0.0,0.0,0.0,0.0,0.0,0.0,1.0,0.0,0.0,0.0,9.0,4.0,0.0,0.0,0.0,0.0,0.0,0.0,0.0,0.0,4.0,12.0,1.0,12.14,5.0200000000000005,2.5,1.49,0.0,0.0,0.0,344.3,0.0,-0.2,-0.4,-0.1,132.70000000000002,0.0,0.0,227.4,0.0,21.8,23.6,23.6,25.4,300.0,300.0,31.0,34.9,29.6,28.8,30.8,,,,,,,,,,,,,,,,,,,,,,,,
2026-07-30T19:12:24.833Z,13.727,13.74,0.0,1.4,0.0,0.0,0.0,0.0,0.0,0.0,0.0,0.0,1.0,0.0,0.0,0.0,9.0,4.0,0.0,0.0,0.0,0.0,0.0,0.0,0.0,0.0,5.0,12.0,1.0,12.14,5.0200000000000005,2.5,1.49,0.0,0.0,0.0,344.3,0.0,-0.7000000000000001,-1.0,-0.6000000000000001,132.70000000000002,0.0,0.0,227.4,0.0,21.8,23.6,23.6,25.4,300.0,300.0,31.0,34.9,29.6,28.8,30.8,,,,,,,,,,,,,,,,,,,,,,,,
2026-07-30T19:12:24.845Z,13.739,13.752,0.0,1.4,0.0,0.0,0.0,0.0,0.0,0.0,0.0,0.0,1.0,0.0,0.0,0.0,9.0,4.0,0.0,0.0,0.0,0.0,0.0,0.0,0.0,0.0,1.0,12.0,1.0,12.14,5.0200000000000005,2.5,1.49,0.0,0.0,0.0,344.3,0.0,-0.7000000000000001,0.1,0.4,132.70000000000002,0.0,0.0,227.3,0.0,21.8,23.6,23.6,25.4,300.0,300.0,31.0,34.9,29.6,28.8,30.8,,,,,,,,,,,,,,,,,,,,,,,,
2026-07-30T19:12:24.857Z,13.751,13.764,0.0,1.4,0.0,0.0,0.0,0.0,0.0,0.0,0.0,0.0,1.0,0.0,0.0,0.0,9.0,4.0,0.0,0.0,0.0,0.0,0.0,0.0,0.0,0.0,2.0,12.0,1.0,12.14,5.0200000000000005,2.5,1.49,0.0,0.0,0.0,344.3,0.0,0.4,1.3,0.4,132.70000000000002,0.0,0.0,227.3,0.0,21.8,23.6,23.6,25.4,300.0,300.0,31.0,34.9,29.6,28.8,30.8,,,,,,,,,,,,,,,,,,,,,,,,
2026-07-30T19:12:24.869Z,13.763,13.776,0.0,1.4,0.0,0.0,0.0,0.0,0.0,0.0,0.0,0.0,1.0,0.0,0.0,0.0,9.0,4.0,0.0,0.0,0.0,0.0,0.0,0.0,0.0,0.0,3.0,12.0,1.0,12.17,5.0200000000000005,2.5,1.49,0.0,0.0,0.0,344.3,0.0,0.3,0.7000000000000001,-0.1,132.70000000000002,0.0,0.0,227.3,0.0,21.3,23.6,23.6,25.5,300.0,300.0,31.0,34.800000000000004,29.6,28.8,30.8,,,,,,,,,,,,,,,,,,,,,,,,
2026-07-30T19:12:24.881Z,13.775,13.788,0.0,1.4,0.0,0.0,0.0,0.0,0.0,0.0,0.0,0.0,1.0,0.0,0.0,0.0,9.0,4.0,0.0,0.0,0.0,0.0,0.0,0.0,0.0,0.0,4.0,12.0,1.0,12.17,5.0200000000000005,2.5,1.49,0.0,0.0,0.0,344.3,0.0,0.3,0.6000000000000001,0.4,132.70000000000002,0.0,0.0,227.3,0.0,21.3,23.6,23.6,25.5,300.0,300.0,31.0,34.800000000000004,29.6,28.8,30.8,,,,,,,,,,,,,,,,,,,,,,,,
2026-07-30T19:12:24.893Z,13.787,13.8,0.0,1.4,0.0,0.0,0.0,0.0,0.0,0.0,0.0,0.0,1.0,0.0,0.0,0.0,9.0,4.0,0.0,0.0,0.0,0.0,0.0,0.0,0.0,0.0,5.0,12.0,1.0,12.17,5.0200000000000005,2.5,1.49,0.0,0.0,0.0,344.3,0.0,-0.2,0.0,1.0,132.70000000000002,0.0,0.0,227.5,0.0,21.3,23.6,23.6,25.5,300.0,300.0,31.0,34.800000000000004,29.6,28.8,30.8,,,,,,,,,,,,,,,,,,,,,,,,
2026-07-30T19:12:24.905Z,13.799,13.812,0.0,1.4,0.0,0.0,0.0,0.0,0.0,0.0,0.0,0.0,1.0,0.0,0.0,0.0,9.0,4.0,0.0,0.0,0.0,0.0,0.0,0.0,0.0,0.0,6.0,12.0,1.0,12.17,5.0200000000000005,2.5,1.49,0.0,0.0,0.0,344.3,0.0,-0.2,0.6000000000000001,1.5,132.70000000000002,0.0,0.0,227.3,0.0,21.3,23.6,23.6,25.5,300.0,300.0,31.0,34.800000000000004,29.6,28.8,30.8,,,,,,,,,,,,,,,,,,,,,,,,
2026-07-30T19:12:24.917Z,13.811,13.824,0.0,1.4,0.0,0.0,0.0,0.0,0.0,0.0,0.0,0.0,1.0,0.0,0.0,0.0,9.0,4.0,0.0,0.0,0.0,0.0,0.0,0.0,0.0,0.0,1.0,12.0,1.0,12.17,5.0200000000000005,2.5,1.49,0.0,0.0,0.0,344.3,0.0,0.3,-0.5,-0.1,132.70000000000002,0.0,0.0,227.2,0.0,21.3,23.6,23.6,25.5,300.0,300.0,31.0,34.800000000000004,29.6,28.8,30.8,,,,,,,,,,,,,,,,,,,,,,,,
2026-07-30T19:12:24.929Z,13.823,13.836,0.0,1.4,0.0,0.0,0.0,0.0,0.0,0.0,0.0,0.0,1.0,0.0,0.0,0.0,9.0,4.0,0.0,0.0,0.0,0.0,0.0,0.0,0.0,0.0,3.0,12.0,1.0,12.17,5.0200000000000005,2.5,1.49,0.0,0.0,0.0,344.3,0.0,0.3,-1.1,1.0,132.70000000000002,0.0,0.0,227.4,0.0,21.3,23.6,23.6,25.5,300.0,300.0,31.0,34.800000000000004,29.6,28.8,30.8,,,,,,,,,,,,,,,,,,,,,,,,
2026-07-30T19:12:24.941Z,13.835,13.848,0.0,1.4,0.0,0.0,0.0,0.0,0.0,0.0,0.0,0.0,1.0,0.0,0.0,0.0,9.0,4.0,0.0,0.0,0.0,0.0,0.0,0.0,0.0,0.0,4.0,12.0,1.0,12.17,5.0200000000000005,2.5,1.49,0.0,0.0,0.0,344.20000000000005,0.0,-0.2,-0.5,-0.1,132.70000000000002,0.0,0.0,227.3,0.0,21.3,23.6,23.6,25.5,300.0,300.0,31.0,34.800000000000004,29.6,28.8,30.8,,,,,,,,,,,,,,,,,,,,,,,,
2026-07-30T19:12:24.953Z,13.847,13.86,0.0,1.4,0.0,0.0,0.0,0.0,0.0,0.0,0.0,0.0,1.0,0.0,0.0,0.0,9.0,4.0,0.0,0.0,0.0,0.0,0.0,0.0,0.0,0.0,5.0,12.0,1.0,12.17,5.0200000000000005,2.5,1.49,0.0,0.0,0.0,344.20000000000005,0.0,0.3,0.0,-0.7000000000000001,132.70000000000002,0.0,0.0,227.3,0.0,21.3,23.6,23.6,25.5,300.0,300.0,31.0,34.800000000000004,29.6,28.8,30.8,,,,,,,,,,,,,,,,,,,,,,,,
2026-07-30T19:12:24.967Z,13.861,13.872,0.0,1.4,0.0,0.0,0.0,0.0,0.0,0.0,0.0,0.0,1.0,0.0,0.0,0.0,9.0,4.0,0.0,0.0,0.0,0.0,0.0,0.0,0.0,0.0,6.0,12.0,1.0,12.17,5.01,2.51,1.49,0.0,0.0,0.0,344.3,0.0,0.8,-0.5,-0.1,132.70000000000002,0.0,0.0,227.3,0.0,21.700000000000003,23.700000000000003,23.700000000000003,25.6,300.0,300.0,31.0,34.800000000000004,29.6,28.8,30.8,,,,,,,,,,,,,,,,,,,,,,,,
2026-07-30T19:12:24.977Z,13.871,13.884,0.0,1.4,0.0,0.0,0.0,0.0,0.0,0.0,0.0,0.0,1.0,0.0,0.0,0.0,9.0,4.0,0.0,0.0,0.0,0.0,0.0,0.0,0.0,0.0,1.0,12.0,1.0,12.17,5.01,2.51,1.49,0.0,0.0,0.0,344.3,0.0,0.3,-0.5,-0.7000000000000001,132.70000000000002,0.0,0.0,227.4,0.0,21.700000000000003,23.700000000000003,23.700000000000003,25.6,300.0,300.0,31.0,34.800000000000004,29.6,28.8,30.8,,,,,,,,,,,,,,,,,,,,,,,,
2026-07-30T19:12:24.989Z,13.883,13.896,0.0,1.4,0.0,0.0,0.0,0.0,0.0,0.0,0.0,0.0,1.0,0.0,0.0,0.0,9.0,4.0,0.0,0.0,0.0,0.0,0.0,0.0,0.0,0.0,3.0,12.0,1.0,12.17,5.01,2.51,1.49,0.0,0.0,0.0,344.3,0.0,0.3,-0.5,-0.7000000000000001,132.70000000000002,0.0,0.0,227.5,0.0,21.700000000000003,23.700000000000003,23.700000000000003,25.6,300.0,300.0,31.0,34.800000000000004,29.6,28.8,30.8,,,,,,,,,,,,,,,,,,,,,,,,
2026-07-30T19:12:25.001Z,13.895,13.908,0.0,1.4,0.0,0.0,0.0,0.0,0.0,0.0,0.0,0.0,1.0,0.0,0.0,0.0,9.0,4.0,0.0,0.0,0.0,0.0,0.0,0.0,0.0,0.0,4.0,12.0,1.0,12.17,5.01,2.51,1.49,0.0,0.0,0.0,344.3,0.0,1.4,0.0,1.5,132.70000000000002,0.0,0.0,227.4,0.0,21.700000000000003,23.700000000000003,23.700000000000003,25.6,300.0,300.0,31.0,34.800000000000004,29.6,28.8,30.8,,,,,,,,,,,,,,,,,,,,,,,,
2026-07-30T19:12:25.013Z,13.907,13.92,0.0,1.4,0.0,0.0,0.0,0.0,0.0,0.0,0.0,0.0,1.0,0.0,0.0,0.0,9.0,4.0,0.0,0.0,0.0,0.0,0.0,0.0,0.0,0.0,6.0,12.0,1.0,12.17,5.01,2.51,1.49,0.0,0.0,0.0,344.3,0.0,0.3,0.0,-0.1,132.70000000000002,0.0,0.0,227.1,0.0,21.700000000000003,23.700000000000003,23.700000000000003,25.6,300.0,300.0,31.0,34.800000000000004,29.6,28.8,30.8,,,,,,,,,,,,,,,,,,,,,,,,
2026-07-30T19:12:25.025Z,13.919,13.932,0.0,1.4,0.0,0.0,0.0,0.0,0.0,0.0,0.0,0.0,1.0,0.0,0.0,0.0,9.0,4.0,0.0,0.0,0.0,0.0,0.0,0.0,0.0,0.0,1.0,12.0,1.0,12.17,5.01,2.51,1.49,0.0,0.0,0.0,344.3,0.0,-0.2,-1.0,-0.2,132.70000000000002,0.0,0.0,227.4,0.0,21.700000000000003,23.700000000000003,23.700000000000003,25.6,300.0,300.0,31.0,34.800000000000004,29.6,28.8,30.8,,,,,,,,,,,,,,,,,,,,,,,,
2026-07-30T19:12:25.037Z,13.931,13.944,0.0,1.4,0.0,0.0,0.0,0.0,0.0,0.0,0.0,0.0,1.0,0.0,0.0,0.0,9.0,4.0,0.0,0.0,0.0,0.0,0.0,0.0,0.0,0.0,2.0,12.0,1.0,12.17,5.01,2.51,1.49,0.0,0.0,0.0,344.3,0.0,-0.3,0.0,0.9,132.70000000000002,0.0,0.0,227.4,0.0,21.700000000000003,23.700000000000003,23.700000000000003,25.6,300.0,300.0,31.0,34.800000000000004,29.6,28.8,30.8,,,,,,,,,,,,,,,,,,,,,,,,
2026-07-30T19:12:25.049Z,13.943,13.956,0.0,1.4,0.0,0.0,0.0,0.0,0.0,0.0,0.0,0.0,1.0,0.0,0.0,0.0,9.0,4.0,0.0,0.0,0.0,0.0,0.0,0.0,0.0,0.0,3.0,12.0,1.0,12.17,5.01,2.51,1.49,0.0,0.0,0.0,344.3,0.0,-0.3,0.6000000000000001,-1.8,132.70000000000002,0.0,0.0,227.3,0.0,21.700000000000003,23.700000000000003,23.700000000000003,25.6,300.0,300.0,31.0,34.800000000000004,29.6,28.8,30.8,,,,,,,,,,,,,,,,,,,,,,,,
2026-07-30T19:12:25.062Z,13.956,13.968,0.0,1.4,0.0,0.0,0.0,0.0,0.0,0.0,0.0,0.0,1.0,0.0,0.0,0.0,9.0,4.0,0.0,0.0,0.0,0.0,0.0,0.0,0.0,0.0,4.0,12.0,1.0,12.17,5.01,2.51,1.49,0.0,0.0,0.0,344.3,0.0,0.2,0.6000000000000001,0.0,132.70000000000002,0.0,0.0,227.3,0.0,21.700000000000003,23.700000000000003,23.700000000000003,25.6,300.0,300.0,31.0,34.800000000000004,29.6,28.8,30.8,,,,,,,,,,,,,,,,,,,,,,,,
2026-07-30T19:12:25.073Z,13.967,13.98,0.0,1.4,0.0,0.0,0.0,0.0,0.0,0.0,0.0,0.0,1.0,0.0,0.0,0.0,9.0,4.0,0.0,0.0,0.0,0.0,0.0,0.0,0.0,0.0,5.0,12.0,1.0,12.15,5.01,2.5,1.49,0.0,0.0,0.0,344.3,0.0,0.3,-1.0,0.0,132.70000000000002,0.0,0.0,227.5,0.0,20.9,23.8,23.8,25.700000000000003,300.0,300.0,30.9,34.800000000000004,29.6,28.8,30.8,,,,,,,,,,,,,,,,,,,,,,,,
2026-07-30T19:12:25.086Z,13.98,13.992,0.0,1.4,0.0,0.0,0.0,0.0,0.0,0.0,0.0,0.0,1.0,0.0,0.0,0.0,9.0,4.0,0.0,0.0,0.0,0.0,0.0,0.0,0.0,0.0,6.0,12.0,1.0,12.15,5.01,2.5,1.49,0.0,0.0,0.0,344.3,0.0,0.2,-0.4,-0.1,132.70000000000002,0.0,0.0,227.4,0.0,20.9,23.8,23.8,25.700000000000003,300.0,300.0,30.9,34.800000000000004,29.6,28.8,30.8,,,,,,,,,,,,,,,,,,,,,,,,
2026-07-30T19:12:25.097Z,13.991,14.004,0.0,1.4,0.0,0.0,0.0,0.0,0.0,0.0,0.0,0.0,1.0,0.0,0.0,0.0,9.0,4.0,0.0,0.0,0.0,0.0,0.0,0.0,0.0,0.0,1.0,12.0,1.0,12.15,5.01,2.5,1.49,0.0,0.0,0.0,344.3,0.0,-0.3,-0.4,-0.1,132.70000000000002,0.0,0.0,227.4,0.0,20.9,23.8,23.8,25.700000000000003,300.0,300.0,30.9,34.800000000000004,29.6,28.8,30.8,,,,,,,,,,,,,,,,,,,,,,,,
2026-07-30T19:12:25.109Z,14.003,14.016,0.0,1.4,0.0,0.0,0.0,0.0,0.0,0.0,0.0,0.0,1.0,0.0,0.0,0.0,9.0,4.0,0.0,0.0,0.0,0.0,0.0,0.0,0.0,0.0,2.0,12.0,1.0,12.15,5.01,2.5,1.49,0.0,0.0,0.0,344.3,0.0,-0.3,-0.4,-1.3,132.70000000000002,0.0,0.0,227.3,0.0,20.9,23.8,23.8,25.700000000000003,300.0,300.0,30.9,34.800000000000004,29.6,28.8,30.8,,,,,,,,,,,,,,,,,,,,,,,,
2026-07-30T19:12:25.121Z,14.015,14.028,0.0,1.4,0.0,0.0,0.0,0.0,0.0,0.0,0.0,0.0,1.0,0.0,0.0,0.0,9.0,4.0,0.0,0.0,0.0,0.0,0.0,0.0,0.0,0.0,3.0,12.0,1.0,12.15,5.01,2.5,1.49,0.0,0.0,0.0,344.3,0.0,-0.3,-1.6,-1.8,132.70000000000002,0.0,0.0,226.3,0.0,20.9,23.8,23.8,25.700000000000003,300.0,300.0,30.9,34.800000000000004,29.6,28.8,30.8,,,,,,,,,,,,,,,,,,,,,,,,
2026-07-30T19:12:25.134Z,14.028,14.04,0.0,1.4,0.0,0.0,0.0,0.0,0.0,0.0,0.0,0.0,1.0,0.0,0.0,0.0,9.0,4.0,0.0,0.0,0.0,0.0,0.0,0.0,0.0,0.0,4.0,12.0,1.0,12.15,5.01,2.5,1.49,0.0,0.0,0.0,344.3,0.0,-0.3,0.0,-0.6000000000000001,132.70000000000002,0.0,0.0,227.5,0.0,20.9,23.8,23.8,25.700000000000003,300.0,300.0,30.9,34.800000000000004,29.6,28.8,30.8,,,,,,,,,,,,,,,,,,,,,,,,
2026-07-30T19:12:25.146Z,14.04,14.052,0.0,1.4,0.0,0.0,0.0,0.0,0.0,0.0,0.0,0.0,1.0,0.0,0.0,0.0,9.0,4.0,0.0,0.0,0.0,0.0,0.0,0.0,0.0,0.0,5.0,12.0,1.0,12.15,5.01,2.5,1.49,0.0,0.0,0.0,344.3,0.0,-0.8,0.0,1.0,132.70000000000002,0.0,0.0,227.3,0.0,20.9,23.8,23.8,25.700000000000003,300.0,300.0,30.9,34.800000000000004,29.6,28.8,30.8,,,,,,,,,,,,,,,,,,,,,,,,
2026-07-30T19:12:25.158Z,14.052,14.064,0.0,1.4,0.0,0.0,0.0,0.0,0.0,0.0,0.0,0.0,1.0,0.0,0.0,0.0,9.0,4.0,0.0,0.0,0.0,0.0,0.0,0.0,0.0,0.0,6.0,12.0,1.0,12.15,5.01,2.5,1.49,0.0,0.0,0.0,344.3,0.0,-0.3,-0.4,0.0,132.70000000000002,0.0,0.0,227.3,0.0,20.9,23.8,23.8,25.700000000000003,300.0,300.0,30.9,34.800000000000004,29.6,28.8,30.8,,,,,,,,,,,,,,,,,,,,,,,,
2026-07-30T19:12:25.172Z,14.066,14.076,0.0,1.4,0.0,0.0,0.0,0.0,0.0,0.0,0.0,0.0,1.0,0.0,0.0,0.0,9.0,4.0,0.0,0.0,0.0,0.0,0.0,0.0,0.0,0.0,1.0,12.0,1.0,12.15,5.01,2.51,1.49,0.0,0.0,0.0,344.3,0.0,-0.8,0.0,-0.5,132.70000000000002,0.0,0.0,227.3,0.0,21.3,23.9,23.9,25.700000000000003,300.0,300.0,30.9,34.9,29.6,28.8,30.700000000000003,,,,,,,,,,,,,,,,,,,,,,,,
2026-07-30T19:12:25.181Z,14.075,14.088,0.0,1.4,0.0,0.0,0.0,0.0,0.0,0.0,0.0,0.0,1.0,0.0,0.0,0.0,9.0,4.0,0.0,0.0,0.0,0.0,0.0,0.0,0.0,0.0,3.0,12.0,1.0,12.15,5.01,2.51,1.49,0.0,0.0,0.0,344.20000000000005,0.0,0.3,0.0,-0.5,132.70000000000002,0.0,0.0,227.4,0.0,21.3,23.9,23.9,25.700000000000003,300.0,300.0,30.9,34.9,29.6,28.8,30.700000000000003,,,,,,,,,,,,,,,,,,,,,,,,
2026-07-30T19:12:25.193Z,14.087,14.1,0.0,1.4,0.0,0.0,0.0,0.0,0.0,0.0,0.0,0.0,1.0,0.0,0.0,0.0,9.0,4.0,0.0,0.0,0.0,0.0,0.0,0.0,0.0,0.0,4.0,12.0,1.0,12.15,5.01,2.51,1.49,0.0,0.0,0.0,344.3,0.0,-0.2,0.0,0.0,132.70000000000002,0.0,0.0,227.4,0.0,21.3,23.9,23.9,25.700000000000003,300.0,300.0,30.9,34.9,29.6,28.8,30.700000000000003,,,,,,,,,,,,,,,,,,,,,,,,
2026-07-30T19:12:25.206Z,14.1,14.112,0.0,1.4,0.0,0.0,0.0,0.0,0.0,0.0,0.0,0.0,1.0,0.0,0.0,0.0,9.0,4.0,0.0,0.0,0.0,0.0,0.0,0.0,0.0,0.0,5.0,12.0,1.0,12.15,5.01,2.51,1.49,0.0,0.0,0.0,344.3,0.0,0.3,0.6000000000000001,-0.5,132.70000000000002,0.0,0.0,227.3,0.0,21.3,23.9,23.9,25.700000000000003,300.0,300.0,30.9,34.9,29.6,28.8,30.700000000000003,,,,,,,,,,,,,,,,,,,,,,,,
2026-07-30T19:12:25.217Z,14.111,14.124,0.0,1.4,0.0,0.0,0.0,0.0,0.0,0.0,0.0,0.0,1.0,0.0,0.0,0.0,9.0,4.0,0.0,0.0,0.0,0.0,0.0,0.0,0.0,0.0,1.0,12.0,1.0,12.15,5.01,2.51,1.49,0.0,0.0,0.0,344.20000000000005,0.0,-0.2,-0.4,0.6000000000000001,132.70000000000002,0.0,0.0,227.3,0.0,21.3,23.9,23.9,25.700000000000003,300.0,300.0,30.9,34.9,29.6,28.8,30.700000000000003,,,,,,,,,,,,,,,,,,,,,,,,
2026-07-30T19:12:25.229Z,14.123,14.136,0.0,1.4,0.0,0.0,0.0,0.0,0.0,0.0,0.0,0.0,1.0,0.0,0.0,0.0,9.0,4.0,0.0,0.0,0.0,0.0,0.0,0.0,0.0,0.0,2.0,12.0,1.0,12.15,5.01,2.51,1.49,0.0,0.0,0.0,344.3,0.0,-0.8,0.0,0.6000000000000001,132.70000000000002,0.0,0.0,227.0,0.0,21.3,23.9,23.9,25.700000000000003,300.0,300.0,30.9,34.9,29.6,28.8,30.700000000000003,,,,,,,,,,,,,,,,,,,,,,,,
2026-07-30T19:12:25.241Z,14.135,14.148,0.0,1.4,0.0,0.0,0.0,0.0,0.0,0.0,0.0,0.0,1.0,0.0,0.0,0.0,9.0,4.0,0.0,0.0,0.0,0.0,0.0,0.0,0.0,0.0,3.0,12.0,1.0,12.15,5.01,2.51,1.49,0.0,0.0,0.0,344.3,0.0,0.9,1.2000000000000002,0.6000000000000001,132.70000000000002,0.0,0.0,227.3,0.0,21.3,23.9,23.9,25.700000000000003,300.0,300.0,30.9,34.9,29.6,28.8,30.700000000000003,,,,,,,,,,,,,,,,,,,,,,,,
2026-07-30T19:12:25.253Z,14.147,14.16,0.0,1.4,0.0,0.0,0.0,0.0,0.0,0.0,0.0,0.0,1.0,0.0,0.0,0.0,9.0,4.0,0.0,0.0,0.0,0.0,0.0,0.0,0.0,0.0,4.0,12.0,1.0,12.15,5.01,2.51,1.49,0.0,0.1,0.0,344.3,0.0,0.3,-0.4,0.0,132.70000000000002,0.0,0.0,227.3,0.0,21.3,23.9,23.9,25.700000000000003,300.0,300.0,30.9,34.9,29.6,28.8,30.700000000000003,,,,,,,,,,,,,,,,,,,,,,,,
2026-07-30T19:12:25.266Z,14.16,14.172,0.0,1.4,0.0,0.0,0.0,0.0,0.0,0.0,0.0,0.0,1.0,0.0,0.0,0.0,9.0,4.0,0.0,0.0,0.0,0.0,0.0,0.0,0.0,0.0,5.0,12.0,1.0,12.15,5.01,2.51,1.49,0.0,0.0,0.0,344.20000000000005,0.0,-0.8,0.0,-1.0,132.70000000000002,0.0,0.0,227.3,0.0,21.3,23.9,23.9,25.700000000000003,300.0,300.0,30.9,34.9,29.6,28.8,30.700000000000003,,,,,,,,,,,,,,,,,,,,,,,,
2026-07-30T19:12:25.277Z,14.171,14.184,-0.1,1.4,0.0,0.0,0.0,0.0,0.0,0.0,0.0,0.0,1.0,0.0,0.0,0.0,9.0,4.0,0.0,0.0,0.0,0.0,0.0,0.0,0.0,0.0,6.0,12.0,1.0,12.17,5.01,2.51,1.49,0.0,0.0,0.0,344.3,0.0,-0.1,0.0,0.0,132.70000000000002,0.0,0.0,227.4,0.0,21.8,23.9,23.9,25.8,300.0,300.0,30.9,34.9,29.6,28.8,30.700000000000003,,,,,,,,,,,,,,,,,,,,,,,,
2026-07-30T19:12:25.289Z,14.183,14.196,-0.1,1.4,0.0,0.0,0.0,0.0,0.0,0.0,0.0,0.0,1.0,0.0,0.0,0.0,9.0,4.0,0.0,0.0,0.0,0.0,0.0,0.0,0.0,0.0,2.0,12.0,1.0,12.17,5.01,2.51,1.49,0.0,0.0,0.0,342.6,0.0,0.9,0.1,0.7000000000000001,132.70000000000002,0.0,0.0,227.4,0.0,21.8,23.9,23.9,25.8,300.0,300.0,30.9,34.9,29.6,28.8,30.700000000000003,,,,,,,,,,,,,,,,,,,,,,,,
2026-07-30T19:12:25.301Z,14.195,14.208,-0.1,1.4,0.0,0.0,0.0,0.0,0.0,0.0,0.0,0.0,1.0,0.0,0.0,0.0,9.0,4.0,0.0,0.0,0.0,0.0,0.0,0.0,0.0,0.0,3.0,12.0,1.0,12.17,5.01,2.51,1.49,-0.1,0.1,0.0,340.6,0.0,0.9,-0.4,0.0,132.70000000000002,0.0,0.0,227.5,0.0,21.8,23.9,23.9,25.8,300.0,300.0,30.9,34.9,29.6,28.8,30.700000000000003,,,,,,,,,,,,,,,,,,,,,,,,
2026-07-30T19:12:25.313Z,14.207,14.22,-0.1,1.4,0.0,0.0,0.0,0.0,0.0,0.0,0.0,0.0,1.0,0.0,0.0,0.0,9.0,4.0,0.0,0.0,0.0,0.0,0.0,0.0,0.0,0.0,4.0,12.0,1.0,12.17,5.01,2.51,1.49,0.0,0.0,0.0,338.5,0.0,-0.2,-0.4,0.0,132.70000000000002,0.0,0.0,227.3,0.0,21.8,23.9,23.9,25.8,300.0,300.0,30.9,34.9,29.6,28.8,30.700000000000003,,,,,,,,,,,,,,,,,,,,,,,,
2026-07-30T19:12:25.325Z,14.219,14.232,-0.1,1.4,0.0,0.0,0.0,0.0,0.0,0.0,0.0,0.0,1.0,0.0,0.0,0.0,9.0,4.0,0.0,0.0,0.0,0.0,0.0,0.0,0.0,0.0,5.0,12.0,1.0,12.17,5.01,2.51,1.49,0.0,0.0,0.0,336.5,0.0,0.3,0.0,-0.5,132.70000000000002,0.0,0.0,227.2,0.0,21.8,23.9,23.9,25.8,300.0,300.0,30.9,34.9,29.6,28.8,30.700000000000003,,,,,,,,,,,,,,,,,,,,,,,,
2026-07-30T19:12:25.338Z,14.232,14.244,0.0,1.4,0.0,0.0,0.0,0.0,0.0,0.0,0.0,0.0,1.0,0.0,0.0,0.0,9.0,4.0,0.0,0.0,0.0,0.0,0.0,0.0,0.0,0.0,6.0,12.0,1.0,12.17,5.01,2.51,1.49,0.0,0.0,0.0,334.5,0.0,-0.8,-0.5,0.6000000000000001,132.70000000000002,0.0,0.0,227.3,0.0,21.8,23.9,23.9,25.8,300.0,300.0,30.9,34.9,29.6,28.8,30.700000000000003,,,,,,,,,,,,,,,,,,,,,,,,
2026-07-30T19:12:25.350Z,14.244,14.256,0.0,1.4,0.0,0.0,0.0,0.0,0.0,0.0,0.0,0.0,1.0,0.0,0.0,0.0,9.0,4.0,0.0,0.0,0.0,0.0,0.0,0.0,0.0,0.0,1.0,12.0,1.0,12.17,5.01,2.51,1.49,0.0,0.0,0.0,332.5,0.0,-0.2,-1.1,-0.5,132.70000000000002,0.0,0.0,227.3,0.0,21.8,23.9,23.9,25.8,300.0,300.0,30.9,34.9,29.6,28.8,30.700000000000003,,,,,,,,,,,,,,,,,,,,,,,,
2026-07-30T19:12:25.361Z,14.255,14.268,0.0,1.4,0.0,0.0,0.0,0.0,0.0,0.0,0.0,0.0,1.0,0.0,0.0,0.0,9.0,4.0,0.0,0.0,0.0,0.0,0.0,0.0,0.0,0.0,2.0,12.0,1.0,12.17,5.01,2.51,1.49,0.0,0.0,0.0,330.6,0.0,-0.2,-0.4,-1.1,132.70000000000002,0.0,0.0,227.3,0.0,21.8,23.9,23.9,25.8,300.0,300.0,30.9,34.9,29.6,28.8,30.700000000000003,,,,,,,,,,,,,,,,,,,,,,,,
2026-07-30T19:12:25.375Z,14.269,14.28,0.0,1.4,0.0,0.0,0.0,0.0,0.0,0.0,0.0,0.0,1.0,0.0,0.0,0.0,9.0,4.0,0.0,0.0,0.0,0.0,0.0,0.0,0.0,0.0,4.0,12.0,1.0,12.15,5.01,2.51,1.49,0.0,0.0,0.0,328.6,0.0,0.3,0.0,-0.6000000000000001,132.70000000000002,0.0,0.0,227.3,0.0,21.4,24.0,24.0,25.9,300.0,300.0,31.0,34.800000000000004,29.6,28.8,30.700000000000003,,,,,,,,,,,,,,,,,,,,,,,,
2026-07-30T19:12:25.385Z,14.279,14.292,0.0,1.4,0.0,0.0,0.0,0.0,0.0,0.0,0.0,0.0,1.0,0.0,0.0,0.0,9.0,4.0,0.0,0.0,0.0,0.0,0.0,0.0,0.0,0.0,4.0,12.0,1.0,12.15,5.01,2.51,1.49,0.0,0.0,0.0,326.6,0.0,-0.2,0.6000000000000001,1.0,132.70000000000002,0.0,0.0,227.3,0.0,21.4,24.0,24.0,25.9,300.0,300.0,31.0,34.800000000000004,29.6,28.8,30.700000000000003,,,,,,,,,,,,,,,,,,,,,,,,
2026-07-30T19:12:25.397Z,14.291,14.304,0.0,1.4,0.0,0.0,0.0,0.0,0.0,0.0,0.0,0.0,1.0,0.0,0.0,0.0,9.0,4.0,0.0,0.0,0.0,0.0,0.0,0.0,0.0,0.0,6.0,12.0,1.0,12.15,5.01,2.51,1.49,0.0,0.0,0.0,324.70000000000005,0.0,0.2,0.0,0.0,132.70000000000002,0.0,0.0,227.3,0.0,21.4,24.0,24.0,25.9,300.0,300.0,31.0,34.800000000000004,29.6,28.8,30.700000000000003,,,,,,,,,,,,,,,,,,,,,,,,
2026-07-30T19:12:25.409Z,14.303,14.316,0.0,1.4,0.0,0.0,0.0,0.0,0.0,0.0,0.0,0.0,1.0,0.0,0.0,0.0,9.0,4.0,0.0,0.0,0.0,0.0,0.0,0.0,0.0,0.0,1.0,12.0,1.0,12.15,5.01,2.51,1.49,0.0,0.0,0.0,322.70000000000005,0.0,0.2,-0.5,-1.2000000000000002,132.70000000000002,0.0,0.0,227.4,0.0,21.4,24.0,24.0,25.9,300.0,300.0,31.0,34.800000000000004,29.6,28.8,30.700000000000003,,,,,,,,,,,,,,,,,,,,,,,,
2026-07-30T19:12:25.421Z,14.315,14.328,0.0,1.4,0.0,0.0,0.0,0.0,0.0,0.0,0.0,0.0,1.0,0.0,0.0,0.0,9.0,4.0,0.0,0.0,0.0,0.0,0.0,0.0,0.0,0.0,2.0,12.0,1.0,12.15,5.01,2.51,1.49,0.0,0.0,0.0,320.8,0.0,0.3,0.0,0.0,132.70000000000002,0.0,0.0,227.2,0.0,21.4,24.0,24.0,25.9,300.0,300.0,31.0,34.800000000000004,29.6,28.8,30.700000000000003,,,,,,,,,,,,,,,,,,,,,,,,
2026-07-30T19:12:25.434Z,14.328,14.34,0.0,1.4,0.0,0.0,0.0,0.0,0.0,0.0,0.0,0.0,1.0,0.0,0.0,0.0,9.0,4.0,0.0,0.0,0.0,0.0,0.0,0.0,0.0,0.0,3.0,12.0,1.0,12.15,5.01,2.51,1.49,0.0,0.0,0.0,319.0,0.0,-0.2,0.0,0.5,132.70000000000002,0.0,0.0,226.6,0.0,21.4,24.0,24.0,25.9,300.0,300.0,31.0,34.800000000000004,29.6,28.8,30.700000000000003,,,,,,,,,,,,,,,,,,,,,,,,
2026-07-30T19:12:25.446Z,14.34,14.352,0.0,1.4,0.0,0.0,0.0,0.0,0.0,0.0,0.0,0.0,1.0,0.0,0.0,0.0,9.0,4.0,0.0,0.0,0.0,0.0,0.0,0.0,0.0,0.0,4.0,12.0,1.0,12.15,5.01,2.51,1.49,0.0,0.0,0.0,317.1,0.0,0.3,0.0,0.0,132.70000000000002,0.0,0.0,227.3,0.0,21.4,24.0,24.0,25.9,300.0,300.0,31.0,34.800000000000004,29.6,28.8,30.700000000000003,,,,,,,,,,,,,,,,,,,,,,,,
2026-07-30T19:12:25.458Z,14.352,14.364,0.0,1.4,0.0,0.0,0.0,0.0,0.0,0.0,0.0,0.0,1.0,0.0,0.0,0.0,9.0,4.0,0.0,0.0,0.0,0.0,0.0,0.0,0.0,0.0,5.0,12.0,1.0,12.15,5.01,2.51,1.49,0.0,0.0,0.0,315.20000000000005,0.0,-0.8,0.0,0.6000000000000001,132.70000000000002,0.0,0.0,227.3,0.0,21.4,24.0,24.0,25.9,300.0,300.0,31.0,34.800000000000004,29.6,28.8,30.700000000000003,,,,,,,,,,,,,,,,,,,,,,,,
2026-07-30T19:12:25.470Z,14.364,14.376,0.0,1.4,0.0,0.0,0.0,0.0,0.0,0.0,0.0,0.0,1.0,0.0,0.0,0.0,9.0,4.0,0.0,0.0,0.0,0.0,0.0,0.0,0.0,0.0,6.0,12.0,1.0,12.15,5.01,2.51,1.49,0.0,0.0,0.0,313.3,0.0,-0.2,0.0,-0.5,132.70000000000002,0.0,0.0,227.3,0.0,21.4,24.0,24.0,25.9,300.0,300.0,31.0,34.800000000000004,29.6,28.8,30.700000000000003,,,,,,,,,,,,,,,,,,,,,,,,
2026-07-30T19:12:25.482Z,14.376,14.388,0.0,1.4,0.0,0.0,0.0,0.0,0.0,0.0,0.0,0.0,1.0,0.0,0.0,0.0,9.0,4.0,0.0,0.0,0.0,0.0,0.0,0.0,0.0,0.0,1.0,12.0,1.0,12.18,5.01,2.51,1.49,0.0,0.0,0.0,311.5,0.0,-0.2,-0.5,-0.5,132.70000000000002,0.0,0.0,227.4,0.0,20.9,24.1,24.1,25.9,300.0,300.0,31.1,34.800000000000004,29.6,28.8,30.700000000000003,,,,,,,,,,,,,,,,,,,,,,,,
2026-07-30T19:12:25.493Z,14.387,14.4,0.0,1.4,0.0,0.0,0.0,0.0,0.0,0.0,0.0,0.0,1.0,0.0,0.0,0.0,9.0,4.0,0.0,0.0,0.0,0.0,0.0,0.0,0.0,0.0,3.0,12.0,1.0,12.18,5.01,2.51,1.49,0.0,0.0,0.0,309.6,0.0,0.3,0.6000000000000001,0.6000000000000001,132.70000000000002,0.0,0.0,227.4,0.0,20.9,24.1,24.1,25.9,300.0,300.0,31.1,34.800000000000004,29.6,28.8,30.700000000000003,,,,,,,,,,,,,,,,,,,,,,,,
2026-07-30T19:12:25.505Z,14.399,14.412,0.0,1.4,0.0,0.0,0.0,0.0,0.0,0.0,0.0,0.0,1.0,0.0,0.0,0.0,9.0,4.0,0.0,0.0,0.0,0.0,0.0,0.0,0.0,0.0,4.0,12.0,1.0,12.18,5.01,2.51,1.49,0.0,0.0,0.0,307.8,0.0,-0.8,0.0,1.7000000000000002,132.70000000000002,0.0,0.0,227.3,0.0,20.9,24.1,24.1,25.9,300.0,300.0,31.1,34.800000000000004,29.6,28.8,30.700000000000003,,,,,,,,,,,,,,,,,,,,,,,,
2026-07-30T19:12:25.517Z,14.411,14.424,0.0,1.4,0.0,0.0,0.0,0.0,0.0,0.0,0.0,0.0,1.0,0.0,0.0,0.0,9.0,4.0,0.0,0.0,0.0,0.0,0.0,0.0,0.0,0.0,5.0,12.0,1.0,12.18,5.01,2.51,1.49,0.0,0.0,0.0,305.90000000000003,0.0,-0.8,-0.5,-0.6000000000000001,132.70000000000002,0.0,0.0,227.4,0.0,20.9,24.1,24.1,25.9,300.0,300.0,31.1,34.800000000000004,29.6,28.8,30.700000000000003,,,,,,,,,,,,,,,,,,,,,,,,
2026-07-30T19:12:25.529Z,14.423,14.436,0.0,1.4,0.0,0.0,0.0,0.0,0.0,0.0,0.0,0.0,1.0,0.0,0.0,0.0,9.0,4.0,0.0,0.0,0.0,0.0,0.0,0.0,0.0,0.0,6.0,12.0,1.0,12.18,5.01,2.51,1.49,0.0,0.0,0.0,304.0,0.0,1.5,1.2000000000000002,2.3000000000000003,132.70000000000002,0.0,0.0,227.3,0.0,20.9,24.1,24.1,25.9,300.0,300.0,31.1,34.800000000000004,29.6,28.8,30.700000000000003,,,,,,,,,,,,,,,,,,,,,,,,
2026-07-30T19:12:25.541Z,14.435,14.448,0.0,1.4,0.0,0.0,0.0,0.0,0.0,0.0,0.0,0.0,1.0,0.0,0.0,0.0,9.0,4.0,0.0,0.0,0.0,0.0,0.0,0.0,0.0,0.0,6.0,12.0,1.0,12.18,5.01,2.51,1.49,0.0,0.0,0.0,303.3,0.0,-0.2,-1.6,-1.1,132.70000000000002,0.0,0.0,226.2,0.0,20.9,24.1,24.1,25.9,300.0,300.0,31.1,34.800000000000004,29.6,28.8,30.700000000000003,,,,,,,,,,,,,,,,,,,,,,,,
2026-07-30T19:12:25.553Z,14.447,14.46,0.0,1.4,0.0,0.0,0.0,0.0,0.0,0.0,0.0,0.0,1.0,0.0,0.0,0.0,9.0,4.0,0.0,0.0,0.0,0.0,0.0,0.0,0.0,0.0,2.0,12.0,1.0,12.18,5.01,2.51,1.49,0.0,0.0,0.0,303.2,0.0,-0.2,-0.5,0.6000000000000001,132.70000000000002,0.0,0.0,227.5,0.0,20.9,24.1,24.1,25.9,300.0,300.0,31.1,34.800000000000004,29.6,28.8,30.700000000000003,,,,,,,,,,,,,,,,,,,,,,,,
2026-07-30T19:12:25.565Z,14.459,14.472,0.0,1.4,0.0,0.0,0.0,0.0,0.0,0.0,0.0,0.0,1.0,0.0,0.0,0.0,9.0,4.0,0.0,0.0,0.0,0.0,0.0,0.0,0.0,0.0,3.0,12.0,1.0,12.18,5.01,2.51,1.49,0.0,0.0,0.0,303.1,0.0,-0.2,0.0,0.0,132.70000000000002,0.0,0.0,227.3,0.0,20.9,24.1,24.1,25.9,300.0,300.0,31.1,34.800000000000004,29.6,28.8,30.700000000000003,,,,,,,,,,,,,,,,,,,,,,,,
2026-07-30T19:12:25.578Z,14.472,14.484,0.0,1.4,0.0,0.0,0.0,0.0,0.0,0.0,0.0,0.0,1.0,0.0,0.0,0.0,9.0,4.0,0.0,0.0,0.0,0.0,0.0,0.0,0.0,0.0,4.0,12.0,1.0,12.17,5.01,2.51,1.49,0.0,0.0,0.0,302.8,0.0,-0.2,0.6000000000000001,1.1,132.70000000000002,0.0,0.0,227.3,0.0,21.3,24.200000000000003,24.200000000000003,25.9,300.0,300.0,31.0,34.800000000000004,29.5,28.8,30.700000000000003,,,,,,,,,,,,,,,,,,,,,,,,
2026-07-30T19:12:25.589Z,14.483,14.496,0.0,1.4,0.0,0.0,0.0,0.0,0.0,0.0,0.0,0.0,1.0,0.0,0.0,0.0,9.0,4.0,0.0,0.0,0.0,0.0,0.0,0.0,0.0,0.0,5.0,12.0,1.0,12.17,5.01,2.51,1.49,0.0,0.0,0.0,302.7,0.0,0.8,-0.5,-0.6000000000000001,132.70000000000002,0.0,0.0,227.4,0.0,21.3,24.200000000000003,24.200000000000003,25.9,300.0,300.0,31.0,34.800000000000004,29.5,28.8,30.700000000000003,,,,,,,,,,,,,,,,,,,,,,,,
2026-07-30T19:12:25.602Z,14.496,14.508,0.0,1.4,0.0,0.0,0.0,0.0,0.0,0.0,0.0,0.0,1.0,0.0,0.0,0.0,9.0,4.0,0.0,0.0,0.0,0.0,0.0,0.0,0.0,0.0,6.0,12.0,1.0,12.17,5.01,2.51,1.49,0.0,0.0,0.0,302.5,0.0,-0.8,0.0,-0.6000000000000001,132.70000000000002,0.0,0.0,227.3,0.0,21.3,24.200000000000003,24.200000000000003,25.9,300.0,300.0,31.0,34.800000000000004,29.5,28.8,30.700000000000003,,,,,,,,,,,,,,,,,,,,,,,,
2026-07-30T19:12:25.614Z,14.508,14.52,0.0,1.4,0.0,0.0,0.0,0.0,0.0,0.0,0.0,0.0,1.0,0.0,0.0,0.0,9.0,4.0,0.0,0.0,0.0,0.0,0.0,0.0,0.0,0.0,1.0,12.0,1.0,12.17,5.01,2.51,1.49,0.0,0.0,0.0,302.40000000000003,0.0,-0.2,-0.5,-0.6000000000000001,132.70000000000002,0.0,0.0,227.3,0.0,21.3,24.200000000000003,24.200000000000003,25.9,300.0,300.0,31.0,34.800000000000004,29.5,28.8,30.700000000000003,,,,,,,,,,,,,,,,,,,,,,,,
2026-07-30T19:12:25.625Z,14.519,14.532,0.0,1.4,0.0,0.0,0.0,0.0,0.0,0.0,0.0,0.0,1.0,0.0,0.0,0.0,9.0,4.0,0.0,0.0,0.0,0.0,0.0,0.0,0.0,0.0,2.0,12.0,1.0,12.17,5.01,2.51,1.49,0.0,0.0,0.0,302.2,0.0,0.3,0.0,0.0,132.70000000000002,0.0,0.0,227.4,0.0,21.3,24.200000000000003,24.200000000000003,25.9,300.0,300.0,31.0,34.800000000000004,29.5,28.8,30.700000000000003,,,,,,,,,,,,,,,,,,,,,,,,
2026-07-30T19:12:25.637Z,14.531,14.544,0.0,1.4,0.0,0.0,0.0,0.0,0.0,0.0,0.0,0.0,1.0,0.0,0.0,0.0,9.0,4.0,0.0,0.0,0.0,0.0,0.0,0.0,0.0,0.0,4.0,12.0,1.0,12.17,5.01,2.51,1.49,0.0,0.1,0.0,302.1,0.0,-0.8,-0.4,-0.5,132.70000000000002,0.0,0.0,227.3,0.0,21.3,24.200000000000003,24.200000000000003,25.9,300.0,300.0,31.0,34.800000000000004,29.5,28.8,30.700000000000003,,,,,,,,,,,,,,,,,,,,,,,,
2026-07-30T19:12:25.649Z,14.543,14.556,0.0,1.4,0.0,0.0,0.0,0.0,0.0,0.0,0.0,0.0,1.0,0.0,0.0,0.0,9.0,4.0,0.0,0.0,0.0,0.0,0.0,0.0,0.0,0.0,5.0,12.0,1.0,12.17,5.01,2.51,1.49,0.0,0.0,0.0,301.90000000000003,0.0,0.2,-1.1,0.5,132.8,0.0,0.0,226.8,0.0,21.3,24.200000000000003,24.200000000000003,25.9,300.0,300.0,31.0,34.800000000000004,29.5,28.8,30.700000000000003,,,,,,,,,,,,,,,,,,,,,,,,
2026-07-30T19:12:25.661Z,14.555,14.568,0.0,1.4,0.0,0.0,0.0,0.0,0.0,0.0,0.0,0.0,1.0,0.0,0.0,0.0,9.0,4.0,0.0,0.0,0.0,0.0,0.0,0.0,0.0,0.0,6.0,12.0,1.0,12.17,5.01,2.51,1.49,0.0,0.0,0.0,301.8,0.0,-0.3,0.0,0.0,132.8,0.0,0.0,227.4,0.0,21.3,24.200000000000003,24.200000000000003,25.9,300.0,300.0,31.0,34.800000000000004,29.5,28.8,30.700000000000003,,,,,,,,,,,,,,,,,,,,,,,,
2026-07-30T19:12:25.673Z,14.567,14.58,0.0,1.4,0.0,0.0,0.0,0.0,0.0,0.0,0.0,0.0,1.0,0.0,0.0,0.0,9.0,4.0,0.0,0.0,0.0,0.0,0.0,0.0,0.0,0.0,1.0,12.0,1.0,12.17,5.01,2.51,1.49,0.0,0.0,0.0,301.6,0.0,0.8,0.6000000000000001,0.0,132.8,0.0,0.0,227.4,0.0,21.3,24.200000000000003,24.200000000000003,25.9,300.0,300.0,31.0,34.800000000000004,29.5,28.8,30.700000000000003,,,,,,,,,,,,,,,,,,,,,,,,
2026-07-30T19:12:25.687Z,14.581,14.592,0.0,1.4,0.0,0.0,0.0,0.0,0.0,0.0,0.0,0.0,1.0,0.0,0.0,0.0,9.0,4.0,0.0,0.0,0.0,0.0,0.0,0.0,0.0,0.0,2.0,12.0,1.0,12.15,5.01,2.51,1.49,0.0,0.0,0.0,301.5,0.0,0.2,0.0,0.0,132.8,0.0,0.0,227.4,0.0,21.700000000000003,24.200000000000003,24.200000000000003,25.9,300.0,300.0,31.0,34.800000000000004,29.5,28.8,30.700000000000003,,,,,,,,,,,,,,,,,,,,,,,,
2026-07-30T19:12:25.697Z,14.591,14.604,0.0,1.4,0.0,0.0,0.0,0.0,0.0,0.0,0.0,0.0,1.0,0.0,0.0,0.0,9.0,4.0,0.0,0.0,0.0,0.0,0.0,0.0,0.0,0.0,1.0,12.0,1.0,12.15,5.01,2.51,1.49,0.0,0.0,0.0,301.3,0.0,0.3,0.0,0.0,132.70000000000002,0.0,0.0,227.3,0.0,21.700000000000003,24.200000000000003,24.200000000000003,25.9,300.0,300.0,31.0,34.800000000000004,29.5,28.8,30.700000000000003,,,,,,,,,,,,,,,,,,,,,,,,
2026-07-30T19:12:25.710Z,14.604,14.616,0.0,1.4,0.0,0.0,0.0,0.0,0.0,0.0,0.0,0.0,1.0,0.0,0.0,0.0,9.0,4.0,0.0,0.0,0.0,0.0,0.0,0.0,0.0,0.0,2.0,12.0,1.0,12.15,5.01,2.51,1.49,0.0,0.0,0.0,301.1,0.0,-0.8,0.1,0.0,132.70000000000002,0.0,0.0,227.3,0.0,21.700000000000003,24.200000000000003,24.200000000000003,25.9,300.0,300.0,31.0,34.800000000000004,29.5,28.8,30.700000000000003,,,,,,,,,,,,,,,,,,,,,,,,
2026-07-30T19:12:25.721Z,14.615,14.628,0.0,1.4,0.0,0.0,0.0,0.0,0.0,0.0,0.0,0.0,1.0,0.0,0.0,0.0,9.0,4.0,0.0,0.0,0.0,0.0,0.0,0.0,0.0,0.0,4.0,12.0,1.0,12.15,5.01,2.51,1.49,0.0,0.0,0.0,301.0,0.0,0.9,0.1,0.6000000000000001,132.70000000000002,0.0,0.0,227.3,0.0,21.700000000000003,24.200000000000003,24.200000000000003,25.9,300.0,300.0,31.0,34.800000000000004,29.5,28.8,30.700000000000003,,,,,,,,,,,,,,,,,,,,,,,,
2026-07-30T19:12:25.733Z,14.627,14.64,0.0,1.4,0.0,0.0,0.0,0.0,0.0,0.0,0.0,0.0,1.0,0.0,0.0,0.0,9.0,4.0,0.0,0.0,0.0,0.0,0.0,0.0,0.0,0.0,5.0,12.0,1.0,12.15,5.01,2.51,1.49,0.0,0.0,0.0,300.8,0.0,-0.2,0.1,-1.1,132.70000000000002,0.0,0.0,227.3,0.0,21.700000000000003,24.200000000000003,24.200000000000003,25.9,300.0,300.0,31.0,34.800000000000004,29.5,28.8,30.700000000000003,,,,,,,,,,,,,,,,,,,,,,,,
2026-07-30T19:12:25.746Z,14.64,14.652,-0.1,1.4,0.0,0.0,0.0,0.0,0.0,0.0,0.0,0.0,1.0,0.0,0.0,0.0,9.0,4.0,0.0,0.0,0.0,0.0,0.0,0.0,0.0,0.0,6.0,12.0,1.0,12.15,5.01,2.51,1.49,0.0,0.0,0.0,300.6,0.0,-0.2,0.7000000000000001,0.6000000000000001,132.70000000000002,0.0,0.0,226.9,0.0,21.700000000000003,24.200000000000003,24.200000000000003,25.9,300.0,300.0,31.0,34.800000000000004,29.5,28.8,30.700000000000003,,,,,,,,,,,,,,,,,,,,,,,,
2026-07-30T19:12:25.757Z,14.651,14.664,-0.1,1.4,0.0,0.0,0.0,0.0,0.0,0.0,0.0,0.0,1.0,0.0,0.0,0.0,9.0,4.0,0.0,0.0,0.0,0.0,0.0,0.0,0.0,0.0,1.0,12.0,1.0,12.15,5.01,2.51,1.49,0.0,0.0,0.0,300.5,0.0,0.3,1.3,-0.5,132.8,0.0,0.0,227.4,0.0,21.700000000000003,24.200000000000003,24.200000000000003,25.9,300.0,300.0,31.0,34.800000000000004,29.5,28.8,30.700000000000003,,,,,,,,,,,,,,,,,,,,,,,,
2026-07-30T19:12:25.769Z,14.663,14.676,-0.1,1.4,0.0,0.0,0.0,0.0,0.0,0.0,0.0,0.0,1.0,0.0,0.0,0.0,9.0,4.0,0.0,0.0,0.0,0.0,0.0,0.0,0.0,0.0,3.0,12.0,1.0,12.15,5.01,2.51,1.49,0.0,0.0,0.0,300.40000000000003,0.0,-0.8,0.1,0.6000000000000001,132.70000000000002,0.0,0.0,227.4,0.0,21.700000000000003,24.200000000000003,24.200000000000003,25.9,300.0,300.0,31.0,34.800000000000004,29.5,28.8,30.700000000000003,,,,,,,,,,,,,,,,,,,,,,,,
2026-07-30T19:12:25.782Z,14.676,14.688,-0.1,1.4,0.0,0.0,0.0,0.0,0.0,0.0,0.0,0.0,1.0,0.0,0.0,0.0,9.0,4.0,0.0,0.0,0.0,0.0,0.0,0.0,0.0,0.0,3.0,12.0,1.0,12.15,5.01,2.5,1.5,0.0,0.0,0.0,300.2,0.0,-0.2,-0.4,-1.1,132.70000000000002,0.0,0.0,227.3,0.0,21.4,24.3,24.3,25.9,300.0,300.0,30.9,34.9,29.5,28.8,30.700000000000003,,,,,,,,,,,,,,,,,,,,,,,,
2026-07-30T19:12:25.794Z,14.688,14.7,-0.1,1.4,0.0,0.0,0.0,0.0,0.0,0.0,0.0,0.0,1.0,0.0,0.0,0.0,9.0,4.0,0.0,0.0,0.0,0.0,0.0,0.0,0.0,0.0,4.0,12.0,1.0,12.15,5.01,2.5,1.5,0.0,0.0,0.0,300.1,0.0,0.3,-0.4,-0.5,132.70000000000002,0.0,0.0,227.3,0.0,21.4,24.3,24.3,25.9,300.0,300.0,30.9,34.9,29.5,28.8,30.700000000000003,,,,,,,,,,,,,,,,,,,,,,,,
2026-07-30T19:12:25.805Z,14.699,14.712,-0.1,1.4,0.0,0.0,0.0,0.0,0.0,0.0,0.0,0.0,1.0,0.0,0.0,0.0,9.0,4.0,0.0,0.0,0.0,0.0,0.0,0.0,0.0,0.0,5.0,12.0,1.0,12.15,5.01,2.5,1.5,0.0,0.0,0.0,299.90000000000003,0.0,-0.2,1.3,1.2000000000000002,132.70000000000002,0.0,0.0,227.3,0.0,21.4,24.3,24.3,25.9,300.0,300.0,30.9,34.9,29.5,28.8,30.700000000000003,,,,,,,,,,,,,,,,,,,,,,,,
2026-07-30T19:12:25.818Z,14.712,14.724,-0.1,1.4,0.0,0.0,0.0,0.0,0.0,0.0,0.0,0.0,1.0,0.0,0.0,0.0,9.0,4.0,0.0,0.0,0.0,0.0,0.0,0.0,0.0,0.0,6.0,12.0,1.0,12.15,5.01,2.5,1.5,0.0,0.0,0.0,299.7,0.0,-0.2,1.3,-1.6,132.70000000000002,0.0,0.0,227.3,0.0,21.4,24.3,24.3,25.9,300.0,300.0,30.9,34.9,29.5,28.8,30.700000000000003,,,,,,,,,,,,,,,,,,,,,,,,
2026-07-30T19:12:25.830Z,14.724,14.736,-0.1,1.4,0.0,0.0,0.0,0.0,0.0,0.0,0.0,0.0,1.0,0.0,0.0,0.0,9.0,4.0,0.0,0.0,0.0,0.0,0.0,0.0,0.0,0.0,1.0,12.0,1.0,12.15,5.01,2.5,1.5,0.0,0.0,0.0,299.6,0.0,-0.8,0.7000000000000001,0.6000000000000001,132.70000000000002,0.0,0.0,227.3,0.0,21.4,24.3,24.3,25.9,300.0,300.0,30.9,34.9,29.5,28.8,30.700000000000003,,,,,,,,,,,,,,,,,,,,,,,,
2026-07-30T19:12:25.842Z,14.736,14.748,-0.1,1.4,0.0,0.0,0.0,0.0,0.0,0.0,0.0,0.0,1.0,0.0,0.0,0.0,9.0,4.0,0.0,0.0,0.0,0.0,0.0,0.0,0.0,0.0,2.0,12.0,1.0,12.15,5.01,2.5,1.5,0.0,0.0,0.0,299.40000000000003,0.0,0.3,-0.4,1.1,132.70000000000002,0.0,0.0,227.3,0.0,21.4,24.3,24.3,25.9,300.0,300.0,30.9,34.9,29.5,28.8,30.700000000000003,,,,,,,,,,,,,,,,,,,,,,,,
2026-07-30T19:12:25.853Z,14.747,14.76,-0.1,1.4,0.0,0.0,0.0,0.0,0.0,0.0,0.0,0.0,1.0,0.0,0.0,0.0,9.0,4.0,0.0,0.0,0.0,0.0,0.0,0.0,0.0,0.0,4.0,12.0,1.0,12.15,5.01,2.5,1.5,0.0,0.0,0.0,299.2,0.0,0.2,0.6000000000000001,-2.8000000000000003,132.8,0.0,0.0,226.1,0.0,21.4,24.3,24.3,25.9,300.0,300.0,30.9,34.9,29.5,28.8,30.700000000000003,,,,,,,,,,,,,,,,,,,,,,,,
2026-07-30T19:12:25.866Z,14.76,14.772,-0.1,1.4,0.0,0.0,0.0,0.0,0.0,0.0,0.0,0.0,1.0,0.0,0.0,0.0,9.0,4.0,0.0,0.0,0.0,0.0,0.0,0.0,0.0,0.0,5.0,12.0,1.0,12.15,5.01,2.5,1.5,0.0,0.1,0.0,299.2,0.0,-0.3,1.2000000000000002,0.0,132.8,0.0,0.0,227.4,0.0,21.4,24.3,24.3,25.9,300.0,300.0,30.9,34.9,29.5,28.8,30.700000000000003,,,,,,,,,,,,,,,,,,,,,,,,
2026-07-30T19:12:25.877Z,14.771,14.784,-0.1,1.4,0.0,0.0,0.0,0.0,0.0,0.0,0.0,0.0,1.0,0.0,0.0,0.0,9.0,4.0,0.0,0.0,0.0,0.0,0.0,0.0,0.0,0.0,1.0,12.0,1.0,12.15,5.01,2.5,1.5,0.0,0.0,0.0,298.90000000000003,0.0,-0.3,0.6000000000000001,-0.5,132.70000000000002,0.0,0.0,227.3,0.0,21.4,24.3,24.3,25.9,300.0,300.0,30.9,34.9,29.5,28.8,30.700000000000003,,,,,,,,,,,,,,,,,,,,,,,,
2026-07-30T19:12:25.889Z,14.783,14.796,-0.1,1.4,0.0,0.0,0.0,0.0,0.0,0.0,0.0,0.0,1.0,0.0,0.0,0.0,9.0,4.0,0.0,0.0,0.0,0.0,0.0,0.0,0.0,0.0,2.0,12.0,1.0,12.14,5.01,2.51,1.49,0.0,0.0,0.0,298.8,0.0,-0.8,-1.0,-0.6000000000000001,132.70000000000002,0.0,0.0,227.4,0.0,21.700000000000003,24.4,24.4,26.0,300.0,300.0,31.0,34.7,29.5,28.8,30.700000000000003,,,,,,,,,,,,,,,,,,,,,,,,
2026-07-30T19:12:25.902Z,14.796,14.808,-0.1,1.4,0.0,0.0,0.0,0.0,0.0,0.0,0.0,0.0,1.0,0.0,0.0,0.0,9.0,4.0,0.0,0.0,0.0,0.0,0.0,0.0,0.0,0.0,2.0,12.0,1.0,12.14,5.01,2.51,1.49,0.0,0.0,0.0,298.7,0.0,0.2,1.2000000000000002,-0.6000000000000001,132.70000000000002,0.0,0.0,227.3,0.0,21.700000000000003,24.4,24.4,26.0,300.0,300.0,31.0,34.7,29.5,28.8,30.700000000000003,,,,,,,,,,,,,,,,,,,,,,,,
2026-07-30T19:12:25.913Z,14.807,14.82,0.0,1.4,0.0,0.0,0.0,0.0,0.0,0.0,0.0,0.0,1.0,0.0,0.0,0.0,9.0,4.0,0.0,0.0,0.0,0.0,0.0,0.0,0.0,0.0,3.0,12.0,1.0,12.14,5.01,2.51,1.49,0.0,0.0,0.0,298.5,0.0,0.2,0.0,-1.2000000000000002,132.70000000000002,0.0,0.0,227.4,0.0,21.700000000000003,24.4,24.4,26.0,300.0,300.0,31.0,34.7,29.5,28.8,30.700000000000003,,,,,,,,,,,,,,,,,,,,,,,,
2026-07-30T19:12:25.925Z,14.819,14.832,0.0,1.4,0.0,0.0,0.0,0.0,0.0,0.0,0.0,0.0,1.0,0.0,0.0,0.0,9.0,4.0,0.0,0.0,0.0,0.0,0.0,0.0,0.0,0.0,5.0,12.0,1.0,12.14,5.01,2.51,1.49,0.0,0.1,0.0,298.3,0.0,0.2,0.0,-0.1,132.70000000000002,0.0,0.0,227.4,0.0,21.700000000000003,24.4,24.4,26.0,300.0,300.0,31.0,34.7,29.5,28.8,30.700000000000003,,,,,,,,,,,,,,,,,,,,,,,,
2026-07-30T19:12:25.937Z,14.831,14.844,0.0,1.4,0.0,0.0,0.0,0.0,0.0,0.0,0.0,0.0,1.0,0.0,0.0,0.0,9.0,4.0,0.0,0.0,0.0,0.0,0.0,0.0,0.0,0.0,6.0,12.0,1.0,12.14,5.01,2.51,1.49,0.0,0.0,0.0,298.2,0.0,0.3,0.0,0.0,132.70000000000002,0.0,0.0,227.3,0.0,21.700000000000003,24.4,24.4,26.0,300.0,300.0,31.0,34.7,29.5,28.8,30.700000000000003,,,,,,,,,,,,,,,,,,,,,,,,
2026-07-30T19:12:25.949Z,14.843,14.856,0.0,1.4,0.0,0.0,0.0,0.0,0.0,0.0,0.0,0.0,1.0,0.0,0.0,0.0,9.0,4.0,0.0,0.0,0.0,0.0,0.0,0.0,0.0,0.0,1.0,12.0,1.0,12.14,5.01,2.51,1.49,0.0,0.0,0.0,298.0,0.0,0.3,0.6000000000000001,1.0,132.70000000000002,0.0,0.0,227.3,0.0,21.700000000000003,24.4,24.4,26.0,300.0,300.0,31.0,34.7,29.5,28.8,30.700000000000003,,,,,,,,,,,,,,,,,,,,,,,,
2026-07-30T19:12:25.961Z,14.855,14.868,0.0,1.4,0.0,0.0,0.0,0.0,0.0,0.0,0.0,0.0,1.0,0.0,0.0,0.0,9.0,4.0,0.0,0.0,0.0,0.0,0.0,0.0,0.0,0.0,3.0,12.0,1.0,12.14,5.01,2.51,1.49,0.0,0.1,0.0,297.8,0.0,0.8,1.2000000000000002,1.0,132.8,0.0,0.0,226.8,0.0,21.700000000000003,24.4,24.4,26.0,300.0,300.0,31.0,34.7,29.5,28.8,30.700000000000003,,,,,,,,,,,,,,,,,,,,,,,,
2026-07-30T19:12:25.973Z,14.867,14.88,0.0,1.4,0.0,0.0,0.0,0.0,0.0,0.0,0.0,0.0,1.0,0.0,0.0,0.0,9.0,4.0,0.0,0.0,0.0,0.0,0.0,0.0,0.0,0.0,4.0,12.0,1.0,12.14,5.01,2.51,1.49,0.0,0.0,0.0,297.7,0.0,-0.2,-0.5,-1.2000000000000002,132.8,0.0,0.0,227.4,0.0,21.700000000000003,24.4,24.4,26.0,300.0,300.0,31.0,34.7,29.5,28.8,30.700000000000003,,,,,,,,,,,,,,,,,,,,,,,,
2026-07-30T19:12:25.986Z,14.88,14.892,0.0,1.4,0.0,0.0,0.0,0.0,0.0,0.0,0.0,0.0,1.0,0.0,0.0,0.0,9.0,4.0,0.0,0.0,0.0,0.0,0.0,0.0,0.0,0.0,5.0,12.0,1.0,12.17,5.0200000000000005,2.51,1.49,0.0,0.0,0.0,297.6,0.0,0.3,1.2000000000000002,1.6,132.70000000000002,0.0,0.0,227.4,0.0,21.3,24.4,24.4,26.0,300.0,300.0,31.0,34.7,29.5,28.8,30.700000000000003,,,,,,,,,,,,,,,,,,,,,,,,
2026-07-30T19:12:25.997Z,14.891,14.904,0.0,1.4,0.0,0.0,0.0,0.0,0.0,0.0,0.0,0.0,1.0,0.0,0.0,0.0,9.0,4.0,0.0,0.0,0.0,0.0,0.0,0.0,0.0,0.0,6.0,12.0,1.0,12.17,5.0200000000000005,2.51,1.49,0.0,0.0,0.0,297.40000000000003,0.0,-0.8,0.0,1.1,132.70000000000002,0.0,0.0,227.3,0.0,21.3,24.4,24.4,26.0,300.0,300.0,31.0,34.7,29.5,28.8,30.700000000000003,,,,,,,,,,,,,,,,,,,,,,,,
2026-07-30T19:12:26.009Z,14.903,14.916,0.0,1.4,0.0,0.0,0.0,0.0,0.0,0.0,0.0,0.0,1.0,0.0,0.0,0.0,9.0,4.0,0.0,0.0,0.0,0.0,0.0,0.0,0.0,0.0,2.0,12.0,1.0,12.17,5.0200000000000005,2.51,1.49,0.0,0.0,0.0,297.2,0.0,0.9,0.5,1.0,132.70000000000002,0.0,0.0,227.3,0.0,21.3,24.4,24.4,26.0,300.0,300.0,31.0,34.7,29.5,28.8,30.700000000000003,,,,,,,,,,,,,,,,,,,,,,,,
2026-07-30T19:12:26.021Z,14.915,14.928,0.0,1.4,0.0,0.0,0.0,0.0,0.0,0.0,0.0,0.0,1.0,0.0,0.0,0.0,9.0,4.0,0.0,0.0,0.0,0.0,0.0,0.0,0.0,0.0,2.0,12.0,1.0,12.17,5.0200000000000005,2.51,1.49,0.0,0.0,0.0,297.1,0.0,0.9,-0.5,0.0,132.70000000000002,0.0,0.0,227.3,0.0,21.3,24.4,24.4,26.0,300.0,300.0,31.0,34.7,29.5,28.8,30.700000000000003,,,,,,,,,,,,,,,,,,,,,,,,
2026-07-30T19:12:26.033Z,14.927,14.94,0.0,1.4,0.0,0.0,0.0,0.0,0.0,0.0,0.0,0.0,1.0,0.0,0.0,0.0,9.0,4.0,0.0,0.0,0.0,0.0,0.0,0.0,0.0,0.0,4.0,12.0,1.0,12.17,5.0200000000000005,2.51,1.49,0.0,0.0,0.0,297.0,0.0,0.3,0.0,0.0,132.70000000000002,0.0,0.0,227.4,0.0,21.3,24.4,24.4,26.0,300.0,300.0,31.0,34.7,29.5,28.8,30.700000000000003,,,,,,,,,,,,,,,,,,,,,,,,
2026-07-30T19:12:26.046Z,14.94,14.952,0.0,1.4,0.0,0.0,0.0,0.0,0.0,0.0,0.0,0.0,1.0,0.0,0.0,0.0,9.0,4.0,0.0,0.0,0.0,0.0,0.0,0.0,0.0,0.0,5.0,12.0,1.0,12.17,5.0200000000000005,2.51,1.49,0.0,0.0,0.0,296.8,0.0,0.3,0.0,-0.6000000000000001,132.70000000000002,0.0,0.0,227.3,0.0,21.3,24.4,24.4,26.0,300.0,300.0,31.0,34.7,29.5,28.8,30.700000000000003,,,,,,,,,,,,,,,,,,,,,,,,
2026-07-30T19:12:26.057Z,14.951,14.964,0.0,1.4,0.0,0.0,0.0,0.0,0.0,0.0,0.0,0.0,1.0,0.0,0.0,0.0,9.0,4.0,0.0,0.0,0.0,0.0,0.0,0.0,0.0,0.0,6.0,12.0,1.0,12.17,5.0200000000000005,2.51,1.49,0.0,0.0,0.0,296.7,0.0,-1.3,-0.5,0.5,132.70000000000002,0.0,0.0,227.1,0.0,21.3,24.4,24.4,26.0,300.0,300.0,31.0,34.7,29.5,28.8,30.700000000000003,,,,,,,,,,,,,,,,,,,,,,,,
2026-07-30T19:12:26.069Z,14.963,14.976,0.0,1.4,0.0,0.0,0.0,0.0,0.0,0.0,0.0,0.0,1.0,0.0,0.0,0.0,9.0,4.0,0.0,0.0,0.0,0.0,0.0,0.0,0.0,0.0,2.0,12.0,1.0,12.17,5.0200000000000005,2.51,1.49,0.0,0.0,0.0,296.5,0.0,-0.1,-0.5,-0.5,132.8,0.0,0.0,227.3,0.0,21.3,24.4,24.4,26.0,300.0,300.0,31.0,34.7,29.5,28.8,30.700000000000003,,,,,,,,,,,,,,,,,,,,,,,,
2026-07-30T19:12:26.081Z,14.975,14.988,0.0,1.4,0.0,0.0,0.0,0.0,0.0,0.0,0.0,0.0,1.0,0.0,0.0,0.0,9.0,4.0,0.0,0.0,0.0,0.0,0.0,0.0,0.0,0.0,3.0,12.0,1.0,12.17,5.0200000000000005,2.51,1.49,0.0,0.0,0.0,296.3,0.0,-0.7000000000000001,0.0,1.1,132.8,0.0,0.0,227.3,0.0,21.3,24.4,24.4,26.0,300.0,300.0,31.0,34.7,29.5,28.8,30.700000000000003,,,,,,,,,,,,,,,,,,,,,,,,
2026-07-30T19:12:26.093Z,14.987,15.0,0.0,1.4,0.0,0.0,0.0,0.0,0.0,0.0,0.0,0.0,1.0,0.0,0.0,0.0,9.0,4.0,0.0,0.0,0.0,0.0,0.0,0.0,0.0,0.0,4.0,12.0,1.0,12.17,5.01,2.51,1.49,0.0,0.0,0.0,296.2,0.0,-0.2,-0.5,-1.1,132.8,0.0,0.0,227.4,0.0,21.4,24.5,24.5,26.1,300.0,300.0,30.9,34.800000000000004,29.5,28.8,30.700000000000003,,,,,,,,,,,,,,,,,,,,,,,,
2026-07-30T19:12:26.105Z,14.999,15.012,0.0,1.4,0.0,0.0,0.0,0.0,0.0,0.0,0.0,0.0,1.0,0.0,0.0,0.0,9.0,4.0,0.0,0.0,0.0,0.0,0.0,0.0,0.0,0.0,6.0,12.0,1.0,12.17,5.01,2.51,1.49,0.0,0.0,0.0,296.0,0.0,0.3,0.0,0.0,132.70000000000002,0.0,0.0,227.4,0.0,21.4,24.5,24.5,26.1,300.0,300.0,30.9,34.800000000000004,29.5,28.8,30.700000000000003,,,,,,,,,,,,,,,,,,,,,,,,
2026-07-30T19:12:26.117Z,15.011,15.024,0.0,1.4,0.0,0.0,0.0,0.0,0.0,0.0,0.0,0.0,1.0,0.0,0.0,0.0,9.0,4.0,0.0,0.0,0.0,0.0,0.0,0.0,0.0,0.0,1.0,12.0,1.0,12.17,5.01,2.51,1.49,0.0,0.0,0.0,295.90000000000003,0.0,0.3,0.0,0.0,132.70000000000002,0.0,0.0,227.5,0.0,21.4,24.5,24.5,26.1,300.0,300.0,30.9,34.800000000000004,29.5,28.8,30.700000000000003,,,,,,,,,,,,,,,,,,,,,,,,
2026-07-30T19:12:26.129Z,15.023,15.036,0.0,1.4,0.0,0.0,0.0,0.0,0.0,0.0,0.0,0.0,1.0,0.0,0.0,0.0,9.0,4.0,0.0,0.0,0.0,0.0,0.0,0.0,0.0,0.0,2.0,12.0,1.0,12.17,5.01,2.51,1.49,0.0,0.0,0.0,295.7,0.0,0.9,-0.5,0.0,132.70000000000002,0.0,0.0,227.3,0.0,21.4,24.5,24.5,26.1,300.0,300.0,30.9,34.800000000000004,29.5,28.8,30.700000000000003,,,,,,,,,,,,,,,,,,,,,,,,
2026-07-30T19:12:26.141Z,15.035,15.048,0.0,1.4,0.0,0.0,0.0,0.0,0.0,0.0,0.0,0.0,1.0,0.0,0.0,0.0,9.0,4.0,0.0,0.0,0.0,0.0,0.0,0.0,0.0,0.0,4.0,12.0,1.0,12.17,5.01,2.51,1.49,0.0,0.0,0.0,295.6,0.0,0.3,0.0,0.0,132.70000000000002,0.0,0.0,227.4,0.0,21.4,24.5,24.5,26.1,300.0,300.0,30.9,34.800000000000004,29.5,28.8,30.700000000000003,,,,,,,,,,,,,,,,,,,,,,,,
2026-07-30T19:12:26.153Z,15.047,15.06,0.0,1.4,0.0,0.0,0.0,0.0,0.0,0.0,0.0,0.0,1.0,0.0,0.0,0.0,9.0,4.0,0.0,0.0,0.0,0.0,0.0,0.0,0.0,0.0,4.0,12.0,1.0,12.17,5.01,2.51,1.49,0.0,0.0,0.0,295.40000000000003,0.0,0.3,0.6000000000000001,-1.1,132.70000000000002,0.0,0.0,227.3,0.0,21.4,24.5,24.5,26.1,300.0,300.0,30.9,34.800000000000004,29.5,28.8,30.700000000000003,,,,,,,,,,,,,,,,,,,,,,,,
2026-07-30T19:12:26.165Z,15.059,15.072,0.0,1.4,0.0,0.0,0.0,0.0,0.0,0.0,0.0,0.0,1.0,0.0,0.0,0.0,9.0,4.0,0.0,0.0,0.0,0.0,0.0,0.0,0.0,0.0,6.0,12.0,1.0,12.17,5.01,2.51,1.49,0.0,0.0,0.0,295.2,0.0,0.3,-0.5,0.5,132.70000000000002,0.0,0.0,226.2,0.0,21.4,24.5,24.5,26.1,300.0,300.0,30.9,34.800000000000004,29.5,28.8,30.700000000000003,,,,,,,,,,,,,,,,,,,,,,,,
2026-07-30T19:12:26.177Z,15.071,15.084,0.0,1.4,0.0,0.0,0.0,0.0,0.0,0.0,0.0,0.0,1.0,0.0,0.0,0.0,9.0,4.0,0.0,0.0,0.0,0.0,0.0,0.0,0.0,0.0,1.0,12.0,1.0,12.17,5.01,2.51,1.49,0.0,0.0,0.0,295.1,0.0,0.3,0.0,0.0,132.8,0.0,0.0,227.2,0.0,21.4,24.5,24.5,26.1,300.0,300.0,30.9,34.800000000000004,29.5,28.8,30.700000000000003,,,,,,,,,,,,,,,,,,,,,,,,
2026-07-30T19:12:26.191Z,15.085,15.096,0.0,1.4,0.0,0.0,0.0,0.0,0.0,0.0,0.0,0.0,1.0,0.0,0.0,0.0,9.0,4.0,0.0,0.0,0.0,0.0,0.0,0.0,0.0,0.0,3.0,12.0,1.0,12.15,5.0200000000000005,2.5,1.49,0.0,0.0,0.0,295.0,0.0,0.3,0.0,-1.2000000000000002,132.8,0.0,0.0,227.3,0.0,21.4,24.6,24.6,26.1,300.0,300.0,31.0,34.7,29.5,28.8,30.700000000000003,,,,,,,,,,,,,,,,,,,,,,,,
2026-07-30T19:12:26.201Z,15.095,15.108,0.0,1.4,0.0,0.0,0.0,0.0,0.0,0.0,0.0,0.0,1.0,0.0,0.0,0.0,9.0,4.0,0.0,0.0,0.0,0.0,0.0,0.0,0.0,0.0,4.0,12.0,1.0,12.15,5.0200000000000005,2.5,1.49,0.0,0.0,0.0,294.8,0.0,-0.2,0.5,-0.6000000000000001,132.70000000000002,0.0,0.0,227.3,0.0,21.4,24.6,24.6,26.1,300.0,300.0,31.0,34.7,29.5,28.8,30.700000000000003,,,,,,,,,,,,,,,,,,,,,,,,
2026-07-30T19:12:26.213Z,15.107,15.12,0.0,1.4,0.0,0.0,0.0,0.0,0.0,0.0,0.0,0.0,1.0,0.0,0.0,0.0,9.0,4.0,0.0,0.0,0.0,0.0,0.0,0.0,0.0,0.0,5.0,12.0,1.0,12.15,5.0200000000000005,2.5,1.49,0.0,0.1,0.0,294.7,0.0,0.9,0.5,-0.6000000000000001,132.70000000000002,0.0,0.0,227.4,0.0,21.4,24.6,24.6,26.1,300.0,300.0,31.0,34.7,29.5,28.8,30.700000000000003,,,,,,,,,,,,,,,,,,,,,,,,
2026-07-30T19:12:26.225Z,15.119,15.132,0.0,1.4,0.0,0.0,0.0,0.0,0.0,0.0,0.0,0.0,1.0,0.0,0.0,0.0,9.0,4.0,0.0,0.0,0.0,0.0,0.0,0.0,0.0,0.0,6.0,12.0,1.0,12.15,5.0200000000000005,2.5,1.49,0.0,0.0,0.0,294.5,0.0,-0.2,-0.6000000000000001,-1.1,132.70000000000002,0.0,0.0,227.3,0.0,21.4,24.6,24.6,26.1,300.0,300.0,31.0,34.7,29.5,28.8,30.700000000000003,,,,,,,,,,,,,,,,,,,,,,,,
2026-07-30T19:12:26.238Z,15.132,15.144,0.0,1.4,0.0,0.0,0.0,0.0,0.0,0.0,0.0,0.0,1.0,0.0,0.0,0.0,9.0,4.0,0.0,0.0,0.0,0.0,0.0,0.0,0.0,0.0,1.0,12.0,1.0,12.15,5.0200000000000005,2.5,1.49,0.0,0.0,0.0,294.3,0.0,-0.2,1.1,1.1,132.70000000000002,0.0,0.0,227.5,0.0,21.4,24.6,24.6,26.1,300.0,300.0,31.0,34.7,29.5,28.8,30.700000000000003,,,,,,,,,,,,,,,,,,,,,,,,
2026-07-30T19:12:26.249Z,15.143,15.156,0.0,1.4,0.0,0.0,0.0,0.0,0.0,0.0,0.0,0.0,1.0,0.0,0.0,0.0,9.0,4.0,0.0,0.0,0.0,0.0,0.0,0.0,0.0,0.0,3.0,12.0,1.0,12.15,5.0200000000000005,2.5,1.49,0.0,0.0,0.0,294.2,0.0,-0.2,0.0,1.1,132.70000000000002,0.0,0.0,227.3,0.0,21.4,24.6,24.6,26.1,300.0,300.0,31.0,34.7,29.5,28.8,30.700000000000003,,,,,,,,,,,,,,,,,,,,,,,,
2026-07-30T19:12:26.261Z,15.155,15.168,0.0,1.4,0.0,0.0,0.0,0.0,0.0,0.0,0.0,0.0,1.0,0.0,0.0,0.0,9.0,4.0,0.0,0.0,0.0,0.0,0.0,0.0,0.0,0.0,4.0,12.0,1.0,12.15,5.0200000000000005,2.5,1.49,0.0,0.0,0.0,294.0,0.0,0.3,-0.6000000000000001,1.0,132.70000000000002,0.0,0.0,227.3,0.0,21.4,24.6,24.6,26.1,300.0,300.0,31.0,34.7,29.5,28.8,30.700000000000003,,,,,,,,,,,,,,,,,,,,,,,,
2026-07-30T19:12:26.274Z,15.168,15.18,0.0,1.4,0.0,0.0,0.0,0.0,0.0,0.0,0.0,0.0,1.0,0.0,0.0,0.0,9.0,4.0,0.0,0.0,0.0,0.0,0.0,0.0,0.0,0.0,5.0,12.0,1.0,12.15,5.0200000000000005,2.5,1.49,0.0,0.1,0.0,293.8,0.0,0.3,-1.1,-0.6000000000000001,132.70000000000002,0.0,0.0,227.0,0.0,21.4,24.6,24.6,26.1,300.0,300.0,31.0,34.7,29.5,28.8,30.700000000000003,,,,,,,,,,,,,,,,,,,,,,,,
2026-07-30T19:12:26.285Z,15.179,15.192,0.0,1.4,0.0,0.0,0.0,0.0,0.0,0.0,0.0,0.0,1.0,0.0,0.0,0.0,9.0,4.0,0.0,0.0,0.0,0.0,0.0,0.0,0.0,0.0,6.0,12.0,1.0,12.15,5.0200000000000005,2.5,1.49,0.0,0.0,0.0,293.7,0.0,-0.2,0.0,-0.6000000000000001,132.70000000000002,0.0,0.0,227.4,0.0,21.4,24.6,24.6,26.1,300.0,300.0,31.0,34.7,29.5,28.8,30.700000000000003,,,,,,,,,,,,,,,,,,,,,,,,
2026-07-30T19:12:26.297Z,15.191,15.204,0.0,1.4,0.0,0.0,0.0,0.0,0.0,0.0,0.0,0.0,1.0,0.0,0.0,0.0,9.0,4.0,0.0,0.0,0.0,0.0,0.0,0.0,0.0,0.0,2.0,12.0,1.0,12.15,5.0,2.51,1.49,0.0,0.0,0.0,293.5,0.0,-0.2,0.0,0.0,132.70000000000002,0.0,0.0,227.5,0.0,21.700000000000003,24.6,24.6,26.200000000000003,300.0,300.0,30.9,34.7,29.5,28.8,30.700000000000003,,,,,,,,,,,,,,,,,,,,,,,,
2026-07-30T19:12:26.310Z,15.204,15.216,0.0,1.4,0.0,0.0,0.0,0.0,0.0,0.0,0.0,0.0,1.0,0.0,0.0,0.0,9.0,4.0,0.0,0.0,0.0,0.0,0.0,0.0,0.0,0.0,3.0,12.0,1.0,12.15,5.0,2.51,1.49,0.0,0.0,0.0,293.40000000000003,0.0,0.3,-0.5,0.0,132.70000000000002,0.0,0.0,227.4,0.0,21.700000000000003,24.6,24.6,26.200000000000003,300.0,300.0,30.9,34.7,29.5,28.8,30.700000000000003,,,,,,,,,,,,,,,,,,,,,,,,
2026-07-30T19:12:26.321Z,15.215,15.228,0.0,1.4,0.0,0.0,0.0,0.0,0.0,0.0,0.0,0.0,1.0,0.0,0.0,0.0,9.0,4.0,0.0,0.0,0.0,0.0,0.0,0.0,0.0,0.0,4.0,12.0,1.0,12.15,5.0,2.51,1.49,0.0,0.0,0.0,293.3,0.0,0.3,0.0,1.0,132.70000000000002,0.0,0.0,227.4,0.0,21.700000000000003,24.6,24.6,26.200000000000003,300.0,300.0,30.9,34.7,29.5,28.8,30.700000000000003,,,,,,,,,,,,,,,,,,,,,,,,
2026-07-30T19:12:26.334Z,15.228,15.24,0.0,1.4,0.0,0.0,0.0,0.0,0.0,0.0,0.0,0.0,1.0,0.0,0.0,0.0,9.0,4.0,0.0,0.0,0.0,0.0,0.0,0.0,0.0,0.0,5.0,12.0,1.0,12.15,5.0,2.51,1.49,0.0,0.0,0.0,293.1,0.0,-0.2,-0.5,-0.6000000000000001,132.70000000000002,0.0,0.0,227.3,0.0,21.700000000000003,24.6,24.6,26.200000000000003,300.0,300.0,30.9,34.7,29.5,28.8,30.700000000000003,,,,,,,,,,,,,,,,,,,,,,,,
2026-07-30T19:12:26.345Z,15.239,15.252,0.0,1.4,0.0,0.0,0.0,0.0,0.0,0.0,0.0,0.0,1.0,0.0,0.0,0.0,9.0,4.0,0.0,0.0,0.0,0.0,0.0,0.0,0.0,0.0,6.0,12.0,1.0,12.15,5.0,2.51,1.49,0.0,0.0,0.0,292.90000000000003,0.0,-0.2,0.0,-1.8,132.70000000000002,0.0,0.0,227.4,0.0,21.700000000000003,24.6,24.6,26.200000000000003,300.0,300.0,30.9,34.7,29.5,28.8,30.700000000000003,,,,,,,,,,,,,,,,,,,,,,,,
2026-07-30T19:12:26.357Z,15.251,15.264,0.0,1.4,0.0,0.0,0.0,0.0,0.0,0.0,0.0,0.0,1.0,0.0,0.0,0.0,9.0,4.0,0.0,0.0,0.0,0.0,0.0,0.0,0.0,0.0,1.0,12.0,1.0,12.15,5.0,2.51,1.49,0.0,0.0,0.0,292.8,0.0,0.3,0.7000000000000001,1.6,132.70000000000002,0.0,0.0,227.3,0.0,21.700000000000003,24.6,24.6,26.200000000000003,300.0,300.0,30.9,34.7,29.5,28.8,30.700000000000003,,,,,,,,,,,,,,,,,,,,,,,,
2026-07-30T19:12:26.369Z,15.263,15.276,0.0,1.4,0.0,0.0,0.0,0.0,0.0,0.0,0.0,0.0,1.0,0.0,0.0,0.0,9.0,4.0,0.0,0.0,0.0,0.0,0.0,0.0,0.0,0.0,3.0,12.0,1.0,12.15,5.0,2.51,1.49,0.0,0.0,0.0,292.7,0.0,-0.8,0.1,1.1,132.70000000000002,0.0,0.0,227.3,0.0,21.700000000000003,24.6,24.6,26.200000000000003,300.0,300.0,30.9,34.7,29.5,28.8,30.700000000000003,,,,,,,,,,,,,,,,,,,,,,,,
2026-07-30T19:12:26.381Z,15.275,15.288,0.0,1.4,0.0,0.0,0.0,0.0,0.0,0.0,0.0,0.0,1.0,0.0,0.0,0.0,9.0,4.0,0.0,0.0,0.0,0.0,0.0,0.0,0.0,0.0,4.0,12.0,1.0,12.15,5.0,2.51,1.49,0.0,0.0,0.0,292.5,0.0,-0.2,0.7000000000000001,1.1,132.70000000000002,0.0,0.0,227.3,0.0,21.700000000000003,24.6,24.6,26.200000000000003,300.0,300.0,30.9,34.7,29.5,28.8,30.700000000000003,,,,,,,,,,,,,,,,,,,,,,,,
2026-07-30T19:12:26.395Z,15.289,15.3,0.0,1.4,0.0,0.0,0.0,0.0,0.0,0.0,0.0,0.0,1.0,0.0,0.0,0.0,9.0,4.0,0.0,0.0,0.0,0.0,0.0,0.0,0.0,0.0,5.0,12.0,1.0,12.19,5.0200000000000005,2.51,1.49,0.0,0.0,0.0,292.40000000000003,0.0,-0.8,0.1,-0.6000000000000001,132.70000000000002,0.0,0.0,227.3,0.0,21.700000000000003,24.700000000000003,24.700000000000003,26.200000000000003,300.0,300.0,30.9,34.7,29.5,28.8,30.700000000000003,,,,,,,,,,,,,,,,,,,,,,,,
2026-07-30T19:12:26.405Z,15.299,15.312,0.0,1.4,0.0,0.0,0.0,0.0,0.0,0.0,0.0,0.0,1.0,0.0,0.0,0.0,9.0,4.0,0.0,0.0,0.0,0.0,0.0,0.0,0.0,0.0,6.0,12.0,1.0,12.19,5.0200000000000005,2.51,1.49,0.0,0.0,0.0,292.2,0.0,0.9,-0.4,0.5,132.70000000000002,0.0,0.0,227.3,0.0,21.700000000000003,24.700000000000003,24.700000000000003,26.200000000000003,300.0,300.0,30.9,34.7,29.5,28.8,30.700000000000003,,,,,,,,,,,,,,,,,,,,,,,,
2026-07-30T19:12:26.417Z,15.311,15.324,0.0,1.4,0.0,0.0,0.0,0.0,0.0,0.0,0.0,0.0,1.0,0.0,0.0,0.0,9.0,4.0,0.0,0.0,0.0,0.0,0.0,0.0,0.0,0.0,1.0,12.0,1.0,12.19,5.0200000000000005,2.51,1.49,0.0,0.0,0.0,292.0,0.0,-0.2,0.1,1.1,132.70000000000002,0.0,0.0,227.2,0.0,21.700000000000003,24.700000000000003,24.700000000000003,26.200000000000003,300.0,300.0,30.9,34.7,29.5,28.8,30.700000000000003,,,,,,,,,,,,,,,,,,,,,,,,
2026-07-30T19:12:26.429Z,15.323,15.336,0.0,1.4,0.0,0.0,0.0,0.0,0.0,0.0,0.0,0.0,1.0,0.0,0.0,0.0,9.0,4.0,0.0,0.0,0.0,0.0,0.0,0.0,0.0,0.0,3.0,12.0,1.0,12.19,5.0200000000000005,2.51,1.49,0.0,0.0,0.0,291.90000000000003,0.0,-0.8,-0.4,-0.6000000000000001,132.70000000000002,0.0,0.0,227.4,0.0,21.700000000000003,24.700000000000003,24.700000000000003,26.200000000000003,300.0,300.0,30.9,34.7,29.5,28.8,30.700000000000003,,,,,,,,,,,,,,,,,,,,,,,,
2026-07-30T19:12:26.441Z,15.335,15.348,0.0,1.4,0.0,0.0,0.0,0.0,0.0,0.0,0.0,0.0,1.0,0.0,0.0,0.0,9.0,4.0,0.0,0.0,0.0,0.0,0.0,0.0,0.0,0.0,4.0,12.0,1.0,12.19,5.0200000000000005,2.51,1.49,0.0,0.0,0.0,291.7,0.0,-0.1,0.7000000000000001,1.0,132.70000000000002,0.0,0.0,227.3,0.0,21.700000000000003,24.700000000000003,24.700000000000003,26.200000000000003,300.0,300.0,30.9,34.7,29.5,28.8,30.700000000000003,,,,,,,,,,,,,,,,,,,,,,,,
2026-07-30T19:12:26.453Z,15.347,15.36,0.0,1.4,0.0,0.0,0.0,0.0,0.0,0.0,0.0,0.0,1.0,0.0,0.0,0.0,9.0,4.0,0.0,0.0,0.0,0.0,0.0,0.0,0.0,0.0,5.0,12.0,1.0,12.19,5.0200000000000005,2.51,1.49,0.0,0.0,0.0,291.6,0.0,0.9,0.0,-0.6000000000000001,132.70000000000002,0.0,0.0,227.3,0.0,21.700000000000003,24.700000000000003,24.700000000000003,26.200000000000003,300.0,300.0,30.9,34.7,29.5,28.8,30.700000000000003,,,,,,,,,,,,,,,,,,,,,,,,
2026-07-30T19:12:26.465Z,15.359,15.372,0.0,1.4,0.0,0.0,0.0,0.0,0.0,0.0,0.0,0.0,1.0,0.0,0.0,0.0,9.0,4.0,0.0,0.0,0.0,0.0,0.0,0.0,0.0,0.0,6.0,12.0,1.0,12.19,5.0200000000000005,2.51,1.49,0.0,0.0,0.0,291.5,0.0,0.9,-1.0,0.5,132.70000000000002,0.0,0.0,227.3,0.0,21.700000000000003,24.700000000000003,24.700000000000003,26.200000000000003,300.0,300.0,30.9,34.7,29.5,28.8,30.700000000000003,,,,,,,,,,,,,,,,,,,,,,,,
2026-07-30T19:12:26.477Z,15.371,15.384,-0.1,1.4,0.0,0.0,0.0,0.0,0.0,0.0,0.0,0.0,1.0,0.0,0.0,0.0,9.0,4.0,0.0,0.0,0.0,0.0,0.0,0.0,0.0,0.0,6.0,12.0,1.0,12.19,5.0200000000000005,2.51,1.49,0.0,0.0,0.0,291.3,0.0,0.3,0.7000000000000001,1.6,132.70000000000002,0.0,0.0,226.2,0.0,21.700000000000003,24.700000000000003,24.700000000000003,26.200000000000003,300.0,300.0,30.9,34.7,29.5,28.8,30.700000000000003,,,,,,,,,,,,,,,,,,,,,,,,
2026-07-30T19:12:26.490Z,15.384,15.396,-0.1,1.4,0.0,0.0,0.0,0.0,0.0,0.0,0.0,0.0,1.0,0.0,0.0,0.0,9.0,4.0,0.0,0.0,0.0,0.0,0.0,0.0,0.0,0.0,1.0,12.0,1.0,12.19,5.0200000000000005,2.51,1.49,0.0,0.0,0.0,291.2,0.0,-0.1,0.7000000000000001,0.0,132.8,0.0,0.0,227.2,0.0,21.700000000000003,24.700000000000003,24.700000000000003,26.200000000000003,300.0,300.0,30.9,34.7,29.5,28.8,30.700000000000003,,,,,,,,,,,,,,,,,,,,,,,,
2026-07-30T19:12:26.501Z,15.395,15.408,-0.1,1.4,0.0,0.0,0.0,0.0,0.0,0.0,0.0,0.0,1.0,0.0,0.0,0.0,9.0,4.0,0.0,0.0,0.0,0.0,0.0,0.0,0.0,0.0,3.0,12.0,1.0,12.14,5.01,2.5,1.49,0.0,0.0,0.0,290.90000000000003,0.0,0.9,0.1,0.5,132.8,0.0,0.0,227.3,0.0,21.4,24.8,24.8,26.3,300.0,300.0,30.9,34.7,29.5,28.8,30.700000000000003,,,,,,,,,,,,,,,,,,,,,,,,
2026-07-30T19:12:26.514Z,15.408,15.42,-0.1,1.4,0.0,0.0,0.0,0.0,0.0,0.0,0.0,0.0,1.0,0.0,0.0,0.0,9.0,4.0,0.0,0.0,0.0,0.0,0.0,0.0,0.0,0.0,4.0,12.0,1.0,12.14,5.01,2.5,1.49,0.0,0.0,0.0,290.8,0.0,0.4,0.1,2.2,132.8,0.0,0.0,227.3,0.0,21.4,24.8,24.8,26.3,300.0,300.0,30.9,34.7,29.5,28.8,30.700000000000003,,,,,,,,,,,,,,,,,,,,,,,,
2026-07-30T19:12:26.525Z,15.419,15.432,-0.1,1.4,0.0,0.0,0.0,0.0,0.0,0.0,0.0,0.0,1.0,0.0,0.0,0.0,9.0,4.0,0.0,0.0,0.0,0.0,0.0,0.0,0.0,0.0,5.0,12.0,1.0,12.14,5.01,2.5,1.49,0.0,0.0,0.0,290.7,0.0,0.4,0.1,1.1,132.70000000000002,0.0,0.0,227.4,0.0,21.4,24.8,24.8,26.3,300.0,300.0,30.9,34.7,29.5,28.8,30.700000000000003,,,,,,,,,,,,,,,,,,,,,,,,
2026-07-30T19:12:26.537Z,15.431,15.444,0.0,1.4,0.0,0.0,0.0,0.0,0.0,0.0,0.0,0.0,1.0,0.0,0.0,0.0,9.0,4.0,0.0,0.0,0.0,0.0,0.0,0.0,0.0,0.0,6.0,12.0,1.0,12.14,5.01,2.5,1.49,0.0,0.0,0.0,290.5,0.0,1.0,-0.4,-1.8,132.70000000000002,0.0,0.0,227.5,0.0,21.4,24.8,24.8,26.3,300.0,300.0,30.9,34.7,29.5,28.8,30.700000000000003,,,,,,,,,,,,,,,,,,,,,,,,
2026-07-30T19:12:26.549Z,15.443,15.456,0.0,1.4,0.0,0.0,0.0,0.0,0.0,0.0,0.0,0.0,1.0,0.0,0.0,0.0,9.0,4.0,0.0,0.0,0.0,0.0,0.0,0.0,0.0,0.0,1.0,12.0,1.0,12.14,5.01,2.5,1.49,0.0,0.0,0.0,290.40000000000003,0.0,-0.1,0.1,-0.6000000000000001,132.70000000000002,0.0,0.0,227.3,0.0,21.4,24.8,24.8,26.3,300.0,300.0,30.9,34.7,29.5,28.8,30.700000000000003,,,,,,,,,,,,,,,,,,,,,,,,
2026-07-30T19:12:26.561Z,15.455,15.468,-0.1,1.4,0.0,0.0,0.0,0.0,0.0,0.0,0.0,0.0,1.0,0.0,0.0,0.0,9.0,4.0,0.0,0.0,0.0,0.0,0.0,0.0,0.0,0.0,2.0,12.0,1.0,12.14,5.01,2.5,1.49,0.0,0.0,0.0,290.2,0.0,0.4,-0.5,-0.7000000000000001,132.70000000000002,0.0,0.0,227.4,0.0,21.4,24.8,24.8,26.3,300.0,300.0,30.9,34.7,29.5,28.8,30.700000000000003,,,,,,,,,,,,,,,,,,,,,,,,
2026-07-30T19:12:26.574Z,15.468,15.48,0.0,1.4,0.0,0.0,0.0,0.0,0.0,0.0,0.0,0.0,1.0,0.0,0.0,0.0,9.0,4.0,0.0,0.0,0.0,0.0,0.0,0.0,0.0,0.0,3.0,12.0,1.0,12.14,5.01,2.5,1.49,0.0,0.0,0.0,290.1,0.0,-0.7000000000000001,0.6000000000000001,0.4,132.70000000000002,0.0,0.0,227.3,0.0,21.4,24.8,24.8,26.3,300.0,300.0,30.9,34.7,29.5,28.8,30.700000000000003,,,,,,,,,,,,,,,,,,,,,,,,
2026-07-30T19:12:26.585Z,15.479,15.492,0.0,1.4,0.0,0.0,0.0,0.0,0.0,0.0,0.0,0.0,1.0,0.0,0.0,0.0,9.0,4.0,0.0,0.0,0.0,0.0,0.0,0.0,0.0,0.0,4.0,12.0,1.0,12.14,5.01,2.5,1.49,0.0,0.0,0.0,289.90000000000003,0.0,0.9,0.0,-0.6000000000000001,132.8,0.0,0.0,226.1,0.0,21.4,24.8,24.8,26.3,300.0,300.0,30.9,34.7,29.5,28.8,30.700000000000003,,,,,,,,,,,,,,,,,,,,,,,,
2026-07-30T19:12:26.599Z,15.493,15.504,0.0,1.4,0.0,0.0,0.0,0.0,0.0,0.0,0.0,0.0,1.0,0.0,0.0,0.0,9.0,4.0,0.0,0.0,0.0,0.0,0.0,0.0,0.0,0.0,6.0,12.0,1.0,12.18,5.0200000000000005,2.5,1.49,0.0,0.0,0.0,289.8,0.0,0.3,0.0,-0.6000000000000001,132.8,0.0,0.0,227.4,0.0,21.200000000000003,24.8,24.8,26.3,300.0,300.0,31.1,34.7,29.5,28.8,30.700000000000003,,,,,,,,,,,,,,,,,,,,,,,,
2026-07-30T19:12:26.610Z,15.504,15.516,0.0,1.4,0.0,0.0,0.0,0.0,0.0,0.0,0.0,0.0,1.0,0.0,0.0,0.0,9.0,4.0,0.0,0.0,0.0,0.0,0.0,0.0,0.0,0.0,1.0,12.0,1.0,12.18,5.0200000000000005,2.5,1.49,0.0,0.0,0.0,289.6,0.0,0.3,0.0,-0.1,132.70000000000002,0.0,0.0,227.4,0.0,21.200000000000003,24.8,24.8,26.3,300.0,300.0,31.1,34.7,29.5,28.8,30.700000000000003,,,,,,,,,,,,,,,,,,,,,,,,
2026-07-30T19:12:26.621Z,15.515,15.528,0.0,1.4,0.0,0.0,0.0,0.0,0.0,0.0,0.0,0.0,1.0,0.0,0.0,0.0,9.0,4.0,0.0,0.0,0.0,0.0,0.0,0.0,0.0,0.0,1.0,12.0,1.0,12.18,5.0200000000000005,2.5,1.49,0.0,0.0,0.0,289.40000000000003,0.0,0.3,0.0,1.0,132.70000000000002,0.0,0.0,227.5,0.0,21.200000000000003,24.8,24.8,26.3,300.0,300.0,31.1,34.7,29.5,28.8,30.700000000000003,,,,,,,,,,,,,,,,,,,,,,,,
2026-07-30T19:12:26.633Z,15.527,15.54,0.0,1.4,0.0,0.0,0.0,0.0,0.0,0.0,0.0,0.0,1.0,0.0,0.0,0.0,9.0,4.0,0.0,0.0,0.0,0.0,0.0,0.0,0.0,0.0,2.0,12.0,1.0,12.18,5.0200000000000005,2.5,1.49,0.0,0.0,0.0,289.3,0.0,0.9,0.6000000000000001,0.3,132.70000000000002,0.0,0.0,227.3,0.0,21.200000000000003,24.8,24.8,26.3,300.0,300.0,31.1,34.7,29.5,28.8,30.700000000000003,,,,,,,,,,,,,,,,,,,,,,,,
2026-07-30T19:12:26.646Z,15.54,15.552,0.0,1.4,0.0,0.0,0.0,0.0,0.0,0.0,0.0,0.0,1.0,0.0,0.0,0.0,9.0,4.0,0.0,0.0,0.0,0.0,0.0,0.0,0.0,0.0,3.0,12.0,1.0,12.18,5.0200000000000005,2.5,1.49,0.0,0.0,0.0,289.1,0.0,-0.1,-1.1,-1.3,132.70000000000002,0.0,0.0,227.3,0.0,21.200000000000003,24.8,24.8,26.3,300.0,300.0,31.1,34.7,29.5,28.8,30.700000000000003,,,,,,,,,,,,,,,,,,,,,,,,
2026-07-30T19:12:26.658Z,15.552,15.564,0.0,1.4,0.0,0.0,0.0,0.0,0.0,0.0,0.0,0.0,1.0,0.0,0.0,0.0,9.0,4.0,0.0,0.0,0.0,0.0,0.0,0.0,0.0,0.0,4.0,12.0,1.0,12.18,5.0200000000000005,2.5,1.49,0.0,0.1,0.0,289.0,0.0,-0.1,-1.1,0.4,132.70000000000002,0.0,0.0,227.3,0.0,21.200000000000003,24.8,24.8,26.3,300.0,300.0,31.1,34.7,29.5,28.8,30.700000000000003,,,,,,,,,,,,,,,,,,,,,,,,
2026-07-30T19:12:26.669Z,15.563,15.576,0.0,1.4,0.0,0.0,0.0,0.0,0.0,0.0,0.0,0.0,1.0,0.0,0.0,0.0,9.0,4.0,0.0,0.0,0.0,0.0,0.0,0.0,0.0,0.0,5.0,12.0,1.0,12.18,5.0200000000000005,2.5,1.49,0.0,0.0,0.0,288.8,0.0,0.4,0.0,-0.1,132.70000000000002,0.0,0.0,227.3,0.0,21.200000000000003,24.8,24.8,26.3,300.0,300.0,31.1,34.7,29.5,28.8,30.700000000000003,,,,,,,,,,,,,,,,,,,,,,,,
2026-07-30T19:12:26.681Z,15.575,15.588,0.0,1.4,0.0,0.0,0.0,0.0,0.0,0.0,0.0,0.0,1.0,0.0,0.0,0.0,9.0,4.0,0.0,0.0,0.0,0.0,0.0,0.0,0.0,0.0,1.0,12.0,1.0,12.18,5.0200000000000005,2.5,1.49,0.0,0.0,0.0,288.7,0.0,0.4,0.0,-0.6000000000000001,132.70000000000002,0.0,0.0,227.4,0.0,21.200000000000003,24.8,24.8,26.3,300.0,300.0,31.1,34.7,29.5,28.8,30.700000000000003,,,,,,,,,,,,,,,,,,,,,,,,
2026-07-30T19:12:26.693Z,15.587,15.6,0.0,1.4,0.0,0.0,0.0,0.0,0.0,0.0,0.0,0.0,1.0,0.0,0.0,0.0,9.0,4.0,0.0,0.0,0.0,0.0,0.0,0.0,0.0,0.0,2.0,12.0,1.0,12.18,5.0200000000000005,2.5,1.49,0.0,0.0,0.0,288.6,0.0,-0.1,0.0,0.4,132.70000000000002,0.0,0.0,227.3,0.0,21.200000000000003,24.8,24.8,26.3,300.0,300.0,31.1,34.7,29.5,28.8,30.700000000000003,,,,,,,,,,,,,,,,,,,,,,,,
2026-07-30T19:12:26.705Z,15.599,15.612,0.0,1.4,0.0,0.0,0.0,0.0,0.0,0.0,0.0,0.0,1.0,0.0,0.0,0.0,9.0,4.0,0.0,0.0,0.0,0.0,0.0,0.0,0.0,0.0,3.0,12.0,1.0,12.17,5.01,2.5,1.49,0.0,0.0,0.0,288.40000000000003,0.0,0.4,0.0,-0.6000000000000001,132.70000000000002,0.0,0.0,227.3,0.0,21.3,24.9,24.9,26.4,300.0,300.0,31.1,34.6,29.5,28.700000000000003,30.700000000000003,,,,,,,,,,,,,,,,,,,,,,,,
2026-07-30T19:12:26.719Z,15.613,15.624,0.0,1.4,0.0,0.0,0.0,0.0,0.0,0.0,0.0,0.0,1.0,0.0,0.0,0.0,9.0,4.0,0.0,0.0,0.0,0.0,0.0,0.0,0.0,0.0,4.0,12.0,1.0,12.17,5.01,2.5,1.49,0.0,0.0,0.0,288.2,0.0,1.0,0.0,1.7000000000000002,132.70000000000002,0.0,0.0,227.4,0.0,21.3,24.9,24.9,26.4,300.0,300.0,31.1,34.6,29.5,28.700000000000003,30.700000000000003,,,,,,,,,,,,,,,,,,,,,,,,
2026-07-30T19:12:26.729Z,15.623,15.636,0.0,1.4,0.0,0.0,0.0,0.0,0.0,0.0,0.0,0.0,1.0,0.0,0.0,0.0,9.0,4.0,0.0,0.0,0.0,0.0,0.0,0.0,0.0,0.0,4.0,12.0,1.0,12.17,5.01,2.5,1.49,0.0,0.0,0.0,288.0,0.0,-0.7000000000000001,0.0,1.1,132.70000000000002,0.0,0.0,227.3,0.0,21.3,24.9,24.9,26.4,300.0,300.0,31.1,34.6,29.5,28.700000000000003,30.700000000000003,,,,,,,,,,,,,,,,,,,,,,,,
2026-07-30T19:12:26.742Z,15.636,15.648,0.0,1.4,0.0,0.0,0.0,0.0,0.0,0.0,0.0,0.0,1.0,0.0,0.0,0.0,9.0,4.0,0.0,0.0,0.0,0.0,0.0,0.0,0.0,0.0,5.0,12.0,1.0,12.17,5.01,2.5,1.49,0.0,0.0,0.0,287.90000000000003,0.0,0.4,-0.5,1.1,132.70000000000002,0.0,0.0,227.3,0.0,21.3,24.9,24.9,26.4,300.0,300.0,31.1,34.6,29.5,28.700000000000003,30.700000000000003,,,,,,,,,,,,,,,,,,,,,,,,
2026-07-30T19:12:26.753Z,15.647,15.66,0.0,1.4,0.0,0.0,0.0,0.0,0.0,0.0,0.0,0.0,1.0,0.0,0.0,0.0,9.0,4.0,0.0,0.0,0.0,0.0,0.0,0.0,0.0,0.0,6.0,12.0,1.0,12.17,5.01,2.5,1.49,0.0,0.0,0.0,287.8,0.0,1.0,1.2000000000000002,1.1,132.70000000000002,0.0,0.0,227.3,0.0,21.3,24.9,24.9,26.4,300.0,300.0,31.1,34.6,29.5,28.700000000000003,30.700000000000003,,,,,,,,,,,,,,,,,,,,,,,,
2026-07-30T19:12:26.766Z,15.66,15.672,0.0,1.4,0.0,0.0,0.0,0.0,0.0,0.0,0.0,0.0,1.0,0.0,0.0,0.0,9.0,4.0,0.0,0.0,0.0,0.0,0.0,0.0,0.0,0.0,2.0,12.0,1.0,12.17,5.01,2.5,1.49,0.0,0.0,0.0,287.6,0.0,0.4,1.2000000000000002,-0.6000000000000001,132.70000000000002,0.0,0.0,227.3,0.0,21.3,24.9,24.9,26.4,300.0,300.0,31.1,34.6,29.5,28.700000000000003,30.700000000000003,,,,,,,,,,,,,,,,,,,,,,,,
2026-07-30T19:12:26.777Z,15.671,15.684,0.0,1.4,0.0,0.0,0.0,0.0,0.0,0.0,0.0,0.0,1.0,0.0,0.0,0.0,9.0,4.0,0.0,0.0,0.0,0.0,0.0,0.0,0.0,0.0,2.0,12.0,1.0,12.17,5.01,2.5,1.49,0.0,0.0,0.0,287.40000000000003,0.0,0.4,0.0,0.0,132.70000000000002,0.0,0.0,227.3,0.0,21.3,24.9,24.9,26.4,300.0,300.0,31.1,34.6,29.5,28.700000000000003,30.700000000000003,,,,,,,,,,,,,,,,,,,,,,,,
2026-07-30T19:12:26.789Z,15.683,15.696,-0.1,1.4,0.0,0.0,0.0,0.0,0.0,0.0,0.0,0.0,1.0,0.0,0.0,0.0,9.0,4.0,0.0,0.0,0.0,0.0,0.0,0.0,0.0,0.0,4.0,12.0,1.0,12.17,5.01,2.5,1.49,0.0,0.0,0.0,287.3,0.0,-0.1,1.2000000000000002,1.1,132.70000000000002,0.0,0.0,226.8,0.0,21.3,24.9,24.9,26.4,300.0,300.0,31.1,34.6,29.5,28.700000000000003,30.700000000000003,,,,,,,,,,,,,,,,,,,,,,,,
2026-07-30T19:12:26.803Z,15.697,15.708,-0.1,1.4,0.0,0.0,0.0,0.0,0.0,0.0,0.0,0.0,1.0,0.0,0.0,0.0,9.0,4.0,0.0,0.0,0.0,0.0,0.0,0.0,0.0,0.0,5.0,12.0,1.0,12.14,5.01,2.51,1.49,0.0,0.1,0.0,287.2,0.0,0.4,0.0,1.2000000000000002,132.70000000000002,0.0,0.0,227.5,0.0,21.8,24.9,24.9,26.4,300.0,300.0,31.1,34.7,29.5,28.8,30.700000000000003,,,,,,,,,,,,,,,,,,,,,,,,
2026-07-30T19:12:26.813Z,15.707,15.72,-0.1,1.4,0.0,0.0,0.0,0.0,0.0,0.0,0.0,0.0,1.0,0.0,0.0,0.0,9.0,4.0,0.0,0.0,0.0,0.0,0.0,0.0,0.0,0.0,6.0,12.0,1.0,12.14,5.01,2.51,1.49,0.0,0.0,0.0,287.0,0.0,-1.8,-1.6,-1.1,132.70000000000002,0.0,0.0,227.5,0.0,21.8,24.9,24.9,26.4,300.0,300.0,31.1,34.7,29.5,28.8,30.700000000000003,,,,,,,,,,,,,,,,,,,,,,,,
2026-07-30T19:12:26.825Z,15.719,15.732,-0.1,1.4,0.0,0.0,0.0,0.0,0.0,0.0,0.0,0.0,1.0,0.0,0.0,0.0,9.0,4.0,0.0,0.0,0.0,0.0,0.0,0.0,0.0,0.0,1.0,12.0,1.0,12.14,5.01,2.51,1.49,0.0,0.0,0.0,286.8,0.0,-0.7000000000000001,-0.5,-0.5,132.70000000000002,0.0,0.0,227.3,0.0,21.8,24.9,24.9,26.4,300.0,300.0,31.1,34.7,29.5,28.8,30.700000000000003,,,,,,,,,,,,,,,,,,,,,,,,
2026-07-30T19:12:26.837Z,15.731,15.744,-0.1,1.4,0.0,0.0,0.0,0.0,0.0,0.0,0.0,0.0,1.0,0.0,0.0,0.0,9.0,4.0,0.0,0.0,0.0,0.0,0.0,0.0,0.0,0.0,1.0,12.0,1.0,12.14,5.01,2.51,1.49,0.0,0.0,0.0,286.7,0.0,-0.1,-1.0,0.0,132.70000000000002,0.0,0.0,227.3,0.0,21.8,24.9,24.9,26.4,300.0,300.0,31.1,34.7,29.5,28.8,30.700000000000003,,,,,,,,,,,,,,,,,,,,,,,,
2026-07-30T19:12:26.849Z,15.743,15.756,-0.1,1.4,0.0,0.0,0.0,0.0,0.0,0.0,0.0,0.0,1.0,0.0,0.0,0.0,9.0,4.0,0.0,0.0,0.0,0.0,0.0,0.0,0.0,0.0,3.0,12.0,1.0,12.14,5.01,2.51,1.49,0.0,0.0,0.0,286.5,0.0,-0.1,0.6000000000000001,1.8,132.70000000000002,0.0,0.0,227.5,0.0,21.8,24.9,24.9,26.4,300.0,300.0,31.1,34.7,29.5,28.8,30.700000000000003,,,,,,,,,,,,,,,,,,,,,,,,
2026-07-30T19:12:26.861Z,15.755,15.768,-0.1,1.4,0.0,0.0,0.0,0.0,0.0,0.0,0.0,0.0,1.0,0.0,0.0,0.0,9.0,4.0,0.0,0.0,0.0,0.0,0.0,0.0,0.0,0.0,4.0,12.0,1.0,12.14,5.01,2.51,1.49,0.0,0.0,0.0,286.40000000000003,0.0,0.4,0.6000000000000001,-1.1,132.70000000000002,0.0,0.0,227.3,0.0,21.8,24.9,24.9,26.4,300.0,300.0,31.1,34.7,29.5,28.8,30.700000000000003,,,,,,,,,,,,,,,,,,,,,,,,
2026-07-30T19:12:26.873Z,15.767,15.78,-0.1,1.4,0.0,0.0,0.0,0.0,0.0,0.0,0.0,0.0,1.0,0.0,0.0,0.0,9.0,4.0,0.0,0.0,0.0,0.0,0.0,0.0,0.0,0.0,5.0,12.0,1.0,12.14,5.01,2.51,1.49,0.0,0.0,0.0,286.2,0.0,-0.1,1.2000000000000002,0.5,132.70000000000002,0.0,0.0,227.3,0.0,21.8,24.9,24.9,26.4,300.0,300.0,31.1,34.7,29.5,28.8,30.700000000000003,,,,,,,,,,,,,,,,,,,,,,,,
2026-07-30T19:12:26.885Z,15.779,15.792,-0.1,1.4,0.0,0.0,0.0,0.0,0.0,0.0,0.0,0.0,1.0,0.0,0.0,0.0,9.0,4.0,0.0,0.0,0.0,0.0,0.0,0.0,0.0,0.0,1.0,12.0,1.0,12.14,5.01,2.51,1.49,0.0,0.0,0.0,286.1,0.0,-0.1,-0.5,-1.2000000000000002,132.70000000000002,0.0,0.0,227.3,0.0,21.8,24.9,24.9,26.4,300.0,300.0,31.1,34.7,29.5,28.8,30.700000000000003,,,,,,,,,,,,,,,,,,,,,,,,
2026-07-30T19:12:26.897Z,15.791,15.804,0.0,1.4,0.0,0.0,0.0,0.0,0.0,0.0,0.0,0.0,1.0,0.0,0.0,0.0,9.0,4.0,0.0,0.0,0.0,0.0,0.0,0.0,0.0,0.0,2.0,12.0,1.0,12.14,5.01,2.51,1.49,0.0,0.0,0.0,286.0,0.0,-0.2,-0.5,0.5,132.70000000000002,0.0,0.0,226.0,0.0,21.8,24.9,24.9,26.4,300.0,300.0,31.1,34.7,29.5,28.8,30.700000000000003,,,,,,,,,,,,,,,,,,,,,,,,
2026-07-30T19:12:26.909Z,15.803,15.816,0.0,1.4,0.0,0.0,0.0,0.0,0.0,0.0,0.0,0.0,1.0,0.0,0.0,0.0,9.0,4.0,0.0,0.0,0.0,0.0,0.0,0.0,0.0,0.0,3.0,12.0,1.0,12.18,5.01,2.51,1.49,0.0,0.0,0.0,285.90000000000003,0.0,0.3,0.6000000000000001,0.4,132.8,0.0,0.0,227.4,0.0,21.3,25.0,25.0,26.5,300.0,300.0,31.200000000000003,34.800000000000004,29.5,28.8,30.700000000000003,,,,,,,,,,,,,,,,,,,,,,,,
2026-07-30T19:12:26.921Z,15.815,15.828,0.0,1.4,0.0,0.0,0.0,0.0,0.0,0.0,0.0,0.0,1.0,0.0,0.0,0.0,9.0,4.0,0.0,0.0,0.0,0.0,0.0,0.0,0.0,0.0,4.0,12.0,1.0,12.18,5.01,2.51,1.49,0.0,0.0,0.0,285.7,0.0,-0.2,0.0,-0.1,132.8,0.0,0.0,227.3,0.0,21.3,25.0,25.0,26.5,300.0,300.0,31.200000000000003,34.800000000000004,29.5,28.8,30.700000000000003,,,,,,,,,,,,,,,,,,,,,,,,
2026-07-30T19:12:26.933Z,15.827,15.84,0.0,1.4,0.0,0.0,0.0,0.0,0.0,0.0,0.0,0.0,1.0,0.0,0.0,0.0,9.0,4.0,0.0,0.0,0.0,0.0,0.0,0.0,0.0,0.0,4.0,12.0,1.0,12.18,5.01,2.51,1.49,0.0,0.0,0.0,285.6,0.0,0.9,0.6000000000000001,1.5,132.70000000000002,0.0,0.0,227.3,0.0,21.3,25.0,25.0,26.5,300.0,300.0,31.200000000000003,34.800000000000004,29.5,28.8,30.700000000000003,,,,,,,,,,,,,,,,,,,,,,,,
2026-07-30T19:12:26.945Z,15.839,15.852,0.0,1.4,0.0,0.0,0.0,0.0,0.0,0.0,0.0,0.0,1.0,0.0,0.0,0.0,9.0,4.0,0.0,0.0,0.0,0.0,0.0,0.0,0.0,0.0,5.0,12.0,1.0,12.18,5.01,2.51,1.49,0.0,0.0,0.0,285.40000000000003,0.0,0.8,-0.5,0.3,132.70000000000002,0.0,0.0,227.3,0.0,21.3,25.0,25.0,26.5,300.0,300.0,31.200000000000003,34.800000000000004,29.5,28.8,30.700000000000003,,,,,,,,,,,,,,,,,,,,,,,,
2026-07-30T19:12:26.958Z,15.852,15.864,0.0,1.4,0.0,0.0,0.0,0.0,0.0,0.0,0.0,0.0,1.0,0.0,0.0,0.0,9.0,4.0,0.0,0.0,0.0,0.0,0.0,0.0,0.0,0.0,6.0,12.0,1.0,12.18,5.01,2.51,1.49,0.0,0.0,0.0,285.3,0.0,-0.8,0.5,-1.4,132.70000000000002,0.0,0.0,227.3,0.0,21.3,25.0,25.0,26.5,300.0,300.0,31.200000000000003,34.800000000000004,29.5,28.8,30.700000000000003,,,,,,,,,,,,,,,,,,,,,,,,
2026-07-30T19:12:26.970Z,15.864,15.876,0.0,1.4,0.0,0.0,0.0,0.0,0.0,0.0,0.0,0.0,1.0,0.0,0.0,0.0,9.0,4.0,0.0,0.0,0.0,0.0,0.0,0.0,0.0,0.0,1.0,12.0,1.0,12.18,5.01,2.51,1.49,0.0,0.0,0.0,285.1,0.0,0.2,0.5,0.3,132.70000000000002,0.0,0.0,227.3,0.0,21.3,25.0,25.0,26.5,300.0,300.0,31.200000000000003,34.800000000000004,29.5,28.8,30.700000000000003,,,,,,,,,,,,,,,,,,,,,,,,
2026-07-30T19:12:26.981Z,15.875,15.888,0.0,1.4,0.0,0.0,0.0,0.0,0.0,0.0,0.0,0.0,1.0,0.0,0.0,0.0,9.0,4.0,0.0,0.0,0.0,0.0,0.0,0.0,0.0,0.0,3.0,12.0,1.0,12.18,5.01,2.51,1.49,0.0,0.0,0.0,284.90000000000003,0.0,1.4,0.6000000000000001,0.9,132.70000000000002,0.0,0.0,227.3,0.0,21.3,25.0,25.0,26.5,300.0,300.0,31.200000000000003,34.800000000000004,29.5,28.8,30.700000000000003,,,,,,,,,,,,,,,,,,,,,,,,
2026-07-30T19:12:26.993Z,15.887,15.9,0.0,1.4,0.0,0.0,0.0,0.0,0.0,0.0,0.0,0.0,1.0,0.0,0.0,0.0,9.0,4.0,0.0,0.0,0.0,0.0,0.0,0.0,0.0,0.0,4.0,12.0,1.0,12.18,5.01,2.51,1.49,0.0,0.0,0.0,284.8,0.0,-0.3,-1.1,-2.0,132.70000000000002,0.0,0.0,227.3,0.0,21.3,25.0,25.0,26.5,300.0,300.0,31.200000000000003,34.800000000000004,29.5,28.8,30.700000000000003,,,,,,,,,,,,,,,,,,,,,,,,
2026-07-30T19:12:27.007Z,15.901,15.912,0.0,1.4,0.0,0.0,0.0,0.0,0.0,0.0,0.0,0.0,1.0,0.0,0.0,0.0,9.0,4.0,0.0,0.0,0.0,0.0,0.0,0.0,0.0,0.0,5.0,12.0,1.0,12.13,5.01,2.51,1.49,0.0,0.0,0.0,284.7,0.0,0.8,0.0,-1.4,132.8,0.0,0.0,225.6,0.0,21.9,25.1,25.1,26.6,300.0,300.0,31.1,34.7,29.5,28.700000000000003,30.700000000000003,,,,,,,,,,,,,,,,,,,,,,,,
2026-07-30T19:12:27.018Z,15.912,15.924,0.0,1.4,0.0,0.0,0.0,0.0,0.0,0.0,0.0,0.0,1.0,0.0,0.0,0.0,9.0,4.0,0.0,0.0,0.0,0.0,0.0,0.0,0.0,0.0,6.0,12.0,1.0,12.13,5.01,2.51,1.49,0.0,0.0,0.0,284.5,0.0,0.2,1.2000000000000002,0.3,132.8,0.0,0.0,227.4,0.0,21.9,25.1,25.1,26.6,300.0,300.0,31.1,34.7,29.5,28.700000000000003,30.700000000000003,,,,,,,,,,,,,,,,,,,,,,,,
2026-07-30T19:12:27.029Z,15.923,15.936,0.0,1.4,0.0,0.0,0.0,0.0,0.0,0.0,0.0,0.0,1.0,0.0,0.0,0.0,9.0,4.0,0.0,0.0,0.0,0.0,0.0,0.0,0.0,0.0,1.0,12.0,1.0,12.13,5.01,2.51,1.49,0.0,0.0,0.0,284.40000000000003,0.0,-0.3,-0.4,0.3,132.8,0.0,0.0,227.3,0.0,21.9,25.1,25.1,26.6,300.0,300.0,31.1,34.7,29.5,28.700000000000003,30.700000000000003,,,,,,,,,,,,,,,,,,,,,,,,
2026-07-30T19:12:27.041Z,15.935,15.948,0.0,1.4,0.0,0.0,0.0,0.0,0.0,0.0,0.0,0.0,1.0,0.0,0.0,0.0,9.0,4.0,0.0,0.0,0.0,0.0,0.0,0.0,0.0,0.0,2.0,12.0,1.0,12.13,5.01,2.51,1.49,0.0,0.0,0.0,284.2,0.0,-0.2,-1.0,-0.2,132.8,0.0,0.0,227.3,0.0,21.9,25.1,25.1,26.6,300.0,300.0,31.1,34.7,29.5,28.700000000000003,30.700000000000003,,,,,,,,,,,,,,,,,,,,,,,,
2026-07-30T19:12:27.054Z,15.948,15.96,0.0,1.4,0.0,0.0,0.0,0.0,0.0,0.0,0.0,0.0,1.0,0.0,0.0,0.0,9.0,4.0,0.0,0.0,0.0,0.0,0.0,0.0,0.0,0.0,4.0,12.0,1.0,12.13,5.01,2.51,1.49,0.0,0.0,0.0,284.0,0.0,-0.2,-0.5,0.9,132.8,0.0,0.0,227.3,0.0,21.9,25.1,25.1,26.6,300.0,300.0,31.1,34.7,29.5,28.700000000000003,30.700000000000003,,,,,,,,,,,,,,,,,,,,,,,,
2026-07-30T19:12:27.065Z,15.959,15.972,0.0,1.4,0.0,0.0,0.0,0.0,0.0,0.0,0.0,0.0,1.0,0.0,0.0,0.0,9.0,4.0,0.0,0.0,0.0,0.0,0.0,0.0,0.0,0.0,5.0,12.0,1.0,12.13,5.01,2.51,1.49,-0.1,0.0,0.0,283.90000000000003,0.0,-0.2,0.0,-1.4,132.8,0.0,0.0,227.3,0.0,21.9,25.1,25.1,26.6,300.0,300.0,31.1,34.7,29.5,28.700000000000003,30.700000000000003,,,,,,,,,,,,,,,,,,,,,,,,
2026-07-30T19:12:27.078Z,15.972,15.984,0.0,1.4,0.0,0.0,0.0,0.0,0.0,0.0,0.0,0.0,1.0,0.0,0.0,0.0,9.0,4.0,0.0,0.0,0.0,0.0,0.0,0.0,0.0,0.0,6.0,12.0,1.0,12.13,5.01,2.51,1.49,0.0,0.0,0.0,283.8,0.0,0.2,0.6000000000000001,-0.3,132.8,0.0,0.0,227.3,0.0,21.9,25.1,25.1,26.6,300.0,300.0,31.1,34.7,29.5,28.700000000000003,30.700000000000003,,,,,,,,,,,,,,,,,,,,,,,,
2026-07-30T19:12:27.089Z,15.983,15.996,0.0,1.4,0.0,0.0,0.0,0.0,0.0,0.0,0.0,0.0,1.0,0.0,0.0,0.0,9.0,4.0,0.0,0.0,0.0,0.0,0.0,0.0,0.0,0.0,1.0,12.0,1.0,12.13,5.01,2.51,1.49,0.0,0.0,0.0,283.6,0.0,-0.8,-1.7000000000000002,-1.4,132.8,0.0,0.0,227.3,0.0,21.9,25.1,25.1,26.6,300.0,300.0,31.1,34.7,29.5,28.700000000000003,30.700000000000003,,,,,,,,,,,,,,,,,,,,,,,,
2026-07-30T19:12:27.102Z,15.996,16.008,0.1,1.4,0.0,0.0,0.0,0.0,0.0,0.0,0.0,0.0,1.0,0.0,0.0,0.0,9.0,4.0,0.0,0.0,0.0,0.0,0.0,0.0,0.0,0.0,3.0,12.0,1.0,12.13,5.01,2.51,1.49,0.0,0.0,0.0,283.5,0.0,0.2,1.2000000000000002,-0.3,132.8,0.0,0.0,227.0,0.0,21.9,25.1,25.1,26.6,300.0,300.0,31.1,34.7,29.5,28.700000000000003,30.700000000000003,,,,,,,,,,,,,,,,,,,,,,,,
2026-07-30T19:12:27.113Z,16.007,16.02,0.1,1.4,0.0,0.0,0.0,0.0,0.0,0.0,0.0,0.0,1.0,0.0,0.0,0.0,9.0,4.0,0.0,0.0,0.0,0.0,0.0,0.0,0.0,0.0,5.0,12.0,1.0,12.2,5.0200000000000005,2.51,1.49,0.0,0.0,0.0,283.3,0.0,0.2,0.0,-0.8,132.8,0.0,0.0,227.2,0.0,21.200000000000003,25.1,25.1,26.6,300.0,300.0,31.0,34.800000000000004,29.5,28.700000000000003,30.6,,,,,,,,,,,,,,,,,,,,,,,,
2026-07-30T19:12:27.125Z,16.019,16.032,0.1,1.4,0.0,0.0,0.0,0.0,0.0,0.0,0.0,0.0,1.0,0.0,0.0,0.0,9.0,4.0,0.0,0.0,0.0,0.0,0.0,0.0,0.0,0.0,6.0,12.0,1.0,12.2,5.0200000000000005,2.51,1.49,0.0,0.1,0.0,283.2,0.0,-0.8,-0.4,0.3,132.8,0.0,0.0,227.4,0.0,21.200000000000003,25.1,25.1,26.6,300.0,300.0,31.0,34.800000000000004,29.5,28.700000000000003,30.6,,,,,,,,,,,,,,,,,,,,,,,,
2026-07-30T19:12:27.137Z,16.031,16.044,0.1,1.4,0.0,0.0,0.0,0.0,0.0,0.0,0.0,0.0,1.0,0.0,0.0,0.0,9.0,4.0,0.0,0.0,0.0,0.0,0.0,0.0,0.0,0.0,1.0,12.0,1.0,12.2,5.0200000000000005,2.51,1.49,0.0,0.0,0.0,283.0,0.0,0.8,0.1,-0.8,132.8,0.0,0.0,227.3,0.0,21.200000000000003,25.1,25.1,26.6,300.0,300.0,31.0,34.800000000000004,29.5,28.700000000000003,30.6,,,,,,,,,,,,,,,,,,,,,,,,
2026-07-30T19:12:27.149Z,16.043,16.056,0.1,1.4,0.0,0.0,0.0,0.0,0.0,0.0,0.0,0.0,1.0,0.0,0.0,0.0,9.0,4.0,0.0,0.0,0.0,0.0,0.0,0.0,0.0,0.0,2.0,12.0,1.0,12.2,5.0200000000000005,2.51,1.49,0.0,0.0,0.0,282.90000000000003,0.0,0.2,-0.5,-1.4,132.8,0.0,0.0,227.3,0.0,21.200000000000003,25.1,25.1,26.6,300.0,300.0,31.0,34.800000000000004,29.5,28.700000000000003,30.6,,,,,,,,,,,,,,,,,,,,,,,,
2026-07-30T19:12:27.161Z,16.055,16.068,0.1,1.4,0.0,0.0,0.0,0.0,0.0,0.0,0.0,0.0,1.0,0.0,0.0,0.0,9.0,4.0,0.0,0.0,0.0,0.0,0.0,0.0,0.0,0.0,3.0,12.0,1.0,12.2,5.0200000000000005,2.51,1.49,0.0,0.0,0.0,282.7,0.0,0.2,1.2000000000000002,1.4,132.8,0.0,0.0,227.3,0.0,21.200000000000003,25.1,25.1,26.6,300.0,300.0,31.0,34.800000000000004,29.5,28.700000000000003,30.6,,,,,,,,,,,,,,,,,,,,,,,,
2026-07-30T19:12:27.175Z,16.069,16.080000000000002,0.1,1.4,0.0,0.0,0.0,0.0,0.0,0.0,0.0,0.0,1.0,0.0,0.0,0.0,9.0,4.0,0.0,0.0,0.0,0.0,0.0,0.0,0.0,0.0,4.0,12.0,1.0,12.2,5.0200000000000005,2.51,1.49,0.0,0.0,0.0,282.6,0.0,1.4,1.2000000000000002,-0.2,132.8,0.0,0.0,227.3,0.0,21.200000000000003,25.1,25.1,26.6,300.0,300.0,31.0,34.800000000000004,29.5,28.700000000000003,30.6,,,,,,,,,,,,,,,,,,,,,,,,
2026-07-30T19:12:27.185Z,16.079,16.092,0.1,1.4,0.0,0.0,0.0,0.0,0.0,0.0,0.0,0.0,1.0,0.0,0.0,0.0,9.0,4.0,0.0,0.0,0.0,0.0,0.0,0.0,0.0,0.0,5.0,12.0,1.0,12.2,5.0200000000000005,2.51,1.49,0.0,0.0,0.0,282.5,0.0,-0.8,-1.0,-1.3,132.8,0.0,0.0,227.5,0.0,21.200000000000003,25.1,25.1,26.6,300.0,300.0,31.0,34.800000000000004,29.5,28.700000000000003,30.6,,,,,,,,,,,,,,,,,,,,,,,,
2026-07-30T19:12:27.197Z,16.091,16.104,0.1,1.4,0.0,0.0,0.0,0.0,0.0,0.0,0.0,0.0,1.0,0.0,0.0,0.0,9.0,4.0,0.0,0.0,0.0,0.0,0.0,0.0,0.0,0.0,6.0,12.0,1.0,12.2,5.0200000000000005,2.51,1.49,0.0,0.0,0.0,282.3,0.0,-0.2,0.1,-0.7000000000000001,132.8,0.0,0.0,227.3,0.0,21.200000000000003,25.1,25.1,26.6,300.0,300.0,31.0,34.800000000000004,29.5,28.700000000000003,30.6,,,,,,,,,,,,,,,,,,,,,,,,
2026-07-30T19:12:27.211Z,16.105,16.116,0.1,1.4,0.0,0.0,0.0,0.0,0.0,0.0,0.0,0.0,1.0,0.0,0.0,0.0,9.0,4.0,0.0,0.0,0.0,0.0,0.0,0.0,0.0,0.0,1.0,12.0,1.0,12.09,5.01,2.51,1.49,0.0,0.0,0.0,282.2,0.0,0.3,0.7000000000000001,0.4,132.8,0.0,0.0,226.2,0.0,21.700000000000003,25.200000000000003,25.200000000000003,26.6,300.0,300.0,31.1,34.800000000000004,29.5,28.700000000000003,30.6,,,,,,,,,,,,,,,,,,,,,,,,
2026-07-30T19:12:27.221Z,16.115,16.128,0.1,1.4,0.0,0.0,0.0,0.0,0.0,0.0,0.0,0.0,1.0,0.0,0.0,0.0,9.0,4.0,0.0,0.0,0.0,0.0,0.0,0.0,0.0,0.0,2.0,12.0,1.0,12.09,5.01,2.51,1.49,0.0,0.0,0.0,282.0,0.0,-0.2,-0.3,1.1,132.8,0.0,0.0,227.4,0.0,21.700000000000003,25.200000000000003,25.200000000000003,26.6,300.0,300.0,31.1,34.800000000000004,29.5,28.700000000000003,30.6,,,,,,,,,,,,,,,,,,,,,,,,
2026-07-30T19:12:27.233Z,16.127,16.14,0.0,1.4,0.0,0.0,0.0,0.0,0.0,0.0,0.0,0.0,1.0,0.0,0.0,0.0,9.0,4.0,0.0,0.0,0.0,0.0,0.0,0.0,0.0,0.0,3.0,12.0,1.0,12.09,5.01,2.51,1.49,0.0,0.0,0.0,281.90000000000003,0.0,-0.2,0.1,0.5,132.8,0.0,0.0,227.3,0.0,21.700000000000003,25.200000000000003,25.200000000000003,26.6,300.0,300.0,31.1,34.800000000000004,29.5,28.700000000000003,30.6,,,,,,,,,,,,,,,,,,,,,,,,
2026-07-30T19:12:27.245Z,16.139,16.152,0.0,1.4,0.0,0.0,0.0,0.0,0.0,0.0,0.0,0.0,1.0,0.0,0.0,0.0,9.0,4.0,0.0,0.0,0.0,0.0,0.0,0.0,0.0,0.0,3.0,12.0,1.0,12.09,5.01,2.51,1.49,0.0,0.1,0.0,281.7,0.0,0.3,1.3,0.0,132.8,0.0,0.0,227.3,0.0,21.700000000000003,25.200000000000003,25.200000000000003,26.6,300.0,300.0,31.1,34.800000000000004,29.5,28.700000000000003,30.6,,,,,,,,,,,,,,,,,,,,,,,,
2026-07-30T19:12:27.257Z,16.151,16.164,0.0,1.4,0.0,0.0,0.0,0.0,0.0,0.0,0.0,0.0,1.0,0.0,0.0,0.0,9.0,4.0,0.0,0.0,0.0,0.0,0.0,0.0,0.0,0.0,4.0,12.0,1.0,12.09,5.01,2.51,1.49,0.0,0.0,0.0,281.5,0.0,-0.2,-0.4,0.0,132.8,0.0,0.0,227.3,0.0,21.700000000000003,25.200000000000003,25.200000000000003,26.6,300.0,300.0,31.1,34.800000000000004,29.5,28.700000000000003,30.6,,,,,,,,,,,,,,,,,,,,,,,,
2026-07-30T19:12:27.269Z,16.163,16.176000000000002,0.0,1.4,0.0,0.0,0.0,0.0,0.0,0.0,0.0,0.0,1.0,0.0,0.0,0.0,9.0,4.0,0.0,0.0,0.0,0.0,0.0,0.0,0.0,0.0,6.0,12.0,1.0,12.09,5.01,2.51,1.49,0.0,0.0,0.0,281.5,0.0,0.8,0.1,1.1,132.8,0.0,0.0,227.3,0.0,21.700000000000003,25.200000000000003,25.200000000000003,26.6,300.0,300.0,31.1,34.800000000000004,29.5,28.700000000000003,30.6,,,,,,,,,,,,,,,,,,,,,,,,
2026-07-30T19:12:27.281Z,16.175,16.188,0.0,1.4,0.0,0.0,0.0,0.0,0.0,0.0,0.0,0.0,1.0,0.0,0.0,0.0,9.0,4.0,0.0,0.0,0.0,0.0,0.0,0.0,0.0,0.0,1.0,12.0,1.0,12.09,5.01,2.51,1.49,0.0,0.0,0.0,281.3,0.0,-0.2,-0.4,1.1,132.8,0.0,0.0,227.4,0.0,21.700000000000003,25.200000000000003,25.200000000000003,26.6,300.0,300.0,31.1,34.800000000000004,29.5,28.700000000000003,30.6,,,,,,,,,,,,,,,,,,,,,,,,
2026-07-30T19:12:27.293Z,16.187,16.2,0.0,1.4,0.0,0.0,0.0,0.0,0.0,0.0,0.0,0.0,1.0,0.0,0.0,0.0,9.0,4.0,0.0,0.0,0.0,0.0,0.0,0.0,0.0,0.0,2.0,12.0,1.0,12.09,5.01,2.51,1.49,0.0,0.0,0.0,281.2,0.0,0.3,0.7000000000000001,0.0,132.8,0.0,0.0,227.3,0.0,21.700000000000003,25.200000000000003,25.200000000000003,26.6,300.0,300.0,31.1,34.800000000000004,29.5,28.700000000000003,30.6,,,,,,,,,,,,,,,,,,,,,,,,
2026-07-30T19:12:27.305Z,16.199,16.212,0.0,1.4,0.0,0.0,0.0,0.0,0.0,0.0,0.0,0.0,1.0,0.0,0.0,0.0,9.0,4.0,0.0,0.0,0.0,0.0,0.0,0.0,0.0,0.0,3.0,12.0,1.0,12.09,5.01,2.51,1.49,0.0,0.0,0.0,281.0,0.0,0.3,0.1,0.4,132.8,0.0,0.0,227.4,0.0,21.700000000000003,25.200000000000003,25.200000000000003,26.6,300.0,300.0,31.1,34.800000000000004,29.5,28.700000000000003,30.6,,,,,,,,,,,,,,,,,,,,,,,,
2026-07-30T19:12:27.317Z,16.211,16.224,0.0,1.4,0.0,0.0,0.0,0.0,0.0,0.0,0.0,0.0,1.0,0.0,0.0,0.0,9.0,4.0,0.0,0.0,0.0,0.0,0.0,0.0,0.0,0.0,4.0,12.0,1.0,12.18,5.0200000000000005,2.5,1.49,0.0,0.0,0.0,280.8,0.0,-0.1,0.1,-0.6000000000000001,132.8,0.0,0.0,226.3,0.0,21.8,25.200000000000003,25.200000000000003,26.700000000000003,300.0,300.0,31.0,34.7,29.5,28.700000000000003,30.6,,,,,,,,,,,,,,,,,,,,,,,,
2026-07-30T19:12:27.329Z,16.223,16.236,-0.1,1.4,0.0,0.0,0.0,0.0,0.0,0.0,0.0,0.0,1.0,0.0,0.0,0.0,9.0,4.0,0.0,0.0,0.0,0.0,0.0,0.0,0.0,0.0,5.0,12.0,1.0,12.18,5.0200000000000005,2.5,1.49,0.0,0.0,0.0,280.8,0.0,1.5,0.7000000000000001,1.6,132.8,0.0,0.0,227.4,0.0,21.8,25.200000000000003,25.200000000000003,26.700000000000003,300.0,300.0,31.0,34.7,29.5,28.700000000000003,30.6,,,,,,,,,,,,,,,,,,,,,,,,
2026-07-30T19:12:27.341Z,16.235,16.248,-0.1,1.4,0.0,0.0,0.0,0.0,0.0,0.0,0.0,0.0,1.0,0.0,0.0,0.0,9.0,4.0,0.0,0.0,0.0,0.0,0.0,0.0,0.0,0.0,1.0,12.0,1.0,12.18,5.0200000000000005,2.5,1.49,0.0,0.0,0.0,280.6,0.0,0.4,0.6000000000000001,1.0,132.8,0.0,0.0,227.3,0.0,21.8,25.200000000000003,25.200000000000003,26.700000000000003,300.0,300.0,31.0,34.7,29.5,28.700000000000003,30.6,,,,,,,,,,,,,,,,,,,,,,,,
2026-07-30T19:12:27.354Z,16.248,16.26,0.0,1.4,0.0,0.0,0.0,0.0,0.0,0.0,0.0,0.0,1.0,0.0,0.0,0.0,9.0,4.0,0.0,0.0,0.0,0.0,0.0,0.0,0.0,0.0,2.0,12.0,1.0,12.18,5.0200000000000005,2.5,1.49,0.0,0.0,0.0,280.5,0.0,-0.1,-0.4,-0.6000000000000001,132.8,0.0,0.0,227.3,0.0,21.8,25.200000000000003,25.200000000000003,26.700000000000003,300.0,300.0,31.0,34.7,29.5,28.700000000000003,30.6,,,,,,,,,,,,,,,,,,,,,,,,
2026-07-30T19:12:27.366Z,16.26,16.272000000000002,0.0,1.4,0.0,0.0,0.0,0.0,0.0,0.0,0.0,0.0,1.0,0.0,0.0,0.0,9.0,4.0,0.0,0.0,0.0,0.0,0.0,0.0,0.0,0.0,4.0,12.0,1.0,12.18,5.0200000000000005,2.5,1.49,0.0,0.0,0.0,280.3,0.0,0.4,0.1,0.4,132.8,0.0,0.0,227.3,0.0,21.8,25.200000000000003,25.200000000000003,26.700000000000003,300.0,300.0,31.0,34.7,29.5,28.700000000000003,30.6,,,,,,,,,,,,,,,,,,,,,,,,
2026-07-30T19:12:27.378Z,16.272,16.284,0.0,1.4,0.0,0.0,0.0,0.0,0.0,0.0,0.0,0.0,1.0,0.0,0.0,0.0,9.0,4.0,0.0,0.0,0.0,0.0,0.0,0.0,0.0,0.0,5.0,12.0,1.0,12.18,5.0200000000000005,2.5,1.49,0.0,0.1,0.0,280.2,0.0,-0.7000000000000001,0.6000000000000001,-0.7000000000000001,132.8,0.0,0.0,227.3,0.0,21.8,25.200000000000003,25.200000000000003,26.700000000000003,300.0,300.0,31.0,34.7,29.5,28.700000000000003,30.6,,,,,,,,,,,,,,,,,,,,,,,,
2026-07-30T19:12:27.390Z,16.284,16.296,0.0,1.4,0.0,0.0,0.0,0.0,0.0,0.0,0.0,0.0,1.0,0.0,0.0,0.0,9.0,4.0,0.0,0.0,0.0,0.0,0.0,0.0,0.0,0.0,6.0,12.0,1.0,12.18,5.0200000000000005,2.5,1.49,0.0,0.0,0.0,280.0,0.0,0.9,-0.5,-0.7000000000000001,132.8,0.0,0.0,227.5,0.0,21.8,25.200000000000003,25.200000000000003,26.700000000000003,300.0,300.0,31.0,34.7,29.5,28.700000000000003,30.6,,,,,,,,,,,,,,,,,,,,,,,,
2026-07-30T19:12:27.402Z,16.296,16.308,0.0,1.4,0.0,0.0,0.0,0.0,0.0,0.0,0.0,0.0,1.0,0.0,0.0,0.0,9.0,4.0,0.0,0.0,0.0,0.0,0.0,0.0,0.0,0.0,1.0,12.0,1.0,12.18,5.0200000000000005,2.5,1.49,0.0,0.0,0.0,279.90000000000003,0.0,-0.2,1.7000000000000002,0.9,132.70000000000002,0.0,0.0,227.5,0.0,21.8,25.200000000000003,25.200000000000003,26.700000000000003,300.0,300.0,31.0,34.7,29.5,28.700000000000003,30.6,,,,,,,,,,,,,,,,,,,,,,,,
2026-07-30T19:12:27.414Z,16.308,16.32,0.0,1.4,0.0,0.0,0.0,0.0,0.0,0.0,0.0,0.0,1.0,0.0,0.0,0.0,9.0,4.0,0.0,0.0,0.0,0.0,0.0,0.0,0.0,0.0,2.0,12.0,1.0,12.15,5.01,2.51,1.49,0.0,0.0,0.0,279.7,0.0,-0.2,-1.1,-1.3,132.70000000000002,0.0,0.0,227.3,0.0,21.3,25.3,25.3,26.700000000000003,300.0,300.0,31.0,34.7,29.5,28.700000000000003,30.700000000000003,,,,,,,,,,,,,,,,,,,,,,,,
2026-07-30T19:12:27.425Z,16.319,16.332,0.0,1.4,0.0,0.0,0.0,0.0,0.0,0.0,0.0,0.0,1.0,0.0,0.0,0.0,9.0,4.0,0.0,0.0,0.0,0.0,0.0,0.0,0.0,0.0,3.0,12.0,1.0,12.15,5.01,2.51,1.49,0.0,0.0,0.0,279.6,0.0,-0.8,-1.1,-0.1,132.8,0.0,0.0,227.3,0.0,21.3,25.3,25.3,26.700000000000003,300.0,300.0,31.0,34.7,29.5,28.700000000000003,30.700000000000003,,,,,,,,,,,,,,,,,,,,,,,,
2026-07-30T19:12:27.437Z,16.331,16.344,0.0,1.4,0.0,0.0,0.0,0.0,0.0,0.0,0.0,0.0,1.0,0.0,0.0,0.0,9.0,4.0,0.0,0.0,0.0,0.0,0.0,0.0,0.0,0.0,5.0,12.0,1.0,12.15,5.01,2.51,1.49,0.0,0.0,0.0,279.40000000000003,0.0,0.3,0.6000000000000001,1.5,132.8,0.0,0.0,227.3,0.0,21.3,25.3,25.3,26.700000000000003,300.0,300.0,31.0,34.7,29.5,28.700000000000003,30.700000000000003,,,,,,,,,,,,,,,,,,,,,,,,
2026-07-30T19:12:27.449Z,16.343,16.356,0.0,1.4,0.0,0.0,0.0,0.0,0.0,0.0,0.0,0.0,1.0,0.0,0.0,0.0,9.0,4.0,0.0,0.0,0.0,0.0,0.0,0.0,0.0,0.0,6.0,12.0,1.0,12.15,5.01,2.51,1.49,0.0,0.0,0.0,279.3,0.0,-0.8,-0.4,-0.7000000000000001,132.8,0.0,0.0,227.3,0.0,21.3,25.3,25.3,26.700000000000003,300.0,300.0,31.0,34.7,29.5,28.700000000000003,30.700000000000003,,,,,,,,,,,,,,,,,,,,,,,,
2026-07-30T19:12:27.461Z,16.355,16.368000000000002,0.0,1.4,0.0,0.0,0.0,0.0,0.0,0.0,0.0,0.0,1.0,0.0,0.0,0.0,9.0,4.0,0.0,0.0,0.0,0.0,0.0,0.0,0.0,0.0,1.0,12.0,1.0,12.15,5.01,2.51,1.49,0.0,0.0,0.0,279.1,0.0,0.9,0.6000000000000001,0.4,132.70000000000002,0.0,0.0,227.3,0.0,21.3,25.3,25.3,26.700000000000003,300.0,300.0,31.0,34.7,29.5,28.700000000000003,30.700000000000003,,,,,,,,,,,,,,,,,,,,,,,,
2026-07-30T19:12:27.473Z,16.367,16.38,0.0,1.4,0.0,0.0,0.0,0.0,0.0,0.0,0.0,0.0,1.0,0.0,0.0,0.0,9.0,4.0,0.0,0.0,0.0,0.0,0.0,0.0,0.0,0.0,3.0,12.0,1.0,12.15,5.01,2.51,1.49,0.0,0.0,0.0,279.0,0.0,-0.2,0.0,1.0,132.70000000000002,0.0,0.0,227.4,0.0,21.3,25.3,25.3,26.700000000000003,300.0,300.0,31.0,34.7,29.5,28.700000000000003,30.700000000000003,,,,,,,,,,,,,,,,,,,,,,,,
2026-07-30T19:12:27.485Z,16.379,16.392,0.0,1.4,0.0,0.0,0.0,0.0,0.0,0.0,0.0,0.0,1.0,0.0,0.0,0.0,9.0,4.0,0.0,0.0,0.0,0.0,0.0,0.0,0.0,0.0,4.0,12.0,1.0,12.15,5.01,2.51,1.49,0.0,0.0,0.0,278.8,0.0,0.9,0.0,-0.1,132.70000000000002,0.0,0.0,227.4,0.0,21.3,25.3,25.3,26.700000000000003,300.0,300.0,31.0,34.7,29.5,28.700000000000003,30.700000000000003,,,,,,,,,,,,,,,,,,,,,,,,
2026-07-30T19:12:27.497Z,16.391,16.404,0.0,1.4,0.0,0.0,0.0,0.0,0.0,0.0,0.0,0.0,1.0,0.0,0.0,0.0,9.0,4.0,0.0,0.0,0.0,0.0,0.0,0.0,0.0,0.0,5.0,12.0,1.0,12.15,5.01,2.51,1.49,-0.1,0.0,0.0,278.6,0.0,0.3,0.0,0.4,132.70000000000002,0.0,0.0,227.4,0.0,21.3,25.3,25.3,26.700000000000003,300.0,300.0,31.0,34.7,29.5,28.700000000000003,30.700000000000003,,,,,,,,,,,,,,,,,,,,,,,,
2026-07-30T19:12:27.509Z,16.403,16.416,0.0,1.4,0.0,0.0,0.0,0.0,0.0,0.0,0.0,0.0,1.0,0.0,0.0,0.0,9.0,4.0,0.0,0.0,0.0,0.0,0.0,0.0,0.0,0.0,1.0,12.0,1.0,12.15,5.01,2.51,1.49,0.0,0.0,0.0,278.6,0.0,-0.2,-1.0,-0.1,132.70000000000002,0.0,0.0,227.3,0.0,21.3,25.3,25.3,26.700000000000003,300.0,300.0,31.0,34.7,29.5,28.700000000000003,30.700000000000003,,,,,,,,,,,,,,,,,,,,,,,,
2026-07-30T19:12:27.521Z,16.415,16.428,0.0,1.4,0.0,0.0,0.0,0.0,0.0,0.0,0.0,0.0,1.0,0.0,0.0,0.0,9.0,4.0,0.0,0.0,0.0,0.0,0.0,0.0,0.0,0.0,1.0,12.0,1.0,12.15,5.01,2.51,1.49,0.0,0.0,0.0,278.40000000000003,0.0,-0.7000000000000001,-0.4,0.9,132.70000000000002,0.0,0.0,226.1,0.0,21.4,25.3,25.3,26.8,300.0,300.0,31.0,34.7,29.5,28.700000000000003,30.700000000000003,,,,,,,,,,,,,,,,,,,,,,,,
2026-07-30T19:12:27.533Z,16.427,16.44,0.0,1.4,0.0,0.0,0.0,0.0,0.0,0.0,0.0,0.0,1.0,0.0,0.0,0.0,9.0,4.0,0.0,0.0,0.0,0.0,0.0,0.0,0.0,0.0,3.0,12.0,1.0,12.15,5.01,2.51,1.49,0.0,0.0,0.0,278.2,0.0,-0.8,-0.5,-0.7000000000000001,132.8,0.0,0.0,227.4,0.0,21.4,25.3,25.3,26.8,300.0,300.0,31.0,34.7,29.5,28.700000000000003,30.700000000000003,,,,,,,,,,,,,,,,,,,,,,,,
2026-07-30T19:12:27.546Z,16.44,16.452,0.0,1.4,0.0,0.0,0.0,0.0,0.0,0.0,0.0,0.0,1.0,0.0,0.0,0.0,9.0,4.0,0.0,0.0,0.0,0.0,0.0,0.0,0.0,0.0,4.0,12.0,1.0,12.15,5.01,2.51,1.49,0.0,0.1,0.0,278.1,0.0,0.3,0.6000000000000001,0.9,132.8,0.0,0.0,227.3,0.0,21.4,25.3,25.3,26.8,300.0,300.0,31.0,34.7,29.5,28.700000000000003,30.700000000000003,,,,,,,,,,,,,,,,,,,,,,,,
2026-07-30T19:12:27.557Z,16.451,16.464,0.0,1.4,0.0,0.0,0.0,0.0,0.0,0.0,0.0,0.0,1.0,0.0,0.0,0.0,9.0,4.0,0.0,0.0,0.0,0.0,0.0,0.0,0.0,0.0,4.0,12.0,1.0,12.15,5.01,2.51,1.49,0.0,0.0,0.0,278.0,0.0,0.3,0.1,-0.7000000000000001,132.8,0.0,0.0,227.3,0.0,21.4,25.3,25.3,26.8,300.0,300.0,31.0,34.7,29.5,28.700000000000003,30.700000000000003,,,,,,,,,,,,,,,,,,,,,,,,
2026-07-30T19:12:27.569Z,16.463,16.476,0.0,1.4,0.0,0.0,0.0,0.0,0.0,0.0,0.0,0.0,1.0,0.0,0.0,0.0,9.0,4.0,0.0,0.0,0.0,0.0,0.0,0.0,0.0,0.0,5.0,12.0,1.0,12.15,5.01,2.51,1.49,0.0,0.1,0.0,277.8,0.0,-0.2,0.0,-0.2,132.8,0.0,0.0,227.3,0.0,21.4,25.3,25.3,26.8,300.0,300.0,31.0,34.7,29.5,28.700000000000003,30.700000000000003,,,,,,,,,,,,,,,,,,,,,,,,
2026-07-30T19:12:27.582Z,16.476,16.488,0.0,1.4,0.0,0.0,0.0,0.0,0.0,0.0,0.0,0.0,1.0,0.0,0.0,0.0,9.0,4.0,0.0,0.0,0.0,0.0,0.0,0.0,0.0,0.0,6.0,12.0,1.0,12.15,5.01,2.51,1.49,0.0,0.0,0.0,277.7,0.0,0.3,0.6000000000000001,0.8,132.8,0.0,0.0,227.3,0.0,21.4,25.3,25.3,26.8,300.0,300.0,31.0,34.7,29.5,28.700000000000003,30.700000000000003,,,,,,,,,,,,,,,,,,,,,,,,
2026-07-30T19:12:27.594Z,16.488,16.5,0.0,1.4,0.0,0.0,0.0,0.0,0.0,0.0,0.0,0.0,1.0,0.0,0.0,0.0,9.0,4.0,0.0,0.0,0.0,0.0,0.0,0.0,0.0,0.0,1.0,12.0,1.0,12.15,5.01,2.51,1.49,0.0,0.0,0.0,277.6,0.0,-0.8,0.0,-0.8,132.8,0.0,0.0,227.3,0.0,21.4,25.3,25.3,26.8,300.0,300.0,31.0,34.7,29.5,28.700000000000003,30.700000000000003,,,,,,,,,,,,,,,,,,,,,,,,
2026-07-30T19:12:27.605Z,16.499,16.512,0.0,1.4,0.0,0.0,0.0,0.0,0.0,0.0,0.0,0.0,1.0,0.0,0.0,0.0,9.0,4.0,0.0,0.0,0.0,0.0,0.0,0.0,0.0,0.0,2.0,12.0,1.0,12.15,5.01,2.51,1.49,0.0,0.0,0.0,277.40000000000003,0.0,-0.8,-0.5,-1.4,132.70000000000002,0.0,0.0,227.3,0.0,21.4,25.3,25.3,26.8,300.0,300.0,31.0,34.7,29.5,28.700000000000003,30.700000000000003,,,,,,,,,,,,,,,,,,,,,,,,
2026-07-30T19:12:27.619Z,16.513,16.524,0.1,1.4,0.0,0.0,0.0,0.0,0.0,0.0,0.0,0.0,1.0,0.0,0.0,0.0,9.0,4.0,0.0,0.0,0.0,0.0,0.0,0.0,0.0,0.0,4.0,12.0,1.0,12.11,5.01,2.51,1.49,0.0,0.1,0.0,277.3,0.0,-1.4,-0.5,0.9,132.70000000000002,0.0,0.0,227.3,0.0,21.700000000000003,25.4,25.4,26.8,300.0,300.0,31.0,34.6,29.5,28.700000000000003,30.700000000000003,,,,,,,,,,,,,,,,,,,,,,,,
2026-07-30T19:12:27.629Z,16.523,16.536,0.0,1.4,0.0,0.0,0.0,0.0,0.0,0.0,0.0,0.0,1.0,0.0,0.0,0.0,9.0,4.0,0.0,0.0,0.0,0.0,0.0,0.0,0.0,0.0,5.0,12.0,1.0,12.11,5.01,2.51,1.49,0.0,0.0,0.0,277.1,0.0,-0.3,0.0,-0.1,132.8,0.0,0.0,226.6,0.0,21.700000000000003,25.4,25.4,26.8,300.0,300.0,31.0,34.6,29.5,28.700000000000003,30.700000000000003,,,,,,,,,,,,,,,,,,,,,,,,
2026-07-30T19:12:27.641Z,16.535,16.548000000000002,0.0,1.4,0.0,0.0,0.0,0.0,0.0,0.0,0.0,0.0,1.0,0.0,0.0,0.0,9.0,4.0,0.0,0.0,0.0,0.0,0.0,0.0,0.0,0.0,5.0,12.0,1.0,12.11,5.01,2.51,1.49,0.0,0.0,0.0,277.0,0.0,0.8,1.2000000000000002,-0.7000000000000001,132.8,0.0,0.0,227.3,0.0,21.700000000000003,25.4,25.4,26.8,300.0,300.0,31.0,34.6,29.5,28.700000000000003,30.700000000000003,,,,,,,,,,,,,,,,,,,,,,,,
2026-07-30T19:12:27.653Z,16.547,16.56,0.0,1.4,0.0,0.0,0.0,0.0,0.0,0.0,0.0,0.0,1.0,0.0,0.0,0.0,9.0,4.0,0.0,0.0,0.0,0.0,0.0,0.0,0.0,0.0,6.0,12.0,1.0,12.11,5.01,2.51,1.49,0.0,0.0,0.0,276.8,0.0,0.2,0.6000000000000001,-0.1,132.8,0.0,0.0,227.3,0.0,21.700000000000003,25.4,25.4,26.8,300.0,300.0,31.0,34.6,29.5,28.700000000000003,30.700000000000003,,,,,,,,,,,,,,,,,,,,,,,,
2026-07-30T19:12:27.666Z,16.56,16.572,0.0,1.4,0.0,0.0,0.0,0.0,0.0,0.0,0.0,0.0,1.0,0.0,0.0,0.0,9.0,4.0,0.0,0.0,0.0,0.0,0.0,0.0,0.0,0.0,2.0,12.0,1.0,12.11,5.01,2.51,1.49,0.0,0.0,0.0,276.7,0.0,0.2,-0.4,-0.1,132.8,0.0,0.0,227.3,0.0,21.700000000000003,25.4,25.4,26.8,300.0,300.0,31.0,34.6,29.5,28.700000000000003,30.700000000000003,,,,,,,,,,,,,,,,,,,,,,,,
2026-07-30T19:12:27.677Z,16.571,16.584,0.0,1.4,0.0,0.0,0.0,0.0,0.0,0.0,0.0,0.0,1.0,0.0,0.0,0.0,9.0,4.0,0.0,0.0,0.0,0.0,0.0,0.0,0.0,0.0,2.0,12.0,1.0,12.11,5.01,2.51,1.49,0.0,0.1,0.0,276.6,0.0,0.2,-0.4,1.5,132.8,0.0,0.0,227.3,0.0,21.700000000000003,25.4,25.4,26.8,300.0,300.0,31.0,34.6,29.5,28.700000000000003,30.700000000000003,,,,,,,,,,,,,,,,,,,,,,,,
2026-07-30T19:12:27.689Z,16.583,16.596,0.0,1.4,0.0,0.0,0.0,0.0,0.0,0.0,0.0,0.0,1.0,0.0,0.0,0.0,9.0,4.0,0.0,0.0,0.0,0.0,0.0,0.0,0.0,0.0,4.0,12.0,1.0,12.11,5.01,2.51,1.49,0.0,0.0,0.0,276.5,0.0,-0.3,1.2000000000000002,-1.3,132.8,0.0,0.0,227.3,0.0,21.700000000000003,25.4,25.4,26.8,300.0,300.0,31.0,34.6,29.5,28.700000000000003,30.700000000000003,,,,,,,,,,,,,,,,,,,,,,,,
2026-07-30T19:12:27.701Z,16.595,16.608,0.0,1.4,0.0,0.0,0.0,0.0,0.0,0.0,0.0,0.0,1.0,0.0,0.0,0.0,9.0,4.0,0.0,0.0,0.0,0.0,0.0,0.0,0.0,0.0,5.0,12.0,1.0,12.11,5.01,2.51,1.49,0.0,0.1,0.0,276.40000000000003,0.0,0.2,-1.0,-0.2,132.8,0.0,0.0,227.3,0.0,21.700000000000003,25.4,25.4,26.8,300.0,300.0,31.0,34.6,29.5,28.700000000000003,30.700000000000003,,,,,,,,,,,,,,,,,,,,,,,,
2026-07-30T19:12:27.713Z,16.607,16.62,0.0,1.4,0.0,0.0,0.0,0.0,0.0,0.0,0.0,0.0,1.0,0.0,0.0,0.0,9.0,4.0,0.0,0.0,0.0,0.0,0.0,0.0,0.0,0.0,6.0,12.0,1.0,12.11,5.01,2.51,1.49,0.0,0.0,0.0,276.2,0.0,-0.3,0.1,0.3,132.70000000000002,0.0,0.0,227.3,0.0,21.700000000000003,25.4,25.4,26.8,300.0,300.0,31.0,34.6,29.5,28.700000000000003,30.700000000000003,,,,,,,,,,,,,,,,,,,,,,,,
2026-07-30T19:12:27.726Z,16.62,16.632,0.0,1.4,0.0,0.0,0.0,0.0,0.0,0.0,0.0,0.0,1.0,0.0,0.0,0.0,9.0,4.0,0.0,0.0,0.0,0.0,0.0,0.0,0.0,0.0,1.0,12.0,1.0,12.15,5.01,2.51,1.49,0.0,0.0,0.0,276.1,0.0,-0.3,0.0,-0.8,132.70000000000002,0.0,0.0,227.3,0.0,21.8,25.4,25.4,26.9,300.0,300.0,31.0,34.6,29.4,28.700000000000003,30.6,,,,,,,,,,,,,,,,,,,,,,,,
2026-07-30T19:12:27.737Z,16.631,16.644000000000002,0.0,1.4,0.0,0.0,0.0,0.0,0.0,0.0,0.0,0.0,1.0,0.0,0.0,0.0,9.0,4.0,0.0,0.0,0.0,0.0,0.0,0.0,0.0,0.0,2.0,12.0,1.0,12.15,5.01,2.51,1.49,0.0,0.0,0.0,275.90000000000003,0.0,-0.9,0.6000000000000001,0.3,132.8,0.0,0.0,227.2,0.0,21.8,25.4,25.4,26.9,300.0,300.0,31.0,34.6,29.4,28.700000000000003,30.6,,,,,,,,,,,,,,,,,,,,,,,,
2026-07-30T19:12:27.749Z,16.643,16.656,0.0,1.4,0.0,0.0,0.0,0.0,0.0,0.0,0.0,0.0,1.0,0.0,0.0,0.0,9.0,4.0,0.0,0.0,0.0,0.0,0.0,0.0,0.0,0.0,3.0,12.0,1.0,12.15,5.01,2.51,1.49,0.0,0.0,0.0,275.8,0.0,0.2,0.6000000000000001,-0.2,132.8,0.0,0.0,227.3,0.0,21.8,25.4,25.4,26.9,300.0,300.0,31.0,34.6,29.4,28.700000000000003,30.6,,,,,,,,,,,,,,,,,,,,,,,,
2026-07-30T19:12:27.761Z,16.655,16.668,0.0,1.4,0.0,0.0,0.0,0.0,0.0,0.0,0.0,0.0,1.0,0.0,0.0,0.0,9.0,4.0,0.0,0.0,0.0,0.0,0.0,0.0,0.0,0.0,4.0,12.0,1.0,12.15,5.01,2.51,1.49,0.0,0.0,0.0,275.6,0.0,-0.8,-1.0,-1.4,132.8,0.0,0.0,227.2,0.0,21.8,25.4,25.4,26.9,300.0,300.0,31.0,34.6,29.4,28.700000000000003,30.6,,,,,,,,,,,,,,,,,,,,,,,,
2026-07-30T19:12:27.774Z,16.668,16.68,0.0,1.4,0.0,0.0,0.0,0.0,0.0,0.0,0.0,0.0,1.0,0.0,0.0,0.0,9.0,4.0,0.0,0.0,0.0,0.0,0.0,0.0,0.0,0.0,5.0,12.0,1.0,12.15,5.01,2.51,1.49,0.0,0.0,0.0,275.5,0.0,0.3,0.6000000000000001,-0.1,132.8,0.0,0.0,227.4,0.0,21.8,25.4,25.4,26.9,300.0,300.0,31.0,34.6,29.4,28.700000000000003,30.6,,,,,,,,,,,,,,,,,,,,,,,,
2026-07-30T19:12:27.785Z,16.679,16.692,0.0,1.4,0.0,0.0,0.0,0.0,0.0,0.0,0.0,0.0,1.0,0.0,0.0,0.0,9.0,4.0,0.0,0.0,0.0,0.0,0.0,0.0,0.0,0.0,6.0,12.0,1.0,12.15,5.01,2.51,1.49,0.0,0.0,0.0,275.40000000000003,0.0,0.2,1.2000000000000002,0.4,132.70000000000002,0.0,0.0,227.3,0.0,21.8,25.4,25.4,26.9,300.0,300.0,31.0,34.6,29.4,28.700000000000003,30.6,,,,,,,,,,,,,,,,,,,,,,,,
2026-07-30T19:12:27.797Z,16.691,16.704,0.0,1.4,0.0,0.0,0.0,0.0,0.0,0.0,0.0,0.0,1.0,0.0,0.0,0.0,9.0,4.0,0.0,0.0,0.0,0.0,0.0,0.0,0.0,0.0,1.0,12.0,1.0,12.15,5.01,2.51,1.49,0.0,0.0,0.0,275.3,0.0,-1.4,-1.0,-1.3,132.70000000000002,0.0,0.0,227.3,0.0,21.8,25.4,25.4,26.9,300.0,300.0,31.0,34.6,29.4,28.700000000000003,30.6,,,,,,,,,,,,,,,,,,,,,,,,
2026-07-30T19:12:27.809Z,16.703,16.716,0.0,1.4,0.0,0.0,0.0,0.0,0.0,0.0,0.0,0.0,1.0,0.0,0.0,0.0,9.0,4.0,0.0,0.0,0.0,0.0,0.0,0.0,0.0,0.0,2.0,12.0,1.0,12.15,5.01,2.51,1.49,0.0,0.0,0.0,275.1,0.0,0.2,0.0,-0.1,132.70000000000002,0.0,0.0,227.3,0.0,21.8,25.4,25.4,26.9,300.0,300.0,31.0,34.6,29.4,28.700000000000003,30.6,,,,,,,,,,,,,,,,,,,,,,,,
2026-07-30T19:12:27.822Z,16.716,16.728,0.0,1.4,0.0,0.0,0.0,0.0,0.0,0.0,0.0,0.0,1.0,0.0,0.0,0.0,9.0,4.0,0.0,0.0,0.0,0.0,0.0,0.0,0.0,0.0,3.0,12.0,1.0,12.17,5.0200000000000005,2.51,1.49,0.0,0.0,0.0,275.0,0.0,-0.8,-1.1,-0.7000000000000001,132.70000000000002,0.0,0.0,227.3,0.0,21.3,25.5,25.5,26.9,300.0,300.0,31.0,34.7,29.4,28.700000000000003,30.6,,,,,,,,,,,,,,,,,,,,,,,,
2026-07-30T19:12:27.833Z,16.727,16.740000000000002,0.0,1.4,0.0,0.0,0.0,0.0,0.0,0.0,0.0,0.0,1.0,0.0,0.0,0.0,9.0,4.0,0.0,0.0,0.0,0.0,0.0,0.0,0.0,0.0,4.0,12.0,1.0,12.17,5.0200000000000005,2.51,1.49,0.0,0.0,0.0,274.8,0.0,-0.3,1.2000000000000002,0.4,132.70000000000002,0.0,0.0,226.6,0.0,21.3,25.5,25.5,26.9,300.0,300.0,31.0,34.7,29.4,28.700000000000003,30.6,,,,,,,,,,,,,,,,,,,,,,,,
2026-07-30T19:12:27.845Z,16.739,16.752,0.0,1.4,0.0,0.0,0.0,0.0,0.0,0.0,0.0,0.0,1.0,0.0,0.0,0.0,9.0,4.0,0.0,0.0,0.0,0.0,0.0,0.0,0.0,0.0,5.0,12.0,1.0,12.17,5.0200000000000005,2.51,1.49,0.0,0.0,0.0,274.6,0.0,-0.8,-0.4,-2.4000000000000004,132.8,0.0,0.0,227.3,0.0,21.3,25.5,25.5,26.9,300.0,300.0,31.0,34.7,29.4,28.700000000000003,30.6,,,,,,,,,,,,,,,,,,,,,,,,
2026-07-30T19:12:27.857Z,16.751,16.764,0.0,1.4,0.0,0.0,0.0,0.0,0.0,0.0,0.0,0.0,1.0,0.0,0.0,0.0,9.0,4.0,0.0,0.0,0.0,0.0,0.0,0.0,0.0,0.0,1.0,12.0,1.0,12.17,5.0200000000000005,2.51,1.49,0.0,0.0,0.0,274.5,0.0,-0.1,-0.4,1.0,132.8,0.0,0.0,227.3,0.0,21.3,25.5,25.5,26.9,300.0,300.0,31.0,34.7,29.4,28.700000000000003,30.6,,,,,,,,,,,,,,,,,,,,,,,,
2026-07-30T19:12:27.871Z,16.765,16.776,0.0,1.4,0.0,0.0,0.0,0.0,0.0,0.0,0.0,0.0,1.0,0.0,0.0,0.0,9.0,4.0,0.0,0.0,0.0,0.0,0.0,0.0,0.0,0.0,2.0,12.0,1.0,12.17,5.0200000000000005,2.51,1.49,0.0,0.0,0.0,274.3,0.0,-0.7000000000000001,0.6000000000000001,0.0,132.8,0.0,0.0,227.3,0.0,21.3,25.5,25.5,26.9,300.0,300.0,31.0,34.7,29.4,28.700000000000003,30.6,,,,,,,,,,,,,,,,,,,,,,,,
2026-07-30T19:12:27.881Z,16.775,16.788,0.0,1.4,0.0,0.0,0.0,0.0,0.0,0.0,0.0,0.0,1.0,0.0,0.0,0.0,9.0,4.0,0.0,0.0,0.0,0.0,0.0,0.0,0.0,0.0,6.0,12.0,1.0,12.17,5.0200000000000005,2.51,1.49,0.0,0.0,0.0,274.3,0.0,-0.8,-0.5,-1.3,132.8,0.0,0.0,227.3,0.0,21.3,25.5,25.5,26.9,300.0,300.0,31.0,34.7,29.4,28.700000000000003,30.6,,,,,,,,,,,,,,,,,,,,,,,,
2026-07-30T19:12:27.893Z,16.787,16.8,0.0,1.4,0.0,0.0,0.0,0.0,0.0,0.0,0.0,0.0,1.0,0.0,0.0,0.0,9.0,4.0,0.0,0.0,0.0,0.0,0.0,0.0,0.0,0.0,1.0,12.0,1.0,12.17,5.0200000000000005,2.51,1.49,0.0,0.1,0.0,274.1,0.0,-0.8,-0.4,0.4,132.8,0.0,0.0,227.3,0.0,21.3,25.5,25.5,26.9,300.0,300.0,31.0,34.7,29.4,28.700000000000003,30.6,,,,,,,,,,,,,,,,,,,,,,,,
2026-07-30T19:12:27.905Z,16.799,16.812,0.0,1.4,0.0,0.0,0.0,0.0,0.0,0.0,0.0,0.0,1.0,0.0,0.0,0.0,9.0,4.0,0.0,0.0,0.0,0.0,0.0,0.0,0.0,0.0,2.0,12.0,1.0,12.17,5.0200000000000005,2.51,1.49,0.0,0.0,0.0,273.90000000000003,0.0,-0.8,0.1,-1.8,132.8,0.0,0.0,227.3,0.0,21.3,25.5,25.5,26.9,300.0,300.0,31.0,34.7,29.4,28.700000000000003,30.6,,,,,,,,,,,,,,,,,,,,,,,,
2026-07-30T19:12:27.918Z,16.812,16.824,0.0,1.4,0.0,0.0,0.0,0.0,0.0,0.0,0.0,0.0,1.0,0.0,0.0,0.0,9.0,4.0,0.0,0.0,0.0,0.0,0.0,0.0,0.0,0.0,3.0,12.0,1.0,12.17,5.0200000000000005,2.51,1.49,0.0,0.0,0.0,273.7,0.0,-0.2,0.6000000000000001,0.4,132.8,0.0,0.0,227.3,0.0,21.3,25.5,25.5,26.9,300.0,300.0,31.0,34.7,29.4,28.700000000000003,30.6,,,,,,,,,,,,,,,,,,,,,,,,
2026-07-30T19:12:27.930Z,16.824,16.836000000000002,0.0,1.4,0.0,0.0,0.0,0.0,0.0,0.0,0.0,0.0,1.0,0.0,0.0,0.0,9.0,4.0,0.0,0.0,0.0,0.0,0.0,0.0,0.0,0.0,4.0,12.0,1.0,12.17,5.01,2.51,1.5,0.0,0.0,0.0,273.6,0.0,-0.2,0.1,-1.9,132.8,0.0,0.0,227.3,0.0,21.700000000000003,25.6,25.6,27.0,300.0,300.0,30.8,34.7,29.4,28.700000000000003,30.6,,,,,,,,,,,,,,,,,,,,,,,,
2026-07-30T19:12:27.941Z,16.835,16.848,0.0,1.4,0.0,0.0,0.0,0.0,0.0,0.0,0.0,0.0,1.0,0.0,0.0,0.0,9.0,4.0,0.0,0.0,0.0,0.0,0.0,0.0,0.0,0.0,6.0,12.0,1.0,12.17,5.01,2.51,1.5,0.0,0.0,0.0,273.5,0.0,-0.2,-0.4,-0.7000000000000001,132.8,0.0,0.0,226.0,0.0,21.700000000000003,25.6,25.6,27.0,300.0,300.0,30.8,34.7,29.4,28.700000000000003,30.6,,,,,,,,,,,,,,,,,,,,,,,,
2026-07-30T19:12:27.953Z,16.847,16.86,0.0,1.4,0.0,0.0,0.0,0.0,0.0,0.0,0.0,0.0,1.0,0.0,0.0,0.0,9.0,4.0,0.0,0.0,0.0,0.0,0.0,0.0,0.0,0.0,1.0,12.0,1.0,12.17,5.01,2.51,1.5,0.0,0.0,0.0,273.3,0.0,-1.4,-0.4,-0.1,132.8,0.0,0.0,227.3,0.0,21.700000000000003,25.6,25.6,27.0,300.0,300.0,30.8,34.7,29.4,28.700000000000003,30.6,,,,,,,,,,,,,,,,,,,,,,,,
2026-07-30T19:12:27.965Z,16.859,16.872,0.0,1.4,0.0,0.0,0.0,0.0,0.0,0.0,0.0,0.0,1.0,0.0,0.0,0.0,9.0,4.0,0.0,0.0,0.0,0.0,0.0,0.0,0.0,0.0,2.0,12.0,1.0,12.17,5.01,2.51,1.5,0.0,0.0,0.0,273.2,0.0,-0.2,0.7000000000000001,-0.1,132.8,0.0,0.0,227.3,0.0,21.700000000000003,25.6,25.6,27.0,300.0,300.0,30.8,34.7,29.4,28.700000000000003,30.6,,,,,,,,,,,,,,,,,,,,,,,,
2026-07-30T19:12:27.977Z,16.871,16.884,0.0,1.4,0.0,0.0,0.0,0.0,0.0,0.0,0.0,0.0,1.0,0.0,0.0,0.0,9.0,4.0,0.0,0.0,0.0,0.0,0.0,0.0,0.0,0.0,3.0,12.0,1.0,12.17,5.01,2.51,1.5,0.0,0.0,0.0,273.0,0.0,-0.2,0.1,0.4,132.8,0.0,0.0,227.3,0.0,21.700000000000003,25.6,25.6,27.0,300.0,300.0,30.8,34.7,29.4,28.700000000000003,30.6,,,,,,,,,,,,,,,,,,,,,,,,
2026-07-30T19:12:27.989Z,16.883,16.896,0.0,1.4,0.0,0.0,0.0,0.0,0.0,0.0,0.0,0.0,1.0,0.0,0.0,0.0,9.0,4.0,0.0,0.0,0.0,0.0,0.0,0.0,0.0,0.0,4.0,12.0,1.0,12.17,5.01,2.51,1.5,0.0,0.0,0.0,272.8,0.0,-0.2,-1.0,-1.3,132.8,0.0,0.0,227.3,0.0,21.700000000000003,25.6,25.6,27.0,300.0,300.0,30.8,34.7,29.4,28.700000000000003,30.6,,,,,,,,,,,,,,,,,,,,,,,,
2026-07-30T19:12:28.001Z,16.895,16.908,0.0,1.4,0.0,0.0,0.0,0.0,0.0,0.0,0.0,0.0,1.0,0.0,0.0,0.0,9.0,4.0,0.0,0.0,0.0,0.0,0.0,0.0,0.0,0.0,5.0,12.0,1.0,12.17,5.01,2.51,1.5,0.0,0.0,0.0,272.7,0.0,0.3,0.1,0.0,132.8,0.0,0.0,227.3,0.0,21.700000000000003,25.6,25.6,27.0,300.0,300.0,30.8,34.7,29.4,28.700000000000003,30.6,,,,,,,,,,,,,,,,,,,,,,,,
2026-07-30T19:12:28.013Z,16.907,16.92,0.0,1.4,0.0,0.0,0.0,0.0,0.0,0.0,0.0,0.0,1.0,0.0,0.0,0.0,9.0,4.0,0.0,0.0,0.0,0.0,0.0,0.0,0.0,0.0,6.0,12.0,1.0,12.17,5.01,2.51,1.5,0.0,0.0,0.0,272.6,0.0,0.3,0.1,0.0,132.8,0.0,0.0,227.3,0.0,21.700000000000003,25.6,25.6,27.0,300.0,300.0,30.8,34.7,29.4,28.700000000000003,30.6,,,,,,,,,,,,,,,,,,,,,,,,
2026-07-30T19:12:28.027Z,16.921,16.932,0.0,1.4,0.0,0.0,0.0,0.0,0.0,0.0,0.0,0.0,1.0,0.0,0.0,0.0,9.0,4.0,0.0,0.0,0.0,0.0,0.0,0.0,0.0,0.0,1.0,12.0,1.0,12.15,5.0200000000000005,2.5,1.5,0.0,0.0,0.0,272.40000000000003,0.0,0.3,0.1,0.5,132.8,0.0,0.0,227.3,0.0,21.200000000000003,25.6,25.6,27.0,300.0,300.0,30.9,34.7,29.4,28.700000000000003,30.6,,,,,,,,,,,,,,,,,,,,,,,,
2026-07-30T19:12:28.037Z,16.931,16.944,0.0,1.4,0.0,0.0,0.0,0.0,0.0,0.0,0.0,0.0,1.0,0.0,0.0,0.0,9.0,4.0,0.0,0.0,0.0,0.0,0.0,0.0,0.0,0.0,2.0,12.0,1.0,12.15,5.0200000000000005,2.5,1.5,0.0,0.0,0.0,272.40000000000003,0.0,0.9,-0.4,0.5,132.8,0.0,0.0,227.4,0.0,21.200000000000003,25.6,25.6,27.0,300.0,300.0,30.9,34.7,29.4,28.700000000000003,30.6,,,,,,,,,,,,,,,,,,,,,,,,
2026-07-30T19:12:28.049Z,16.943,16.956,0.0,1.4,0.0,0.0,0.0,0.0,0.0,0.0,0.0,0.0,1.0,0.0,0.0,0.0,9.0,4.0,0.0,0.0,0.0,0.0,0.0,0.0,0.0,0.0,3.0,12.0,1.0,12.15,5.0200000000000005,2.5,1.5,0.0,0.1,0.0,272.2,0.0,0.3,0.1,-0.5,132.8,0.0,0.0,226.9,0.0,21.200000000000003,25.6,25.6,27.0,300.0,300.0,30.9,34.7,29.4,28.700000000000003,30.6,,,,,,,,,,,,,,,,,,,,,,,,
2026-07-30T19:12:28.061Z,16.955,16.968,-0.1,1.4,0.0,0.0,0.0,0.0,0.0,0.0,0.0,0.0,1.0,0.0,0.0,0.0,9.0,4.0,0.0,0.0,0.0,0.0,0.0,0.0,0.0,0.0,5.0,12.0,1.0,12.15,5.0200000000000005,2.5,1.5,0.0,0.0,0.0,272.1,0.0,-0.2,0.0,0.5,132.8,0.0,0.0,227.3,0.0,21.200000000000003,25.6,25.6,27.0,300.0,300.0,30.9,34.7,29.4,28.700000000000003,30.6,,,,,,,,,,,,,,,,,,,,,,,,
2026-07-30T19:12:28.074Z,16.968,16.98,0.0,1.4,0.0,0.0,0.0,0.0,0.0,0.0,0.0,0.0,1.0,0.0,0.0,0.0,9.0,4.0,0.0,0.0,0.0,0.0,0.0,0.0,0.0,0.0,6.0,12.0,1.0,12.15,5.0200000000000005,2.5,1.5,0.0,0.0,0.0,271.90000000000003,0.0,0.2,0.0,2.3000000000000003,132.8,0.0,0.0,227.4,0.0,21.200000000000003,25.6,25.6,27.0,300.0,300.0,30.9,34.7,29.4,28.700000000000003,30.6,,,,,,,,,,,,,,,,,,,,,,,,
2026-07-30T19:12:28.085Z,16.979,16.992,0.0,1.4,0.0,0.0,0.0,0.0,0.0,0.0,0.0,0.0,1.0,0.0,0.0,0.0,9.0,4.0,0.0,0.0,0.0,0.0,0.0,0.0,0.0,0.0,2.0,12.0,1.0,12.15,5.0200000000000005,2.5,1.5,0.0,0.0,0.0,271.8,0.0,-0.3,-0.5,0.0,132.8,0.0,0.0,227.5,0.0,21.200000000000003,25.6,25.6,27.0,300.0,300.0,30.9,34.7,29.4,28.700000000000003,30.6,,,,,,,,,,,,,,,,,,,,,,,,
2026-07-30T19:12:28.098Z,16.992,17.004,0.0,1.4,0.0,0.0,0.0,0.0,0.0,0.0,0.0,0.0,1.0,0.0,0.0,0.0,9.0,4.0,0.0,0.0,0.0,0.0,0.0,0.0,0.0,0.0,3.0,12.0,1.0,12.15,5.0200000000000005,2.5,1.5,0.0,0.0,0.0,271.7,0.0,-0.3,-1.1,0.0,132.70000000000002,0.0,0.0,227.4,0.0,21.200000000000003,25.6,25.6,27.0,300.0,300.0,30.9,34.7,29.4,28.700000000000003,30.6,,,,,,,,,,,,,,,,,,,,,,,,
2026-07-30T19:12:28.109Z,17.003,17.016000000000002,0.0,1.4,0.0,0.0,0.0,0.0,0.0,0.0,0.0,0.0,1.0,0.0,0.0,0.0,9.0,4.0,0.0,0.0,0.0,0.0,0.0,0.0,0.0,0.0,3.0,12.0,1.0,12.15,5.0200000000000005,2.5,1.5,0.0,0.0,0.0,271.5,0.0,-0.9,0.6000000000000001,1.0,132.70000000000002,0.0,0.0,227.4,0.0,21.200000000000003,25.6,25.6,27.0,300.0,300.0,30.9,34.7,29.4,28.700000000000003,30.6,,,,,,,,,,,,,,,,,,,,,,,,
2026-07-30T19:12:28.122Z,17.016,17.028,0.0,1.4,0.0,0.0,0.0,0.0,0.0,0.0,0.0,0.0,1.0,0.0,0.0,0.0,9.0,4.0,0.0,0.0,0.0,0.0,0.0,0.0,0.0,0.0,4.0,12.0,1.0,12.15,5.0200000000000005,2.5,1.5,0.0,0.0,0.0,271.40000000000003,0.0,-0.9,1.2000000000000002,1.0,132.70000000000002,0.0,0.0,227.4,0.0,21.200000000000003,25.6,25.6,27.0,300.0,300.0,30.9,34.7,29.4,28.700000000000003,30.6,,,,,,,,,,,,,,,,,,,,,,,,
2026-07-30T19:12:28.133Z,17.027,17.04,0.0,1.4,0.0,0.0,0.0,0.0,0.0,0.0,0.0,0.0,1.0,0.0,0.0,0.0,9.0,4.0,0.0,0.0,0.0,0.0,0.0,0.0,0.0,0.0,5.0,12.0,1.0,12.17,5.01,2.5,1.5,0.0,0.0,0.0,271.3,0.0,-1.5,-0.5,0.0,132.70000000000002,0.0,0.0,227.3,0.0,21.700000000000003,25.700000000000003,25.700000000000003,27.1,300.0,300.0,30.9,34.800000000000004,29.4,28.700000000000003,30.6,,,,,,,,,,,,,,,,,,,,,,,,
2026-07-30T19:12:28.145Z,17.039,17.052,0.0,1.4,0.0,0.0,0.0,0.0,0.0,0.0,0.0,0.0,1.0,0.0,0.0,0.0,9.0,4.0,0.0,0.0,0.0,0.0,0.0,0.0,0.0,0.0,6.0,12.0,1.0,12.17,5.01,2.5,1.5,0.0,0.0,0.0,271.2,0.0,-0.9,0.0,-0.6000000000000001,132.70000000000002,0.0,0.0,227.1,0.0,21.700000000000003,25.700000000000003,25.700000000000003,27.1,300.0,300.0,30.9,34.800000000000004,29.4,28.700000000000003,30.6,,,,,,,,,,,,,,,,,,,,,,,,
2026-07-30T19:12:28.157Z,17.051,17.064,0.0,1.4,0.0,0.0,0.0,0.0,0.0,0.0,0.0,0.0,1.0,0.0,0.0,0.0,9.0,4.0,0.0,0.0,0.0,0.0,0.0,0.0,0.0,0.0,2.0,12.0,1.0,12.17,5.01,2.5,1.5,0.0,0.0,0.0,271.0,0.0,-0.3,0.0,-1.2000000000000002,132.8,0.0,0.0,227.3,0.0,21.700000000000003,25.700000000000003,25.700000000000003,27.1,300.0,300.0,30.9,34.800000000000004,29.4,28.700000000000003,30.6,,,,,,,,,,,,,,,,,,,,,,,,
2026-07-30T19:12:28.170Z,17.064,17.076,0.0,1.4,0.0,0.0,0.0,0.0,0.0,0.0,0.0,0.0,1.0,0.0,0.0,0.0,9.0,4.0,0.0,0.0,0.0,0.0,0.0,0.0,0.0,0.0,1.0,12.0,1.0,12.17,5.01,2.5,1.5,0.0,0.0,0.0,270.8,0.0,-0.3,0.0,-0.1,132.8,0.0,0.0,227.4,0.0,21.700000000000003,25.700000000000003,25.700000000000003,27.1,300.0,300.0,30.9,34.800000000000004,29.4,28.700000000000003,30.6,,,,,,,,,,,,,,,,,,,,,,,,
2026-07-30T19:12:28.181Z,17.075,17.088,0.0,1.4,0.0,0.0,0.0,0.0,0.0,0.0,0.0,0.0,1.0,0.0,0.0,0.0,9.0,4.0,0.0,0.0,0.0,0.0,0.0,0.0,0.0,0.0,2.0,12.0,1.0,12.17,5.01,2.5,1.5,0.0,0.0,0.0,270.7,0.0,-0.3,0.6000000000000001,-0.1,132.8,0.0,0.0,227.4,0.0,21.700000000000003,25.700000000000003,25.700000000000003,27.1,300.0,300.0,30.9,34.800000000000004,29.4,28.700000000000003,30.6,,,,,,,,,,,,,,,,,,,,,,,,
2026-07-30T19:12:28.193Z,17.087,17.1,0.0,1.4,0.0,0.0,0.0,0.0,0.0,0.0,0.0,0.0,1.0,0.0,0.0,0.0,9.0,4.0,0.0,0.0,0.0,0.0,0.0,0.0,0.0,0.0,3.0,12.0,1.0,12.17,5.01,2.5,1.5,0.0,0.0,0.0,270.7,0.0,-0.2,-1.7000000000000002,-0.1,132.70000000000002,0.0,0.0,227.4,0.0,21.700000000000003,25.700000000000003,25.700000000000003,27.1,300.0,300.0,30.9,34.800000000000004,29.4,28.700000000000003,30.6,,,,,,,,,,,,,,,,,,,,,,,,
2026-07-30T19:12:28.205Z,17.099,17.112000000000002,0.0,1.4,0.0,0.0,0.0,0.0,0.0,0.0,0.0,0.0,1.0,0.0,0.0,0.0,9.0,4.0,0.0,0.0,0.0,0.0,0.0,0.0,0.0,0.0,4.0,12.0,1.0,12.17,5.01,2.5,1.5,0.0,0.0,0.0,270.5,0.0,-0.2,1.2000000000000002,0.4,132.70000000000002,0.0,0.0,227.3,0.0,21.700000000000003,25.700000000000003,25.700000000000003,27.1,300.0,300.0,30.9,34.800000000000004,29.4,28.700000000000003,30.6,,,,,,,,,,,,,,,,,,,,,,,,
2026-07-30T19:12:28.218Z,17.112,17.124,0.0,1.4,0.0,0.0,0.0,0.0,0.0,0.0,0.0,0.0,1.0,0.0,0.0,0.0,9.0,4.0,0.0,0.0,0.0,0.0,0.0,0.0,0.0,0.0,5.0,12.0,1.0,12.17,5.01,2.5,1.5,0.0,0.0,0.0,270.3,0.0,0.3,-0.5,-0.7000000000000001,132.70000000000002,0.0,0.0,227.3,0.0,21.700000000000003,25.700000000000003,25.700000000000003,27.1,300.0,300.0,30.9,34.800000000000004,29.4,28.700000000000003,30.6,,,,,,,,,,,,,,,,,,,,,,,,
2026-07-30T19:12:28.230Z,17.124,17.136,0.0,1.4,0.0,0.0,0.0,0.0,0.0,0.0,0.0,0.0,1.0,0.0,0.0,0.0,9.0,4.0,0.0,0.0,0.0,0.0,0.0,0.0,0.0,0.0,6.0,12.0,1.0,12.17,5.01,2.5,1.49,0.0,0.0,0.0,270.3,0.0,0.3,1.2000000000000002,1.6,132.70000000000002,0.0,0.0,227.3,0.0,21.3,25.700000000000003,25.700000000000003,27.1,300.0,300.0,31.0,34.800000000000004,29.4,28.700000000000003,30.6,,,,,,,,,,,,,,,,,,,,,,,,
2026-07-30T19:12:28.241Z,17.135,17.148,0.0,1.4,0.0,0.0,0.0,0.0,0.0,0.0,0.0,0.0,1.0,0.0,0.0,0.0,9.0,4.0,0.0,0.0,0.0,0.0,0.0,0.0,0.0,0.0,1.0,12.0,1.0,12.17,5.01,2.5,1.49,0.0,0.0,0.0,270.2,0.0,0.3,-0.4,-0.6000000000000001,132.70000000000002,0.0,0.0,227.3,0.0,21.3,25.700000000000003,25.700000000000003,27.1,300.0,300.0,31.0,34.800000000000004,29.4,28.700000000000003,30.6,,,,,,,,,,,,,,,,,,,,,,,,
2026-07-30T19:12:28.253Z,17.147,17.16,0.0,1.4,0.0,0.0,0.0,0.0,0.0,0.0,0.0,0.0,1.0,0.0,0.0,0.0,9.0,4.0,0.0,0.0,0.0,0.0,0.0,0.0,0.0,0.0,2.0,12.0,1.0,12.17,5.01,2.5,1.49,0.0,0.0,0.0,270.0,0.0,-0.1,0.6000000000000001,0.0,132.8,0.0,0.0,225.9,0.0,21.3,25.700000000000003,25.700000000000003,27.1,300.0,300.0,31.0,34.800000000000004,29.4,28.700000000000003,30.6,,,,,,,,,,,,,,,,,,,,,,,,
2026-07-30T19:12:28.265Z,17.159,17.172,0.0,1.4,0.0,0.0,0.0,0.0,0.0,0.0,0.0,0.0,1.0,0.0,0.0,0.0,9.0,4.0,0.0,0.0,0.0,0.0,0.0,0.0,0.0,0.0,3.0,12.0,1.0,12.17,5.01,2.5,1.49,0.0,0.0,0.0,269.8,0.0,0.4,0.6000000000000001,0.5,132.8,0.0,0.0,227.4,0.0,21.3,25.700000000000003,25.700000000000003,27.1,300.0,300.0,31.0,34.800000000000004,29.4,28.700000000000003,30.6,,,,,,,,,,,,,,,,,,,,,,,,
2026-07-30T19:12:28.277Z,17.171,17.184,0.0,1.4,0.0,0.0,0.0,0.0,0.0,0.0,0.0,0.0,1.0,0.0,0.0,0.0,9.0,4.0,0.0,0.0,0.0,0.0,0.0,0.0,0.0,0.0,5.0,12.0,1.0,12.17,5.01,2.5,1.49,0.0,0.1,0.0,269.7,0.0,-0.1,0.6000000000000001,0.5,132.8,0.0,0.0,227.4,0.0,21.3,25.700000000000003,25.700000000000003,27.1,300.0,300.0,31.0,34.800000000000004,29.4,28.700000000000003,30.6,,,,,,,,,,,,,,,,,,,,,,,,
2026-07-30T19:12:28.289Z,17.183,17.196,0.0,1.4,0.0,0.0,0.0,0.0,0.0,0.0,0.0,0.0,1.0,0.0,0.0,0.0,9.0,4.0,0.0,0.0,0.0,0.0,0.0,0.0,0.0,0.0,6.0,12.0,1.0,12.17,5.01,2.5,1.49,0.0,0.0,0.0,269.5,0.0,-0.1,-0.5,0.0,132.8,0.0,0.0,227.4,0.0,21.3,25.700000000000003,25.700000000000003,27.1,300.0,300.0,31.0,34.800000000000004,29.4,28.700000000000003,30.6,,,,,,,,,,,,,,,,,,,,,,,,
2026-07-30T19:12:28.301Z,17.195,17.208000000000002,0.0,1.4,0.0,0.0,0.0,0.0,0.0,0.0,0.0,0.0,1.0,0.0,0.0,0.0,9.0,4.0,0.0,0.0,0.0,0.0,0.0,0.0,0.0,0.0,1.0,12.0,1.0,12.17,5.01,2.5,1.49,0.0,0.0,0.0,269.40000000000003,0.0,-0.2,1.1,-0.6000000000000001,132.8,0.0,0.0,227.3,0.0,21.3,25.700000000000003,25.700000000000003,27.1,300.0,300.0,31.0,34.800000000000004,29.4,28.700000000000003,30.6,,,,,,,,,,,,,,,,,,,,,,,,
2026-07-30T19:12:28.314Z,17.208,17.22,0.0,1.4,0.0,0.0,0.0,0.0,0.0,0.0,0.0,0.0,1.0,0.0,0.0,0.0,9.0,4.0,0.0,0.0,0.0,0.0,0.0,0.0,0.0,0.0,2.0,12.0,1.0,12.17,5.01,2.5,1.49,0.0,0.0,0.0,269.2,0.0,-0.8,-0.5,-1.8,132.8,0.0,0.0,227.3,0.0,21.3,25.700000000000003,25.700000000000003,27.1,300.0,300.0,31.0,34.800000000000004,29.4,28.700000000000003,30.6,,,,,,,,,,,,,,,,,,,,,,,,
2026-07-30T19:12:28.325Z,17.219,17.232,0.0,1.4,0.0,0.0,0.0,0.0,0.0,0.0,0.0,0.0,1.0,0.0,0.0,0.0,9.0,4.0,0.0,0.0,0.0,0.0,0.0,0.0,0.0,0.0,3.0,12.0,1.0,12.17,5.01,2.5,1.49,0.0,0.0,0.0,269.1,0.0,0.3,0.0,0.5,132.8,0.0,0.0,227.3,0.0,21.3,25.700000000000003,25.700000000000003,27.1,300.0,300.0,31.0,34.800000000000004,29.4,28.700000000000003,30.6,,,,,,,,,,,,,,,,,,,,,,,,
2026-07-30T19:12:28.338Z,17.232,17.244,0.0,1.4,0.0,0.0,0.0,0.0,0.0,0.0,0.0,0.0,1.0,0.0,0.0,0.0,9.0,4.0,0.0,0.0,0.0,0.0,0.0,0.0,0.0,0.0,4.0,12.0,1.0,12.14,5.0200000000000005,2.5,1.5,0.0,0.0,0.0,269.0,0.0,-0.1,0.6000000000000001,0.5,132.8,0.0,0.0,227.3,0.0,21.4,25.8,25.8,27.1,300.0,300.0,30.9,34.800000000000004,29.4,28.700000000000003,30.6,,,,,,,,,,,,,,,,,,,,,,,,
2026-07-30T19:12:28.349Z,17.243,17.256,0.0,1.4,0.0,0.0,0.0,0.0,0.0,0.0,0.0,0.0,1.0,0.0,0.0,0.0,9.0,4.0,0.0,0.0,0.0,0.0,0.0,0.0,0.0,0.0,5.0,12.0,1.0,12.14,5.0200000000000005,2.5,1.5,0.0,0.0,0.0,268.8,0.0,0.4,0.6000000000000001,1.1,132.8,0.0,0.0,227.3,0.0,21.4,25.8,25.8,27.1,300.0,300.0,30.9,34.800000000000004,29.4,28.700000000000003,30.6,,,,,,,,,,,,,,,,,,,,,,,,
2026-07-30T19:12:28.361Z,17.255,17.268,0.0,1.4,0.0,0.0,0.0,0.0,0.0,0.0,0.0,0.0,1.0,0.0,0.0,0.0,9.0,4.0,0.0,0.0,0.0,0.0,0.0,0.0,0.0,0.0,1.0,12.0,1.0,12.14,5.0200000000000005,2.5,1.5,0.0,0.0,0.0,268.6,0.0,-0.7000000000000001,-0.4,-1.2000000000000002,132.8,0.0,0.0,226.5,0.0,21.4,25.8,25.8,27.1,300.0,300.0,30.9,34.800000000000004,29.4,28.700000000000003,30.6,,,,,,,,,,,,,,,,,,,,,,,,
2026-07-30T19:12:28.373Z,17.267,17.28,0.0,1.4,0.0,0.0,0.0,0.0,0.0,0.0,0.0,0.0,1.0,0.0,0.0,0.0,9.0,4.0,0.0,0.0,0.0,0.0,0.0,0.0,0.0,0.0,2.0,12.0,1.0,12.14,5.0200000000000005,2.5,1.5,0.0,0.0,0.0,268.5,0.0,-0.1,-1.0,0.5,132.8,0.0,0.0,227.3,0.0,21.4,25.8,25.8,27.1,300.0,300.0,30.9,34.800000000000004,29.4,28.700000000000003,30.6,,,,,,,,,,,,,,,,,,,,,,,,
2026-07-30T19:12:28.385Z,17.279,17.292,0.0,1.4,0.0,0.0,0.0,0.0,0.0,0.0,0.0,0.0,1.0,0.0,0.0,0.0,9.0,4.0,0.0,0.0,0.0,0.0,0.0,0.0,0.0,0.0,3.0,12.0,1.0,12.14,5.0200000000000005,2.5,1.5,0.0,0.0,0.0,268.3,0.0,0.4,-1.0,0.4,132.8,0.0,0.0,227.3,0.0,21.4,25.8,25.8,27.1,300.0,300.0,30.9,34.800000000000004,29.4,28.700000000000003,30.6,,,,,,,,,,,,,,,,,,,,,,,,
2026-07-30T19:12:28.397Z,17.291,17.304000000000002,0.0,1.4,0.0,0.0,0.0,0.0,0.0,0.0,0.0,0.0,1.0,0.0,0.0,0.0,9.0,4.0,0.0,0.0,0.0,0.0,0.0,0.0,0.0,0.0,4.0,12.0,1.0,12.14,5.0200000000000005,2.5,1.5,0.0,0.0,0.0,268.2,0.0,-0.1,0.6000000000000001,-1.2000000000000002,132.8,0.0,0.0,227.3,0.0,21.4,25.8,25.8,27.1,300.0,300.0,30.9,34.800000000000004,29.4,28.700000000000003,30.6,,,,,,,,,,,,,,,,,,,,,,,,
2026-07-30T19:12:28.410Z,17.304,17.316,0.0,1.4,0.0,0.0,0.0,0.0,0.0,0.0,0.0,0.0,1.0,0.0,0.0,0.0,9.0,4.0,0.0,0.0,0.0,0.0,0.0,0.0,0.0,0.0,5.0,12.0,1.0,12.14,5.0200000000000005,2.5,1.5,0.0,0.0,0.0,268.1,0.0,0.4,-0.5,-0.1,132.8,0.0,0.0,227.4,0.0,21.4,25.8,25.8,27.1,300.0,300.0,30.9,34.800000000000004,29.4,28.700000000000003,30.6,,,,,,,,,,,,,,,,,,,,,,,,
2026-07-30T19:12:28.421Z,17.315,17.328,0.0,1.4,0.0,0.0,0.0,0.0,0.0,0.0,0.0,0.0,1.0,0.0,0.0,0.0,9.0,4.0,0.0,0.0,0.0,0.0,0.0,0.0,0.0,0.0,6.0,12.0,1.0,12.14,5.0200000000000005,2.5,1.5,0.0,0.0,0.0,267.90000000000003,0.0,0.9,0.6000000000000001,0.4,132.8,0.0,0.0,227.3,0.0,21.4,25.8,25.8,27.1,300.0,300.0,30.9,34.800000000000004,29.4,28.700000000000003,30.6,,,,,,,,,,,,,,,,,,,,,,,,
2026-07-30T19:12:28.434Z,17.328,17.34,0.0,1.4,0.0,0.0,0.0,0.0,0.0,0.0,0.0,0.0,1.0,0.0,0.0,0.0,9.0,4.0,0.0,0.0,0.0,0.0,0.0,0.0,0.0,0.0,1.0,12.0,1.0,12.18,5.0200000000000005,2.5,1.49,0.0,0.0,0.0,267.8,0.0,1.0,-1.0,-0.7000000000000001,132.8,0.0,0.0,227.3,0.0,21.0,25.8,25.8,27.200000000000003,300.0,300.0,30.9,34.7,29.4,28.700000000000003,30.6,,,,,,,,,,,,,,,,,,,,,,,,
2026-07-30T19:12:28.445Z,17.339,17.352,0.0,1.4,0.0,0.0,0.0,0.0,0.0,0.0,0.0,0.0,1.0,0.0,0.0,0.0,9.0,4.0,0.0,0.0,0.0,0.0,0.0,0.0,0.0,0.0,2.0,12.0,1.0,12.18,5.0200000000000005,2.5,1.49,0.0,0.0,0.0,267.6,0.0,1.0,0.0,0.5,132.8,0.0,0.0,227.3,0.0,21.0,25.8,25.8,27.200000000000003,300.0,300.0,30.9,34.7,29.4,28.700000000000003,30.6,,,,,,,,,,,,,,,,,,,,,,,,
2026-07-30T19:12:28.457Z,17.351,17.364,0.0,1.4,0.0,0.0,0.0,0.0,0.0,0.0,0.0,0.0,1.0,0.0,0.0,0.0,9.0,4.0,0.0,0.0,0.0,0.0,0.0,0.0,0.0,0.0,3.0,12.0,1.0,12.18,5.0200000000000005,2.5,1.49,0.0,0.0,0.0,267.5,0.0,-0.1,0.7000000000000001,0.5,132.8,0.0,0.0,227.3,0.0,21.0,25.8,25.8,27.200000000000003,300.0,300.0,30.9,34.7,29.4,28.700000000000003,30.6,,,,,,,,,,,,,,,,,,,,,,,,
2026-07-30T19:12:28.469Z,17.363,17.376,0.0,1.4,0.0,0.0,0.0,0.0,0.0,0.0,0.0,0.0,1.0,0.0,0.0,0.0,9.0,4.0,0.0,0.0,0.0,0.0,0.0,0.0,0.0,0.0,4.0,12.0,1.0,12.18,5.0200000000000005,2.5,1.49,0.0,0.0,0.0,267.3,0.0,0.4,0.1,1.1,132.8,0.0,0.0,227.3,0.0,21.0,25.8,25.8,27.200000000000003,300.0,300.0,30.9,34.7,29.4,28.700000000000003,30.6,,,,,,,,,,,,,,,,,,,,,,,,
2026-07-30T19:12:28.481Z,17.375,17.388,-0.1,1.4,0.0,0.0,0.0,0.0,0.0,0.0,0.0,0.0,1.0,0.0,0.0,0.0,9.0,4.0,0.0,0.0,0.0,0.0,0.0,0.0,0.0,0.0,6.0,12.0,1.0,12.18,5.0200000000000005,2.5,1.49,0.0,0.0,0.0,267.1,0.0,-0.1,0.6000000000000001,0.4,132.8,0.0,0.0,227.3,0.0,21.0,25.8,25.8,27.200000000000003,300.0,300.0,30.9,34.7,29.4,28.700000000000003,30.6,,,,,,,,,,,,,,,,,,,,,,,,
2026-07-30T19:12:28.493Z,17.387,17.400000000000002,-0.1,1.4,0.0,0.0,0.0,0.0,0.0,0.0,0.0,0.0,1.0,0.0,0.0,0.0,9.0,4.0,0.0,0.0,0.0,0.0,0.0,0.0,0.0,0.0,1.0,12.0,1.0,12.18,5.0200000000000005,2.5,1.49,0.0,0.0,0.0,267.0,0.0,-0.1,0.6000000000000001,-0.7000000000000001,132.8,0.0,0.0,227.3,0.0,21.0,25.8,25.8,27.200000000000003,300.0,300.0,30.9,34.7,29.4,28.700000000000003,30.6,,,,,,,,,,,,,,,,,,,,,,,,
2026-07-30T19:12:28.506Z,17.4,17.412,0.0,1.4,0.0,0.0,0.0,0.0,0.0,0.0,0.0,0.0,1.0,0.0,0.0,0.0,9.0,4.0,0.0,0.0,0.0,0.0,0.0,0.0,0.0,0.0,2.0,12.0,1.0,12.18,5.0200000000000005,2.5,1.49,0.0,0.0,0.0,266.8,0.0,0.4,1.2000000000000002,1.0,132.8,0.0,0.0,227.3,0.0,21.0,25.8,25.8,27.200000000000003,300.0,300.0,30.9,34.7,29.4,28.700000000000003,30.6,,,,,,,,,,,,,,,,,,,,,,,,
2026-07-30T19:12:28.517Z,17.411,17.424,0.0,1.4,0.0,0.0,0.0,0.0,0.0,0.0,0.0,0.0,1.0,0.0,0.0,0.0,9.0,4.0,0.0,0.0,0.0,0.0,0.0,0.0,0.0,0.0,1.0,12.0,1.0,12.18,5.0200000000000005,2.5,1.49,0.0,0.0,0.0,266.8,0.0,-0.1,0.6000000000000001,-1.2000000000000002,132.8,0.0,0.0,227.2,0.0,21.0,25.8,25.8,27.200000000000003,300.0,300.0,30.9,34.7,29.4,28.700000000000003,30.6,,,,,,,,,,,,,,,,,,,,,,,,
2026-07-30T19:12:28.529Z,17.423,17.436,0.0,1.4,0.0,0.0,0.0,0.0,0.0,0.0,0.0,0.0,1.0,0.0,0.0,0.0,9.0,4.0,0.0,0.0,0.0,0.0,0.0,0.0,0.0,0.0,3.0,12.0,1.0,12.18,5.0200000000000005,2.5,1.49,0.0,0.0,0.0,266.6,0.0,-0.1,-0.5,1.6,132.8,0.0,0.0,227.3,0.0,21.0,25.8,25.8,27.200000000000003,300.0,300.0,30.9,34.7,29.4,28.700000000000003,30.6,,,,,,,,,,,,,,,,,,,,,,,,
2026-07-30T19:12:28.541Z,17.435,17.448,0.0,1.4,0.0,0.0,0.0,0.0,0.0,0.0,0.0,0.0,1.0,0.0,0.0,0.0,9.0,4.0,0.0,0.0,0.0,0.0,0.0,0.0,0.0,0.0,4.0,12.0,1.0,12.14,5.0200000000000005,2.51,1.49,0.0,0.0,0.0,266.5,0.0,-0.1,0.6000000000000001,1.0,132.8,0.0,0.0,227.3,0.0,21.3,25.8,25.8,27.200000000000003,300.0,300.0,30.9,34.7,29.4,28.6,30.6,,,,,,,,,,,,,,,,,,,,,,,,
2026-07-30T19:12:28.553Z,17.447,17.46,0.0,1.4,0.0,0.0,0.0,0.0,0.0,0.0,0.0,0.0,1.0,0.0,0.0,0.0,9.0,4.0,0.0,0.0,0.0,0.0,0.0,0.0,0.0,0.0,5.0,12.0,1.0,12.14,5.0200000000000005,2.51,1.49,0.0,0.0,0.0,266.3,0.0,1.0,0.6000000000000001,0.4,132.8,0.0,0.0,227.3,0.0,21.3,25.8,25.8,27.200000000000003,300.0,300.0,30.9,34.7,29.4,28.6,30.6,,,,,,,,,,,,,,,,,,,,,,,,
2026-07-30T19:12:28.565Z,17.459,17.472,0.0,1.4,0.0,0.0,0.0,0.0,0.0,0.0,0.0,0.0,1.0,0.0,0.0,0.0,9.0,4.0,0.0,0.0,0.0,0.0,0.0,0.0,0.0,0.0,6.0,12.0,1.0,12.14,5.0200000000000005,2.51,1.49,0.0,0.0,0.0,266.2,0.0,0.4,-0.5,-0.1,132.8,0.0,0.0,226.4,0.0,21.3,25.8,25.8,27.200000000000003,300.0,300.0,30.9,34.7,29.4,28.6,30.6,,,,,,,,,,,,,,,,,,,,,,,,
2026-07-30T19:12:28.577Z,17.471,17.484,0.0,1.4,0.0,0.0,0.0,0.0,0.0,0.0,0.0,0.0,1.0,0.0,0.0,0.0,9.0,4.0,0.0,0.0,0.0,0.0,0.0,0.0,0.0,0.0,1.0,12.0,1.0,12.14,5.0200000000000005,2.51,1.49,0.0,0.0,0.0,266.0,0.0,-0.1,-1.1,-0.6000000000000001,132.8,0.0,0.0,227.4,0.0,21.3,25.8,25.8,27.200000000000003,300.0,300.0,30.9,34.7,29.4,28.6,30.6,,,,,,,,,,,,,,,,,,,,,,,,
2026-07-30T19:12:28.589Z,17.483,17.496,0.0,1.4,0.0,0.0,0.0,0.0,0.0,0.0,0.0,0.0,1.0,0.0,0.0,0.0,9.0,4.0,0.0,0.0,0.0,0.0,0.0,0.0,0.0,0.0,3.0,12.0,1.0,12.14,5.0200000000000005,2.51,1.49,0.0,0.0,0.0,265.90000000000003,0.0,0.4,0.5,-0.7000000000000001,132.8,0.0,0.0,227.4,0.0,21.3,25.8,25.8,27.200000000000003,300.0,300.0,30.9,34.7,29.4,28.6,30.6,,,,,,,,,,,,,,,,,,,,,,,,
2026-07-30T19:12:28.601Z,17.495,17.508,0.0,1.4,0.0,0.0,0.0,0.0,0.0,0.0,0.0,0.0,1.0,0.0,0.0,0.0,9.0,4.0,0.0,0.0,0.0,0.0,0.0,0.0,0.0,0.0,4.0,12.0,1.0,12.14,5.0200000000000005,2.51,1.49,0.0,0.0,0.0,265.8,0.0,0.4,0.5,0.4,132.8,0.0,0.0,227.3,0.0,21.3,25.8,25.8,27.200000000000003,300.0,300.0,30.9,34.7,29.4,28.6,30.6,,,,,,,,,,,,,,,,,,,,,,,,
2026-07-30T19:12:28.613Z,17.507,17.52,0.0,1.4,0.0,0.0,0.0,0.0,0.0,0.0,0.0,0.0,1.0,0.0,0.0,0.0,9.0,4.0,0.0,0.0,0.0,0.0,0.0,0.0,0.0,0.0,5.0,12.0,1.0,12.14,5.0200000000000005,2.51,1.49,0.0,0.0,0.0,265.7,0.0,-0.1,0.0,-0.7000000000000001,132.8,0.0,0.0,227.3,0.0,21.3,25.8,25.8,27.200000000000003,300.0,300.0,30.9,34.7,29.4,28.6,30.6,,,,,,,,,,,,,,,,,,,,,,,,
2026-07-30T19:12:28.625Z,17.519,17.532,0.0,1.4,0.0,0.0,0.0,0.0,0.0,0.0,0.0,0.0,1.0,0.0,0.0,0.0,9.0,4.0,0.0,0.0,0.0,0.0,0.0,0.0,0.0,0.0,6.0,12.0,1.0,12.14,5.0200000000000005,2.51,1.49,-0.1,0.0,0.0,265.6,0.0,0.4,-0.5,-0.1,132.8,0.0,0.0,227.3,0.0,21.3,25.8,25.8,27.200000000000003,300.0,300.0,30.9,34.7,29.4,28.6,30.6,,,,,,,,,,,,,,,,,,,,,,,,
2026-07-30T19:12:28.638Z,17.532,17.544,0.0,1.4,0.0,0.0,0.0,0.0,0.0,0.0,0.0,0.0,1.0,0.0,0.0,0.0,9.0,4.0,0.0,0.0,0.0,0.0,0.0,0.0,0.0,0.0,1.0,12.0,1.0,12.15,5.01,2.51,1.49,0.0,0.0,0.0,265.40000000000003,0.0,0.4,0.0,-0.1,132.8,0.0,0.0,227.3,0.0,21.700000000000003,25.9,25.9,27.3,300.0,300.0,30.9,34.7,29.4,28.6,30.6,,,,,,,,,,,,,,,,,,,,,,,,
2026-07-30T19:12:28.649Z,17.543,17.556,0.0,1.4,0.0,0.0,0.0,0.0,0.0,0.0,0.0,0.0,1.0,0.0,0.0,0.0,9.0,4.0,0.0,0.0,0.0,0.0,0.0,0.0,0.0,0.0,2.0,12.0,1.0,12.15,5.01,2.51,1.49,0.0,0.0,0.0,265.3,0.0,0.3,0.5,-0.1,132.70000000000002,0.0,0.0,227.4,0.0,21.700000000000003,25.9,25.9,27.3,300.0,300.0,30.9,34.7,29.4,28.6,30.6,,,,,,,,,,,,,,,,,,,,,,,,
2026-07-30T19:12:28.662Z,17.556,17.568,0.0,1.4,0.0,0.0,0.0,0.0,0.0,0.0,0.0,0.0,1.0,0.0,0.0,0.0,9.0,4.0,0.0,0.0,0.0,0.0,0.0,0.0,0.0,0.0,3.0,12.0,1.0,12.15,5.01,2.51,1.49,0.0,0.0,0.0,265.1,0.0,0.3,-0.5,-0.1,132.70000000000002,0.0,0.0,227.3,0.0,21.700000000000003,25.9,25.9,27.3,300.0,300.0,30.9,34.7,29.4,28.6,30.6,,,,,,,,,,,,,,,,,,,,,,,,
2026-07-30T19:12:28.674Z,17.568,17.580000000000002,0.0,1.4,0.0,0.0,0.0,0.0,0.0,0.0,0.0,0.0,1.0,0.0,0.0,0.0,9.0,4.0,0.0,0.0,0.0,0.0,0.0,0.0,0.0,0.0,5.0,12.0,1.0,12.15,5.01,2.51,1.49,0.0,0.0,0.0,265.0,0.0,0.9,-0.5,-0.1,132.8,0.0,0.0,226.5,0.0,21.700000000000003,25.9,25.9,27.3,300.0,300.0,30.9,34.7,29.4,28.6,30.6,,,,,,,,,,,,,,,,,,,,,,,,
2026-07-30T19:12:28.685Z,17.579,17.592,0.0,1.4,0.0,0.0,0.0,0.0,0.0,0.0,0.0,0.0,1.0,0.0,0.0,0.0,9.0,4.0,0.0,0.0,0.0,0.0,0.0,0.0,0.0,0.0,6.0,12.0,1.0,12.15,5.01,2.51,1.49,0.0,0.0,0.0,264.90000000000003,0.0,-0.2,1.7000000000000002,-0.6000000000000001,132.8,0.0,0.0,227.3,0.0,21.700000000000003,25.9,25.9,27.3,300.0,300.0,30.9,34.7,29.4,28.6,30.6,,,,,,,,,,,,,,,,,,,,,,,,
2026-07-30T19:12:28.697Z,17.591,17.604,0.0,1.4,0.0,0.0,0.0,0.0,0.0,0.0,0.0,0.0,1.0,0.0,0.0,0.0,9.0,4.0,0.0,0.0,0.0,0.0,0.0,0.0,0.0,0.0,1.0,12.0,1.0,12.15,5.01,2.51,1.49,0.0,0.0,0.0,264.8,0.0,-0.1,0.0,0.4,132.8,0.0,0.0,227.3,0.0,21.700000000000003,25.9,25.9,27.3,300.0,300.0,30.9,34.7,29.4,28.6,30.6,,,,,,,,,,,,,,,,,,,,,,,,
2026-07-30T19:12:28.709Z,17.603,17.616,0.0,1.4,0.0,0.0,0.0,0.0,0.0,0.0,0.0,0.0,1.0,0.0,0.0,0.0,9.0,4.0,0.0,0.0,0.0,0.0,0.0,0.0,0.0,0.0,2.0,12.0,1.0,12.15,5.01,2.51,1.49,0.0,0.0,0.0,264.7,0.0,-0.7000000000000001,0.0,1.0,132.8,0.0,0.0,227.3,0.0,21.700000000000003,25.9,25.9,27.3,300.0,300.0,30.9,34.7,29.4,28.6,30.6,,,,,,,,,,,,,,,,,,,,,,,,
2026-07-30T19:12:28.721Z,17.615,17.628,0.0,1.4,0.0,0.0,0.0,0.0,0.0,0.0,0.0,0.0,1.0,0.0,0.0,0.0,9.0,4.0,0.0,0.0,0.0,0.0,0.0,0.0,0.0,0.0,3.0,12.0,1.0,12.15,5.01,2.51,1.49,0.0,0.0,0.0,264.6,0.0,-0.7000000000000001,0.0,-0.7000000000000001,132.8,0.0,0.0,227.3,0.0,21.700000000000003,25.9,25.9,27.3,300.0,300.0,30.9,34.7,29.4,28.6,30.6,,,,,,,,,,,,,,,,,,,,,,,,
2026-07-30T19:12:28.733Z,17.627,17.64,0.0,1.4,0.0,0.0,0.0,0.0,0.0,0.0,0.0,0.0,1.0,0.0,0.0,0.0,9.0,4.0,0.0,0.0,0.0,0.0,0.0,0.0,0.0,0.0,3.0,12.0,1.0,12.15,5.01,2.51,1.49,0.0,0.0,0.0,264.5,0.0,1.0,1.1,-0.1,132.8,0.0,0.0,227.3,0.0,21.700000000000003,25.9,25.9,27.3,300.0,300.0,30.9,34.7,29.4,28.6,30.6,,,,,,,,,,,,,,,,,,,,,,,,
2026-07-30T19:12:28.745Z,17.639,17.652,0.0,1.4,0.0,0.0,0.0,0.0,0.0,0.0,0.0,0.0,1.0,0.0,0.0,0.0,9.0,4.0,0.0,0.0,0.0,0.0,0.0,0.0,0.0,0.0,5.0,12.0,1.0,12.18,5.0200000000000005,2.5,1.5,0.0,0.0,0.0,264.3,0.0,0.4,0.0,0.4,132.8,0.0,0.0,227.3,0.0,21.700000000000003,25.9,25.9,27.3,300.0,300.0,31.0,34.7,29.4,28.6,30.6,,,,,,,,,,,,,,,,,,,,,,,,
2026-07-30T19:12:28.757Z,17.651,17.664,0.0,1.4,0.0,0.0,0.0,0.0,0.0,0.0,0.0,0.0,1.0,0.0,0.0,0.0,9.0,4.0,0.0,0.0,0.0,0.0,0.0,0.0,0.0,0.0,6.0,12.0,1.0,12.18,5.0200000000000005,2.5,1.5,0.0,0.0,0.0,264.2,0.0,-0.7000000000000001,0.6000000000000001,-0.1,132.70000000000002,0.0,0.0,227.3,0.0,21.700000000000003,25.9,25.9,27.3,300.0,300.0,31.0,34.7,29.4,28.6,30.6,,,,,,,,,,,,,,,,,,,,,,,,
2026-07-30T19:12:28.769Z,17.663,17.676000000000002,0.0,1.4,0.0,0.0,0.0,0.0,0.0,0.0,0.0,0.0,1.0,0.0,0.0,0.0,9.0,4.0,0.0,0.0,0.0,0.0,0.0,0.0,0.0,0.0,1.0,12.0,1.0,12.18,5.0200000000000005,2.5,1.5,0.0,0.0,0.0,264.1,0.0,0.4,-1.1,0.5,132.70000000000002,0.0,0.0,227.4,0.0,21.700000000000003,25.9,25.9,27.3,300.0,300.0,31.0,34.7,29.4,28.6,30.6,,,,,,,,,,,,,,,,,,,,,,,,
2026-07-30T19:12:28.782Z,17.676,17.688,0.0,1.4,0.0,0.0,0.0,0.0,0.0,0.0,0.0,0.0,1.0,0.0,0.0,0.0,9.0,4.0,0.0,0.0,0.0,0.0,0.0,0.0,0.0,0.0,2.0,12.0,1.0,12.18,5.0200000000000005,2.5,1.5,0.0,0.0,0.0,264.0,0.0,1.0,0.0,1.0,132.8,0.0,0.0,227.1,0.0,21.700000000000003,25.9,25.9,27.3,300.0,300.0,31.0,34.7,29.4,28.6,30.6,,,,,,,,,,,,,,,,,,,,,,,,
2026-07-30T19:12:28.793Z,17.687,17.7,0.0,1.4,0.0,0.0,0.0,0.0,0.0,0.0,0.0,0.0,1.0,0.0,0.0,0.0,9.0,4.0,0.0,0.0,0.0,0.0,0.0,0.0,0.0,0.0,2.0,12.0,1.0,12.18,5.0200000000000005,2.5,1.5,0.0,0.0,0.0,263.8,0.0,-0.1,1.2000000000000002,-1.2000000000000002,132.8,0.0,0.0,227.3,0.0,21.700000000000003,25.9,25.9,27.3,300.0,300.0,31.0,34.7,29.4,28.6,30.6,,,,,,,,,,,,,,,,,,,,,,,,
2026-07-30T19:12:28.805Z,17.699,17.712,0.0,1.4,0.0,0.0,0.0,0.0,0.0,0.0,0.0,0.0,1.0,0.0,0.0,0.0,9.0,4.0,0.0,0.0,0.0,0.0,0.0,0.0,0.0,0.0,3.0,12.0,1.0,12.18,5.0200000000000005,2.5,1.5,0.0,0.0,0.0,263.7,0.0,1.0,0.0,-0.6000000000000001,132.8,0.0,0.0,227.3,0.0,21.700000000000003,25.9,25.9,27.3,300.0,300.0,31.0,34.7,29.4,28.6,30.6,,,,,,,,,,,,,,,,,,,,,,,,
2026-07-30T19:12:28.820Z,17.714,17.724,0.0,1.4,0.0,0.0,0.0,0.0,0.0,0.0,0.0,0.0,1.0,0.0,0.0,0.0,9.0,4.0,0.0,0.0,0.0,0.0,0.0,0.0,0.0,0.0,4.0,12.0,1.0,12.18,5.0200000000000005,2.5,1.5,0.0,0.1,0.0,263.6,0.0,-0.1,0.6000000000000001,0.0,132.8,0.0,0.0,227.3,0.0,21.700000000000003,25.9,25.9,27.3,300.0,300.0,31.0,34.7,29.4,28.6,30.6,,,,,,,,,,,,,,,,,,,,,,,,
2026-07-30T19:12:28.829Z,17.723,17.736,0.0,1.4,0.0,0.0,0.0,0.0,0.0,0.0,0.0,0.0,1.0,0.0,0.0,0.0,9.0,4.0,0.0,0.0,0.0,0.0,0.0,0.0,0.0,0.0,3.0,12.0,1.0,12.18,5.0200000000000005,2.5,1.5,0.0,0.1,0.0,263.40000000000003,0.0,0.4,0.6000000000000001,0.0,132.8,0.0,0.0,227.3,0.0,21.700000000000003,25.9,25.9,27.3,300.0,300.0,31.0,34.7,29.4,28.6,30.6,,,,,,,,,,,,,,,,,,,,,,,,
2026-07-30T19:12:28.842Z,17.736,17.748,0.0,1.4,0.0,0.0,0.0,0.0,0.0,0.0,0.0,0.0,1.0,0.0,0.0,0.0,9.0,4.0,0.0,0.0,0.0,0.0,0.0,0.0,0.0,0.0,4.0,12.0,1.0,12.15,5.01,2.51,1.49,0.0,0.0,0.0,263.3,0.0,0.4,0.6000000000000001,1.6,132.8,0.0,0.0,227.3,0.0,21.700000000000003,26.0,26.0,27.3,300.0,300.0,31.0,34.6,29.4,28.6,30.5,,,,,,,,,,,,,,,,,,,,,,,,
2026-07-30T19:12:28.853Z,17.747,17.76,0.0,1.4,0.0,0.0,0.0,0.0,0.0,0.0,0.0,0.0,1.0,0.0,0.0,0.0,9.0,4.0,0.0,0.0,0.0,0.0,0.0,0.0,0.0,0.0,5.0,12.0,1.0,12.15,5.01,2.51,1.49,0.0,0.0,0.0,263.1,0.0,0.4,-0.4,-2.4000000000000004,132.8,0.0,0.0,227.1,0.0,21.700000000000003,26.0,26.0,27.3,300.0,300.0,31.0,34.6,29.4,28.6,30.5,,,,,,,,,,,,,,,,,,,,,,,,
2026-07-30T19:12:28.865Z,17.759,17.772000000000002,0.0,1.4,0.0,0.0,0.0,0.0,0.0,0.0,0.0,0.0,1.0,0.0,0.0,0.0,9.0,4.0,0.0,0.0,0.0,0.0,0.0,0.0,0.0,0.0,6.0,12.0,1.0,12.15,5.01,2.51,1.49,0.0,0.0,0.0,263.0,0.0,-0.1,-1.6,0.0,132.8,0.0,0.0,227.3,0.0,21.700000000000003,26.0,26.0,27.3,300.0,300.0,31.0,34.6,29.4,28.6,30.5,,,,,,,,,,,,,,,,,,,,,,,,
2026-07-30T19:12:28.877Z,17.771,17.784,0.0,1.4,0.0,0.0,0.0,0.0,0.0,0.0,0.0,0.0,1.0,0.0,0.0,0.0,9.0,4.0,0.0,0.0,0.0,0.0,0.0,0.0,0.0,0.0,1.0,12.0,1.0,12.15,5.01,2.51,1.49,0.0,0.0,0.0,262.90000000000003,0.0,0.4,0.0,0.0,132.8,0.0,0.0,226.7,0.0,21.700000000000003,26.0,26.0,27.3,300.0,300.0,31.0,34.6,29.4,28.6,30.5,,,,,,,,,,,,,,,,,,,,,,,,
2026-07-30T19:12:28.889Z,17.783,17.796,0.0,1.4,0.0,0.0,0.0,0.0,0.0,0.0,0.0,0.0,1.0,0.0,0.0,0.0,9.0,4.0,0.0,0.0,0.0,0.0,0.0,0.0,0.0,0.0,1.0,12.0,1.0,12.15,5.01,2.51,1.49,0.0,0.0,0.0,262.7,0.0,-0.1,0.0,-0.6000000000000001,132.8,0.0,0.0,227.2,0.0,21.700000000000003,26.0,26.0,27.3,300.0,300.0,31.0,34.6,29.4,28.6,30.5,,,,,,,,,,,,,,,,,,,,,,,,
2026-07-30T19:12:28.901Z,17.795,17.808,0.0,1.4,0.0,0.0,0.0,0.0,0.0,0.0,0.0,0.0,1.0,0.0,0.0,0.0,9.0,4.0,0.0,0.0,0.0,0.0,0.0,0.0,0.0,0.0,2.0,12.0,1.0,12.15,5.01,2.51,1.49,0.0,0.0,0.0,262.6,0.0,-0.1,0.6000000000000001,1.0,132.8,0.0,0.0,227.3,0.0,21.700000000000003,26.0,26.0,27.3,300.0,300.0,31.0,34.6,29.4,28.6,30.5,,,,,,,,,,,,,,,,,,,,,,,,
2026-07-30T19:12:28.913Z,17.807,17.82,0.0,1.4,0.0,0.0,0.0,0.0,0.0,0.0,0.0,0.0,1.0,0.0,0.0,0.0,9.0,4.0,0.0,0.0,0.0,0.0,0.0,0.0,0.0,0.0,3.0,12.0,1.0,12.15,5.01,2.51,1.49,0.0,0.0,0.0,262.40000000000003,0.0,0.4,-1.0,-1.2000000000000002,132.8,0.0,0.0,227.3,0.0,21.700000000000003,26.0,26.0,27.3,300.0,300.0,31.0,34.6,29.4,28.6,30.5,,,,,,,,,,,,,,,,,,,,,,,,
2026-07-30T19:12:28.925Z,17.819,17.832,0.0,1.4,0.0,0.0,0.0,0.0,0.0,0.0,0.0,0.0,1.0,0.0,0.0,0.0,9.0,4.0,0.0,0.0,0.0,0.0,0.0,0.0,0.0,0.0,4.0,12.0,1.0,12.15,5.01,2.51,1.49,0.0,0.0,0.0,262.3,0.0,-0.1,0.0,-0.6000000000000001,132.8,0.0,0.0,227.3,0.0,21.700000000000003,26.0,26.0,27.3,300.0,300.0,31.0,34.6,29.4,28.6,30.5,,,,,,,,,,,,,,,,,,,,,,,,
2026-07-30T19:12:28.937Z,17.831,17.844,0.0,1.4,0.0,0.0,0.0,0.0,0.0,0.0,0.0,0.0,1.0,0.0,0.0,0.0,9.0,4.0,0.0,0.0,0.0,0.0,0.0,0.0,0.0,0.0,5.0,12.0,1.0,12.15,5.01,2.51,1.49,0.0,0.0,0.0,262.1,0.0,-0.7000000000000001,0.7000000000000001,0.5,132.8,0.0,0.0,227.3,0.0,21.700000000000003,26.0,26.0,27.3,300.0,300.0,31.0,34.6,29.4,28.6,30.5,,,,,,,,,,,,,,,,,,,,,,,,
2026-07-30T19:12:28.949Z,17.843,17.856,0.0,1.4,0.0,0.0,0.0,0.0,0.0,0.0,0.0,0.0,1.0,0.0,0.0,0.0,9.0,4.0,0.0,0.0,0.0,0.0,0.0,0.0,0.0,0.0,1.0,12.0,1.0,12.14,5.0200000000000005,2.51,1.49,0.0,0.0,0.0,262.0,0.0,1.0,0.1,0.5,132.8,0.0,0.0,227.3,0.0,21.3,26.0,26.0,27.4,300.0,300.0,31.0,34.6,29.4,28.6,30.5,,,,,,,,,,,,,,,,,,,,,,,,
2026-07-30T19:12:28.963Z,17.857,17.868000000000002,0.0,1.4,0.0,0.0,0.0,0.0,0.0,0.0,0.0,0.0,1.0,0.0,0.0,0.0,9.0,4.0,0.0,0.0,0.0,0.0,0.0,0.0,0.0,0.0,2.0,12.0,1.0,12.14,5.0200000000000005,2.51,1.49,0.0,0.0,0.0,261.90000000000003,0.0,0.3,-0.4,0.4,132.8,0.0,0.0,227.3,0.0,21.3,26.0,26.0,27.4,300.0,300.0,31.0,34.6,29.4,28.6,30.5,,,,,,,,,,,,,,,,,,,,,,,,
2026-07-30T19:12:28.973Z,17.867,17.88,0.0,1.4,0.0,0.0,0.0,0.0,0.0,0.0,0.0,0.0,1.0,0.0,0.0,0.0,9.0,4.0,0.0,0.0,0.0,0.0,0.0,0.0,0.0,0.0,2.0,12.0,1.0,12.14,5.0200000000000005,2.51,1.49,0.0,0.0,0.0,261.7,0.0,0.9,-0.5,-0.1,132.8,0.0,0.0,227.3,0.0,21.3,26.0,26.0,27.4,300.0,300.0,31.0,34.6,29.4,28.6,30.5,,,,,,,,,,,,,,,,,,,,,,,,
2026-07-30T19:12:28.985Z,17.879,17.892,0.0,1.4,0.0,0.0,0.0,0.0,0.0,0.0,0.0,0.0,1.0,0.0,0.0,0.0,9.0,4.0,0.0,0.0,0.0,0.0,0.0,0.0,0.0,0.0,4.0,12.0,1.0,12.14,5.0200000000000005,2.51,1.49,0.0,0.0,0.0,261.5,0.0,0.3,0.6000000000000001,-0.1,132.8,0.0,0.0,225.5,0.0,21.3,26.0,26.0,27.4,300.0,300.0,31.0,34.6,29.4,28.6,30.5,,,,,,,,,,,,,,,,,,,,,,,,
2026-07-30T19:12:28.997Z,17.891,17.904,0.0,1.4,0.0,0.0,0.0,0.0,0.0,0.0,0.0,0.0,1.0,0.0,0.0,0.0,9.0,4.0,0.0,0.0,0.0,0.0,0.0,0.0,0.0,0.0,5.0,12.0,1.0,12.14,5.0200000000000005,2.51,1.49,0.0,0.0,0.0,261.40000000000003,0.0,0.3,1.2000000000000002,-0.1,132.8,0.0,0.0,227.4,0.0,21.3,26.0,26.0,27.4,300.0,300.0,31.0,34.6,29.4,28.6,30.5,,,,,,,,,,,,,,,,,,,,,,,,
2026-07-30T19:12:29.009Z,17.903,17.916,0.0,1.4,0.0,0.0,0.0,0.0,0.0,0.0,0.0,0.0,1.0,0.0,0.0,0.0,9.0,4.0,0.0,0.0,0.0,0.0,0.0,0.0,0.0,0.0,6.0,12.0,1.0,12.14,5.0200000000000005,2.51,1.49,0.0,0.0,0.0,261.2,0.0,-0.2,-0.4,1.5,132.8,0.0,0.0,227.3,0.0,21.3,26.0,26.0,27.4,300.0,300.0,31.0,34.6,29.4,28.6,30.5,,,,,,,,,,,,,,,,,,,,,,,,
2026-07-30T19:12:29.021Z,17.915,17.928,0.0,1.4,0.0,0.0,0.0,0.0,0.0,0.0,0.0,0.0,1.0,0.0,0.0,0.0,9.0,4.0,0.0,0.0,0.0,0.0,0.0,0.0,0.0,0.0,1.0,12.0,1.0,12.14,5.0200000000000005,2.51,1.49,-0.1,0.0,0.0,261.1,0.0,-1.4,-0.5,0.3,132.8,0.0,0.0,227.3,0.0,21.3,26.0,26.0,27.4,300.0,300.0,31.0,34.6,29.4,28.6,30.5,,,,,,,,,,,,,,,,,,,,,,,,
2026-07-30T19:12:29.033Z,17.927,17.94,0.0,1.4,0.0,0.0,0.0,0.0,0.0,0.0,0.0,0.0,1.0,0.0,0.0,0.0,9.0,4.0,0.0,0.0,0.0,0.0,0.0,0.0,0.0,0.0,2.0,12.0,1.0,12.14,5.0200000000000005,2.51,1.49,0.0,0.0,0.0,261.0,0.0,0.3,1.2000000000000002,-0.1,132.8,0.0,0.0,227.3,0.0,21.3,26.0,26.0,27.4,300.0,300.0,31.0,34.6,29.4,28.6,30.5,,,,,,,,,,,,,,,,,,,,,,,,
2026-07-30T19:12:29.046Z,17.94,17.952,0.0,1.4,0.0,0.0,0.0,0.0,0.0,0.0,0.0,0.0,1.0,0.0,0.0,0.0,9.0,4.0,0.0,0.0,0.0,0.0,0.0,0.0,0.0,0.0,4.0,12.0,1.0,12.15,5.0200000000000005,2.51,1.49,0.0,0.0,0.0,260.8,0.0,-0.2,-1.0,-1.2000000000000002,132.8,0.0,0.0,227.3,0.0,21.4,26.1,26.1,27.4,300.0,300.0,30.9,34.7,29.4,28.6,30.5,,,,,,,,,,,,,,,,,,,,,,,,
2026-07-30T19:12:29.057Z,17.951,17.964,0.0,1.4,0.0,0.0,0.0,0.0,0.0,0.0,0.0,0.0,1.0,0.0,0.0,0.0,9.0,4.0,0.0,0.0,0.0,0.0,0.0,0.0,0.0,0.0,5.0,12.0,1.0,12.15,5.0200000000000005,2.51,1.49,0.0,0.0,0.0,260.7,0.0,0.9,0.0,0.4,132.8,0.0,0.0,227.3,0.0,21.4,26.1,26.1,27.4,300.0,300.0,30.9,34.7,29.4,28.6,30.5,,,,,,,,,,,,,,,,,,,,,,,,
2026-07-30T19:12:29.069Z,17.963,17.976,0.0,1.4,0.0,0.0,0.0,0.0,0.0,0.0,0.0,0.0,1.0,0.0,0.0,0.0,9.0,4.0,0.0,0.0,0.0,0.0,0.0,0.0,0.0,0.0,1.0,12.0,1.0,12.15,5.0200000000000005,2.51,1.49,0.0,0.0,0.0,260.5,0.0,-0.2,0.6000000000000001,-0.2,132.8,0.0,0.0,227.5,0.0,21.4,26.1,26.1,27.4,300.0,300.0,30.9,34.7,29.4,28.6,30.5,,,,,,,,,,,,,,,,,,,,,,,,
2026-07-30T19:12:29.080Z,17.974,17.988,0.0,1.4,0.0,0.0,0.0,0.0,0.0,0.0,0.0,0.0,1.0,0.0,0.0,0.0,9.0,4.0,0.0,0.0,0.0,0.0,0.0,0.0,0.0,0.0,1.0,12.0,1.0,12.15,5.0200000000000005,2.51,1.49,0.0,0.0,0.0,260.40000000000003,0.0,-0.8,0.0,0.3,132.8,0.0,0.0,227.4,0.0,21.4,26.1,26.1,27.4,300.0,300.0,30.9,34.7,29.4,28.6,30.5,,,,,,,,,,,,,,,,,,,,,,,,
2026-07-30T19:12:29.093Z,17.987,18.0,0.0,1.4,0.0,0.0,0.0,0.0,0.0,0.0,0.0,0.0,1.0,0.0,0.0,0.0,9.0,4.0,0.0,0.0,0.0,0.0,0.0,0.0,0.0,0.0,3.0,12.0,1.0,12.15,5.0200000000000005,2.51,1.49,0.0,0.0,0.0,260.3,0.0,-0.2,-0.4,-1.3,132.8,0.0,0.0,227.0,0.0,21.4,26.1,26.1,27.4,300.0,300.0,30.9,34.7,29.4,28.6,30.5,,,,,,,,,,,,,,,,,,,,,,,,
2026-07-30T19:12:29.105Z,17.999,18.012,0.0,1.4,0.0,0.0,0.0,0.0,0.0,0.0,0.0,0.0,1.0,0.0,0.0,0.0,9.0,4.0,0.0,0.0,0.0,0.0,0.0,0.0,0.0,0.0,4.0,12.0,1.0,12.15,5.0200000000000005,2.51,1.49,0.0,0.0,0.0,260.2,0.0,-0.2,-0.5,-0.2,132.8,0.0,0.0,227.5,0.0,21.4,26.1,26.1,27.4,300.0,300.0,30.9,34.7,29.4,28.6,30.5,,,,,,,,,,,,,,,,,,,,,,,,
2026-07-30T19:12:29.117Z,18.011,18.024,0.0,1.4,0.0,0.0,0.0,0.0,0.0,0.0,0.0,0.0,1.0,0.0,0.0,0.0,9.0,4.0,0.0,0.0,0.0,0.0,0.0,0.0,0.0,0.0,6.0,12.0,1.0,12.15,5.0200000000000005,2.51,1.49,0.0,0.0,0.0,260.0,0.0,-0.2,0.6000000000000001,0.9,132.8,0.0,0.0,227.4,0.0,21.4,26.1,26.1,27.4,300.0,300.0,30.9,34.7,29.4,28.6,30.5,,,,,,,,,,,,,,,,,,,,,,,,
2026-07-30T19:12:29.129Z,18.023,18.036,0.0,1.4,0.0,0.0,0.0,0.0,0.0,0.0,0.0,0.0,1.0,0.0,0.0,0.0,9.0,4.0,0.0,0.0,0.0,0.0,0.0,0.0,0.0,0.0,1.0,12.0,1.0,12.15,5.0200000000000005,2.51,1.49,0.0,0.0,0.0,259.90000000000003,0.0,-0.2,-0.4,-0.2,132.8,0.0,0.0,227.3,0.0,21.4,26.1,26.1,27.4,300.0,300.0,30.9,34.7,29.4,28.6,30.5,,,,,,,,,,,,,,,,,,,,,,,,
2026-07-30T19:12:29.141Z,18.035,18.048,0.0,1.4,0.0,0.0,0.0,0.0,0.0,0.0,0.0,0.0,1.0,0.0,0.0,0.0,9.0,4.0,0.0,0.0,0.0,0.0,0.0,0.0,0.0,0.0,3.0,12.0,1.0,12.15,5.0200000000000005,2.51,1.49,0.0,0.0,0.0,259.7,0.0,-0.1,0.0,0.9,132.70000000000002,0.0,0.0,227.3,0.0,21.4,26.1,26.1,27.4,300.0,300.0,30.9,34.7,29.4,28.6,30.5,,,,,,,,,,,,,,,,,,,,,,,,
2026-07-30T19:12:29.153Z,18.047,18.06,0.0,1.4,0.0,0.0,0.0,0.0,0.0,0.0,0.0,0.0,1.0,0.0,0.0,0.0,9.0,4.0,0.0,0.0,0.0,0.0,0.0,0.0,0.0,0.0,4.0,12.0,1.0,12.17,5.01,2.5,1.49,0.0,0.0,0.0,259.6,0.0,1.5,-1.0,-1.3,132.70000000000002,0.0,0.0,227.3,0.0,21.3,26.1,26.1,27.5,300.0,300.0,31.1,34.7,29.4,28.6,30.5,,,,,,,,,,,,,,,,,,,,,,,,
2026-07-30T19:12:29.165Z,18.059,18.072,0.0,1.4,0.0,0.0,0.0,0.0,0.0,0.0,0.0,0.0,1.0,0.0,0.0,0.0,9.0,4.0,0.0,0.0,0.0,0.0,0.0,0.0,0.0,0.0,5.0,12.0,1.0,12.17,5.01,2.5,1.49,0.0,0.0,0.0,259.6,0.0,0.4,0.5,-0.7000000000000001,132.70000000000002,0.0,0.0,227.3,0.0,21.3,26.1,26.1,27.5,300.0,300.0,31.1,34.7,29.4,28.6,30.5,,,,,,,,,,,,,,,,,,,,,,,,
2026-07-30T19:12:29.177Z,18.071,18.084,0.0,1.4,0.0,0.0,0.0,0.0,0.0,0.0,0.0,0.0,1.0,0.0,0.0,0.0,9.0,4.0,0.0,0.0,0.0,0.0,0.0,0.0,0.0,0.0,1.0,12.0,1.0,12.17,5.01,2.5,1.49,0.0,0.0,0.0,259.40000000000003,0.0,0.9,1.7000000000000002,0.9,132.70000000000002,0.0,0.0,227.2,0.0,21.3,26.1,26.1,27.5,300.0,300.0,31.1,34.7,29.4,28.6,30.5,,,,,,,,,,,,,,,,,,,,,,,,
2026-07-30T19:12:29.188Z,18.082,18.096,0.0,1.4,0.0,0.0,0.0,0.0,0.0,0.0,0.0,0.0,1.0,0.0,0.0,0.0,9.0,4.0,0.0,0.0,0.0,0.0,0.0,0.0,0.0,0.0,2.0,12.0,1.0,12.17,5.01,2.5,1.49,0.0,0.0,0.0,259.3,0.0,-0.1,-0.4,0.4,132.70000000000002,0.0,0.0,227.1,0.0,21.3,26.1,26.1,27.5,300.0,300.0,31.1,34.7,29.4,28.6,30.5,,,,,,,,,,,,,,,,,,,,,,,,
2026-07-30T19:12:29.201Z,18.095,18.108,0.0,1.4,0.0,0.0,0.0,0.0,0.0,0.0,0.0,0.0,1.0,0.0,0.0,0.0,9.0,4.0,0.0,0.0,0.0,0.0,0.0,0.0,0.0,0.0,4.0,12.0,1.0,12.17,5.01,2.5,1.49,0.0,0.0,0.0,259.2,0.0,0.4,0.6000000000000001,-0.7000000000000001,132.8,0.0,0.0,227.2,0.0,21.3,26.1,26.1,27.5,300.0,300.0,31.1,34.7,29.4,28.6,30.5,,,,,,,,,,,,,,,,,,,,,,,,
2026-07-30T19:12:29.213Z,18.107,18.12,0.0,1.4,0.0,0.0,0.0,0.0,0.0,0.0,0.0,0.0,1.0,0.0,0.0,0.0,9.0,4.0,0.0,0.0,0.0,0.0,0.0,0.0,0.0,0.0,5.0,12.0,1.0,12.17,5.01,2.5,1.49,0.0,0.0,0.0,259.1,0.0,1.5,0.0,-1.2000000000000002,132.8,0.0,0.0,227.3,0.0,21.3,26.1,26.1,27.5,300.0,300.0,31.1,34.7,29.4,28.6,30.5,,,,,,,,,,,,,,,,,,,,,,,,
2026-07-30T19:12:29.225Z,18.119,18.132,0.0,1.4,0.0,0.0,0.0,0.0,0.0,0.0,0.0,0.0,1.0,0.0,0.0,0.0,9.0,4.0,0.0,0.0,0.0,0.0,0.0,0.0,0.0,0.0,6.0,12.0,1.0,12.17,5.01,2.5,1.49,0.0,0.0,0.0,258.90000000000003,0.0,0.4,0.6000000000000001,-1.2000000000000002,132.8,0.0,0.0,227.3,0.0,21.3,26.1,26.1,27.5,300.0,300.0,31.1,34.7,29.4,28.6,30.5,,,,,,,,,,,,,,,,,,,,,,,,
2026-07-30T19:12:29.237Z,18.131,18.144,0.0,1.4,0.0,0.0,0.0,0.0,0.0,0.0,0.0,0.0,1.0,0.0,0.0,0.0,9.0,4.0,0.0,0.0,0.0,0.0,0.0,0.0,0.0,0.0,1.0,12.0,1.0,12.17,5.01,2.5,1.49,0.0,0.0,0.0,258.8,0.0,0.4,0.1,0.5,132.8,0.0,0.0,227.3,0.0,21.3,26.1,26.1,27.5,300.0,300.0,31.1,34.7,29.4,28.6,30.5,,,,,,,,,,,,,,,,,,,,,,,,
2026-07-30T19:12:29.250Z,18.144,18.156,0.0,1.4,0.0,0.0,0.0,0.0,0.0,0.0,0.0,0.0,1.0,0.0,0.0,0.0,9.0,4.0,0.0,0.0,0.0,0.0,0.0,0.0,0.0,0.0,3.0,12.0,1.0,12.13,5.01,2.51,1.49,0.0,0.0,0.0,258.7,0.0,0.4,0.1,0.5,132.8,0.0,0.0,227.4,0.0,21.700000000000003,26.200000000000003,26.200000000000003,27.5,300.0,300.0,31.0,34.7,29.4,28.6,30.5,,,,,,,,,,,,,,,,,,,,,,,,
2026-07-30T19:12:29.261Z,18.155,18.168,0.0,1.4,0.0,0.0,0.0,0.0,0.0,0.0,0.0,0.0,1.0,0.0,0.0,0.0,9.0,4.0,0.0,0.0,0.0,0.0,0.0,0.0,0.0,0.0,4.0,12.0,1.0,12.13,5.01,2.51,1.49,0.0,0.0,0.0,258.6,0.0,-0.1,1.2000000000000002,0.5,132.70000000000002,0.0,0.0,227.4,0.0,21.700000000000003,26.200000000000003,26.200000000000003,27.5,300.0,300.0,31.0,34.7,29.4,28.6,30.5,,,,,,,,,,,,,,,,,,,,,,,,
2026-07-30T19:12:29.273Z,18.167,18.18,0.0,1.4,0.0,0.0,0.0,0.0,0.0,0.0,0.0,0.0,1.0,0.0,0.0,0.0,9.0,4.0,0.0,0.0,0.0,0.0,0.0,0.0,0.0,0.0,5.0,12.0,1.0,12.13,5.01,2.51,1.49,0.0,0.0,0.0,258.5,0.0,1.0,1.3,1.1,132.70000000000002,0.0,0.0,227.3,0.0,21.700000000000003,26.200000000000003,26.200000000000003,27.5,300.0,300.0,31.0,34.7,29.4,28.6,30.5,,,,,,,,,,,,,,,,,,,,,,,,
2026-07-30T19:12:29.285Z,18.179,18.192,0.0,1.4,0.0,0.0,0.0,0.0,0.0,0.0,0.0,0.0,1.0,0.0,0.0,0.0,9.0,4.0,0.0,0.0,0.0,0.0,0.0,0.0,0.0,0.0,6.0,12.0,1.0,12.13,5.01,2.51,1.49,0.0,0.0,0.0,258.40000000000003,0.0,-0.6000000000000001,0.1,1.7000000000000002,132.70000000000002,0.0,0.0,227.4,0.0,21.700000000000003,26.200000000000003,26.200000000000003,27.5,300.0,300.0,31.0,34.7,29.4,28.6,30.5,,,,,,,,,,,,,,,,,,,,,,,,
2026-07-30T19:12:29.297Z,18.191,18.204,0.0,1.4,0.0,0.0,0.0,0.0,0.0,0.0,0.0,0.0,1.0,0.0,0.0,0.0,9.0,4.0,0.0,0.0,0.0,0.0,0.0,0.0,0.0,0.0,1.0,12.0,1.0,12.13,5.01,2.51,1.49,0.0,0.1,0.0,258.3,0.0,1.0,0.1,0.0,132.8,0.0,0.0,225.8,0.0,21.700000000000003,26.200000000000003,26.200000000000003,27.5,300.0,300.0,31.0,34.7,29.4,28.6,30.5,,,,,,,,,,,,,,,,,,,,,,,,
2026-07-30T19:12:29.309Z,18.203,18.216,-0.1,1.4,0.0,0.0,0.0,0.0,0.0,0.0,0.0,0.0,1.0,0.0,0.0,0.0,9.0,4.0,0.0,0.0,0.0,0.0,0.0,0.0,0.0,0.0,2.0,12.0,1.0,12.13,5.01,2.51,1.49,0.0,0.0,0.0,258.2,0.0,0.4,-0.3,0.0,132.8,0.0,0.0,227.2,0.0,21.700000000000003,26.200000000000003,26.200000000000003,27.5,300.0,300.0,31.0,34.7,29.4,28.6,30.5,,,,,,,,,,,,,,,,,,,,,,,,
2026-07-30T19:12:29.321Z,18.215,18.228,-0.1,1.4,0.0,0.0,0.0,0.0,0.0,0.0,0.0,0.0,1.0,0.0,0.0,0.0,9.0,4.0,0.0,0.0,0.0,0.0,0.0,0.0,0.0,0.0,3.0,12.0,1.0,12.13,5.01,2.51,1.49,0.0,0.0,0.0,258.1,0.0,-0.1,1.3,-0.6000000000000001,132.8,0.0,0.0,227.3,0.0,21.700000000000003,26.200000000000003,26.200000000000003,27.5,300.0,300.0,31.0,34.7,29.4,28.6,30.5,,,,,,,,,,,,,,,,,,,,,,,,
2026-07-30T19:12:29.333Z,18.227,18.24,-0.1,1.4,0.0,0.0,0.0,0.0,0.0,0.0,0.0,0.0,1.0,0.0,0.0,0.0,9.0,4.0,0.0,0.0,0.0,0.0,0.0,0.0,0.0,0.0,4.0,12.0,1.0,12.13,5.01,2.51,1.49,0.0,0.0,0.0,258.0,0.0,-0.7000000000000001,-0.3,0.0,132.8,0.0,0.0,227.3,0.0,21.700000000000003,26.200000000000003,26.200000000000003,27.5,300.0,300.0,31.0,34.7,29.4,28.6,30.5,,,,,,,,,,,,,,,,,,,,,,,,
2026-07-30T19:12:29.345Z,18.239,18.252,-0.1,1.4,0.0,0.0,0.0,0.0,0.0,0.0,0.0,0.0,1.0,0.0,0.0,0.0,9.0,4.0,0.0,0.0,0.0,0.0,0.0,0.0,0.0,0.0,5.0,12.0,1.0,12.13,5.01,2.51,1.49,0.0,0.0,0.0,257.90000000000003,0.0,-0.1,-0.9,-1.2000000000000002,132.8,0.0,0.0,227.3,0.0,21.700000000000003,26.200000000000003,26.200000000000003,27.5,300.0,300.0,31.0,34.7,29.4,28.6,30.5,,,,,,,,,,,,,,,,,,,,,,,,
2026-07-30T19:12:29.358Z,18.252,18.264,-0.1,1.4,0.0,0.0,0.0,0.0,0.0,0.0,0.0,0.0,1.0,0.0,0.0,0.0,9.0,4.0,0.0,0.0,0.0,0.0,0.0,0.0,0.0,0.0,6.0,12.0,1.0,12.15,5.01,2.51,1.5,0.0,0.0,0.0,257.7,0.0,-0.7000000000000001,-0.3,-0.7000000000000001,132.8,0.0,0.0,227.3,0.0,21.4,26.200000000000003,26.200000000000003,27.5,300.0,300.0,31.0,34.7,29.4,28.6,30.5,,,,,,,,,,,,,,,,,,,,,,,,
2026-07-30T19:12:29.369Z,18.263,18.276,-0.1,1.4,0.0,0.0,0.0,0.0,0.0,0.0,0.0,0.0,1.0,0.0,0.0,0.0,9.0,4.0,0.0,0.0,0.0,0.0,0.0,0.0,0.0,0.0,1.0,12.0,1.0,12.15,5.01,2.51,1.5,0.0,0.1,0.0,257.6,0.0,-0.2,0.8,0.0,132.8,0.0,0.0,227.3,0.0,21.4,26.200000000000003,26.200000000000003,27.5,300.0,300.0,31.0,34.7,29.4,28.6,30.5,,,,,,,,,,,,,,,,,,,,,,,,
2026-07-30T19:12:29.381Z,18.275,18.288,-0.1,1.4,0.0,0.0,0.0,0.0,0.0,0.0,0.0,0.0,1.0,0.0,0.0,0.0,9.0,4.0,0.0,0.0,0.0,0.0,0.0,0.0,0.0,0.0,2.0,12.0,1.0,12.15,5.01,2.51,1.5,0.0,0.0,0.0,257.5,0.0,-0.8,-0.9,-0.6000000000000001,132.8,0.0,0.0,227.3,0.0,21.4,26.200000000000003,26.200000000000003,27.5,300.0,300.0,31.0,34.7,29.4,28.6,30.5,,,,,,,,,,,,,,,,,,,,,,,,
2026-07-30T19:12:29.393Z,18.287,18.3,-0.1,1.4,0.0,0.0,0.0,0.0,0.0,0.0,0.0,0.0,1.0,0.0,0.0,0.0,9.0,4.0,0.0,0.0,0.0,0.0,0.0,0.0,0.0,0.0,3.0,12.0,1.0,12.15,5.01,2.51,1.5,0.0,0.0,0.0,257.40000000000003,0.0,-0.8,-0.9,0.4,132.8,0.0,0.0,227.3,0.0,21.4,26.200000000000003,26.200000000000003,27.5,300.0,300.0,31.0,34.7,29.4,28.6,30.5,,,,,,,,,,,,,,,,,,,,,,,,
2026-07-30T19:12:29.405Z,18.299,18.312,-0.1,1.4,0.0,0.0,0.0,0.0,0.0,0.0,0.0,0.0,1.0,0.0,0.0,0.0,9.0,4.0,0.0,0.0,0.0,0.0,0.0,0.0,0.0,0.0,4.0,12.0,1.0,12.15,5.01,2.51,1.5,0.0,0.1,0.0,257.2,0.0,0.3,0.2,-0.6000000000000001,132.8,0.0,0.0,225.3,0.0,21.4,26.200000000000003,26.200000000000003,27.5,300.0,300.0,31.0,34.7,29.4,28.6,30.5,,,,,,,,,,,,,,,,,,,,,,,,
2026-07-30T19:12:29.417Z,18.311,18.324,-0.1,1.4,0.0,0.0,0.0,0.0,0.0,0.0,0.0,0.0,1.0,0.0,0.0,0.0,9.0,4.0,0.0,0.0,0.0,0.0,0.0,0.0,0.0,0.0,6.0,12.0,1.0,12.15,5.01,2.51,1.5,0.0,0.1,0.0,257.0,0.0,0.2,1.3,-0.1,132.8,0.0,0.0,227.4,0.0,21.4,26.200000000000003,26.200000000000003,27.5,300.0,300.0,31.0,34.7,29.4,28.6,30.5,,,,,,,,,,,,,,,,,,,,,,,,
2026-07-30T19:12:29.429Z,18.323,18.336,0.0,1.4,0.0,0.0,0.0,0.0,0.0,0.0,0.0,0.0,1.0,0.0,0.0,0.0,9.0,4.0,0.0,0.0,0.0,0.0,0.0,0.0,0.0,0.0,1.0,12.0,1.0,12.15,5.01,2.51,1.5,0.0,0.0,0.0,256.90000000000003,0.0,0.2,0.1,-0.1,132.8,0.0,0.0,227.3,0.0,21.4,26.200000000000003,26.200000000000003,27.5,300.0,300.0,31.0,34.7,29.4,28.6,30.5,,,,,,,,,,,,,,,,,,,,,,,,
2026-07-30T19:12:29.440Z,18.334,18.348,0.0,1.4,0.0,0.0,0.0,0.0,0.0,0.0,0.0,0.0,1.0,0.0,0.0,0.0,9.0,4.0,0.0,0.0,0.0,0.0,0.0,0.0,0.0,0.0,2.0,12.0,1.0,12.15,5.01,2.51,1.5,0.0,0.0,0.0,256.7,0.0,0.2,-0.9,-0.6000000000000001,132.8,0.0,0.0,227.3,0.0,21.4,26.200000000000003,26.200000000000003,27.5,300.0,300.0,31.0,34.7,29.4,28.6,30.5,,,,,,,,,,,,,,,,,,,,,,,,
2026-07-30T19:12:29.455Z,18.349,18.36,0.0,1.4,0.0,0.0,0.0,0.0,0.0,0.0,0.0,0.0,1.0,0.0,0.0,0.0,9.0,4.0,0.0,0.0,0.0,0.0,0.0,0.0,0.0,0.0,4.0,12.0,1.0,12.18,5.01,2.51,1.49,0.0,0.0,0.0,256.6,0.0,-0.2,0.1,1.0,132.8,0.0,0.0,227.3,0.0,21.4,26.200000000000003,26.200000000000003,27.6,300.0,300.0,31.0,34.7,29.4,28.6,30.5,,,,,,,,,,,,,,,,,,,,,,,,
2026-07-30T19:12:29.466Z,18.36,18.372,0.0,1.4,0.0,0.0,0.0,0.0,0.0,0.0,0.0,0.0,1.0,0.0,0.0,0.0,9.0,4.0,0.0,0.0,0.0,0.0,0.0,0.0,0.0,0.0,5.0,12.0,1.0,12.18,5.01,2.51,1.49,0.0,0.0,0.0,256.5,0.0,-0.2,0.2,-1.2000000000000002,132.8,0.0,0.0,227.3,0.0,21.4,26.200000000000003,26.200000000000003,27.6,300.0,300.0,31.0,34.7,29.4,28.6,30.5,,,,,,,,,,,,,,,,,,,,,,,,
2026-07-30T19:12:29.477Z,18.371,18.384,0.0,1.4,0.0,0.0,0.0,0.0,0.0,0.0,0.0,0.0,1.0,0.0,0.0,0.0,9.0,4.0,0.0,0.0,0.0,0.0,0.0,0.0,0.0,0.0,6.0,12.0,1.0,12.18,5.01,2.51,1.49,0.0,0.0,0.0,256.3,0.0,0.3,-0.4,-0.1,132.8,0.0,0.0,227.3,0.0,21.4,26.200000000000003,26.200000000000003,27.6,300.0,300.0,31.0,34.7,29.4,28.6,30.5,,,,,,,,,,,,,,,,,,,,,,,,
2026-07-30T19:12:29.489Z,18.383,18.396,0.0,1.4,0.0,0.0,0.0,0.0,0.0,0.0,0.0,0.0,1.0,0.0,0.0,0.0,9.0,4.0,0.0,0.0,0.0,0.0,0.0,0.0,0.0,0.0,1.0,12.0,1.0,12.18,5.01,2.51,1.49,0.0,0.0,0.0,256.2,0.0,-0.2,0.7000000000000001,1.6,132.8,0.0,0.0,227.3,0.0,21.4,26.200000000000003,26.200000000000003,27.6,300.0,300.0,31.0,34.7,29.4,28.6,30.5,,,,,,,,,,,,,,,,,,,,,,,,
2026-07-30T19:12:29.501Z,18.395,18.408,0.0,1.4,0.0,0.0,0.0,0.0,0.0,0.0,0.0,0.0,1.0,0.0,0.0,0.0,9.0,4.0,0.0,0.0,0.0,0.0,0.0,0.0,0.0,0.0,3.0,12.0,1.0,12.18,5.01,2.51,1.49,0.0,0.0,0.0,256.0,0.0,0.3,0.0,-0.7000000000000001,132.8,0.0,0.0,227.3,0.0,21.4,26.200000000000003,26.200000000000003,27.6,300.0,300.0,31.0,34.7,29.4,28.6,30.5,,,,,,,,,,,,,,,,,,,,,,,,
2026-07-30T19:12:29.513Z,18.407,18.42,0.0,1.4,0.0,0.0,0.0,0.0,0.0,0.0,0.0,0.0,1.0,0.0,0.0,0.0,9.0,4.0,0.0,0.0,0.0,0.0,0.0,0.0,0.0,0.0,4.0,12.0,1.0,12.18,5.01,2.51,1.49,0.0,0.0,0.0,255.9,0.0,0.3,0.6000000000000001,0.4,132.8,0.0,0.0,227.3,0.0,21.4,26.200000000000003,26.200000000000003,27.6,300.0,300.0,31.0,34.7,29.4,28.6,30.5,,,,,,,,,,,,,,,,,,,,,,,,
2026-07-30T19:12:29.525Z,18.419,18.432,0.0,1.4,0.0,0.0,0.0,0.0,0.0,0.0,0.0,0.0,1.0,0.0,0.0,0.0,9.0,4.0,0.0,0.0,0.0,0.0,0.0,0.0,0.0,0.0,6.0,12.0,1.0,12.18,5.01,2.51,1.49,0.0,0.1,0.0,255.7,0.0,-0.2,1.2000000000000002,-0.6000000000000001,132.8,0.0,0.0,227.3,0.0,21.4,26.200000000000003,26.200000000000003,27.6,300.0,300.0,31.0,34.7,29.4,28.6,30.5,,,,,,,,,,,,,,,,,,,,,,,,
2026-07-30T19:12:29.537Z,18.431,18.444,0.0,1.4,0.0,0.0,0.0,0.0,0.0,0.0,0.0,0.0,1.0,0.0,0.0,0.0,9.0,4.0,0.0,0.0,0.0,0.0,0.0,0.0,0.0,0.0,1.0,12.0,1.0,12.18,5.01,2.51,1.49,0.0,0.0,0.0,255.6,0.0,0.3,-0.5,-0.6000000000000001,132.8,0.0,0.0,227.3,0.0,21.4,26.200000000000003,26.200000000000003,27.6,300.0,300.0,31.0,34.7,29.4,28.6,30.5,,,,,,,,,,,,,,,,,,,,,,,,
2026-07-30T19:12:29.549Z,18.443,18.456,0.0,1.4,0.0,0.0,0.0,0.0,0.0,0.0,0.0,0.0,1.0,0.0,0.0,0.0,9.0,4.0,0.0,0.0,0.0,0.0,0.0,0.0,0.0,0.0,3.0,12.0,1.0,12.18,5.01,2.51,1.49,0.0,0.0,0.0,255.5,0.0,-0.2,1.1,0.4,132.8,0.0,0.0,227.3,0.0,21.4,26.200000000000003,26.200000000000003,27.6,300.0,300.0,31.0,34.7,29.4,28.6,30.5,,,,,,,,,,,,,,,,,,,,,,,,
2026-07-30T19:12:29.561Z,18.455,18.468,0.0,1.4,0.0,0.0,0.0,0.0,0.0,0.0,0.0,0.0,1.0,0.0,0.0,0.0,9.0,4.0,0.0,0.0,0.0,0.0,0.0,0.0,0.0,0.0,4.0,12.0,1.0,12.15,5.01,2.5,1.49,0.0,0.0,0.0,255.3,0.0,-0.2,0.0,2.2,132.8,0.0,0.0,227.3,0.0,21.4,26.3,26.3,27.6,300.0,300.0,31.1,34.6,29.4,28.6,30.5,,,,,,,,,,,,,,,,,,,,,,,,
2026-07-30T19:12:29.573Z,18.467,18.48,0.0,1.4,0.0,0.0,0.0,0.0,0.0,0.0,0.0,0.0,1.0,0.0,0.0,0.0,9.0,4.0,0.0,0.0,0.0,0.0,0.0,0.0,0.0,0.0,6.0,12.0,1.0,12.15,5.01,2.5,1.49,0.0,0.1,0.0,255.2,0.0,-0.2,-0.5,-0.7000000000000001,132.8,0.0,0.0,227.3,0.0,21.4,26.3,26.3,27.6,300.0,300.0,31.1,34.6,29.4,28.6,30.5,,,,,,,,,,,,,,,,,,,,,,,,
2026-07-30T19:12:29.585Z,18.479,18.492,0.0,1.4,0.0,0.0,0.0,0.0,0.0,0.0,0.0,0.0,1.0,0.0,0.0,0.0,9.0,4.0,0.0,0.0,0.0,0.0,0.0,0.0,0.0,0.0,1.0,12.0,1.0,12.15,5.01,2.5,1.49,0.0,0.0,0.0,255.0,0.0,0.3,-0.6000000000000001,-0.7000000000000001,132.8,0.0,0.0,227.4,0.0,21.4,26.3,26.3,27.6,300.0,300.0,31.1,34.6,29.4,28.6,30.5,,,,,,,,,,,,,,,,,,,,,,,,
2026-07-30T19:12:29.597Z,18.491,18.504,0.0,1.4,0.0,0.0,0.0,0.0,0.0,0.0,0.0,0.0,1.0,0.0,0.0,0.0,9.0,4.0,0.0,0.0,0.0,0.0,0.0,0.0,0.0,0.0,3.0,12.0,1.0,12.15,5.01,2.5,1.49,0.0,0.0,0.0,254.9,0.0,0.9,0.0,0.3,132.8,0.0,0.0,227.3,0.0,21.4,26.3,26.3,27.6,300.0,300.0,31.1,34.6,29.4,28.6,30.5,,,,,,,,,,,,,,,,,,,,,,,,
2026-07-30T19:12:29.609Z,18.503,18.516,0.0,1.4,0.0,0.0,0.0,0.0,0.0,0.0,0.0,0.0,1.0,0.0,0.0,0.0,9.0,4.0,0.0,0.0,0.0,0.0,0.0,0.0,0.0,0.0,5.0,12.0,1.0,12.15,5.01,2.5,1.49,0.0,0.0,0.0,254.7,0.0,0.3,0.4,-0.2,132.8,0.0,0.0,226.3,0.0,21.4,26.3,26.3,27.6,300.0,300.0,31.1,34.6,29.4,28.6,30.5,,,,,,,,,,,,,,,,,,,,,,,,
2026-07-30T19:12:29.620Z,18.514,18.528,0.0,1.4,0.0,0.0,0.0,0.0,0.0,0.0,0.0,0.0,1.0,0.0,0.0,0.0,9.0,4.0,0.0,0.0,0.0,0.0,0.0,0.0,0.0,0.0,6.0,12.0,1.0,12.15,5.01,2.5,1.49,0.0,0.0,0.0,254.6,0.0,-0.2,-0.6000000000000001,-0.7000000000000001,132.8,0.0,0.0,227.2,0.0,21.4,26.3,26.3,27.6,300.0,300.0,31.1,34.6,29.4,28.6,30.5,,,,,,,,,,,,,,,,,,,,,,,,
2026-07-30T19:12:29.633Z,18.527,18.54,0.0,1.4,0.0,0.0,0.0,0.0,0.0,0.0,0.0,0.0,1.0,0.0,0.0,0.0,9.0,4.0,0.0,0.0,0.0,0.0,0.0,0.0,0.0,0.0,2.0,12.0,1.0,12.15,5.01,2.5,1.49,0.0,0.0,0.0,254.4,0.0,0.2,-1.2000000000000002,-0.8,132.8,0.0,0.0,227.3,0.0,21.4,26.3,26.3,27.6,300.0,300.0,31.1,34.6,29.4,28.6,30.5,,,,,,,,,,,,,,,,,,,,,,,,
2026-07-30T19:12:29.645Z,18.539,18.552,0.0,1.4,0.0,0.0,0.0,0.0,0.0,0.0,0.0,0.0,1.0,0.0,0.0,0.0,9.0,4.0,0.0,0.0,0.0,0.0,0.0,0.0,0.0,0.0,3.0,12.0,1.0,12.15,5.01,2.5,1.49,0.0,0.0,0.0,254.3,0.0,0.2,0.4,-1.4,132.8,0.0,0.0,227.3,0.0,21.4,26.3,26.3,27.6,300.0,300.0,31.1,34.6,29.4,28.6,30.5,,,,,,,,,,,,,,,,,,,,,,,,
2026-07-30T19:12:29.658Z,18.552,18.564,0.0,1.4,0.0,0.0,0.0,0.0,0.0,0.0,0.0,0.0,1.0,0.0,0.0,0.0,9.0,4.0,0.0,0.0,0.0,0.0,0.0,0.0,0.0,0.0,4.0,12.0,1.0,12.17,5.0200000000000005,2.51,1.49,0.0,0.0,0.0,254.2,0.0,-0.3,0.4,0.3,132.8,0.0,0.0,227.3,0.0,21.3,26.3,26.3,27.6,300.0,300.0,31.0,34.6,29.4,28.6,30.5,,,,,,,,,,,,,,,,,,,,,,,,
2026-07-30T19:12:29.669Z,18.563,18.576,0.0,1.4,0.0,0.0,0.0,0.0,0.0,0.0,0.0,0.0,1.0,0.0,0.0,0.0,9.0,4.0,0.0,0.0,0.0,0.0,0.0,0.0,0.0,0.0,5.0,12.0,1.0,12.17,5.0200000000000005,2.51,1.49,0.0,0.0,0.0,254.0,0.0,1.4,0.0,-0.2,132.8,0.0,0.0,227.4,0.0,21.3,26.3,26.3,27.6,300.0,300.0,31.0,34.6,29.4,28.6,30.5,,,,,,,,,,,,,,,,,,,,,,,,
2026-07-30T19:12:29.681Z,18.575,18.588,0.0,1.4,0.0,0.0,0.0,0.0,0.0,0.0,0.0,0.0,1.0,0.0,0.0,0.0,9.0,4.0,0.0,0.0,0.0,0.0,0.0,0.0,0.0,0.0,6.0,12.0,1.0,12.17,5.0200000000000005,2.51,1.49,0.0,0.0,0.0,253.9,0.0,-0.9,-0.6000000000000001,-0.8,132.8,0.0,0.0,227.4,0.0,21.3,26.3,26.3,27.6,300.0,300.0,31.0,34.6,29.4,28.6,30.5,,,,,,,,,,,,,,,,,,,,,,,,
2026-07-30T19:12:29.693Z,18.587,18.6,0.0,1.4,0.0,0.0,0.0,0.0,0.0,0.0,0.0,0.0,1.0,0.0,0.0,0.0,9.0,4.0,0.0,0.0,0.0,0.0,0.0,0.0,0.0,0.0,6.0,12.0,1.0,12.17,5.0200000000000005,2.51,1.49,0.0,0.0,0.0,253.8,0.0,-1.5,0.4,0.3,132.8,0.0,0.0,227.4,0.0,21.3,26.3,26.3,27.6,300.0,300.0,31.0,34.6,29.4,28.6,30.5,,,,,,,,,,,,,,,,,,,,,,,,
2026-07-30T19:12:29.706Z,18.6,18.612,0.1,1.4,0.0,0.0,0.0,0.0,0.0,0.0,0.0,0.0,1.0,0.0,0.0,0.0,9.0,4.0,0.0,0.0,0.0,0.0,0.0,0.0,0.0,0.0,2.0,12.0,1.0,12.17,5.0200000000000005,2.51,1.49,0.0,0.0,0.0,253.7,0.0,-0.2,-0.6000000000000001,-1.4,132.8,0.0,0.0,227.3,0.0,21.3,26.3,26.3,27.6,300.0,300.0,31.0,34.6,29.4,28.6,30.5,,,,,,,,,,,,,,,,,,,,,,,,
2026-07-30T19:12:29.717Z,18.611,18.624,0.1,1.4,0.0,0.0,0.0,0.0,0.0,0.0,0.0,0.0,1.0,0.0,0.0,0.0,9.0,4.0,0.0,0.0,0.0,0.0,0.0,0.0,0.0,0.0,3.0,12.0,1.0,12.17,5.0200000000000005,2.51,1.49,0.0,0.0,0.0,253.5,0.0,0.3,-0.6000000000000001,-0.2,132.8,0.0,0.0,227.1,0.0,21.3,26.3,26.3,27.6,300.0,300.0,31.0,34.6,29.4,28.6,30.5,,,,,,,,,,,,,,,,,,,,,,,,
2026-07-30T19:12:29.729Z,18.623,18.636,0.1,1.4,0.0,0.0,0.0,0.0,0.0,0.0,0.0,0.0,1.0,0.0,0.0,0.0,9.0,4.0,0.0,0.0,0.0,0.0,0.0,0.0,0.0,0.0,4.0,12.0,1.0,12.17,5.0200000000000005,2.51,1.49,0.0,0.1,0.0,253.5,0.0,0.9,0.0,0.9,132.8,0.0,0.0,227.3,0.0,21.3,26.3,26.3,27.6,300.0,300.0,31.0,34.6,29.4,28.6,30.5,,,,,,,,,,,,,,,,,,,,,,,,
2026-07-30T19:12:29.741Z,18.635,18.648,0.1,1.4,0.0,0.0,0.0,0.0,0.0,0.0,0.0,0.0,1.0,0.0,0.0,0.0,9.0,4.0,0.0,0.0,0.0,0.0,0.0,0.0,0.0,0.0,5.0,12.0,1.0,12.17,5.0200000000000005,2.51,1.49,0.0,0.0,0.0,253.4,0.0,-0.2,0.5,-0.8,132.8,0.0,0.0,227.3,0.0,21.3,26.3,26.3,27.6,300.0,300.0,31.0,34.6,29.4,28.6,30.5,,,,,,,,,,,,,,,,,,,,,,,,
2026-07-30T19:12:29.753Z,18.647,18.66,0.1,1.4,0.0,0.0,0.0,0.0,0.0,0.0,0.0,0.0,1.0,0.0,0.0,0.0,9.0,4.0,0.0,0.0,0.0,0.0,0.0,0.0,0.0,0.0,6.0,12.0,1.0,12.17,5.0200000000000005,2.51,1.49,0.0,0.0,0.0,253.3,0.0,0.3,0.6000000000000001,1.0,132.70000000000002,0.0,0.0,227.3,0.0,21.3,26.3,26.3,27.6,300.0,300.0,31.0,34.6,29.4,28.6,30.5,,,,,,,,,,,,,,,,,,,,,,,,
2026-07-30T19:12:29.765Z,18.659,18.672,0.1,1.4,0.0,0.0,0.0,0.0,0.0,0.0,0.0,0.0,1.0,0.0,0.0,0.0,9.0,4.0,0.0,0.0,0.0,0.0,0.0,0.0,0.0,0.0,2.0,12.0,1.0,12.15,5.01,2.51,1.49,0.0,0.0,0.0,253.1,0.0,0.3,1.2000000000000002,2.1,132.70000000000002,0.0,0.0,227.3,0.0,21.4,26.4,26.4,27.700000000000003,300.0,300.0,31.0,34.7,29.4,28.6,30.5,,,,,,,,,,,,,,,,,,,,,,,,
2026-07-30T19:12:29.777Z,18.671,18.684,0.0,1.4,0.0,0.0,0.0,0.0,0.0,0.0,0.0,0.0,1.0,0.0,0.0,0.0,9.0,4.0,0.0,0.0,0.0,0.0,0.0,0.0,0.0,0.0,2.0,12.0,1.0,12.15,5.01,2.51,1.49,0.0,0.0,0.0,253.0,0.0,-0.1,-0.5,0.4,132.70000000000002,0.0,0.0,227.4,0.0,21.4,26.4,26.4,27.700000000000003,300.0,300.0,31.0,34.7,29.4,28.6,30.5,,,,,,,,,,,,,,,,,,,,,,,,
2026-07-30T19:12:29.789Z,18.683,18.696,0.0,1.4,0.0,0.0,0.0,0.0,0.0,0.0,0.0,0.0,1.0,0.0,0.0,0.0,9.0,4.0,0.0,0.0,0.0,0.0,0.0,0.0,0.0,0.0,3.0,12.0,1.0,12.15,5.01,2.51,1.49,-0.1,0.0,0.0,252.9,0.0,-0.1,0.0,-0.1,132.70000000000002,0.0,0.0,227.3,0.0,21.4,26.4,26.4,27.700000000000003,300.0,300.0,31.0,34.7,29.4,28.6,30.5,,,,,,,,,,,,,,,,,,,,,,,,
2026-07-30T19:12:29.801Z,18.695,18.708,0.0,1.4,0.0,0.0,0.0,0.0,0.0,0.0,0.0,0.0,1.0,0.0,0.0,0.0,9.0,4.0,0.0,0.0,0.0,0.0,0.0,0.0,0.0,0.0,4.0,12.0,1.0,12.15,5.01,2.51,1.49,0.0,0.0,0.0,252.9,0.0,0.9,0.6000000000000001,1.6,132.70000000000002,0.0,0.0,227.3,0.0,21.4,26.4,26.4,27.700000000000003,300.0,300.0,31.0,34.7,29.4,28.6,30.5,,,,,,,,,,,,,,,,,,,,,,,,
2026-07-30T19:12:29.814Z,18.708,18.72,0.0,1.4,0.0,0.0,0.0,0.0,0.0,0.0,0.0,0.0,1.0,0.0,0.0,0.0,9.0,4.0,0.0,0.0,0.0,0.0,0.0,0.0,0.0,0.0,6.0,12.0,1.0,12.15,5.01,2.51,1.49,0.0,0.0,0.0,252.8,0.0,0.3,0.6000000000000001,0.4,132.70000000000002,0.0,0.0,227.3,0.0,21.4,26.4,26.4,27.700000000000003,300.0,300.0,31.0,34.7,29.4,28.6,30.5,,,,,,,,,,,,,,,,,,,,,,,,
2026-07-30T19:12:29.825Z,18.719,18.732,0.0,1.4,0.0,0.0,0.0,0.0,0.0,0.0,0.0,0.0,1.0,0.0,0.0,0.0,9.0,4.0,0.0,0.0,0.0,0.0,0.0,0.0,0.0,0.0,6.0,12.0,1.0,12.15,5.01,2.51,1.49,0.0,0.0,0.0,252.6,0.0,-0.2,-0.5,0.5,132.70000000000002,0.0,0.0,227.3,0.0,21.4,26.4,26.4,27.700000000000003,300.0,300.0,31.0,34.7,29.4,28.6,30.5,,,,,,,,,,,,,,,,,,,,,,,,
2026-07-30T19:12:29.837Z,18.731,18.744,0.0,1.4,0.0,0.0,0.0,0.0,0.0,0.0,0.0,0.0,1.0,0.0,0.0,0.0,9.0,4.0,0.0,0.0,0.0,0.0,0.0,0.0,0.0,0.0,1.0,12.0,1.0,12.15,5.01,2.51,1.49,0.0,0.1,0.0,252.5,0.0,-0.1,0.0,1.1,132.70000000000002,0.0,0.0,227.3,0.0,21.4,26.4,26.4,27.700000000000003,300.0,300.0,31.0,34.7,29.4,28.6,30.5,,,,,,,,,,,,,,,,,,,,,,,,
2026-07-30T19:12:29.850Z,18.744,18.756,0.0,1.4,0.0,0.0,0.0,0.0,0.0,0.0,0.0,0.0,1.0,0.0,0.0,0.0,9.0,4.0,0.0,0.0,0.0,0.0,0.0,0.0,0.0,0.0,2.0,12.0,1.0,12.15,5.01,2.51,1.49,0.0,0.0,0.0,252.5,0.0,-0.1,0.1,-0.6000000000000001,132.70000000000002,0.0,0.0,227.3,0.0,21.4,26.4,26.4,27.700000000000003,300.0,300.0,31.0,34.7,29.4,28.6,30.5,,,,,,,,,,,,,,,,,,,,,,,,
2026-07-30T19:12:29.862Z,18.756,18.768,0.0,1.4,0.0,0.0,0.0,0.0,0.0,0.0,0.0,0.0,1.0,0.0,0.0,0.0,9.0,4.0,0.0,0.0,0.0,0.0,0.0,0.0,0.0,0.0,3.0,12.0,1.0,12.14,5.01,2.5,1.49,0.0,0.0,0.0,252.3,0.0,-0.7000000000000001,-0.4,0.0,132.70000000000002,0.0,0.0,227.3,0.0,21.4,26.4,26.4,27.700000000000003,300.0,300.0,31.0,34.7,29.4,28.6,30.5,,,,,,,,,,,,,,,,,,,,,,,,
2026-07-30T19:12:29.873Z,18.767,18.78,0.0,1.4,0.0,0.0,0.0,0.0,0.0,0.0,0.0,0.0,1.0,0.0,0.0,0.0,9.0,4.0,0.0,0.0,0.0,0.0,0.0,0.0,0.0,0.0,4.0,12.0,1.0,12.14,5.01,2.5,1.49,0.0,0.0,0.0,252.2,0.0,-0.1,-1.0,-0.6000000000000001,132.70000000000002,0.0,0.0,227.3,0.0,21.4,26.4,26.4,27.700000000000003,300.0,300.0,31.0,34.7,29.4,28.6,30.5,,,,,,,,,,,,,,,,,,,,,,,,
2026-07-30T19:12:29.885Z,18.779,18.792,0.0,1.4,0.0,0.0,0.0,0.0,0.0,0.0,0.0,0.0,1.0,0.0,0.0,0.0,9.0,4.0,0.0,0.0,0.0,0.0,0.0,0.0,0.0,0.0,5.0,12.0,1.0,12.14,5.01,2.5,1.49,0.0,0.0,0.0,252.1,0.0,-0.7000000000000001,-0.4,0.0,132.70000000000002,0.0,0.0,227.3,0.0,21.4,26.4,26.4,27.700000000000003,300.0,300.0,31.0,34.7,29.4,28.6,30.5,,,,,,,,,,,,,,,,,,,,,,,,
2026-07-30T19:12:29.897Z,18.791,18.804,0.0,1.4,0.0,0.0,0.0,0.0,0.0,0.0,0.0,0.0,1.0,0.0,0.0,0.0,9.0,4.0,0.0,0.0,0.0,0.0,0.0,0.0,0.0,0.0,6.0,12.0,1.0,12.14,5.01,2.5,1.49,0.0,0.0,0.0,252.1,0.0,0.4,0.1,-1.1,132.70000000000002,0.0,0.0,227.3,0.0,21.4,26.4,26.4,27.700000000000003,300.0,300.0,31.0,34.7,29.4,28.6,30.5,,,,,,,,,,,,,,,,,,,,,,,,
2026-07-30T19:12:29.910Z,18.804,18.816,0.0,1.4,0.0,0.0,0.0,0.0,0.0,0.0,0.0,0.0,1.0,0.0,0.0,0.0,9.0,4.0,0.0,0.0,0.0,0.0,0.0,0.0,0.0,0.0,1.0,12.0,1.0,12.14,5.01,2.5,1.49,0.0,0.0,0.0,251.9,0.0,-0.7000000000000001,-0.4,1.1,132.70000000000002,0.0,0.0,227.3,0.0,21.4,26.4,26.4,27.700000000000003,300.0,300.0,31.0,34.7,29.4,28.6,30.5,,,,,,,,,,,,,,,,,,,,,,,,
2026-07-30T19:12:29.921Z,18.815,18.828,0.0,1.4,0.0,0.0,0.0,0.0,0.0,0.0,0.0,0.0,1.0,0.0,0.0,0.0,9.0,4.0,0.0,0.0,0.0,0.0,0.0,0.0,0.0,0.0,3.0,12.0,1.0,12.14,5.01,2.5,1.49,0.0,0.0,0.0,251.8,0.0,-0.1,0.1,0.0,132.70000000000002,0.0,0.0,226.8,0.0,21.4,26.4,26.4,27.700000000000003,300.0,300.0,31.0,34.7,29.4,28.6,30.5,,,,,,,,,,,,,,,,,,,,,,,,
2026-07-30T19:12:29.933Z,18.827,18.84,0.0,1.4,0.0,0.0,0.0,0.0,0.0,0.0,0.0,0.0,1.0,0.0,0.0,0.0,9.0,4.0,0.0,0.0,0.0,0.0,0.0,0.0,0.0,0.0,4.0,12.0,1.0,12.14,5.01,2.5,1.49,-0.1,0.0,0.0,251.7,0.0,-0.7000000000000001,1.3,1.2000000000000002,132.8,0.0,0.0,227.3,0.0,21.4,26.4,26.4,27.700000000000003,300.0,300.0,31.0,34.7,29.4,28.6,30.5,,,,,,,,,,,,,,,,,,,,,,,,
2026-07-30T19:12:29.945Z,18.839,18.852,0.0,1.4,0.0,0.0,0.0,0.0,0.0,0.0,0.0,0.0,1.0,0.0,0.0,0.0,9.0,4.0,0.0,0.0,0.0,0.0,0.0,0.0,0.0,0.0,5.0,12.0,1.0,12.14,5.01,2.5,1.49,0.0,0.0,0.0,251.6,0.0,0.4,0.7000000000000001,0.6000000000000001,132.8,0.0,0.0,227.3,0.0,21.4,26.4,26.4,27.700000000000003,300.0,300.0,31.0,34.7,29.4,28.6,30.5,,,,,,,,,,,,,,,,,,,,,,,,
2026-07-30T19:12:29.957Z,18.851,18.864,0.0,1.4,0.0,0.0,0.0,0.0,0.0,0.0,0.0,0.0,1.0,0.0,0.0,0.0,9.0,4.0,0.0,0.0,0.0,0.0,0.0,0.0,0.0,0.0,6.0,12.0,1.0,12.14,5.01,2.5,1.49,0.0,0.0,0.0,251.5,0.0,0.4,0.7000000000000001,1.7000000000000002,132.8,0.0,0.0,227.3,0.0,21.4,26.4,26.4,27.700000000000003,300.0,300.0,31.0,34.7,29.4,28.6,30.5,,,,,,,,,,,,,,,,,,,,,,,,
2026-07-30T19:12:29.969Z,18.863,18.876,-0.1,1.4,0.0,0.0,0.0,0.0,0.0,0.0,0.0,0.0,1.0,0.0,0.0,0.0,9.0,4.0,0.0,0.0,0.0,0.0,0.0,0.0,0.0,0.0,2.0,12.0,1.0,12.15,5.01,2.5,1.49,0.0,0.0,0.0,251.3,0.0,-0.1,-0.9,-0.5,132.8,0.0,0.0,227.3,0.0,21.700000000000003,26.4,26.4,27.700000000000003,300.0,300.0,31.0,34.800000000000004,29.4,28.6,30.5,,,,,,,,,,,,,,,,,,,,,,,,
2026-07-30T19:12:29.981Z,18.875,18.888,-0.1,1.4,0.0,0.0,0.0,0.0,0.0,0.0,0.0,0.0,1.0,0.0,0.0,0.0,9.0,4.0,0.0,0.0,0.0,0.0,0.0,0.0,0.0,0.0,3.0,12.0,1.0,12.15,5.01,2.5,1.49,0.0,0.0,0.0,251.1,0.0,-0.1,1.3,0.0,132.8,0.0,0.0,227.3,0.0,21.700000000000003,26.4,26.4,27.700000000000003,300.0,300.0,31.0,34.800000000000004,29.4,28.6,30.5,,,,,,,,,,,,,,,,,,,,,,,,
2026-07-30T19:12:29.993Z,18.887,18.9,-0.1,1.4,0.0,0.0,0.0,0.0,0.0,0.0,0.0,0.0,1.0,0.0,0.0,0.0,9.0,4.0,0.0,0.0,0.0,0.0,0.0,0.0,0.0,0.0,4.0,12.0,1.0,12.15,5.01,2.5,1.49,0.0,0.0,0.0,251.0,0.0,0.4,0.7000000000000001,0.0,132.70000000000002,0.0,0.0,227.4,0.0,21.700000000000003,26.4,26.4,27.700000000000003,300.0,300.0,31.0,34.800000000000004,29.4,28.6,30.5,,,,,,,,,,,,,,,,,,,,,,,,
2026-07-30T19:12:30.004Z,18.898,18.912,-0.1,1.4,0.0,0.0,0.0,0.0,0.0,0.0,0.0,0.0,1.0,0.0,0.0,0.0,9.0,4.0,0.0,0.0,0.0,0.0,0.0,0.0,0.0,0.0,5.0,12.0,1.0,12.15,5.01,2.5,1.49,0.0,0.0,0.0,250.9,0.0,0.4,-1.0,-0.6000000000000001,132.70000000000002,0.0,0.0,227.3,0.0,21.700000000000003,26.4,26.4,27.700000000000003,300.0,300.0,31.0,34.800000000000004,29.4,28.6,30.5,,,,,,,,,,,,,,,,,,,,,,,,
2026-07-30T19:12:30.017Z,18.911,18.924,-0.1,1.4,0.0,0.0,0.0,0.0,0.0,0.0,0.0,0.0,1.0,0.0,0.0,0.0,9.0,4.0,0.0,0.0,0.0,0.0,0.0,0.0,0.0,0.0,6.0,12.0,1.0,12.15,5.01,2.5,1.49,0.0,0.0,0.0,250.7,0.0,-0.1,-0.4,-0.6000000000000001,132.70000000000002,0.0,0.0,227.3,0.0,21.700000000000003,26.4,26.4,27.700000000000003,300.0,300.0,31.0,34.800000000000004,29.4,28.6,30.5,,,,,,,,,,,,,,,,,,,,,,,,
2026-07-30T19:12:30.028Z,18.922,18.936,-0.1,1.4,0.0,0.0,0.0,0.0,0.0,0.0,0.0,0.0,1.0,0.0,0.0,0.0,9.0,4.0,0.0,0.0,0.0,0.0,0.0,0.0,0.0,0.0,6.0,12.0,1.0,12.15,5.01,2.5,1.49,0.0,0.0,0.0,250.6,0.0,0.4,0.1,0.0,132.8,0.0,0.0,225.5,0.0,21.700000000000003,26.4,26.4,27.700000000000003,300.0,300.0,31.0,34.800000000000004,29.4,28.6,30.5,,,,,,,,,,,,,,,,,,,,,,,,
2026-07-30T19:12:30.041Z,18.935,18.948,-0.1,1.4,0.0,0.0,0.0,0.0,0.0,0.0,0.0,0.0,1.0,0.0,0.0,0.0,9.0,4.0,0.0,0.0,0.0,0.0,0.0,0.0,0.0,0.0,2.0,12.0,1.0,12.15,5.01,2.5,1.49,0.0,0.0,0.0,250.5,0.0,0.4,0.1,0.0,132.8,0.0,0.0,227.3,0.0,21.700000000000003,26.4,26.4,27.700000000000003,300.0,300.0,31.0,34.800000000000004,29.4,28.6,30.5,,,,,,,,,,,,,,,,,,,,,,,,
2026-07-30T19:12:30.053Z,18.947,18.96,-0.1,1.4,0.0,0.0,0.0,0.0,0.0,0.0,0.0,0.0,1.0,0.0,0.0,0.0,9.0,4.0,0.0,0.0,0.0,0.0,0.0,0.0,0.0,0.0,3.0,12.0,1.0,12.15,5.01,2.5,1.49,0.0,0.0,0.0,250.3,0.0,0.4,0.1,0.0,132.8,0.0,0.0,227.3,0.0,21.700000000000003,26.4,26.4,27.700000000000003,300.0,300.0,31.0,34.800000000000004,29.4,28.6,30.5,,,,,,,,,,,,,,,,,,,,,,,,
2026-07-30T19:12:30.066Z,18.96,18.972,-0.1,1.4,0.0,0.0,0.0,0.0,0.0,0.0,0.0,0.0,1.0,0.0,0.0,0.0,9.0,4.0,0.0,0.0,0.0,0.0,0.0,0.0,0.0,0.0,5.0,12.0,1.0,12.15,5.0200000000000005,2.51,1.49,0.0,0.0,0.0,250.2,0.0,-0.7000000000000001,0.2,0.5,132.8,0.0,0.0,227.3,0.0,21.3,26.5,26.5,27.8,300.0,300.0,30.9,34.800000000000004,29.4,28.6,30.5,,,,,,,,,,,,,,,,,,,,,,,,
2026-07-30T19:12:30.077Z,18.971,18.984,-0.1,1.4,0.0,0.0,0.0,0.0,0.0,0.0,0.0,0.0,1.0,0.0,0.0,0.0,9.0,4.0,0.0,0.0,0.0,0.0,0.0,0.0,0.0,0.0,1.0,12.0,1.0,12.15,5.0200000000000005,2.51,1.49,0.0,0.0,0.0,250.0,0.0,0.4,0.2,0.5,132.8,0.0,0.0,227.3,0.0,21.3,26.5,26.5,27.8,300.0,300.0,30.9,34.800000000000004,29.4,28.6,30.5,,,,,,,,,,,,,,,,,,,,,,,,
2026-07-30T19:12:30.090Z,18.984,18.996,-0.1,1.4,0.0,0.0,0.0,0.0,0.0,0.0,0.0,0.0,1.0,0.0,0.0,0.0,9.0,4.0,0.0,0.0,0.0,0.0,0.0,0.0,0.0,0.0,2.0,12.0,1.0,12.15,5.0200000000000005,2.51,1.49,0.0,0.0,0.0,249.9,0.0,0.4,-0.3,-0.7000000000000001,132.8,0.0,0.0,227.3,0.0,21.3,26.5,26.5,27.8,300.0,300.0,30.9,34.800000000000004,29.4,28.6,30.5,,,,,,,,,,,,,,,,,,,,,,,,
2026-07-30T19:12:30.101Z,18.995,19.008,-0.1,1.4,0.0,0.0,0.0,0.0,0.0,0.0,0.0,0.0,1.0,0.0,0.0,0.0,9.0,4.0,0.0,0.0,0.0,0.0,0.0,0.0,0.0,0.0,2.0,12.0,1.0,12.15,5.0200000000000005,2.51,1.49,0.0,0.0,0.0,249.7,0.0,-0.1,-0.3,-0.1,132.8,0.0,0.0,227.3,0.0,21.3,26.5,26.5,27.8,300.0,300.0,30.9,34.800000000000004,29.4,28.6,30.5,,,,,,,,,,,,,,,,,,,,,,,,
2026-07-30T19:12:30.113Z,19.007,19.02,0.0,1.4,0.0,0.0,0.0,0.0,0.0,0.0,0.0,0.0,1.0,0.0,0.0,0.0,9.0,4.0,0.0,0.0,0.0,0.0,0.0,0.0,0.0,0.0,3.0,12.0,1.0,12.15,5.0200000000000005,2.51,1.49,0.0,0.0,0.0,249.6,0.0,0.4,0.1,-0.1,132.8,0.0,0.0,227.3,0.0,21.3,26.5,26.5,27.8,300.0,300.0,30.9,34.800000000000004,29.4,28.6,30.5,,,,,,,,,,,,,,,,,,,,,,,,
2026-07-30T19:12:30.125Z,19.019,19.032,-0.1,1.4,0.0,0.0,0.0,0.0,0.0,0.0,0.0,0.0,1.0,0.0,0.0,0.0,9.0,4.0,0.0,0.0,0.0,0.0,0.0,0.0,0.0,0.0,5.0,12.0,1.0,12.15,5.0200000000000005,2.51,1.49,0.0,0.0,0.0,249.4,0.0,-0.7000000000000001,-0.4,1.0,132.8,0.0,0.0,227.1,0.0,21.3,26.5,26.5,27.8,300.0,300.0,30.9,34.800000000000004,29.4,28.6,30.5,,,,,,,,,,,,,,,,,,,,,,,,
2026-07-30T19:12:30.137Z,19.031,19.044,0.0,1.4,0.0,0.0,0.0,0.0,0.0,0.0,0.0,0.0,1.0,0.0,0.0,0.0,9.0,4.0,0.0,0.0,0.0,0.0,0.0,0.0,0.0,0.0,1.0,12.0,1.0,12.15,5.0200000000000005,2.51,1.49,0.0,0.0,0.0,249.3,0.0,-0.1,-0.4,-0.7000000000000001,132.8,0.0,0.0,227.0,0.0,21.3,26.5,26.5,27.8,300.0,300.0,30.9,34.800000000000004,29.4,28.6,30.5,,,,,,,,,,,,,,,,,,,,,,,,
2026-07-30T19:12:30.149Z,19.043,19.056,0.0,1.4,0.0,0.0,0.0,0.0,0.0,0.0,0.0,0.0,1.0,0.0,0.0,0.0,9.0,4.0,0.0,0.0,0.0,0.0,0.0,0.0,0.0,0.0,2.0,12.0,1.0,12.15,5.0200000000000005,2.51,1.49,0.0,0.1,0.0,249.1,0.0,0.4,-0.4,-0.1,132.8,0.0,0.0,227.3,0.0,21.3,26.5,26.5,27.8,300.0,300.0,30.9,34.800000000000004,29.4,28.6,30.5,,,,,,,,,,,,,,,,,,,,,,,,
2026-07-30T19:12:30.161Z,19.055,19.068,0.0,1.4,0.0,0.0,0.0,0.0,0.0,0.0,0.0,0.0,1.0,0.0,0.0,0.0,9.0,4.0,0.0,0.0,0.0,0.0,0.0,0.0,0.0,0.0,4.0,12.0,1.0,12.15,5.0200000000000005,2.51,1.49,0.0,0.1,0.0,249.0,0.0,-0.1,0.7000000000000001,1.6,132.8,0.0,0.0,227.3,0.0,21.3,26.5,26.5,27.8,300.0,300.0,30.9,34.800000000000004,29.4,28.6,30.5,,,,,,,,,,,,,,,,,,,,,,,,
2026-07-30T19:12:30.173Z,19.067,19.08,0.0,1.4,0.0,0.0,0.0,0.0,0.0,0.0,0.0,0.0,1.0,0.0,0.0,0.0,9.0,4.0,0.0,0.0,0.0,0.0,0.0,0.0,0.0,0.0,5.0,12.0,1.0,12.17,5.01,2.51,1.49,0.0,0.0,0.0,248.9,0.0,-0.1,0.0,1.0,132.8,0.0,0.0,227.3,0.0,21.4,26.5,26.5,27.8,300.0,300.0,31.0,34.7,29.4,28.6,30.5,,,,,,,,,,,,,,,,,,,,,,,,
2026-07-30T19:12:30.185Z,19.079,19.092,0.0,1.4,0.0,0.0,0.0,0.0,0.0,0.0,0.0,0.0,1.0,0.0,0.0,0.0,9.0,4.0,0.0,0.0,0.0,0.0,0.0,0.0,0.0,0.0,6.0,12.0,1.0,12.17,5.01,2.51,1.49,0.0,0.0,0.0,248.7,0.0,0.4,0.1,-1.9,132.8,0.0,0.0,227.3,0.0,21.4,26.5,26.5,27.8,300.0,300.0,31.0,34.7,29.4,28.6,30.5,,,,,,,,,,,,,,,,,,,,,,,,
2026-07-30T19:12:30.197Z,19.091,19.104,0.0,1.4,0.0,0.0,0.0,0.0,0.0,0.0,0.0,0.0,1.0,0.0,0.0,0.0,9.0,4.0,0.0,0.0,0.0,0.0,0.0,0.0,0.0,0.0,2.0,12.0,1.0,12.17,5.01,2.51,1.49,0.0,0.0,0.0,248.6,0.0,-0.1,-0.4,-0.8,132.8,0.0,0.0,227.3,0.0,21.4,26.5,26.5,27.8,300.0,300.0,31.0,34.7,29.4,28.6,30.5,,,,,,,,,,,,,,,,,,,,,,,,
2026-07-30T19:12:30.209Z,19.103,19.116,0.0,1.4,0.0,0.0,0.0,0.0,0.0,0.0,0.0,0.0,1.0,0.0,0.0,0.0,9.0,4.0,0.0,0.0,0.0,0.0,0.0,0.0,0.0,0.0,3.0,12.0,1.0,12.17,5.01,2.51,1.49,0.0,0.0,0.0,248.4,0.0,1.0,-1.0,-2.5,132.8,0.0,0.0,227.3,0.0,21.4,26.5,26.5,27.8,300.0,300.0,31.0,34.7,29.4,28.6,30.5,,,,,,,,,,,,,,,,,,,,,,,,
2026-07-30T19:12:30.221Z,19.115,19.128,0.0,1.4,0.0,0.0,0.0,0.0,0.0,0.0,0.0,0.0,1.0,0.0,0.0,0.0,9.0,4.0,0.0,0.0,0.0,0.0,0.0,0.0,0.0,0.0,4.0,12.0,1.0,12.17,5.01,2.51,1.49,0.0,0.1,0.0,248.4,0.0,-0.1,1.2000000000000002,1.5,132.8,0.0,0.0,227.3,0.0,21.4,26.5,26.5,27.8,300.0,300.0,31.0,34.7,29.4,28.6,30.5,,,,,,,,,,,,,,,,,,,,,,,,
2026-07-30T19:12:30.233Z,19.127,19.14,0.0,1.4,0.0,0.0,0.0,0.0,0.0,0.0,0.0,0.0,1.0,0.0,0.0,0.0,9.0,4.0,0.0,0.0,0.0,0.0,0.0,0.0,0.0,0.0,5.0,12.0,1.0,12.17,5.01,2.51,1.49,0.0,0.0,0.0,248.1,0.0,-0.1,-0.4,-0.1,132.8,0.0,0.0,227.0,0.0,21.4,26.5,26.5,27.8,300.0,300.0,31.0,34.7,29.4,28.6,30.5,,,,,,,,,,,,,,,,,,,,,,,,
2026-07-30T19:12:30.245Z,19.139,19.152,0.0,1.4,0.0,0.0,0.0,0.0,0.0,0.0,0.0,0.0,1.0,0.0,0.0,0.0,9.0,4.0,0.0,0.0,0.0,0.0,0.0,0.0,0.0,0.0,1.0,12.0,1.0,12.17,5.01,2.51,1.49,0.0,0.0,0.0,248.1,0.0,-0.7000000000000001,-1.0,-2.4000000000000004,132.8,0.0,0.0,227.1,0.0,21.4,26.5,26.5,27.8,300.0,300.0,31.0,34.7,29.4,28.6,30.5,,,,,,,,,,,,,,,,,,,,,,,,
2026-07-30T19:12:30.257Z,19.151,19.164,0.0,1.4,0.0,0.0,0.0,0.0,0.0,0.0,0.0,0.0,1.0,0.0,0.0,0.0,9.0,4.0,0.0,0.0,0.0,0.0,0.0,0.0,0.0,0.0,2.0,12.0,1.0,12.17,5.01,2.51,1.49,0.0,0.0,0.0,247.9,0.0,1.0,0.1,1.0,132.8,0.0,0.0,227.4,0.0,21.4,26.5,26.5,27.8,300.0,300.0,31.0,34.7,29.4,28.6,30.5,,,,,,,,,,,,,,,,,,,,,,,,
2026-07-30T19:12:30.270Z,19.164,19.176,0.0,1.4,0.0,0.0,0.0,0.0,0.0,0.0,0.0,0.0,1.0,0.0,0.0,0.0,9.0,4.0,0.0,0.0,0.0,0.0,0.0,0.0,0.0,0.0,3.0,12.0,1.0,12.18,5.01,2.51,1.49,0.0,0.0,0.0,247.9,0.0,-0.1,0.7000000000000001,-0.7000000000000001,132.8,0.0,0.0,227.4,0.0,20.5,26.6,26.6,27.8,300.0,300.0,31.0,34.7,29.4,28.6,30.5,,,,,,,,,,,,,,,,,,,,,,,,
2026-07-30T19:12:30.281Z,19.175,19.188,0.0,1.4,0.0,0.0,0.0,0.0,0.0,0.0,0.0,0.0,1.0,0.0,0.0,0.0,9.0,4.0,0.0,0.0,0.0,0.0,0.0,0.0,0.0,0.0,4.0,12.0,1.0,12.18,5.01,2.51,1.49,0.0,0.0,0.0,247.8,0.0,0.4,1.2000000000000002,1.5,132.8,0.0,0.0,227.4,0.0,20.5,26.6,26.6,27.8,300.0,300.0,31.0,34.7,29.4,28.6,30.5,,,,,,,,,,,,,,,,,,,,,,,,
2026-07-30T19:12:30.293Z,19.187,19.2,0.0,1.4,0.0,0.0,0.0,0.0,0.0,0.0,0.0,0.0,1.0,0.0,0.0,0.0,9.0,4.0,0.0,0.0,0.0,0.0,0.0,0.0,0.0,0.0,5.0,12.0,1.0,12.18,5.01,2.51,1.49,0.0,0.0,0.0,247.6,0.0,-0.1,0.1,-0.1,132.8,0.0,0.0,227.4,0.0,20.5,26.6,26.6,27.8,300.0,300.0,31.0,34.7,29.4,28.6,30.5,,,,,,,,,,,,,,,,,,,,,,,,
2026-07-30T19:12:30.305Z,19.199,19.212,0.0,1.4,0.0,0.0,0.0,0.0,0.0,0.0,0.0,0.0,1.0,0.0,0.0,0.0,9.0,4.0,0.0,0.0,0.0,0.0,0.0,0.0,0.0,0.0,5.0,12.0,1.0,12.18,5.01,2.51,1.49,0.0,0.0,0.0,247.5,0.0,0.4,-1.0,1.5,132.8,0.0,0.0,227.3,0.0,20.5,26.6,26.6,27.8,300.0,300.0,31.0,34.7,29.4,28.6,30.5,,,,,,,,,,,,,,,,,,,,,,,,
2026-07-30T19:12:30.317Z,19.211,19.224,0.0,1.4,0.0,0.0,0.0,0.0,0.0,0.0,0.0,0.0,1.0,0.0,0.0,0.0,9.0,4.0,0.0,0.0,0.0,0.0,0.0,0.0,0.0,0.0,5.0,12.0,1.0,12.18,5.01,2.51,1.49,0.0,0.0,0.0,247.4,0.0,1.0,-0.4,1.0,132.8,0.0,0.0,227.3,0.0,20.5,26.6,26.6,27.8,300.0,300.0,31.0,34.7,29.4,28.6,30.5,,,,,,,,,,,,,,,,,,,,,,,,
2026-07-30T19:12:30.328Z,19.222,19.236,0.0,1.4,0.0,0.0,0.0,0.0,0.0,0.0,0.0,0.0,1.0,0.0,0.0,0.0,9.0,4.0,0.0,0.0,0.0,0.0,0.0,0.0,0.0,0.0,6.0,12.0,1.0,12.18,5.01,2.51,1.49,0.0,0.0,0.0,247.3,0.0,0.4,0.1,0.4,132.8,0.0,0.0,227.3,0.0,20.5,26.6,26.6,27.8,300.0,300.0,31.0,34.7,29.4,28.6,30.5,,,,,,,,,,,,,,,,,,,,,,,,
2026-07-30T19:12:30.341Z,19.235,19.248,0.0,1.4,0.0,0.0,0.0,0.0,0.0,0.0,0.0,0.0,1.0,0.0,0.0,0.0,9.0,4.0,0.0,0.0,0.0,0.0,0.0,0.0,0.0,0.0,2.0,12.0,1.0,12.18,5.01,2.51,1.49,0.0,0.0,0.0,247.2,0.0,-0.1,-0.9,-0.7000000000000001,132.8,0.0,0.0,227.0,0.0,20.5,26.6,26.6,27.8,300.0,300.0,31.0,34.7,29.4,28.6,30.5,,,,,,,,,,,,,,,,,,,,,,,,
2026-07-30T19:12:30.353Z,19.247,19.26,0.0,1.4,0.0,0.0,0.0,0.0,0.0,0.0,0.0,0.0,1.0,0.0,0.0,0.0,9.0,4.0,0.0,0.0,0.0,0.0,0.0,0.0,0.0,0.0,3.0,12.0,1.0,12.18,5.01,2.51,1.49,0.0,0.0,0.0,247.1,0.0,0.4,-0.4,1.5,132.8,0.0,0.0,227.3,0.0,20.5,26.6,26.6,27.8,300.0,300.0,31.0,34.7,29.4,28.6,30.5,,,,,,,,,,,,,,,,,,,,,,,,
2026-07-30T19:12:30.365Z,19.259,19.272,0.0,1.4,0.0,0.0,0.0,0.0,0.0,0.0,0.0,0.0,1.0,0.0,0.0,0.0,9.0,4.0,0.0,0.0,0.0,0.0,0.0,0.0,0.0,0.0,4.0,12.0,1.0,12.18,5.01,2.51,1.49,0.0,0.0,0.0,247.0,0.0,-0.7000000000000001,0.1,-0.7000000000000001,132.8,0.0,0.0,227.4,0.0,20.5,26.6,26.6,27.8,300.0,300.0,31.0,34.7,29.4,28.6,30.5,,,,,,,,,,,,,,,,,,,,,,,,
2026-07-30T19:12:30.377Z,19.271,19.284,0.0,1.4,0.0,0.0,0.0,0.0,0.0,0.0,0.0,0.0,1.0,0.0,0.0,0.0,9.0,4.0,0.0,0.0,0.0,0.0,0.0,0.0,0.0,0.0,5.0,12.0,1.0,12.15,5.01,2.51,1.49,0.0,0.0,0.0,246.9,0.0,0.4,0.2,0.4,132.70000000000002,0.0,0.0,227.4,0.0,21.700000000000003,26.6,26.6,27.9,300.0,300.0,30.9,34.800000000000004,29.4,28.6,30.5,,,,,,,,,,,,,,,,,,,,,,,,
2026-07-30T19:12:30.389Z,19.283,19.296,0.0,1.4,0.0,0.0,0.0,0.0,0.0,0.0,0.0,0.0,1.0,0.0,0.0,0.0,9.0,4.0,0.0,0.0,0.0,0.0,0.0,0.0,0.0,0.0,6.0,12.0,1.0,12.15,5.01,2.51,1.49,0.0,0.0,0.0,246.9,0.0,0.4,0.8,0.4,132.70000000000002,0.0,0.0,227.3,0.0,21.700000000000003,26.6,26.6,27.9,300.0,300.0,30.9,34.800000000000004,29.4,28.6,30.5,,,,,,,,,,,,,,,,,,,,,,,,
2026-07-30T19:12:30.402Z,19.296,19.308,0.0,1.4,0.0,0.0,0.0,0.0,0.0,0.0,0.0,0.0,1.0,0.0,0.0,0.0,9.0,4.0,0.0,0.0,0.0,0.0,0.0,0.0,0.0,0.0,1.0,12.0,1.0,12.15,5.01,2.51,1.49,0.0,0.0,0.0,246.7,0.0,0.5,-0.2,0.0,132.70000000000002,0.0,0.0,227.3,0.0,21.700000000000003,26.6,26.6,27.9,300.0,300.0,30.9,34.800000000000004,29.4,28.6,30.5,,,,,,,,,,,,,,,,,,,,,,,,
2026-07-30T19:12:30.413Z,19.307,19.32,0.0,1.4,0.0,0.0,0.0,0.0,0.0,0.0,0.0,0.0,1.0,0.0,0.0,0.0,9.0,4.0,0.0,0.0,0.0,0.0,0.0,0.0,0.0,0.0,6.0,12.0,1.0,12.15,5.01,2.51,1.49,0.0,0.0,0.0,246.7,0.0,0.0,0.2,0.0,132.70000000000002,0.0,0.0,227.2,0.0,21.700000000000003,26.6,26.6,27.9,300.0,300.0,30.9,34.800000000000004,29.4,28.6,30.5,,,,,,,,,,,,,,,,,,,,,,,,
2026-07-30T19:12:30.425Z,19.319,19.332,0.0,1.4,0.0,0.0,0.0,0.0,0.0,0.0,0.0,0.0,1.0,0.0,0.0,0.0,9.0,4.0,0.0,0.0,0.0,0.0,0.0,0.0,0.0,0.0,2.0,12.0,1.0,12.15,5.01,2.51,1.49,0.0,0.0,0.0,246.5,0.0,-0.1,0.8,0.0,132.70000000000002,0.0,0.0,227.3,0.0,21.700000000000003,26.6,26.6,27.9,300.0,300.0,30.9,34.800000000000004,29.4,28.6,30.5,,,,,,,,,,,,,,,,,,,,,,,,
2026-07-30T19:12:30.437Z,19.331,19.344,0.0,1.4,0.0,0.0,0.0,0.0,0.0,0.0,0.0,0.0,1.0,0.0,0.0,0.0,9.0,4.0,0.0,0.0,0.0,0.0,0.0,0.0,0.0,0.0,3.0,12.0,1.0,12.15,5.01,2.51,1.49,0.0,0.0,0.0,246.4,0.0,1.0,-0.3,-0.6000000000000001,132.70000000000002,0.0,0.0,227.3,0.0,21.700000000000003,26.6,26.6,27.9,300.0,300.0,30.9,34.800000000000004,29.4,28.6,30.5,,,,,,,,,,,,,,,,,,,,,,,,
2026-07-30T19:12:30.449Z,19.343,19.356,0.0,1.4,0.0,0.0,0.0,0.0,0.0,0.0,0.0,0.0,1.0,0.0,0.0,0.0,9.0,4.0,0.0,0.0,0.0,0.0,0.0,0.0,0.0,0.0,4.0,12.0,1.0,12.15,5.01,2.51,1.49,0.0,0.0,0.0,246.3,0.0,1.0,-0.3,-1.2000000000000002,132.8,0.0,0.0,226.8,0.0,21.700000000000003,26.6,26.6,27.9,300.0,300.0,30.9,34.800000000000004,29.4,28.6,30.5,,,,,,,,,,,,,,,,,,,,,,,,
2026-07-30T19:12:30.461Z,19.355,19.368,0.0,1.4,0.0,0.0,0.0,0.0,0.0,0.0,0.0,0.0,1.0,0.0,0.0,0.0,9.0,4.0,0.0,0.0,0.0,0.0,0.0,0.0,0.0,0.0,5.0,12.0,1.0,12.15,5.01,2.51,1.49,0.0,0.0,0.0,246.2,0.0,0.4,0.2,0.0,132.8,0.0,0.0,227.3,0.0,21.700000000000003,26.6,26.6,27.9,300.0,300.0,30.9,34.800000000000004,29.4,28.6,30.5,,,,,,,,,,,,,,,,,,,,,,,,
2026-07-30T19:12:30.474Z,19.368,19.38,0.0,1.4,0.0,0.0,0.0,0.0,0.0,0.0,0.0,0.0,1.0,0.0,0.0,0.0,9.0,4.0,0.0,0.0,0.0,0.0,0.0,0.0,0.0,0.0,5.0,12.0,1.0,12.17,5.01,2.51,1.49,0.0,0.0,0.0,246.1,0.0,-0.7000000000000001,-0.3,-0.1,132.8,0.0,0.0,227.4,0.0,21.700000000000003,26.6,26.6,27.9,300.0,300.0,30.9,34.7,29.4,28.6,30.5,,,,,,,,,,,,,,,,,,,,,,,,
2026-07-30T19:12:30.485Z,19.379,19.392,0.0,1.4,0.0,0.0,0.0,0.0,0.0,0.0,0.0,0.0,1.0,0.0,0.0,0.0,9.0,4.0,0.0,0.0,0.0,0.0,0.0,0.0,0.0,0.0,6.0,12.0,1.0,12.17,5.01,2.51,1.49,0.0,0.0,0.0,246.1,0.0,1.0,0.2,0.0,132.70000000000002,0.0,0.0,227.3,0.0,21.700000000000003,26.6,26.6,27.9,300.0,300.0,30.9,34.7,29.4,28.6,30.5,,,,,,,,,,,,,,,,,,,,,,,,
2026-07-30T19:12:30.497Z,19.391,19.404,0.0,1.4,0.0,0.0,0.0,0.0,0.0,0.0,0.0,0.0,1.0,0.0,0.0,0.0,9.0,4.0,0.0,0.0,0.0,0.0,0.0,0.0,0.0,0.0,2.0,12.0,1.0,12.17,5.01,2.51,1.49,0.0,0.0,0.0,245.8,0.0,0.4,0.1,0.4,132.70000000000002,0.0,0.0,227.4,0.0,21.700000000000003,26.6,26.6,27.9,300.0,300.0,30.9,34.7,29.4,28.6,30.5,,,,,,,,,,,,,,,,,,,,,,,,
2026-07-30T19:12:30.509Z,19.403,19.416,0.0,1.4,0.0,0.0,0.0,0.0,0.0,0.0,0.0,0.0,1.0,0.0,0.0,0.0,9.0,4.0,0.0,0.0,0.0,0.0,0.0,0.0,0.0,0.0,3.0,12.0,1.0,12.17,5.01,2.51,1.49,0.0,0.0,0.0,245.8,0.0,0.4,1.2000000000000002,-0.6000000000000001,132.70000000000002,0.0,0.0,227.3,0.0,21.700000000000003,26.6,26.6,27.9,300.0,300.0,30.9,34.7,29.4,28.6,30.5,,,,,,,,,,,,,,,,,,,,,,,,
2026-07-30T19:12:30.521Z,19.415,19.428,0.0,1.4,0.0,0.0,0.0,0.0,0.0,0.0,0.0,0.0,1.0,0.0,0.0,0.0,9.0,4.0,0.0,0.0,0.0,0.0,0.0,0.0,0.0,0.0,4.0,12.0,1.0,12.17,5.01,2.51,1.49,0.0,0.0,0.0,245.7,0.0,-0.7000000000000001,-1.6,-1.2000000000000002,132.70000000000002,0.0,0.0,227.3,0.0,21.700000000000003,26.6,26.6,27.9,300.0,300.0,30.9,34.7,29.4,28.6,30.5,,,,,,,,,,,,,,,,,,,,,,,,
2026-07-30T19:12:30.533Z,19.427,19.44,0.0,1.4,0.0,0.0,0.0,0.0,0.0,0.0,0.0,0.0,1.0,0.0,0.0,0.0,9.0,4.0,0.0,0.0,0.0,0.0,0.0,0.0,0.0,0.0,4.0,12.0,1.0,12.17,5.01,2.51,1.49,0.0,0.0,0.0,245.6,0.0,-0.1,-0.4,1.0,132.70000000000002,0.0,0.0,227.3,0.0,21.700000000000003,26.6,26.6,27.9,300.0,300.0,30.9,34.7,29.4,28.6,30.5,,,,,,,,,,,,,,,,,,,,,,,,
2026-07-30T19:12:30.545Z,19.439,19.452,0.0,1.4,0.0,0.0,0.0,0.0,0.0,0.0,0.0,0.0,1.0,0.0,0.0,0.0,9.0,4.0,0.0,0.0,0.0,0.0,0.0,0.0,0.0,0.0,5.0,12.0,1.0,12.17,5.01,2.51,1.49,0.0,0.0,0.0,245.4,0.0,0.3,-0.4,-0.1,132.70000000000002,0.0,0.0,227.3,0.0,21.700000000000003,26.6,26.6,27.9,300.0,300.0,30.9,34.7,29.4,28.6,30.5,,,,,,,,,,,,,,,,,,,,,,,,
2026-07-30T19:12:30.557Z,19.451,19.464,0.0,1.4,0.0,0.0,0.0,0.0,0.0,0.0,0.0,0.0,1.0,0.0,0.0,0.0,9.0,4.0,0.0,0.0,0.0,0.0,0.0,0.0,0.0,0.0,6.0,12.0,1.0,12.17,5.01,2.51,1.49,0.0,0.0,0.0,245.3,0.0,-0.1,0.1,0.4,132.8,0.0,0.0,227.2,0.0,21.700000000000003,26.6,26.6,27.9,300.0,300.0,30.9,34.7,29.4,28.6,30.5,,,,,,,,,,,,,,,,,,,,,,,,
2026-07-30T19:12:30.569Z,19.463,19.476,0.0,1.4,0.0,0.0,0.0,0.0,0.0,0.0,0.0,0.0,1.0,0.0,0.0,0.0,9.0,4.0,0.0,0.0,0.0,0.0,0.0,0.0,0.0,0.0,1.0,12.0,1.0,12.17,5.01,2.51,1.49,0.0,0.0,0.0,245.2,0.0,0.3,1.2000000000000002,-0.1,132.8,0.0,0.0,227.4,0.0,21.700000000000003,26.6,26.6,27.9,300.0,300.0,30.9,34.7,29.4,28.6,30.5,,,,,,,,,,,,,,,,,,,,,,,,
2026-07-30T19:12:30.581Z,19.475,19.488,0.0,1.4,0.0,0.0,0.0,0.0,0.0,0.0,0.0,0.0,1.0,0.0,0.0,0.0,9.0,4.0,0.0,0.0,0.0,0.0,0.0,0.0,0.0,0.0,2.0,12.0,1.0,12.17,5.0200000000000005,2.51,1.49,0.0,0.0,0.0,245.0,0.0,0.3,-0.4,0.3,132.8,0.0,0.0,227.3,0.0,21.4,26.700000000000003,26.700000000000003,27.9,300.0,300.0,31.0,34.7,29.4,28.6,30.5,,,,,,,,,,,,,,,,,,,,,,,,
2026-07-30T19:12:30.593Z,19.487,19.5,0.0,1.4,0.0,0.0,0.0,0.0,0.0,0.0,0.0,0.0,1.0,0.0,0.0,0.0,9.0,4.0,0.0,0.0,0.0,0.0,0.0,0.0,0.0,0.0,2.0,12.0,1.0,12.17,5.0200000000000005,2.51,1.49,0.0,0.0,0.0,244.9,0.0,-0.2,0.1,-0.1,132.8,0.0,0.0,227.3,0.0,21.4,26.700000000000003,26.700000000000003,27.9,300.0,300.0,31.0,34.7,29.4,28.6,30.5,,,,,,,,,,,,,,,,,,,,,,,,
2026-07-30T19:12:30.605Z,19.499,19.512,0.0,1.4,0.0,0.0,0.0,0.0,0.0,0.0,0.0,0.0,1.0,0.0,0.0,0.0,9.0,4.0,0.0,0.0,0.0,0.0,0.0,0.0,0.0,0.0,4.0,12.0,1.0,12.17,5.0200000000000005,2.51,1.49,0.0,0.0,0.0,244.7,0.0,-0.2,0.6000000000000001,1.6,132.8,0.0,0.0,227.3,0.0,21.4,26.700000000000003,26.700000000000003,27.9,300.0,300.0,31.0,34.7,29.4,28.6,30.5,,,,,,,,,,,,,,,,,,,,,,,,
2026-07-30T19:12:30.617Z,19.511,19.524,0.0,1.4,0.0,0.0,0.0,0.0,0.0,0.0,0.0,0.0,1.0,0.0,0.0,0.0,9.0,4.0,0.0,0.0,0.0,0.0,0.0,0.0,0.0,0.0,5.0,12.0,1.0,12.17,5.0200000000000005,2.51,1.49,0.0,0.0,0.0,244.7,0.0,0.3,0.6000000000000001,0.3,132.70000000000002,0.0,0.0,227.2,0.0,21.4,26.700000000000003,26.700000000000003,27.9,300.0,300.0,31.0,34.7,29.4,28.6,30.5,,,,,,,,,,,,,,,,,,,,,,,,
2026-07-30T19:12:30.629Z,19.523,19.536,0.0,1.4,0.0,0.0,0.0,0.0,0.0,0.0,0.0,0.0,1.0,0.0,0.0,0.0,9.0,4.0,0.0,0.0,0.0,0.0,0.0,0.0,0.0,0.0,6.0,12.0,1.0,12.17,5.0200000000000005,2.51,1.49,0.0,0.0,0.0,244.5,0.0,0.3,-0.5,-0.7000000000000001,132.70000000000002,0.0,0.0,227.3,0.0,21.4,26.700000000000003,26.700000000000003,27.9,300.0,300.0,31.0,34.7,29.4,28.6,30.5,,,,,,,,,,,,,,,,,,,,,,,,
2026-07-30T19:12:30.641Z,19.535,19.548,0.0,1.4,0.0,0.0,0.0,0.0,0.0,0.0,0.0,0.0,1.0,0.0,0.0,0.0,9.0,4.0,0.0,0.0,0.0,0.0,0.0,0.0,0.0,0.0,1.0,12.0,1.0,12.17,5.0200000000000005,2.51,1.49,0.0,0.0,0.0,244.3,0.0,-0.2,-1.1,-0.2,132.70000000000002,0.0,0.0,227.3,0.0,21.4,26.700000000000003,26.700000000000003,27.9,300.0,300.0,31.0,34.7,29.4,28.6,30.5,,,,,,,,,,,,,,,,,,,,,,,,
2026-07-30T19:12:30.655Z,19.549,19.56,0.0,1.4,0.0,0.0,0.0,0.0,0.0,0.0,0.0,0.0,1.0,0.0,0.0,0.0,9.0,4.0,0.0,0.0,0.0,0.0,0.0,0.0,0.0,0.0,2.0,12.0,1.0,12.17,5.0200000000000005,2.51,1.49,0.0,0.0,0.0,244.2,0.0,-0.3,0.0,-0.8,132.8,0.0,0.0,226.6,0.0,21.4,26.700000000000003,26.700000000000003,27.9,300.0,300.0,31.0,34.7,29.4,28.6,30.5,,,,,,,,,,,,,,,,,,,,,,,,
2026-07-30T19:12:30.665Z,19.559,19.572,0.0,1.4,0.0,0.0,0.0,0.0,0.0,0.0,0.0,0.0,1.0,0.0,0.0,0.0,9.0,4.0,0.0,0.0,0.0,0.0,0.0,0.0,0.0,0.0,3.0,12.0,1.0,12.17,5.0200000000000005,2.51,1.49,0.0,0.0,0.0,244.0,0.0,0.2,0.0,0.3,132.8,0.0,0.0,227.3,0.0,21.4,26.700000000000003,26.700000000000003,27.9,300.0,300.0,31.0,34.7,29.4,28.6,30.5,,,,,,,,,,,,,,,,,,,,,,,,
2026-07-30T19:12:30.678Z,19.572,19.584,0.1,1.4,0.0,0.0,0.0,0.0,0.0,0.0,0.0,0.0,1.0,0.0,0.0,0.0,9.0,4.0,0.0,0.0,0.0,0.0,0.0,0.0,0.0,0.0,4.0,12.0,1.0,12.14,5.01,2.51,1.49,0.0,0.0,0.0,243.9,0.0,0.2,0.0,0.3,132.8,0.0,0.0,227.5,0.0,21.8,26.700000000000003,26.700000000000003,27.9,300.0,300.0,31.0,34.7,29.4,28.6,30.5,,,,,,,,,,,,,,,,,,,,,,,,
2026-07-30T19:12:30.689Z,19.583,19.596,0.0,1.4,0.0,0.0,0.0,0.0,0.0,0.0,0.0,0.0,1.0,0.0,0.0,0.0,9.0,4.0,0.0,0.0,0.0,0.0,0.0,0.0,0.0,0.0,5.0,12.0,1.0,12.14,5.01,2.51,1.49,0.0,0.0,0.0,243.7,0.0,-0.2,0.0,-0.1,132.70000000000002,0.0,0.0,227.5,0.0,21.8,26.700000000000003,26.700000000000003,27.9,300.0,300.0,31.0,34.7,29.4,28.6,30.5,,,,,,,,,,,,,,,,,,,,,,,,
2026-07-30T19:12:30.700Z,19.594,19.608,0.0,1.4,0.0,0.0,0.0,0.0,0.0,0.0,0.0,0.0,1.0,0.0,0.0,0.0,9.0,4.0,0.0,0.0,0.0,0.0,0.0,0.0,0.0,0.0,5.0,12.0,1.0,12.14,5.01,2.51,1.49,0.0,0.0,0.0,243.5,0.0,-0.2,0.5,-0.2,132.70000000000002,0.0,0.0,227.3,0.0,21.8,26.700000000000003,26.700000000000003,27.9,300.0,300.0,31.0,34.7,29.4,28.6,30.5,,,,,,,,,,,,,,,,,,,,,,,,
2026-07-30T19:12:30.713Z,19.607,19.62,0.0,1.4,0.0,0.0,0.0,0.0,0.0,0.0,0.0,0.0,1.0,0.0,0.0,0.0,9.0,4.0,0.0,0.0,0.0,0.0,0.0,0.0,0.0,0.0,6.0,12.0,1.0,12.14,5.01,2.51,1.49,0.0,0.0,0.0,243.4,0.0,0.3,0.6000000000000001,-0.1,132.70000000000002,0.0,0.0,227.3,0.0,21.8,26.700000000000003,26.700000000000003,27.9,300.0,300.0,31.0,34.7,29.4,28.6,30.5,,,,,,,,,,,,,,,,,,,,,,,,
2026-07-30T19:12:30.725Z,19.619,19.632,0.1,1.4,0.0,0.0,0.0,0.0,0.0,0.0,0.0,0.0,1.0,0.0,0.0,0.0,9.0,4.0,0.0,0.0,0.0,0.0,0.0,0.0,0.0,0.0,1.0,12.0,1.0,12.14,5.01,2.51,1.49,0.0,0.1,0.0,243.3,0.0,-0.2,-0.4,-0.2,132.70000000000002,0.0,0.0,227.3,0.0,21.8,26.700000000000003,26.700000000000003,27.9,300.0,300.0,31.0,34.7,29.4,28.6,30.5,,,,,,,,,,,,,,,,,,,,,,,,
2026-07-30T19:12:30.737Z,19.631,19.644,0.0,1.4,0.0,0.0,0.0,0.0,0.0,0.0,0.0,0.0,1.0,0.0,0.0,0.0,9.0,4.0,0.0,0.0,0.0,0.0,0.0,0.0,0.0,0.0,2.0,12.0,1.0,12.14,5.01,2.51,1.49,0.0,0.0,0.0,243.2,0.0,-0.8,-1.0,0.3,132.70000000000002,0.0,0.0,227.3,0.0,21.8,26.700000000000003,26.700000000000003,27.9,300.0,300.0,31.0,34.7,29.4,28.6,30.5,,,,,,,,,,,,,,,,,,,,,,,,
2026-07-30T19:12:30.749Z,19.643,19.656,0.0,1.4,0.0,0.0,0.0,0.0,0.0,0.0,0.0,0.0,1.0,0.0,0.0,0.0,9.0,4.0,0.0,0.0,0.0,0.0,0.0,0.0,0.0,0.0,3.0,12.0,1.0,12.14,5.01,2.51,1.49,0.0,0.0,0.0,243.1,0.0,-0.2,0.1,-0.1,132.70000000000002,0.0,0.0,227.5,0.0,21.8,26.700000000000003,26.700000000000003,27.9,300.0,300.0,31.0,34.7,29.4,28.6,30.5,,,,,,,,,,,,,,,,,,,,,,,,
2026-07-30T19:12:30.761Z,19.655,19.668,0.0,1.4,0.0,0.0,0.0,0.0,0.0,0.0,0.0,0.0,1.0,0.0,0.0,0.0,9.0,4.0,0.0,0.0,0.0,0.0,0.0,0.0,0.0,0.0,4.0,12.0,1.0,12.14,5.01,2.51,1.49,0.0,0.1,0.0,242.9,0.0,-0.2,0.1,0.4,132.70000000000002,0.0,0.0,227.1,0.0,21.8,26.700000000000003,26.700000000000003,27.9,300.0,300.0,31.0,34.7,29.4,28.6,30.5,,,,,,,,,,,,,,,,,,,,,,,,
2026-07-30T19:12:30.772Z,19.666,19.68,0.0,1.4,0.0,0.0,0.0,0.0,0.0,0.0,0.0,0.0,1.0,0.0,0.0,0.0,9.0,4.0,0.0,0.0,0.0,0.0,0.0,0.0,0.0,0.0,5.0,12.0,1.0,12.14,5.01,2.51,1.49,0.0,0.0,0.0,242.8,0.0,-0.8,-0.4,0.0,132.70000000000002,0.0,0.0,227.5,0.0,21.8,26.700000000000003,26.700000000000003,27.9,300.0,300.0,31.0,34.7,29.4,28.6,30.5,,,,,,,,,,,,,,,,,,,,,,,,
2026-07-30T19:12:30.785Z,19.679,19.692,0.0,1.4,0.0,0.0,0.0,0.0,0.0,0.0,0.0,0.0,1.0,0.0,0.0,0.0,9.0,4.0,0.0,0.0,0.0,0.0,0.0,0.0,0.0,0.0,1.0,12.0,1.0,12.19,5.0200000000000005,2.51,1.5,0.0,0.0,0.0,242.6,0.0,-0.8,-0.4,1.1,132.70000000000002,0.0,0.0,227.4,0.0,21.200000000000003,26.700000000000003,26.700000000000003,28.0,300.0,300.0,31.0,34.7,29.4,28.6,30.5,,,,,,,,,,,,,,,,,,,,,,,,
2026-07-30T19:12:30.798Z,19.692,19.704,0.0,1.4,0.0,0.0,0.0,0.0,0.0,0.0,0.0,0.0,1.0,0.0,0.0,0.0,9.0,4.0,0.0,0.0,0.0,0.0,0.0,0.0,0.0,0.0,2.0,12.0,1.0,12.19,5.0200000000000005,2.51,1.5,0.0,0.0,0.0,242.5,0.0,-0.1,0.7000000000000001,0.0,132.70000000000002,0.0,0.0,227.3,0.0,21.200000000000003,26.700000000000003,26.700000000000003,28.0,300.0,300.0,31.0,34.7,29.4,28.6,30.5,,,,,,,,,,,,,,,,,,,,,,,,
2026-07-30T19:12:30.809Z,19.703,19.716,0.0,1.4,0.0,0.0,0.0,0.0,0.0,0.0,0.0,0.0,1.0,0.0,0.0,0.0,9.0,4.0,0.0,0.0,0.0,0.0,0.0,0.0,0.0,0.0,4.0,12.0,1.0,12.19,5.0200000000000005,2.51,1.5,0.0,0.0,0.0,242.4,0.0,-0.1,0.1,0.0,132.70000000000002,0.0,0.0,227.5,0.0,21.200000000000003,26.700000000000003,26.700000000000003,28.0,300.0,300.0,31.0,34.7,29.4,28.6,30.5,,,,,,,,,,,,,,,,,,,,,,,,
2026-07-30T19:12:30.820Z,19.714,19.728,0.0,1.4,0.0,0.0,0.0,0.0,0.0,0.0,0.0,0.0,1.0,0.0,0.0,0.0,9.0,4.0,0.0,0.0,0.0,0.0,0.0,0.0,0.0,0.0,5.0,12.0,1.0,12.19,5.0200000000000005,2.51,1.5,0.0,0.0,0.0,242.2,0.0,0.4,0.2,1.2000000000000002,132.70000000000002,0.0,0.0,227.4,0.0,21.200000000000003,26.700000000000003,26.700000000000003,28.0,300.0,300.0,31.0,34.7,29.4,28.6,30.5,,,,,,,,,,,,,,,,,,,,,,,,
2026-07-30T19:12:30.833Z,19.727,19.74,0.0,1.4,0.0,0.0,0.0,0.0,0.0,0.0,0.0,0.0,1.0,0.0,0.0,0.0,9.0,4.0,0.0,0.0,0.0,0.0,0.0,0.0,0.0,0.0,1.0,12.0,1.0,12.19,5.0200000000000005,2.51,1.5,0.0,0.0,0.0,242.1,0.0,-0.1,-0.3,0.1,132.70000000000002,0.0,0.0,227.4,0.0,21.200000000000003,26.700000000000003,26.700000000000003,28.0,300.0,300.0,31.0,34.7,29.4,28.6,30.5,,,,,,,,,,,,,,,,,,,,,,,,
2026-07-30T19:12:30.845Z,19.739,19.752,-0.1,1.4,0.0,0.0,0.0,0.0,0.0,0.0,0.0,0.0,1.0,0.0,0.0,0.0,9.0,4.0,0.0,0.0,0.0,0.0,0.0,0.0,0.0,0.0,1.0,12.0,1.0,12.19,5.0200000000000005,2.51,1.5,0.0,0.0,0.0,242.0,0.0,-0.1,0.2,0.6000000000000001,132.70000000000002,0.0,0.0,227.3,0.0,21.200000000000003,26.700000000000003,26.700000000000003,28.0,300.0,300.0,31.0,34.7,29.4,28.6,30.5,,,,,,,,,,,,,,,,,,,,,,,,
2026-07-30T19:12:30.857Z,19.751,19.764,-0.1,1.4,0.0,0.0,0.0,0.0,0.0,0.0,0.0,0.0,1.0,0.0,0.0,0.0,9.0,4.0,0.0,0.0,0.0,0.0,0.0,0.0,0.0,0.0,3.0,12.0,1.0,12.19,5.0200000000000005,2.51,1.5,0.0,0.0,0.0,241.9,0.0,0.4,1.3,0.0,132.70000000000002,0.0,0.0,227.3,0.0,21.200000000000003,26.700000000000003,26.700000000000003,28.0,300.0,300.0,31.0,34.7,29.4,28.6,30.5,,,,,,,,,,,,,,,,,,,,,,,,
2026-07-30T19:12:30.869Z,19.763,19.776,-0.1,1.4,0.0,0.0,0.0,0.0,0.0,0.0,0.0,0.0,1.0,0.0,0.0,0.0,9.0,4.0,0.0,0.0,0.0,0.0,0.0,0.0,0.0,0.0,4.0,12.0,1.0,12.19,5.0200000000000005,2.51,1.5,0.0,0.0,0.0,241.8,0.0,0.4,-0.9,-0.5,132.70000000000002,0.0,0.0,227.3,0.0,21.200000000000003,26.700000000000003,26.700000000000003,28.0,300.0,300.0,31.0,34.7,29.4,28.6,30.5,,,,,,,,,,,,,,,,,,,,,,,,
2026-07-30T19:12:30.881Z,19.775,19.788,-0.1,1.4,0.0,0.0,0.0,0.0,0.0,0.0,0.0,0.0,1.0,0.0,0.0,0.0,9.0,4.0,0.0,0.0,0.0,0.0,0.0,0.0,0.0,0.0,6.0,12.0,1.0,12.15,5.01,2.51,1.49,0.0,0.0,0.0,241.7,0.0,-0.7000000000000001,-0.9,-1.7000000000000002,132.70000000000002,0.0,0.0,227.4,0.0,21.4,26.8,26.8,28.0,300.0,300.0,31.0,34.7,29.4,28.6,30.5,,,,,,,,,,,,,,,,,,,,,,,,
2026-07-30T19:12:30.893Z,19.787,19.8,-0.1,1.4,0.0,0.0,0.0,0.0,0.0,0.0,0.0,0.0,1.0,0.0,0.0,0.0,9.0,4.0,0.0,0.0,0.0,0.0,0.0,0.0,0.0,0.0,1.0,12.0,1.0,12.15,5.01,2.51,1.49,0.0,0.1,0.0,241.6,0.0,0.3,-0.4,1.1,132.70000000000002,0.0,0.0,227.3,0.0,21.4,26.8,26.8,28.0,300.0,300.0,31.0,34.7,29.4,28.6,30.5,,,,,,,,,,,,,,,,,,,,,,,,
2026-07-30T19:12:30.905Z,19.799,19.812,-0.1,1.4,0.0,0.0,0.0,0.0,0.0,0.0,0.0,0.0,1.0,0.0,0.0,0.0,9.0,4.0,0.0,0.0,0.0,0.0,0.0,0.0,0.0,0.0,2.0,12.0,1.0,12.15,5.01,2.51,1.49,0.0,0.0,0.0,241.5,0.0,-0.2,0.1,0.0,132.70000000000002,0.0,0.0,227.3,0.0,21.4,26.8,26.8,28.0,300.0,300.0,31.0,34.7,29.4,28.6,30.5,,,,,,,,,,,,,,,,,,,,,,,,
2026-07-30T19:12:30.917Z,19.811,19.824,-0.1,1.4,0.0,0.0,0.0,0.0,0.0,0.0,0.0,0.0,1.0,0.0,0.0,0.0,9.0,4.0,0.0,0.0,0.0,0.0,0.0,0.0,0.0,0.0,4.0,12.0,1.0,12.15,5.01,2.51,1.49,0.0,0.0,0.0,241.4,0.0,0.3,-0.4,0.0,132.70000000000002,0.0,0.0,227.3,0.0,21.4,26.8,26.8,28.0,300.0,300.0,31.0,34.7,29.4,28.6,30.5,,,,,,,,,,,,,,,,,,,,,,,,
2026-07-30T19:12:30.929Z,19.823,19.836,-0.1,1.4,0.0,0.0,0.0,0.0,0.0,0.0,0.0,0.0,1.0,0.0,0.0,0.0,9.0,4.0,0.0,0.0,0.0,0.0,0.0,0.0,0.0,0.0,5.0,12.0,1.0,12.15,5.01,2.51,1.49,0.0,0.0,0.0,241.3,0.0,0.9,0.1,0.6000000000000001,132.70000000000002,0.0,0.0,227.3,0.0,21.4,26.8,26.8,28.0,300.0,300.0,31.0,34.7,29.4,28.6,30.5,,,,,,,,,,,,,,,,,,,,,,,,
2026-07-30T19:12:30.941Z,19.835,19.848,-0.1,1.4,0.0,0.0,0.0,0.0,0.0,0.0,0.0,0.0,1.0,0.0,0.0,0.0,9.0,4.0,0.0,0.0,0.0,0.0,0.0,0.0,0.0,0.0,1.0,12.0,1.0,12.15,5.01,2.51,1.49,0.0,0.0,0.0,241.3,0.0,0.4,0.1,-1.1,132.70000000000002,0.0,0.0,227.3,0.0,21.4,26.8,26.8,28.0,300.0,300.0,31.0,34.7,29.4,28.6,30.5,,,,,,,,,,,,,,,,,,,,,,,,
2026-07-30T19:12:30.953Z,19.847,19.86,-0.1,1.4,0.0,0.0,0.0,0.0,0.0,0.0,0.0,0.0,1.0,0.0,0.0,0.0,9.0,4.0,0.0,0.0,0.0,0.0,0.0,0.0,0.0,0.0,2.0,12.0,1.0,12.15,5.01,2.51,1.49,0.0,0.0,0.0,241.1,0.0,-0.1,0.7000000000000001,2.3000000000000003,132.70000000000002,0.0,0.0,227.3,0.0,21.4,26.8,26.8,28.0,300.0,300.0,31.0,34.7,29.4,28.6,30.5,,,,,,,,,,,,,,,,,,,,,,,,
2026-07-30T19:12:30.964Z,19.858,19.872,-0.1,1.4,0.0,0.0,0.0,0.0,0.0,0.0,0.0,0.0,1.0,0.0,0.0,0.0,9.0,4.0,0.0,0.0,0.0,0.0,0.0,0.0,0.0,0.0,4.0,12.0,1.0,12.15,5.01,2.51,1.49,0.0,0.0,0.0,241.0,0.0,0.3,1.3,0.0,132.70000000000002,0.0,0.0,226.7,0.0,21.4,26.8,26.8,28.0,300.0,300.0,31.0,34.7,29.4,28.6,30.5,,,,,,,,,,,,,,,,,,,,,,,,
2026-07-30T19:12:30.977Z,19.871,19.884,-0.1,1.4,0.0,0.0,0.0,0.0,0.0,0.0,0.0,0.0,1.0,0.0,0.0,0.0,9.0,4.0,0.0,0.0,0.0,0.0,0.0,0.0,0.0,0.0,5.0,12.0,1.0,12.15,5.01,2.51,1.49,0.0,0.0,0.0,240.9,0.0,0.3,0.1,0.0,132.8,0.0,0.0,227.3,0.0,21.4,26.8,26.8,28.0,300.0,300.0,31.0,34.7,29.4,28.6,30.5,,,,,,,,,,,,,,,,,,,,,,,,
2026-07-30T19:12:30.989Z,19.883,19.896,-0.1,1.4,0.0,0.0,0.0,0.0,0.0,0.0,0.0,0.0,1.0,0.0,0.0,0.0,9.0,4.0,0.0,0.0,0.0,0.0,0.0,0.0,0.0,0.0,1.0,12.0,1.0,12.17,5.0200000000000005,2.51,1.5,0.0,0.0,0.0,240.8,0.0,0.3,0.0,1.0,132.8,0.0,0.0,227.4,0.0,21.3,26.8,26.8,28.0,300.0,300.0,31.0,34.6,29.4,28.6,30.5,,,,,,,,,,,,,,,,,,,,,,,,
2026-07-30T19:12:31.001Z,19.895,19.908,-0.1,1.4,0.0,0.0,0.0,0.0,0.0,0.0,0.0,0.0,1.0,0.0,0.0,0.0,9.0,4.0,0.0,0.0,0.0,0.0,0.0,0.0,0.0,0.0,2.0,12.0,1.0,12.17,5.0200000000000005,2.51,1.5,0.0,0.0,0.0,240.8,0.0,0.3,0.0,-0.7000000000000001,132.8,0.0,0.0,227.3,0.0,21.3,26.8,26.8,28.0,300.0,300.0,31.0,34.6,29.4,28.6,30.5,,,,,,,,,,,,,,,,,,,,,,,,
2026-07-30T19:12:31.013Z,19.907,19.92,0.0,1.4,0.0,0.0,0.0,0.0,0.0,0.0,0.0,0.0,1.0,0.0,0.0,0.0,9.0,4.0,0.0,0.0,0.0,0.0,0.0,0.0,0.0,0.0,3.0,12.0,1.0,12.17,5.0200000000000005,2.51,1.5,0.0,0.0,0.0,240.6,0.0,-0.2,-1.0,-1.2000000000000002,132.70000000000002,0.0,0.0,227.3,0.0,21.3,26.8,26.8,28.0,300.0,300.0,31.0,34.6,29.4,28.6,30.5,,,,,,,,,,,,,,,,,,,,,,,,
2026-07-30T19:12:31.026Z,19.92,19.932,0.0,1.4,0.0,0.0,0.0,0.0,0.0,0.0,0.0,0.0,1.0,0.0,0.0,0.0,9.0,4.0,0.0,0.0,0.0,0.0,0.0,0.0,0.0,0.0,4.0,12.0,1.0,12.17,5.0200000000000005,2.51,1.5,0.0,0.0,0.0,240.5,0.0,0.9,-0.4,0.4,132.70000000000002,0.0,0.0,227.3,0.0,21.3,26.8,26.8,28.0,300.0,300.0,31.0,34.6,29.4,28.6,30.5,,,,,,,,,,,,,,,,,,,,,,,,
2026-07-30T19:12:31.037Z,19.931,19.944,0.0,1.4,0.0,0.0,0.0,0.0,0.0,0.0,0.0,0.0,1.0,0.0,0.0,0.0,9.0,4.0,0.0,0.0,0.0,0.0,0.0,0.0,0.0,0.0,4.0,12.0,1.0,12.17,5.0200000000000005,2.51,1.5,0.0,0.0,0.0,240.4,0.0,0.3,0.1,-0.1,132.70000000000002,0.0,0.0,227.3,0.0,21.3,26.8,26.8,28.0,300.0,300.0,31.0,34.6,29.4,28.6,30.5,,,,,,,,,,,,,,,,,,,,,,,,
2026-07-30T19:12:31.049Z,19.943,19.956,0.0,1.4,0.0,0.0,0.0,0.0,0.0,0.0,0.0,0.0,1.0,0.0,0.0,0.0,9.0,4.0,0.0,0.0,0.0,0.0,0.0,0.0,0.0,0.0,5.0,12.0,1.0,12.17,5.0200000000000005,2.51,1.5,0.0,0.0,0.0,240.4,0.0,0.9,0.1,0.4,132.70000000000002,0.0,0.0,227.1,0.0,21.3,26.8,26.8,28.0,300.0,300.0,31.0,34.6,29.4,28.6,30.5,,,,,,,,,,,,,,,,,,,,,,,,
2026-07-30T19:12:31.061Z,19.955,19.968,0.0,1.4,0.0,0.0,0.0,0.0,0.0,0.0,0.0,0.0,1.0,0.0,0.0,0.0,9.0,4.0,0.0,0.0,0.0,0.0,0.0,0.0,0.0,0.0,1.0,12.0,1.0,12.17,5.0200000000000005,2.51,1.5,0.0,0.0,0.0,240.2,0.0,-0.8,-0.4,-0.7000000000000001,132.70000000000002,0.0,0.0,227.3,0.0,21.3,26.8,26.8,28.0,300.0,300.0,31.0,34.6,29.4,28.6,30.5,,,,,,,,,,,,,,,,,,,,,,,,
2026-07-30T19:12:31.073Z,19.967,19.98,0.0,1.4,0.0,0.0,0.0,0.0,0.0,0.0,0.0,0.0,1.0,0.0,0.0,0.0,9.0,4.0,0.0,0.0,0.0,0.0,0.0,0.0,0.0,0.0,2.0,12.0,1.0,12.17,5.0200000000000005,2.51,1.5,0.0,0.0,0.0,240.1,0.0,0.3,0.6000000000000001,-0.1,132.8,0.0,0.0,226.2,0.0,21.3,26.8,26.8,28.0,300.0,300.0,31.0,34.6,29.4,28.6,30.5,,,,,,,,,,,,,,,,,,,,,,,,
2026-07-30T19:12:31.086Z,19.98,19.992,0.0,1.4,0.0,0.0,0.0,0.0,0.0,0.0,0.0,0.0,1.0,0.0,0.0,0.0,9.0,4.0,0.0,0.0,0.0,0.0,0.0,0.0,0.0,0.0,2.0,12.0,1.0,12.15,5.01,2.51,1.49,0.0,0.0,0.0,240.0,0.0,-0.2,1.2000000000000002,0.9,132.8,0.0,0.0,227.3,0.0,21.4,26.8,26.8,28.1,300.0,300.0,31.0,34.7,29.4,28.6,30.5,,,,,,,,,,,,,,,,,,,,,,,,
2026-07-30T19:12:31.097Z,19.991,20.004,0.0,1.4,0.0,0.0,0.0,0.0,0.0,0.0,0.0,0.0,1.0,0.0,0.0,0.0,9.0,4.0,0.0,0.0,0.0,0.0,0.0,0.0,0.0,0.0,4.0,12.0,1.0,12.15,5.01,2.51,1.49,0.0,0.0,0.0,239.8,0.0,0.3,0.1,-0.8,132.8,0.0,0.0,227.3,0.0,21.4,26.8,26.8,28.1,300.0,300.0,31.0,34.7,29.4,28.6,30.5,,,,,,,,,,,,,,,,,,,,,,,,
2026-07-30T19:12:31.109Z,20.003,20.016,0.0,1.4,0.0,0.0,0.0,0.0,0.0,0.0,0.0,0.0,1.0,0.0,0.0,0.0,9.0,4.0,0.0,0.0,0.0,0.0,0.0,0.0,0.0,0.0,4.0,12.0,1.0,12.15,5.01,2.51,1.49,0.0,0.0,0.0,239.7,0.0,-0.2,0.1,2.7,132.8,0.0,0.0,227.4,0.0,21.4,26.8,26.8,28.1,300.0,300.0,31.0,34.7,29.4,28.6,30.5,,,,,,,,,,,,,,,,,,,,,,,,
2026-07-30T19:12:31.120Z,20.014,20.028,0.0,1.4,0.0,0.0,0.0,0.0,0.0,0.0,0.0,0.0,1.0,0.0,0.0,0.0,9.0,4.0,0.0,0.0,0.0,0.0,0.0,0.0,0.0,0.0,6.0,12.0,1.0,12.15,5.01,2.51,1.49,0.0,0.0,0.0,239.6,0.0,-0.2,-0.4,-1.3,132.8,0.0,0.0,227.3,0.0,21.4,26.8,26.8,28.1,300.0,300.0,31.0,34.7,29.4,28.6,30.5,,,,,,,,,,,,,,,,,,,,,,,,
2026-07-30T19:12:31.133Z,20.027,20.04,0.0,1.4,0.0,0.0,0.0,0.0,0.0,0.0,0.0,0.0,1.0,0.0,0.0,0.0,9.0,4.0,0.0,0.0,0.0,0.0,0.0,0.0,0.0,0.0,1.0,12.0,1.0,12.15,5.01,2.51,1.49,0.0,0.0,0.0,239.4,0.0,-0.2,1.8,1.0,132.70000000000002,0.0,0.0,227.4,0.0,21.4,26.8,26.8,28.1,300.0,300.0,31.0,34.7,29.4,28.6,30.5,,,,,,,,,,,,,,,,,,,,,,,,
2026-07-30T19:12:31.144Z,20.038,20.052,0.0,1.4,0.0,0.0,0.0,0.0,0.0,0.0,0.0,0.0,1.0,0.0,0.0,0.0,9.0,4.0,0.0,0.0,0.0,0.0,0.0,0.0,0.0,0.0,1.0,12.0,1.0,12.15,5.01,2.51,1.49,0.0,0.0,0.0,239.3,0.0,-0.2,-0.4,-0.7000000000000001,132.70000000000002,0.0,0.0,227.3,0.0,21.4,26.8,26.8,28.1,300.0,300.0,31.0,34.7,29.4,28.6,30.5,,,,,,,,,,,,,,,,,,,,,,,,
2026-07-30T19:12:31.157Z,20.051,20.064,0.0,1.4,0.0,0.0,0.0,0.0,0.0,0.0,0.0,0.0,1.0,0.0,0.0,0.0,9.0,4.0,0.0,0.0,0.0,0.0,0.0,0.0,0.0,0.0,3.0,12.0,1.0,12.15,5.01,2.51,1.49,0.0,0.0,0.0,239.1,0.0,-0.2,-1.0,0.9,132.70000000000002,0.0,0.0,227.3,0.0,21.4,26.8,26.8,28.1,300.0,300.0,31.0,34.7,29.4,28.6,30.5,,,,,,,,,,,,,,,,,,,,,,,,
2026-07-30T19:12:31.169Z,20.063,20.076,0.0,1.4,0.0,0.0,0.0,0.0,0.0,0.0,0.0,0.0,1.0,0.0,0.0,0.0,9.0,4.0,0.0,0.0,0.0,0.0,0.0,0.0,0.0,0.0,4.0,12.0,1.0,12.15,5.01,2.51,1.49,0.0,0.0,0.0,239.0,0.0,0.2,-0.5,0.3,132.70000000000002,0.0,0.0,227.2,0.0,21.4,26.8,26.8,28.1,300.0,300.0,31.0,34.7,29.4,28.6,30.5,,,,,,,,,,,,,,,,,,,,,,,,
2026-07-30T19:12:31.181Z,20.075,20.088,0.0,1.4,0.0,0.0,0.0,0.0,0.0,0.0,0.0,0.0,1.0,0.0,0.0,0.0,9.0,4.0,0.0,0.0,0.0,0.0,0.0,0.0,0.0,0.0,5.0,12.0,1.0,12.15,5.01,2.51,1.49,0.0,0.0,0.0,238.9,0.0,-0.3,0.5,-0.8,132.70000000000002,0.0,0.0,227.2,0.0,21.4,26.8,26.8,28.1,300.0,300.0,31.0,34.7,29.4,28.6,30.5,,,,,,,,,,,,,,,,,,,,,,,,
2026-07-30T19:12:31.193Z,20.087,20.1,0.0,1.4,0.0,0.0,0.0,0.0,0.0,0.0,0.0,0.0,1.0,0.0,0.0,0.0,9.0,4.0,0.0,0.0,0.0,0.0,0.0,0.0,0.0,0.0,6.0,12.0,1.0,12.15,5.0200000000000005,2.5,1.49,0.0,0.0,0.0,238.7,0.0,0.2,1.1,-0.7000000000000001,132.70000000000002,0.0,0.0,227.3,0.0,21.200000000000003,26.9,26.9,28.1,300.0,300.0,31.1,34.7,29.4,28.6,30.5,,,,,,,,,,,,,,,,,,,,,,,,
2026-07-30T19:12:31.205Z,20.099,20.112,0.0,1.4,0.0,0.0,0.0,0.0,0.0,0.0,0.0,0.0,1.0,0.0,0.0,0.0,9.0,4.0,0.0,0.0,0.0,0.0,0.0,0.0,0.0,0.0,1.0,12.0,1.0,12.15,5.0200000000000005,2.5,1.49,0.0,0.0,0.0,238.6,0.0,0.2,0.0,-0.2,132.70000000000002,0.0,0.0,227.3,0.0,21.200000000000003,26.9,26.9,28.1,300.0,300.0,31.1,34.7,29.4,28.6,30.5,,,,,,,,,,,,,,,,,,,,,,,,
2026-07-30T19:12:31.217Z,20.111,20.124,0.0,1.4,0.0,0.0,0.0,0.0,0.0,0.0,0.0,0.0,1.0,0.0,0.0,0.0,9.0,4.0,0.0,0.0,0.0,0.0,0.0,0.0,0.0,0.0,2.0,12.0,1.0,12.15,5.0200000000000005,2.5,1.49,0.0,0.0,0.0,238.4,0.0,-0.8,-1.1,-0.1,132.70000000000002,0.0,0.0,227.3,0.0,21.200000000000003,26.9,26.9,28.1,300.0,300.0,31.1,34.7,29.4,28.6,30.5,,,,,,,,,,,,,,,,,,,,,,,,
2026-07-30T19:12:31.229Z,20.123,20.136,0.0,1.4,0.0,0.0,0.0,0.0,0.0,0.0,0.0,0.0,1.0,0.0,0.0,0.0,9.0,4.0,0.0,0.0,0.0,0.0,0.0,0.0,0.0,0.0,3.0,12.0,1.0,12.15,5.0200000000000005,2.5,1.49,0.0,0.0,0.0,238.3,0.0,-0.2,0.6000000000000001,0.4,132.70000000000002,0.0,0.0,227.3,0.0,21.200000000000003,26.9,26.9,28.1,300.0,300.0,31.1,34.7,29.4,28.6,30.5,,,,,,,,,,,,,,,,,,,,,,,,
2026-07-30T19:12:31.241Z,20.135,20.148,0.0,1.4,0.0,0.0,0.0,0.0,0.0,0.0,0.0,0.0,1.0,0.0,0.0,0.0,9.0,4.0,0.0,0.0,0.0,0.0,0.0,0.0,0.0,0.0,4.0,12.0,1.0,12.15,5.0200000000000005,2.5,1.49,0.0,0.0,0.0,238.2,0.0,-0.2,0.0,-1.2000000000000002,132.70000000000002,0.0,0.0,227.3,0.0,21.200000000000003,26.9,26.9,28.1,300.0,300.0,31.1,34.7,29.4,28.6,30.5,,,,,,,,,,,,,,,,,,,,,,,,
2026-07-30T19:12:31.253Z,20.147,20.16,0.0,1.4,0.0,0.0,0.0,0.0,0.0,0.0,0.0,0.0,1.0,0.0,0.0,0.0,9.0,4.0,0.0,0.0,0.0,0.0,0.0,0.0,0.0,0.0,5.0,12.0,1.0,12.15,5.0200000000000005,2.5,1.49,0.0,0.0,0.0,238.0,0.0,-0.2,-1.0,0.4,132.70000000000002,0.0,0.0,227.3,0.0,21.200000000000003,26.9,26.9,28.1,300.0,300.0,31.1,34.7,29.4,28.6,30.5,,,,,,,,,,,,,,,,,,,,,,,,
2026-07-30T19:12:31.265Z,20.159,20.172,0.0,1.4,0.0,0.0,0.0,0.0,0.0,0.0,0.0,0.0,1.0,0.0,0.0,0.0,9.0,4.0,0.0,0.0,0.0,0.0,0.0,0.0,0.0,0.0,6.0,12.0,1.0,12.15,5.0200000000000005,2.5,1.49,0.0,0.0,0.0,237.9,0.0,0.2,-0.4,-0.1,132.70000000000002,0.0,0.0,227.4,0.0,21.200000000000003,26.9,26.9,28.1,300.0,300.0,31.1,34.7,29.4,28.6,30.5,,,,,,,,,,,,,,,,,,,,,,,,
2026-07-30T19:12:31.278Z,20.172,20.184,0.0,1.4,0.0,0.0,0.0,0.0,0.0,0.0,0.0,0.0,1.0,0.0,0.0,0.0,9.0,4.0,0.0,0.0,0.0,0.0,0.0,0.0,0.0,0.0,1.0,12.0,1.0,12.15,5.0200000000000005,2.5,1.49,0.0,0.0,0.0,237.8,0.0,0.3,0.1,-0.1,132.70000000000002,0.0,0.0,227.2,0.0,21.200000000000003,26.9,26.9,28.1,300.0,300.0,31.1,34.7,29.4,28.6,30.5,,,,,,,,,,,,,,,,,,,,,,,,
2026-07-30T19:12:31.290Z,20.184,20.196,0.0,1.4,0.0,0.0,0.0,0.0,0.0,0.0,0.0,0.0,1.0,0.0,0.0,0.0,9.0,4.0,0.0,0.0,0.0,0.0,0.0,0.0,0.0,0.0,2.0,12.0,1.0,12.11,5.01,2.51,1.49,0.0,0.0,0.0,237.6,0.0,0.3,0.1,0.0,132.70000000000002,0.0,0.0,227.3,0.0,21.4,26.9,26.9,28.1,300.0,300.0,31.0,34.7,29.4,28.6,30.5,,,,,,,,,,,,,,,,,,,,,,,,
2026-07-30T19:12:31.301Z,20.195,20.208,0.0,1.4,0.0,0.0,0.0,0.0,0.0,0.0,0.0,0.0,1.0,0.0,0.0,0.0,9.0,4.0,0.0,0.0,0.0,0.0,0.0,0.0,0.0,0.0,4.0,12.0,1.0,12.11,5.01,2.51,1.49,0.0,0.0,0.0,237.5,0.0,0.2,-0.4,-0.7000000000000001,132.70000000000002,0.0,0.0,227.3,0.0,21.4,26.9,26.9,28.1,300.0,300.0,31.0,34.7,29.4,28.6,30.5,,,,,,,,,,,,,,,,,,,,,,,,
2026-07-30T19:12:31.313Z,20.207,20.22,0.0,1.4,0.0,0.0,0.0,0.0,0.0,0.0,0.0,0.0,1.0,0.0,0.0,0.0,9.0,4.0,0.0,0.0,0.0,0.0,0.0,0.0,0.0,0.0,5.0,12.0,1.0,12.11,5.01,2.51,1.49,0.0,0.0,0.0,237.3,0.0,-0.2,-1.0,-0.7000000000000001,132.70000000000002,0.0,0.0,227.3,0.0,21.4,26.9,26.9,28.1,300.0,300.0,31.0,34.7,29.4,28.6,30.5,,,,,,,,,,,,,,,,,,,,,,,,
2026-07-30T19:12:31.325Z,20.219,20.232,0.0,1.4,0.0,0.0,0.0,0.0,0.0,0.0,0.0,0.0,1.0,0.0,0.0,0.0,9.0,4.0,0.0,0.0,0.0,0.0,0.0,0.0,0.0,0.0,6.0,12.0,1.0,12.11,5.01,2.51,1.49,0.0,0.0,0.0,237.2,0.0,0.3,0.0,1.0,132.70000000000002,0.0,0.0,227.3,0.0,21.4,26.9,26.9,28.1,300.0,300.0,31.0,34.7,29.4,28.6,30.5,,,,,,,,,,,,,,,,,,,,,,,,
2026-07-30T19:12:31.337Z,20.231,20.244,0.0,1.4,0.0,0.0,0.0,0.0,0.0,0.0,0.0,0.0,1.0,0.0,0.0,0.0,9.0,4.0,0.0,0.0,0.0,0.0,0.0,0.0,0.0,0.0,1.0,12.0,1.0,12.11,5.01,2.51,1.49,0.0,0.0,0.0,237.1,0.0,-0.2,0.6000000000000001,-0.1,132.70000000000002,0.0,0.0,227.3,0.0,21.4,26.9,26.9,28.1,300.0,300.0,31.0,34.7,29.4,28.6,30.5,,,,,,,,,,,,,,,,,,,,,,,,
2026-07-30T19:12:31.349Z,20.243,20.256,0.0,1.4,0.0,0.0,0.0,0.0,0.0,0.0,0.0,0.0,1.0,0.0,0.0,0.0,9.0,4.0,0.0,0.0,0.0,0.0,0.0,0.0,0.0,0.0,1.0,12.0,1.0,12.11,5.01,2.51,1.49,0.0,0.0,0.0,236.9,0.0,-0.1,0.1,0.9,132.70000000000002,0.0,0.0,227.3,0.0,21.4,26.9,26.9,28.1,300.0,300.0,31.0,34.7,29.4,28.6,30.5,,,,,,,,,,,,,,,,,,,,,,,,
2026-07-30T19:12:31.361Z,20.255,20.268,0.0,1.4,0.0,0.0,0.0,0.0,0.0,0.0,0.0,0.0,1.0,0.0,0.0,0.0,9.0,4.0,0.0,0.0,0.0,0.0,0.0,0.0,0.0,0.0,2.0,12.0,1.0,12.11,5.01,2.51,1.49,0.0,0.0,0.0,236.8,0.0,-0.7000000000000001,0.1,1.0,132.70000000000002,0.0,0.0,227.3,0.0,21.4,26.9,26.9,28.1,300.0,300.0,31.0,34.7,29.4,28.6,30.5,,,,,,,,,,,,,,,,,,,,,,,,
2026-07-30T19:12:31.373Z,20.267,20.28,0.0,1.4,0.0,0.0,0.0,0.0,0.0,0.0,0.0,0.0,1.0,0.0,0.0,0.0,9.0,4.0,0.0,0.0,0.0,0.0,0.0,0.0,0.0,0.0,3.0,12.0,1.0,12.11,5.01,2.51,1.49,0.0,0.0,0.0,236.7,0.0,0.4,0.1,-1.3,132.70000000000002,0.0,0.0,227.3,0.0,21.4,26.9,26.9,28.1,300.0,300.0,31.0,34.7,29.4,28.6,30.5,,,,,,,,,,,,,,,,,,,,,,,,
2026-07-30T19:12:31.385Z,20.279,20.292,0.0,1.4,0.0,0.0,0.0,0.0,0.0,0.0,0.0,0.0,1.0,0.0,0.0,0.0,9.0,4.0,0.0,0.0,0.0,0.0,0.0,0.0,0.0,0.0,4.0,12.0,1.0,12.11,5.01,2.51,1.49,0.0,0.0,0.0,236.6,0.0,0.4,0.7000000000000001,-1.3,132.8,0.0,0.0,226.0,0.0,21.4,26.9,26.9,28.1,300.0,300.0,31.0,34.7,29.4,28.6,30.5,,,,,,,,,,,,,,,,,,,,,,,,
2026-07-30T19:12:31.397Z,20.291,20.304,0.0,1.4,0.0,0.0,0.0,0.0,0.0,0.0,0.0,0.0,1.0,0.0,0.0,0.0,9.0,4.0,0.0,0.0,0.0,0.0,0.0,0.0,0.0,0.0,5.0,12.0,1.0,12.18,5.0200000000000005,2.5,1.49,0.0,0.0,0.0,236.4,0.0,0.9,0.7000000000000001,0.4,132.8,0.0,0.0,227.4,0.0,21.3,26.9,26.9,28.1,300.0,300.0,31.1,34.7,29.4,28.6,30.5,,,,,,,,,,,,,,,,,,,,,,,,
2026-07-30T19:12:31.409Z,20.303,20.316,0.0,1.4,0.0,0.0,0.0,0.0,0.0,0.0,0.0,0.0,1.0,0.0,0.0,0.0,9.0,4.0,0.0,0.0,0.0,0.0,0.0,0.0,0.0,0.0,6.0,12.0,1.0,12.18,5.0200000000000005,2.5,1.49,0.0,0.0,0.0,236.4,0.0,-0.7000000000000001,-1.6,-0.7000000000000001,132.8,0.0,0.0,227.3,0.0,21.3,26.9,26.9,28.1,300.0,300.0,31.1,34.7,29.4,28.6,30.5,,,,,,,,,,,,,,,,,,,,,,,,
2026-07-30T19:12:31.421Z,20.315,20.328,0.0,1.4,0.0,0.0,0.0,0.0,0.0,0.0,0.0,0.0,1.0,0.0,0.0,0.0,9.0,4.0,0.0,0.0,0.0,0.0,0.0,0.0,0.0,0.0,1.0,12.0,1.0,12.18,5.0200000000000005,2.5,1.49,0.0,0.0,0.0,236.3,0.0,-0.1,-0.4,-0.1,132.8,0.0,0.0,227.3,0.0,21.3,26.9,26.9,28.1,300.0,300.0,31.1,34.7,29.4,28.6,30.5,,,,,,,,,,,,,,,,,,,,,,,,
2026-07-30T19:12:31.432Z,20.326,20.34,0.0,1.4,0.0,0.0,0.0,0.0,0.0,0.0,0.0,0.0,1.0,0.0,0.0,0.0,9.0,4.0,0.0,0.0,0.0,0.0,0.0,0.0,0.0,0.0,2.0,12.0,1.0,12.18,5.0200000000000005,2.5,1.49,0.0,0.0,0.0,236.2,0.0,0.9,0.6000000000000001,0.4,132.8,0.0,0.0,227.3,0.0,21.3,26.9,26.9,28.1,300.0,300.0,31.1,34.7,29.4,28.6,30.5,,,,,,,,,,,,,,,,,,,,,,,,
2026-07-30T19:12:31.445Z,20.339,20.352,0.0,1.4,0.0,0.0,0.0,0.0,0.0,0.0,0.0,0.0,1.0,0.0,0.0,0.0,9.0,4.0,0.0,0.0,0.0,0.0,0.0,0.0,0.0,0.0,3.0,12.0,1.0,12.18,5.0200000000000005,2.5,1.49,0.0,0.0,0.0,236.1,0.0,-0.2,0.7000000000000001,-0.6000000000000001,132.8,0.0,0.0,227.3,0.0,21.3,26.9,26.9,28.1,300.0,300.0,31.1,34.7,29.4,28.6,30.5,,,,,,,,,,,,,,,,,,,,,,,,
2026-07-30T19:12:31.457Z,20.351,20.364,0.0,1.4,0.0,0.0,0.0,0.0,0.0,0.0,0.0,0.0,1.0,0.0,0.0,0.0,9.0,4.0,0.0,0.0,0.0,0.0,0.0,0.0,0.0,0.0,4.0,12.0,1.0,12.18,5.0200000000000005,2.5,1.49,0.0,0.0,0.0,236.0,0.0,-0.2,-0.4,1.1,132.8,0.0,0.0,227.3,0.0,21.3,26.9,26.9,28.1,300.0,300.0,31.1,34.7,29.4,28.6,30.5,,,,,,,,,,,,,,,,,,,,,,,,
2026-07-30T19:12:31.469Z,20.363,20.376,0.0,1.4,0.0,0.0,0.0,0.0,0.0,0.0,0.0,0.0,1.0,0.0,0.0,0.0,9.0,4.0,0.0,0.0,0.0,0.0,0.0,0.0,0.0,0.0,6.0,12.0,1.0,12.18,5.0200000000000005,2.5,1.49,0.0,0.0,0.0,235.9,0.0,0.3,0.1,0.0,132.70000000000002,0.0,0.0,227.3,0.0,21.3,26.9,26.9,28.1,300.0,300.0,31.1,34.7,29.4,28.6,30.5,,,,,,,,,,,,,,,,,,,,,,,,
2026-07-30T19:12:31.481Z,20.375,20.388,0.0,1.4,0.0,0.0,0.0,0.0,0.0,0.0,0.0,0.0,1.0,0.0,0.0,0.0,9.0,4.0,0.0,0.0,0.0,0.0,0.0,0.0,0.0,0.0,1.0,12.0,1.0,12.18,5.0200000000000005,2.5,1.49,0.0,0.0,0.0,235.8,0.0,0.9,0.7000000000000001,0.0,132.70000000000002,0.0,0.0,227.3,0.0,21.3,26.9,26.9,28.1,300.0,300.0,31.1,34.7,29.4,28.6,30.5,,,,,,,,,,,,,,,,,,,,,,,,
2026-07-30T19:12:31.494Z,20.388,20.4,0.0,1.4,0.0,0.0,0.0,0.0,0.0,0.0,0.0,0.0,1.0,0.0,0.0,0.0,9.0,4.0,0.0,0.0,0.0,0.0,0.0,0.0,0.0,0.0,2.0,12.0,1.0,12.15,5.0200000000000005,2.51,1.49,0.0,0.0,0.0,235.7,0.0,-0.2,-1.0,0.5,132.8,0.0,0.0,227.0,0.0,21.4,27.0,27.0,28.200000000000003,300.0,300.0,31.200000000000003,34.7,29.4,28.6,30.5,,,,,,,,,,,,,,,,,,,,,,,,
2026-07-30T19:12:31.505Z,20.399,20.412,0.0,1.4,0.0,0.0,0.0,0.0,0.0,0.0,0.0,0.0,1.0,0.0,0.0,0.0,9.0,4.0,0.0,0.0,0.0,0.0,0.0,0.0,0.0,0.0,3.0,12.0,1.0,12.15,5.0200000000000005,2.51,1.49,0.0,0.0,0.0,235.6,0.0,-0.2,0.1,1.1,132.8,0.0,0.0,227.3,0.0,21.4,27.0,27.0,28.200000000000003,300.0,300.0,31.200000000000003,34.7,29.4,28.6,30.5,,,,,,,,,,,,,,,,,,,,,,,,
2026-07-30T19:12:31.517Z,20.411,20.424,0.0,1.4,0.0,0.0,0.0,0.0,0.0,0.0,0.0,0.0,1.0,0.0,0.0,0.0,9.0,4.0,0.0,0.0,0.0,0.0,0.0,0.0,0.0,0.0,4.0,12.0,1.0,12.15,5.0200000000000005,2.51,1.49,0.0,0.0,0.0,235.6,0.0,-0.8,0.6000000000000001,-1.2000000000000002,132.8,0.0,0.0,227.3,0.0,21.4,27.0,27.0,28.200000000000003,300.0,300.0,31.200000000000003,34.7,29.4,28.6,30.5,,,,,,,,,,,,,,,,,,,,,,,,
2026-07-30T19:12:31.529Z,20.423,20.436,0.0,1.4,0.0,0.0,0.0,0.0,0.0,0.0,0.0,0.0,1.0,0.0,0.0,0.0,9.0,4.0,0.0,0.0,0.0,0.0,0.0,0.0,0.0,0.0,5.0,12.0,1.0,12.15,5.0200000000000005,2.51,1.49,0.0,0.0,0.0,235.5,0.0,0.3,-0.4,-0.6000000000000001,132.70000000000002,0.0,0.0,227.4,0.0,21.4,27.0,27.0,28.200000000000003,300.0,300.0,31.200000000000003,34.7,29.4,28.6,30.5,,,,,,,,,,,,,,,,,,,,,,,,
2026-07-30T19:12:31.541Z,20.435,20.448,0.0,1.4,0.0,0.0,0.0,0.0,0.0,0.0,0.0,0.0,1.0,0.0,0.0,0.0,9.0,4.0,0.0,0.0,0.0,0.0,0.0,0.0,0.0,0.0,6.0,12.0,1.0,12.15,5.0200000000000005,2.51,1.49,0.0,0.0,0.0,235.3,0.0,0.9,1.3,1.0,132.70000000000002,0.0,0.0,227.4,0.0,21.4,27.0,27.0,28.200000000000003,300.0,300.0,31.200000000000003,34.7,29.4,28.6,30.5,,,,,,,,,,,,,,,,,,,,,,,,
2026-07-30T19:12:31.553Z,20.447,20.46,0.0,1.4,0.0,0.0,0.0,0.0,0.0,0.0,0.0,0.0,1.0,0.0,0.0,0.0,9.0,4.0,0.0,0.0,0.0,0.0,0.0,0.0,0.0,0.0,1.0,12.0,1.0,12.15,5.0200000000000005,2.51,1.49,0.0,0.0,0.0,235.2,0.0,0.3,-0.4,-0.1,132.70000000000002,0.0,0.0,227.4,0.0,21.4,27.0,27.0,28.200000000000003,300.0,300.0,31.200000000000003,34.7,29.4,28.6,30.5,,,,,,,,,,,,,,,,,,,,,,,,
2026-07-30T19:12:31.565Z,20.459,20.472,0.0,1.4,0.0,0.0,0.0,0.0,0.0,0.0,0.0,0.0,1.0,0.0,0.0,0.0,9.0,4.0,0.0,0.0,0.0,0.0,0.0,0.0,0.0,0.0,3.0,12.0,1.0,12.15,5.0200000000000005,2.51,1.49,0.0,0.0,0.0,235.1,0.0,-0.2,-1.0,-1.8,132.70000000000002,0.0,0.0,227.4,0.0,21.4,27.0,27.0,28.200000000000003,300.0,300.0,31.200000000000003,34.7,29.4,28.6,30.5,,,,,,,,,,,,,,,,,,,,,,,,
2026-07-30T19:12:31.577Z,20.471,20.484,0.0,1.4,0.0,0.0,0.0,0.0,0.0,0.0,0.0,0.0,1.0,0.0,0.0,0.0,9.0,4.0,0.0,0.0,0.0,0.0,0.0,0.0,0.0,0.0,4.0,12.0,1.0,12.15,5.0200000000000005,2.51,1.49,0.0,0.0,0.0,235.1,0.0,0.3,0.1,1.0,132.70000000000002,0.0,0.0,227.5,0.0,21.4,27.0,27.0,28.200000000000003,300.0,300.0,31.200000000000003,34.7,29.4,28.6,30.5,,,,,,,,,,,,,,,,,,,,,,,,
2026-07-30T19:12:31.589Z,20.483,20.496,0.0,1.4,0.0,0.0,0.0,0.0,0.0,0.0,0.0,0.0,1.0,0.0,0.0,0.0,9.0,4.0,0.0,0.0,0.0,0.0,0.0,0.0,0.0,0.0,5.0,12.0,1.0,12.15,5.0200000000000005,2.51,1.49,0.0,0.0,0.0,234.9,0.0,-0.2,0.1,1.0,132.70000000000002,0.0,0.0,227.5,0.0,21.4,27.0,27.0,28.200000000000003,300.0,300.0,31.200000000000003,34.7,29.4,28.6,30.5,,,,,,,,,,,,,,,,,,,,,,,,
2026-07-30T19:12:31.601Z,20.495,20.508,0.0,1.4,0.0,0.0,0.0,0.0,0.0,0.0,0.0,0.0,1.0,0.0,0.0,0.0,9.0,4.0,0.0,0.0,0.0,0.0,0.0,0.0,0.0,0.0,6.0,12.0,1.0,12.14,5.01,2.51,1.49,0.0,0.0,0.0,234.8,0.0,-0.8,-0.9,-0.6000000000000001,132.70000000000002,0.0,0.0,227.4,0.0,21.700000000000003,27.0,27.0,28.200000000000003,300.0,300.0,31.0,34.7,29.4,28.6,30.5,,,,,,,,,,,,,,,,,,,,,,,,
2026-07-30T19:12:31.613Z,20.507,20.52,0.0,1.4,0.0,0.0,0.0,0.0,0.0,0.0,0.0,0.0,1.0,0.0,0.0,0.0,9.0,4.0,0.0,0.0,0.0,0.0,0.0,0.0,0.0,0.0,1.0,12.0,1.0,12.14,5.01,2.51,1.49,0.0,0.0,0.0,234.7,0.0,0.3,0.1,-0.1,132.70000000000002,0.0,0.0,227.4,0.0,21.700000000000003,27.0,27.0,28.200000000000003,300.0,300.0,31.0,34.7,29.4,28.6,30.5,,,,,,,,,,,,,,,,,,,,,,,,
2026-07-30T19:12:31.625Z,20.519,20.532,0.0,1.4,0.0,0.0,0.0,0.0,0.0,0.0,0.0,0.0,1.0,0.0,0.0,0.0,9.0,4.0,0.0,0.0,0.0,0.0,0.0,0.0,0.0,0.0,3.0,12.0,1.0,12.14,5.01,2.51,1.49,0.0,0.0,0.0,234.7,0.0,0.3,0.1,-0.7000000000000001,132.70000000000002,0.0,0.0,227.3,0.0,21.700000000000003,27.0,27.0,28.200000000000003,300.0,300.0,31.0,34.7,29.4,28.6,30.5,,,,,,,,,,,,,,,,,,,,,,,,
2026-07-30T19:12:31.637Z,20.531,20.544,0.0,1.4,0.0,0.0,0.0,0.0,0.0,0.0,0.0,0.0,1.0,0.0,0.0,0.0,9.0,4.0,0.0,0.0,0.0,0.0,0.0,0.0,0.0,0.0,4.0,12.0,1.0,12.14,5.01,2.51,1.49,0.0,0.0,0.0,234.6,0.0,-0.2,0.1,-0.1,132.70000000000002,0.0,0.0,227.3,0.0,21.700000000000003,27.0,27.0,28.200000000000003,300.0,300.0,31.0,34.7,29.4,28.6,30.5,,,,,,,,,,,,,,,,,,,,,,,,
2026-07-30T19:12:31.649Z,20.543,20.556,0.0,1.4,0.0,0.0,0.0,0.0,0.0,0.0,0.0,0.0,1.0,0.0,0.0,0.0,9.0,4.0,0.0,0.0,0.0,0.0,0.0,0.0,0.0,0.0,5.0,12.0,1.0,12.14,5.01,2.51,1.49,0.0,0.0,0.0,234.4,0.0,-0.2,-0.4,-0.7000000000000001,132.70000000000002,0.0,0.0,227.4,0.0,21.700000000000003,27.0,27.0,28.200000000000003,300.0,300.0,31.0,34.7,29.4,28.6,30.5,,,,,,,,,,,,,,,,,,,,,,,,
2026-07-30T19:12:31.661Z,20.555,20.568,0.0,1.4,0.0,0.0,0.0,0.0,0.0,0.0,0.0,0.0,1.0,0.0,0.0,0.0,9.0,4.0,0.0,0.0,0.0,0.0,0.0,0.0,0.0,0.0,6.0,12.0,1.0,12.14,5.01,2.51,1.49,0.0,0.0,0.0,234.3,0.0,0.3,0.1,1.5,132.70000000000002,0.0,0.0,227.4,0.0,21.700000000000003,27.0,27.0,28.200000000000003,300.0,300.0,31.0,34.7,29.4,28.6,30.5,,,,,,,,,,,,,,,,,,,,,,,,
2026-07-30T19:12:31.673Z,20.567,20.58,0.0,1.4,0.0,0.0,0.0,0.0,0.0,0.0,0.0,0.0,1.0,0.0,0.0,0.0,9.0,4.0,0.0,0.0,0.0,0.0,0.0,0.0,0.0,0.0,6.0,12.0,1.0,12.14,5.01,2.51,1.49,0.0,0.0,0.0,234.2,0.0,0.2,0.0,0.3,132.70000000000002,0.0,0.0,227.5,0.0,21.700000000000003,27.0,27.0,28.200000000000003,300.0,300.0,31.0,34.7,29.4,28.6,30.5,,,,,,,,,,,,,,,,,,,,,,,,
2026-07-30T19:12:31.685Z,20.579,20.592,0.0,1.4,0.0,0.0,0.0,0.0,0.0,0.0,0.0,0.0,1.0,0.0,0.0,0.0,9.0,4.0,0.0,0.0,0.0,0.0,0.0,0.0,0.0,0.0,1.0,12.0,1.0,12.14,5.01,2.51,1.49,0.0,0.0,0.0,234.0,0.0,-0.8,0.0,-0.1,132.70000000000002,0.0,0.0,227.3,0.0,21.700000000000003,27.0,27.0,28.200000000000003,300.0,300.0,31.0,34.7,29.4,28.6,30.5,,,,,,,,,,,,,,,,,,,,,,,,
2026-07-30T19:12:31.698Z,20.592,20.604,0.0,1.4,0.0,0.0,0.0,0.0,0.0,0.0,0.0,0.0,1.0,0.0,0.0,0.0,9.0,4.0,0.0,0.0,0.0,0.0,0.0,0.0,0.0,0.0,3.0,12.0,1.0,12.14,5.0200000000000005,2.51,1.49,0.0,0.0,0.0,233.9,0.0,-0.2,-0.4,0.9,132.70000000000002,0.0,0.0,226.8,0.0,21.3,27.0,27.0,28.200000000000003,300.0,300.0,30.9,34.800000000000004,29.4,28.6,30.5,,,,,,,,,,,,,,,,,,,,,,,,
2026-07-30T19:12:31.708Z,20.602,20.616,0.0,1.4,0.0,0.0,0.0,0.0,0.0,0.0,0.0,0.0,1.0,0.0,0.0,0.0,9.0,4.0,0.0,0.0,0.0,0.0,0.0,0.0,0.0,0.0,4.0,12.0,1.0,12.14,5.0200000000000005,2.51,1.49,0.0,0.0,0.0,233.7,0.0,0.3,-0.5,-0.2,132.70000000000002,0.0,0.0,227.5,0.0,21.3,27.0,27.0,28.200000000000003,300.0,300.0,30.9,34.800000000000004,29.4,28.6,30.5,,,,,,,,,,,,,,,,,,,,,,,,
2026-07-30T19:12:31.721Z,20.615,20.628,0.0,1.4,0.0,0.0,0.0,0.0,0.0,0.0,0.0,0.0,1.0,0.0,0.0,0.0,9.0,4.0,0.0,0.0,0.0,0.0,0.0,0.0,0.0,0.0,6.0,12.0,1.0,12.14,5.0200000000000005,2.51,1.49,0.0,0.0,0.0,233.7,0.0,-0.8,-0.5,-0.2,132.70000000000002,0.0,0.0,227.3,0.0,21.3,27.0,27.0,28.200000000000003,300.0,300.0,30.9,34.800000000000004,29.4,28.6,30.5,,,,,,,,,,,,,,,,,,,,,,,,
2026-07-30T19:12:31.733Z,20.627,20.64,0.0,1.4,0.0,0.0,0.0,0.0,0.0,0.0,0.0,0.0,1.0,0.0,0.0,0.0,9.0,4.0,0.0,0.0,0.0,0.0,0.0,0.0,0.0,0.0,1.0,12.0,1.0,12.14,5.0200000000000005,2.51,1.49,0.0,0.0,0.0,233.4,0.0,-0.2,-0.4,0.3,132.70000000000002,0.0,0.0,227.3,0.0,21.3,27.0,27.0,28.200000000000003,300.0,300.0,30.9,34.800000000000004,29.4,28.6,30.5,,,,,,,,,,,,,,,,,,,,,,,,
2026-07-30T19:12:31.745Z,20.639,20.652,0.0,1.4,0.0,0.0,0.0,0.0,0.0,0.0,0.0,0.0,1.0,0.0,0.0,0.0,9.0,4.0,0.0,0.0,0.0,0.0,0.0,0.0,0.0,0.0,3.0,12.0,1.0,12.14,5.0200000000000005,2.51,1.49,0.0,0.0,0.0,233.4,0.0,0.3,-1.0,-0.7000000000000001,132.70000000000002,0.0,0.0,227.4,0.0,21.3,27.0,27.0,28.200000000000003,300.0,300.0,30.9,34.800000000000004,29.4,28.6,30.5,,,,,,,,,,,,,,,,,,,,,,,,
2026-07-30T19:12:31.757Z,20.651,20.664,0.0,1.4,0.0,0.0,0.0,0.0,0.0,0.0,0.0,0.0,1.0,0.0,0.0,0.0,9.0,4.0,0.0,0.0,0.0,0.0,0.0,0.0,0.0,0.0,4.0,12.0,1.0,12.14,5.0200000000000005,2.51,1.49,0.0,0.0,0.0,233.2,0.0,-0.2,0.0,0.9,132.70000000000002,0.0,0.0,227.4,0.0,21.3,27.0,27.0,28.200000000000003,300.0,300.0,30.9,34.800000000000004,29.4,28.6,30.5,,,,,,,,,,,,,,,,,,,,,,,,
2026-07-30T19:12:31.770Z,20.664,20.676,0.0,1.4,0.0,0.0,0.0,0.0,0.0,0.0,0.0,0.0,1.0,0.0,0.0,0.0,9.0,4.0,0.0,0.0,0.0,0.0,0.0,0.0,0.0,0.0,5.0,12.0,1.0,12.14,5.0200000000000005,2.51,1.49,0.0,0.0,0.0,233.0,0.0,0.3,0.6000000000000001,-0.7000000000000001,132.70000000000002,0.0,0.0,227.4,0.0,21.3,27.0,27.0,28.200000000000003,300.0,300.0,30.9,34.800000000000004,29.4,28.6,30.5,,,,,,,,,,,,,,,,,,,,,,,,
2026-07-30T19:12:31.781Z,20.675,20.688,0.0,1.4,0.0,0.0,0.0,0.0,0.0,0.0,0.0,0.0,1.0,0.0,0.0,0.0,9.0,4.0,0.0,0.0,0.0,0.0,0.0,0.0,0.0,0.0,1.0,12.0,1.0,12.14,5.0200000000000005,2.51,1.49,0.0,0.1,0.0,232.9,0.0,-0.2,0.6000000000000001,1.0,132.70000000000002,0.0,0.0,227.4,0.0,21.3,27.0,27.0,28.200000000000003,300.0,300.0,30.9,34.800000000000004,29.4,28.6,30.5,,,,,,,,,,,,,,,,,,,,,,,,
2026-07-30T19:12:31.793Z,20.687,20.7,0.0,1.4,0.0,0.0,0.0,0.0,0.0,0.0,0.0,0.0,1.0,0.0,0.0,0.0,9.0,4.0,0.0,0.0,0.0,0.0,0.0,0.0,0.0,0.0,2.0,12.0,1.0,12.14,5.0200000000000005,2.51,1.49,0.0,0.0,0.0,232.8,0.0,0.9,-0.4,-0.1,132.70000000000002,0.0,0.0,227.4,0.0,21.3,27.0,27.0,28.200000000000003,300.0,300.0,30.9,34.800000000000004,29.4,28.6,30.5,,,,,,,,,,,,,,,,,,,,,,,,
2026-07-30T19:12:31.804Z,20.698,20.712,0.0,1.4,0.0,0.0,0.0,0.0,0.0,0.0,0.0,0.0,1.0,0.0,0.0,0.0,9.0,4.0,0.0,0.0,0.0,0.0,0.0,0.0,0.0,0.0,3.0,12.0,1.0,12.14,5.01,2.5,1.49,0.0,0.0,0.0,232.7,0.0,-0.7000000000000001,1.2000000000000002,-0.2,132.70000000000002,0.0,0.0,227.1,0.0,21.8,27.1,27.1,28.200000000000003,300.0,300.0,31.0,34.7,29.4,28.5,30.5,,,,,,,,,,,,,,,,,,,,,,,,
2026-07-30T19:12:31.817Z,20.711,20.724,0.0,1.4,0.0,0.0,0.0,0.0,0.0,0.0,0.0,0.0,1.0,0.0,0.0,0.0,9.0,4.0,0.0,0.0,0.0,0.0,0.0,0.0,0.0,0.0,5.0,12.0,1.0,12.14,5.01,2.5,1.49,0.0,0.0,0.0,232.5,0.0,-0.1,0.7000000000000001,-0.7000000000000001,132.70000000000002,0.0,0.0,227.3,0.0,21.8,27.1,27.1,28.200000000000003,300.0,300.0,31.0,34.7,29.4,28.5,30.5,,,,,,,,,,,,,,,,,,,,,,,,
2026-07-30T19:12:31.829Z,20.723,20.736,0.0,1.4,0.0,0.0,0.0,0.0,0.0,0.0,0.0,0.0,1.0,0.0,0.0,0.0,9.0,4.0,0.0,0.0,0.0,0.0,0.0,0.0,0.0,0.0,6.0,12.0,1.0,12.14,5.01,2.5,1.49,0.0,0.0,0.0,232.4,0.0,-0.1,0.1,-0.1,132.70000000000002,0.0,0.0,227.3,0.0,21.8,27.1,27.1,28.200000000000003,300.0,300.0,31.0,34.7,29.4,28.5,30.5,,,,,,,,,,,,,,,,,,,,,,,,
2026-07-30T19:12:31.841Z,20.735,20.748,0.0,1.4,0.0,0.0,0.0,0.0,0.0,0.0,0.0,0.0,1.0,0.0,0.0,0.0,9.0,4.0,0.0,0.0,0.0,0.0,0.0,0.0,0.0,0.0,2.0,12.0,1.0,12.14,5.01,2.5,1.49,0.0,0.0,0.0,232.2,0.0,-0.2,-1.0,0.3,132.70000000000002,0.0,0.0,227.5,0.0,21.8,27.1,27.1,28.200000000000003,300.0,300.0,31.0,34.7,29.4,28.5,30.5,,,,,,,,,,,,,,,,,,,,,,,,
2026-07-30T19:12:31.853Z,20.747,20.76,0.0,1.4,0.0,0.0,0.0,0.0,0.0,0.0,0.0,0.0,1.0,0.0,0.0,0.0,9.0,4.0,0.0,0.0,0.0,0.0,0.0,0.0,0.0,0.0,3.0,12.0,1.0,12.14,5.01,2.5,1.49,0.0,0.0,0.0,232.2,0.0,0.3,0.7000000000000001,0.9,132.70000000000002,0.0,0.0,227.5,0.0,21.8,27.1,27.1,28.200000000000003,300.0,300.0,31.0,34.7,29.4,28.5,30.5,,,,,,,,,,,,,,,,,,,,,,,,
2026-07-30T19:12:31.865Z,20.759,20.772,0.0,1.4,0.0,0.0,0.0,0.0,0.0,0.0,0.0,0.0,1.0,0.0,0.0,0.0,9.0,4.0,0.0,0.0,0.0,0.0,0.0,0.0,0.0,0.0,4.0,12.0,1.0,12.14,5.01,2.5,1.49,0.0,0.0,0.0,231.9,0.0,0.3,1.2000000000000002,-0.1,132.6,0.0,0.0,227.3,0.0,21.8,27.1,27.1,28.200000000000003,300.0,300.0,31.0,34.7,29.4,28.5,30.5,,,,,,,,,,,,,,,,,,,,,,,,
2026-07-30T19:12:31.877Z,20.771,20.784,0.0,1.4,0.0,0.0,0.0,0.0,0.0,0.0,0.0,0.0,1.0,0.0,0.0,0.0,9.0,4.0,0.0,0.0,0.0,0.0,0.0,0.0,0.0,0.0,6.0,12.0,1.0,12.14,5.01,2.5,1.49,0.0,0.0,0.0,231.8,0.0,0.9,0.7000000000000001,2.2,132.6,0.0,0.0,227.5,0.0,21.8,27.1,27.1,28.200000000000003,300.0,300.0,31.0,34.7,29.4,28.5,30.5,,,,,,,,,,,,,,,,,,,,,,,,
2026-07-30T19:12:31.889Z,20.783,20.796,0.0,1.4,0.0,0.0,0.0,0.0,0.0,0.0,0.0,0.0,1.0,0.0,0.0,0.0,9.0,4.0,0.0,0.0,0.0,0.0,0.0,0.0,0.0,0.0,2.0,12.0,1.0,12.14,5.01,2.5,1.49,0.0,0.0,0.0,231.7,0.0,0.3,-0.4,0.4,132.6,0.0,0.0,227.5,0.0,21.8,27.1,27.1,28.200000000000003,300.0,300.0,31.0,34.7,29.4,28.5,30.5,,,,,,,,,,,,,,,,,,,,,,,,
2026-07-30T19:12:31.902Z,20.796,20.808,0.0,1.4,0.0,0.0,0.0,0.0,0.0,0.0,0.0,0.0,1.0,0.0,0.0,0.0,9.0,4.0,0.0,0.0,0.0,0.0,0.0,0.0,0.0,0.0,3.0,12.0,1.0,12.17,5.0200000000000005,2.51,1.49,0.0,0.0,0.0,231.5,0.0,-0.7000000000000001,-0.4,0.3,132.6,0.0,0.0,227.3,0.0,21.3,27.1,27.1,28.3,300.0,300.0,31.0,34.7,29.4,28.6,30.5,,,,,,,,,,,,,,,,,,,,,,,,
2026-07-30T19:12:31.913Z,20.807,20.82,0.0,1.4,0.0,0.0,0.0,0.0,0.0,0.0,0.0,0.0,1.0,0.0,0.0,0.0,9.0,4.0,0.0,0.0,0.0,0.0,0.0,0.0,0.0,0.0,5.0,12.0,1.0,12.17,5.0200000000000005,2.51,1.49,0.0,0.0,0.0,231.5,0.0,0.4,0.6000000000000001,1.5,132.70000000000002,0.0,0.0,227.2,0.0,21.3,27.1,27.1,28.3,300.0,300.0,31.0,34.7,29.4,28.6,30.5,,,,,,,,,,,,,,,,,,,,,,,,
2026-07-30T19:12:31.925Z,20.819,20.832,0.0,1.4,0.0,0.0,0.0,0.0,0.0,0.0,0.0,0.0,1.0,0.0,0.0,0.0,9.0,4.0,0.0,0.0,0.0,0.0,0.0,0.0,0.0,0.0,6.0,12.0,1.0,12.17,5.0200000000000005,2.51,1.49,0.0,0.0,0.0,231.3,0.0,-0.1,-0.5,-1.4,132.70000000000002,0.0,0.0,227.3,0.0,21.3,27.1,27.1,28.3,300.0,300.0,31.0,34.7,29.4,28.6,30.5,,,,,,,,,,,,,,,,,,,,,,,,
2026-07-30T19:12:31.937Z,20.831,20.844,0.0,1.4,0.0,0.0,0.0,0.0,0.0,0.0,0.0,0.0,1.0,0.0,0.0,0.0,9.0,4.0,0.0,0.0,0.0,0.0,0.0,0.0,0.0,0.0,1.0,12.0,1.0,12.17,5.0200000000000005,2.51,1.49,0.0,0.1,0.0,231.2,0.0,0.4,-0.4,-0.7000000000000001,132.70000000000002,0.0,0.0,227.4,0.0,21.3,27.1,27.1,28.3,300.0,300.0,31.0,34.7,29.4,28.6,30.5,,,,,,,,,,,,,,,,,,,,,,,,
2026-07-30T19:12:31.949Z,20.843,20.856,0.0,1.4,0.0,0.0,0.0,0.0,0.0,0.0,0.0,0.0,1.0,0.0,0.0,0.0,9.0,4.0,0.0,0.0,0.0,0.0,0.0,0.0,0.0,0.0,2.0,12.0,1.0,12.17,5.0200000000000005,2.51,1.49,0.0,0.1,0.0,231.0,0.0,-0.1,1.2000000000000002,0.3,132.70000000000002,0.0,0.0,227.3,0.0,21.3,27.1,27.1,28.3,300.0,300.0,31.0,34.7,29.4,28.6,30.5,,,,,,,,,,,,,,,,,,,,,,,,
2026-07-30T19:12:31.961Z,20.855,20.868,0.0,1.4,0.0,0.0,0.0,0.0,0.0,0.0,0.0,0.0,1.0,0.0,0.0,0.0,9.0,4.0,0.0,0.0,0.0,0.0,0.0,0.0,0.0,0.0,3.0,12.0,1.0,12.17,5.0200000000000005,2.51,1.49,0.0,0.0,0.0,230.9,0.0,1.0,1.2000000000000002,0.3,132.70000000000002,0.0,0.0,227.3,0.0,21.3,27.1,27.1,28.3,300.0,300.0,31.0,34.7,29.4,28.6,30.5,,,,,,,,,,,,,,,,,,,,,,,,
2026-07-30T19:12:31.975Z,20.869,20.88,0.0,1.4,0.0,0.0,0.0,0.0,0.0,0.0,0.0,0.0,1.0,0.0,0.0,0.0,9.0,4.0,0.0,0.0,0.0,0.0,0.0,0.0,0.0,0.0,4.0,12.0,1.0,12.17,5.0200000000000005,2.51,1.49,0.0,0.0,0.0,230.8,0.0,0.4,0.0,0.9,132.70000000000002,0.0,0.0,227.4,0.0,21.3,27.1,27.1,28.3,300.0,300.0,31.0,34.7,29.4,28.6,30.5,,,,,,,,,,,,,,,,,,,,,,,,
2026-07-30T19:12:31.985Z,20.879,20.892,0.0,1.4,0.0,0.0,0.0,0.0,0.0,0.0,0.0,0.0,1.0,0.0,0.0,0.0,9.0,4.0,0.0,0.0,0.0,0.0,0.0,0.0,0.0,0.0,4.0,12.0,1.0,12.17,5.0200000000000005,2.51,1.49,0.0,0.0,0.0,230.7,0.0,-0.1,-0.4,-0.7000000000000001,132.70000000000002,0.0,0.0,227.3,0.0,21.3,27.1,27.1,28.3,300.0,300.0,31.0,34.7,29.4,28.6,30.5,,,,,,,,,,,,,,,,,,,,,,,,
2026-07-30T19:12:31.997Z,20.891,20.904,0.0,1.4,0.0,0.0,0.0,0.0,0.0,0.0,0.0,0.0,1.0,0.0,0.0,0.0,9.0,4.0,0.0,0.0,0.0,0.0,0.0,0.0,0.0,0.0,6.0,12.0,1.0,12.17,5.0200000000000005,2.51,1.49,0.0,0.0,0.0,230.6,0.0,-0.1,0.1,1.5,132.70000000000002,0.0,0.0,227.3,0.0,21.3,27.1,27.1,28.3,300.0,300.0,31.0,34.7,29.4,28.6,30.5,,,,,,,,,,,,,,,,,,,,,,,,
2026-07-30T19:12:32.009Z,20.903,20.916,0.0,1.4,0.0,0.0,0.0,0.0,0.0,0.0,0.0,0.0,1.0,0.0,0.0,0.0,9.0,4.0,0.0,0.0,0.0,0.0,0.0,0.0,0.0,0.0,1.0,12.0,1.0,12.14,5.01,2.51,1.49,0.0,0.0,0.0,230.5,0.0,-0.7000000000000001,0.1,1.4,132.70000000000002,0.0,0.0,226.8,0.0,21.8,27.1,27.1,28.3,300.0,300.0,31.0,34.7,29.4,28.6,30.5,,,,,,,,,,,,,,,,,,,,,,,,
2026-07-30T19:12:32.021Z,20.915,20.928,0.0,1.4,0.0,0.0,0.0,0.0,0.0,0.0,0.0,0.0,1.0,0.0,0.0,0.0,9.0,4.0,0.0,0.0,0.0,0.0,0.0,0.0,0.0,0.0,2.0,12.0,1.0,12.14,5.01,2.51,1.49,0.0,0.0,0.0,230.4,0.0,0.4,0.1,-0.2,132.70000000000002,0.0,0.0,227.4,0.0,21.8,27.1,27.1,28.3,300.0,300.0,31.0,34.7,29.4,28.6,30.5,,,,,,,,,,,,,,,,,,,,,,,,
2026-07-30T19:12:32.033Z,20.927,20.94,0.0,1.4,0.0,0.0,0.0,0.0,0.0,0.0,0.0,0.0,1.0,0.0,0.0,0.0,9.0,4.0,0.0,0.0,0.0,0.0,0.0,0.0,0.0,0.0,3.0,12.0,1.0,12.14,5.01,2.51,1.49,0.0,0.0,0.0,230.3,0.0,-0.7000000000000001,-1.0,-0.2,132.70000000000002,0.0,0.0,227.3,0.0,21.8,27.1,27.1,28.3,300.0,300.0,31.0,34.7,29.4,28.6,30.5,,,,,,,,,,,,,,,,,,,,,,,,
2026-07-30T19:12:32.045Z,20.939,20.952,0.0,1.4,0.0,0.0,0.0,0.0,0.0,0.0,0.0,0.0,1.0,0.0,0.0,0.0,9.0,4.0,0.0,0.0,0.0,0.0,0.0,0.0,0.0,0.0,4.0,12.0,1.0,12.14,5.01,2.51,1.49,0.0,0.0,0.0,230.2,0.0,-0.1,0.6000000000000001,-1.4,132.70000000000002,0.0,0.0,227.3,0.0,21.8,27.1,27.1,28.3,300.0,300.0,31.0,34.7,29.4,28.6,30.5,,,,,,,,,,,,,,,,,,,,,,,,
2026-07-30T19:12:32.057Z,20.951,20.964,0.0,1.4,0.0,0.0,0.0,0.0,0.0,0.0,0.0,0.0,1.0,0.0,0.0,0.0,9.0,4.0,0.0,0.0,0.0,0.0,0.0,0.0,0.0,0.0,6.0,12.0,1.0,12.14,5.01,2.51,1.49,0.0,0.0,0.0,230.1,0.0,-0.2,0.0,0.3,132.70000000000002,0.0,0.0,227.4,0.0,21.8,27.1,27.1,28.3,300.0,300.0,31.0,34.7,29.4,28.6,30.5,,,,,,,,,,,,,,,,,,,,,,,,
2026-07-30T19:12:32.069Z,20.963,20.976,0.0,1.4,0.0,0.0,0.0,0.0,0.0,0.0,0.0,0.0,1.0,0.0,0.0,0.0,9.0,4.0,0.0,0.0,0.0,0.0,0.0,0.0,0.0,0.0,5.0,12.0,1.0,12.14,5.01,2.51,1.49,0.0,0.0,0.0,230.0,0.0,-0.2,0.0,0.2,132.70000000000002,0.0,0.0,227.4,0.0,21.8,27.1,27.1,28.3,300.0,300.0,31.0,34.7,29.4,28.6,30.5,,,,,,,,,,,,,,,,,,,,,,,,
2026-07-30T19:12:32.081Z,20.975,20.988,0.0,1.4,0.0,0.0,0.0,0.0,0.0,0.0,0.0,0.0,1.0,0.0,0.0,0.0,9.0,4.0,0.0,0.0,0.0,0.0,0.0,0.0,0.0,0.0,6.0,12.0,1.0,12.14,5.01,2.51,1.49,0.0,0.0,0.0,230.0,0.0,0.3,-1.0,-0.2,132.70000000000002,0.0,0.0,227.5,0.0,21.8,27.1,27.1,28.3,300.0,300.0,31.0,34.7,29.4,28.6,30.5,,,,,,,,,,,,,,,,,,,,,,,,
2026-07-30T19:12:32.093Z,20.987,21.0,0.0,1.4,0.0,0.0,0.0,0.0,0.0,0.0,0.0,0.0,1.0,0.0,0.0,0.0,9.0,4.0,0.0,0.0,0.0,0.0,0.0,0.0,0.0,0.0,1.0,12.0,1.0,12.14,5.01,2.51,1.49,0.0,0.0,0.0,229.9,0.0,0.3,1.2000000000000002,0.9,132.70000000000002,0.0,0.0,227.4,0.0,21.8,27.1,27.1,28.3,300.0,300.0,31.0,34.7,29.4,28.6,30.5,,,,,,,,,,,,,,,,,,,,,,,,
2026-07-30T19:12:32.106Z,21.0,21.012,0.0,1.4,0.0,0.0,0.0,0.0,0.0,0.0,0.0,0.0,1.0,0.0,0.0,0.0,9.0,4.0,0.0,0.0,0.0,0.0,0.0,0.0,0.0,0.0,2.0,12.0,1.0,12.15,5.01,2.5,1.5,0.0,0.0,0.0,229.7,0.0,0.9,0.6000000000000001,-0.8,132.70000000000002,0.0,0.0,227.4,0.0,21.200000000000003,27.200000000000003,27.200000000000003,28.3,300.0,300.0,31.1,34.7,29.4,28.5,30.5,,,,,,,,,,,,,,,,,,,,,,,,
2026-07-30T19:12:32.117Z,21.011,21.024,0.0,1.4,0.0,0.0,0.0,0.0,0.0,0.0,0.0,0.0,1.0,0.0,0.0,0.0,9.0,4.0,0.0,0.0,0.0,0.0,0.0,0.0,0.0,0.0,3.0,12.0,1.0,12.15,5.01,2.5,1.5,0.0,0.0,0.0,229.7,0.0,0.3,0.1,-0.7000000000000001,132.70000000000002,0.0,0.0,226.3,0.0,21.200000000000003,27.200000000000003,27.200000000000003,28.3,300.0,300.0,31.1,34.7,29.4,28.5,30.5,,,,,,,,,,,,,,,,,,,,,,,,
2026-07-30T19:12:32.129Z,21.023,21.036,0.0,1.4,0.0,0.0,0.0,0.0,0.0,0.0,0.0,0.0,1.0,0.0,0.0,0.0,9.0,4.0,0.0,0.0,0.0,0.0,0.0,0.0,0.0,0.0,4.0,12.0,1.0,12.15,5.01,2.5,1.5,0.0,0.0,0.0,229.6,0.0,-0.2,-1.0,-0.1,132.70000000000002,0.0,0.0,227.3,0.0,21.200000000000003,27.200000000000003,27.200000000000003,28.3,300.0,300.0,31.1,34.7,29.4,28.5,30.5,,,,,,,,,,,,,,,,,,,,,,,,
2026-07-30T19:12:32.141Z,21.035,21.048,0.0,1.4,0.0,0.0,0.0,0.0,0.0,0.0,0.0,0.0,1.0,0.0,0.0,0.0,9.0,4.0,0.0,0.0,0.0,0.0,0.0,0.0,0.0,0.0,5.0,12.0,1.0,12.15,5.01,2.5,1.5,0.0,0.0,0.0,229.5,0.0,-0.2,1.2000000000000002,-0.1,132.70000000000002,0.0,0.0,227.4,0.0,21.200000000000003,27.200000000000003,27.200000000000003,28.3,300.0,300.0,31.1,34.7,29.4,28.5,30.5,,,,,,,,,,,,,,,,,,,,,,,,
2026-07-30T19:12:32.153Z,21.047,21.06,0.0,1.4,0.0,0.0,0.0,0.0,0.0,0.0,0.0,0.0,1.0,0.0,0.0,0.0,9.0,4.0,0.0,0.0,0.0,0.0,0.0,0.0,0.0,0.0,6.0,12.0,1.0,12.15,5.01,2.5,1.5,-0.1,0.1,0.0,229.4,0.0,0.3,-0.5,0.4,132.70000000000002,0.0,0.0,227.5,0.0,21.200000000000003,27.200000000000003,27.200000000000003,28.3,300.0,300.0,31.1,34.7,29.4,28.5,30.5,,,,,,,,,,,,,,,,,,,,,,,,
2026-07-30T19:12:32.165Z,21.059,21.072,0.0,1.4,0.0,0.0,0.0,0.0,0.0,0.0,0.0,0.0,1.0,0.0,0.0,0.0,9.0,4.0,0.0,0.0,0.0,0.0,0.0,0.0,0.0,0.0,1.0,12.0,1.0,12.15,5.01,2.5,1.5,0.0,0.0,0.0,229.3,0.0,0.2,-1.1,-0.7000000000000001,132.70000000000002,0.0,0.0,227.4,0.0,21.200000000000003,27.200000000000003,27.200000000000003,28.3,300.0,300.0,31.1,34.7,29.4,28.5,30.5,,,,,,,,,,,,,,,,,,,,,,,,
2026-07-30T19:12:32.177Z,21.071,21.084,0.0,1.4,0.0,0.0,0.0,0.0,0.0,0.0,0.0,0.0,1.0,0.0,0.0,0.0,9.0,4.0,0.0,0.0,0.0,0.0,0.0,0.0,0.0,0.0,2.0,12.0,1.0,12.15,5.01,2.5,1.5,0.0,0.0,0.0,229.2,0.0,0.2,-0.5,0.4,132.70000000000002,0.0,0.0,227.5,0.0,21.200000000000003,27.200000000000003,27.200000000000003,28.3,300.0,300.0,31.1,34.7,29.4,28.5,30.5,,,,,,,,,,,,,,,,,,,,,,,,
2026-07-30T19:12:32.189Z,21.083,21.096,0.0,1.4,0.0,0.0,0.0,0.0,0.0,0.0,0.0,0.0,1.0,0.0,0.0,0.0,9.0,4.0,0.0,0.0,0.0,0.0,0.0,0.0,0.0,0.0,3.0,12.0,1.0,12.15,5.01,2.5,1.5,0.0,0.0,0.0,229.1,0.0,0.2,0.5,0.3,132.70000000000002,0.0,0.0,227.5,0.0,21.200000000000003,27.200000000000003,27.200000000000003,28.3,300.0,300.0,31.1,34.7,29.4,28.5,30.5,,,,,,,,,,,,,,,,,,,,,,,,
2026-07-30T19:12:32.201Z,21.095,21.108,0.0,1.4,0.0,0.0,0.0,0.0,0.0,0.0,0.0,0.0,1.0,0.0,0.0,0.0,9.0,4.0,0.0,0.0,0.0,0.0,0.0,0.0,0.0,0.0,5.0,12.0,1.0,12.15,5.01,2.5,1.5,0.0,0.0,0.0,229.0,0.0,0.2,0.0,-0.8,132.70000000000002,0.0,0.0,227.3,0.0,21.200000000000003,27.200000000000003,27.200000000000003,28.3,300.0,300.0,31.1,34.7,29.4,28.5,30.5,,,,,,,,,,,,,,,,,,,,,,,,
2026-07-30T19:12:32.213Z,21.107,21.12,0.0,1.4,0.0,0.0,0.0,0.0,0.0,0.0,0.0,0.0,1.0,0.0,0.0,0.0,9.0,4.0,0.0,0.0,0.0,0.0,0.0,0.0,0.0,0.0,6.0,12.0,1.0,12.15,5.01,2.51,1.49,0.0,0.0,0.0,228.9,0.0,0.2,-0.5,-0.2,132.70000000000002,0.0,0.0,227.3,0.0,21.8,27.200000000000003,27.200000000000003,28.4,300.0,300.0,31.1,34.7,29.4,28.6,30.5,,,,,,,,,,,,,,,,,,,,,,,,
2026-07-30T19:12:32.225Z,21.119,21.132,0.0,1.4,0.0,0.0,0.0,0.0,0.0,0.0,0.0,0.0,1.0,0.0,0.0,0.0,9.0,4.0,0.0,0.0,0.0,0.0,0.0,0.0,0.0,0.0,6.0,12.0,1.0,12.15,5.01,2.51,1.49,0.0,0.0,0.0,228.9,0.0,1.4,0.0,0.8,132.70000000000002,0.0,0.0,226.3,0.0,21.8,27.200000000000003,27.200000000000003,28.4,300.0,300.0,31.1,34.7,29.4,28.6,30.5,,,,,,,,,,,,,,,,,,,,,,,,
2026-07-30T19:12:32.237Z,21.131,21.144,0.0,1.4,0.0,0.0,0.0,0.0,0.0,0.0,0.0,0.0,1.0,0.0,0.0,0.0,9.0,4.0,0.0,0.0,0.0,0.0,0.0,0.0,0.0,0.0,2.0,12.0,1.0,12.15,5.01,2.51,1.49,0.0,0.1,0.0,228.8,0.0,-0.2,0.0,-0.2,132.70000000000002,0.0,0.0,227.4,0.0,21.8,27.200000000000003,27.200000000000003,28.4,300.0,300.0,31.1,34.7,29.4,28.6,30.5,,,,,,,,,,,,,,,,,,,,,,,,
2026-07-30T19:12:32.249Z,21.143,21.156,0.0,1.4,0.0,0.0,0.0,0.0,0.0,0.0,0.0,0.0,1.0,0.0,0.0,0.0,9.0,4.0,0.0,0.0,0.0,0.0,0.0,0.0,0.0,0.0,3.0,12.0,1.0,12.15,5.01,2.51,1.49,0.0,0.0,0.0,228.7,0.0,0.3,0.0,0.3,132.70000000000002,0.0,0.0,227.3,0.0,21.8,27.200000000000003,27.200000000000003,28.4,300.0,300.0,31.1,34.7,29.4,28.6,30.5,,,,,,,,,,,,,,,,,,,,,,,,
2026-07-30T19:12:32.261Z,21.155,21.168,0.0,1.4,0.0,0.0,0.0,0.0,0.0,0.0,0.0,0.0,1.0,0.0,0.0,0.0,9.0,4.0,0.0,0.0,0.0,0.0,0.0,0.0,0.0,0.0,4.0,12.0,1.0,12.15,5.01,2.51,1.49,0.0,0.0,0.0,228.5,0.0,-0.2,0.0,-0.8,132.70000000000002,0.0,0.0,227.3,0.0,21.8,27.200000000000003,27.200000000000003,28.4,300.0,300.0,31.1,34.7,29.4,28.6,30.5,,,,,,,,,,,,,,,,,,,,,,,,
2026-07-30T19:12:32.273Z,21.167,21.18,0.0,1.4,0.0,0.0,0.0,0.0,0.0,0.0,0.0,0.0,1.0,0.0,0.0,0.0,9.0,4.0,0.0,0.0,0.0,0.0,0.0,0.0,0.0,0.0,5.0,12.0,1.0,12.15,5.01,2.51,1.49,0.0,0.0,0.0,228.5,0.0,-0.2,-0.5,-0.8,132.70000000000002,0.0,0.0,227.3,0.0,21.8,27.200000000000003,27.200000000000003,28.4,300.0,300.0,31.1,34.7,29.4,28.6,30.5,,,,,,,,,,,,,,,,,,,,,,,,
2026-07-30T19:12:32.285Z,21.179,21.192,0.0,1.4,0.0,0.0,0.0,0.0,0.0,0.0,0.0,0.0,1.0,0.0,0.0,0.0,9.0,4.0,0.0,0.0,0.0,0.0,0.0,0.0,0.0,0.0,1.0,12.0,1.0,12.15,5.01,2.51,1.49,0.0,0.0,0.0,228.2,0.0,0.3,0.0,-0.2,132.70000000000002,0.0,0.0,227.2,0.0,21.8,27.200000000000003,27.200000000000003,28.4,300.0,300.0,31.1,34.7,29.4,28.6,30.5,,,,,,,,,,,,,,,,,,,,,,,,
2026-07-30T19:12:32.297Z,21.191,21.204,0.0,1.4,0.0,0.0,0.0,0.0,0.0,0.0,0.0,0.0,1.0,0.0,0.0,0.0,9.0,4.0,0.0,0.0,0.0,0.0,0.0,0.0,0.0,0.0,1.0,12.0,1.0,12.15,5.01,2.51,1.49,0.0,0.0,0.0,228.1,0.0,-0.8,0.6000000000000001,-1.5,132.70000000000002,0.0,0.0,227.3,0.0,21.8,27.200000000000003,27.200000000000003,28.4,300.0,300.0,31.1,34.7,29.4,28.6,30.5,,,,,,,,,,,,,,,,,,,,,,,,
2026-07-30T19:12:32.310Z,21.204,21.216,0.0,1.4,0.0,0.0,0.0,0.0,0.0,0.0,0.0,0.0,1.0,0.0,0.0,0.0,9.0,4.0,0.0,0.0,0.0,0.0,0.0,0.0,0.0,0.0,2.0,12.0,1.0,12.17,5.0200000000000005,2.51,1.49,0.0,0.0,0.0,228.0,0.0,0.3,-0.4,-0.2,132.70000000000002,0.0,0.0,227.3,0.0,21.200000000000003,27.200000000000003,27.200000000000003,28.4,300.0,300.0,31.200000000000003,34.7,29.4,28.5,30.5,,,,,,,,,,,,,,,,,,,,,,,,
2026-07-30T19:12:32.321Z,21.215,21.228,0.0,1.4,0.0,0.0,0.0,0.0,0.0,0.0,0.0,0.0,1.0,0.0,0.0,0.0,9.0,4.0,0.0,0.0,0.0,0.0,0.0,0.0,0.0,0.0,3.0,12.0,1.0,12.17,5.0200000000000005,2.51,1.49,0.0,0.0,0.0,227.8,0.0,0.3,0.1,0.8,132.70000000000002,0.0,0.0,227.1,0.0,21.200000000000003,27.200000000000003,27.200000000000003,28.4,300.0,300.0,31.200000000000003,34.7,29.4,28.5,30.5,,,,,,,,,,,,,,,,,,,,,,,,
2026-07-30T19:12:32.333Z,21.227,21.24,0.0,1.4,0.0,0.0,0.0,0.0,0.0,0.0,0.0,0.0,1.0,0.0,0.0,0.0,9.0,4.0,0.0,0.0,0.0,0.0,0.0,0.0,0.0,0.0,4.0,12.0,1.0,12.17,5.0200000000000005,2.51,1.49,0.0,0.0,0.0,227.7,0.0,0.9,-0.5,-0.8,132.8,0.0,0.0,227.2,0.0,21.200000000000003,27.200000000000003,27.200000000000003,28.4,300.0,300.0,31.200000000000003,34.7,29.4,28.5,30.5,,,,,,,,,,,,,,,,,,,,,,,,
2026-07-30T19:12:32.345Z,21.239,21.252,0.0,1.4,0.0,0.0,0.0,0.0,0.0,0.0,0.0,0.0,1.0,0.0,0.0,0.0,9.0,4.0,0.0,0.0,0.0,0.0,0.0,0.0,0.0,0.0,5.0,12.0,1.0,12.17,5.0200000000000005,2.51,1.49,0.0,0.0,0.0,227.6,0.0,-0.8,0.0,-0.8,132.8,0.0,0.0,227.4,0.0,21.200000000000003,27.200000000000003,27.200000000000003,28.4,300.0,300.0,31.200000000000003,34.7,29.4,28.5,30.5,,,,,,,,,,,,,,,,,,,,,,,,
2026-07-30T19:12:32.357Z,21.251,21.264,0.0,1.4,0.0,0.0,0.0,0.0,0.0,0.0,0.0,0.0,1.0,0.0,0.0,0.0,9.0,4.0,0.0,0.0,0.0,0.0,0.0,0.0,0.0,0.0,6.0,12.0,1.0,12.17,5.0200000000000005,2.51,1.49,0.0,0.0,0.0,226.9,0.0,0.3,0.6000000000000001,0.2,132.70000000000002,0.0,0.0,227.4,0.0,21.200000000000003,27.200000000000003,27.200000000000003,28.4,300.0,300.0,31.200000000000003,34.7,29.4,28.5,30.5,,,,,,,,,,,,,,,,,,,,,,,,
2026-07-30T19:12:32.371Z,21.265,21.276,0.0,1.4,0.0,0.0,0.0,0.0,0.0,0.0,0.0,0.0,1.0,0.0,0.0,0.0,9.0,4.0,0.0,0.0,0.0,0.0,0.0,0.0,0.0,0.0,1.0,12.0,1.0,12.17,5.0200000000000005,2.51,1.49,0.0,0.0,0.0,225.5,0.0,0.9,-1.0,-0.8,132.70000000000002,0.0,0.0,227.4,0.0,21.200000000000003,27.200000000000003,27.200000000000003,28.4,300.0,300.0,31.200000000000003,34.7,29.4,28.5,30.5,,,,,,,,,,,,,,,,,,,,,,,,
2026-07-30T19:12:32.381Z,21.275,21.288,0.0,1.4,0.0,0.0,0.0,0.0,0.0,0.0,0.0,0.0,1.0,0.0,0.0,0.0,9.0,4.0,0.0,0.0,0.0,0.0,0.0,0.0,0.0,0.0,2.0,12.0,1.0,12.17,5.0200000000000005,2.51,1.49,0.0,0.0,0.0,224.1,0.0,0.3,1.8,0.9,132.70000000000002,0.0,0.0,227.3,0.0,21.200000000000003,27.200000000000003,27.200000000000003,28.4,300.0,300.0,31.200000000000003,34.7,29.4,28.5,30.5,,,,,,,,,,,,,,,,,,,,,,,,
2026-07-30T19:12:32.393Z,21.287,21.3,0.0,1.4,0.0,0.0,0.0,0.0,0.0,0.0,0.0,0.0,1.0,0.0,0.0,0.0,9.0,4.0,0.0,0.0,0.0,0.0,0.0,0.0,0.0,0.0,3.0,12.0,1.0,12.17,5.0200000000000005,2.51,1.49,0.0,0.0,0.0,222.8,0.0,-0.2,0.6000000000000001,0.9,132.70000000000002,0.0,0.0,227.3,0.0,21.200000000000003,27.200000000000003,27.200000000000003,28.4,300.0,300.0,31.200000000000003,34.7,29.4,28.5,30.5,,,,,,,,,,,,,,,,,,,,,,,,
2026-07-30T19:12:32.405Z,21.299,21.312,0.0,1.4,0.0,0.0,0.0,0.0,0.0,0.0,0.0,0.0,1.0,0.0,0.0,0.0,9.0,4.0,0.0,0.0,0.0,0.0,0.0,0.0,0.0,0.0,4.0,12.0,1.0,12.17,5.0200000000000005,2.51,1.49,0.0,0.0,0.0,221.5,0.0,-1.4,0.1,0.3,132.70000000000002,0.0,0.0,227.4,0.0,21.200000000000003,27.200000000000003,27.200000000000003,28.4,300.0,300.0,31.200000000000003,34.7,29.4,28.5,30.5,,,,,,,,,,,,,,,,,,,,,,,,
2026-07-30T19:12:32.417Z,21.311,21.324,0.0,1.4,0.0,0.0,0.0,0.0,0.0,0.0,0.0,0.0,1.0,0.0,0.0,0.0,9.0,4.0,0.0,0.0,0.0,0.0,0.0,0.0,0.0,0.0,5.0,12.0,1.0,12.18,5.01,2.51,1.5,0.0,0.0,0.0,220.1,0.0,-0.2,-1.0,0.4,132.70000000000002,0.0,0.0,227.3,0.0,21.4,27.200000000000003,27.200000000000003,28.4,300.0,300.0,31.1,34.7,29.4,28.5,30.4,,,,,,,,,,,,,,,,,,,,,,,,
2026-07-30T19:12:32.429Z,21.323,21.336,0.0,1.4,0.0,0.0,0.0,0.0,0.0,0.0,0.0,0.0,1.0,0.0,0.0,0.0,9.0,4.0,0.0,0.0,0.0,0.0,0.0,0.0,0.0,0.0,1.0,12.0,1.0,12.18,5.01,2.51,1.5,0.0,0.0,0.0,218.8,0.0,0.3,-0.4,-1.3,132.8,0.0,0.0,226.2,0.0,21.4,27.200000000000003,27.200000000000003,28.4,300.0,300.0,31.1,34.7,29.4,28.5,30.4,,,,,,,,,,,,,,,,,,,,,,,,
2026-07-30T19:12:32.441Z,21.335,21.348,0.0,1.4,0.0,0.0,0.0,0.0,0.0,0.0,0.0,0.0,1.0,0.0,0.0,0.0,9.0,4.0,0.0,0.0,0.0,0.0,0.0,0.0,0.0,0.0,2.0,12.0,1.0,12.18,5.01,2.51,1.5,0.0,0.0,0.0,217.5,0.0,-0.2,1.8,-0.1,132.8,0.0,0.0,227.4,0.0,21.4,27.200000000000003,27.200000000000003,28.4,300.0,300.0,31.1,34.7,29.4,28.5,30.4,,,,,,,,,,,,,,,,,,,,,,,,
2026-07-30T19:12:32.453Z,21.347,21.36,0.0,1.4,0.0,0.0,0.0,0.0,0.0,0.0,0.0,0.0,1.0,0.0,0.0,0.0,9.0,4.0,0.0,0.0,0.0,0.0,0.0,0.0,0.0,0.0,3.0,12.0,1.0,12.18,5.01,2.51,1.5,0.0,0.0,0.0,216.2,0.0,-0.2,-0.4,1.0,132.8,0.0,0.0,227.3,0.0,21.4,27.200000000000003,27.200000000000003,28.4,300.0,300.0,31.1,34.7,29.4,28.5,30.4,,,,,,,,,,,,,,,,,,,,,,,,
2026-07-30T19:12:32.465Z,21.359,21.372,0.0,1.4,0.0,0.0,0.0,0.0,0.0,0.0,0.0,0.0,1.0,0.0,0.0,0.0,9.0,4.0,0.0,0.0,0.0,0.0,0.0,0.0,0.0,0.0,4.0,12.0,1.0,12.18,5.01,2.51,1.5,0.0,0.0,0.0,214.8,0.0,-0.2,1.3,2.2,132.8,0.0,0.0,227.3,0.0,21.4,27.200000000000003,27.200000000000003,28.4,300.0,300.0,31.1,34.7,29.4,28.5,30.4,,,,,,,,,,,,,,,,,,,,,,,,
2026-07-30T19:12:32.477Z,21.371,21.384,0.0,1.4,0.0,0.0,0.0,0.0,0.0,0.0,0.0,0.0,1.0,0.0,0.0,0.0,9.0,4.0,0.0,0.0,0.0,0.0,0.0,0.0,0.0,0.0,5.0,12.0,1.0,12.18,5.01,2.51,1.5,0.0,0.0,0.0,213.5,0.0,0.9,-0.4,-0.7000000000000001,132.8,0.0,0.0,227.3,0.0,21.4,27.200000000000003,27.200000000000003,28.4,300.0,300.0,31.1,34.7,29.4,28.5,30.4,,,,,,,,,,,,,,,,,,,,,,,,
2026-07-30T19:12:32.489Z,21.383,21.396,0.0,1.4,0.0,0.0,0.0,0.0,0.0,0.0,0.0,0.0,1.0,0.0,0.0,0.0,9.0,4.0,0.0,0.0,0.0,0.0,0.0,0.0,0.0,0.0,6.0,12.0,1.0,12.18,5.01,2.51,1.5,0.0,0.0,0.0,212.3,0.0,-0.2,0.7000000000000001,-0.6000000000000001,132.70000000000002,0.0,0.0,227.3,0.0,21.4,27.200000000000003,27.200000000000003,28.4,300.0,300.0,31.1,34.7,29.4,28.5,30.4,,,,,,,,,,,,,,,,,,,,,,,,
2026-07-30T19:12:32.501Z,21.395,21.408,0.0,1.4,0.0,0.0,0.0,0.0,0.0,0.0,0.0,0.0,1.0,0.0,0.0,0.0,9.0,4.0,0.0,0.0,0.0,0.0,0.0,0.0,0.0,0.0,1.0,12.0,1.0,12.18,5.01,2.51,1.5,0.0,0.0,0.0,211.0,0.0,-0.2,0.7000000000000001,-0.1,132.70000000000002,0.0,0.0,227.3,0.0,21.4,27.200000000000003,27.200000000000003,28.4,300.0,300.0,31.1,34.7,29.4,28.5,30.4,,,,,,,,,,,,,,,,,,,,,,,,
2026-07-30T19:12:32.515Z,21.409,21.42,0.0,1.4,0.0,0.0,0.0,0.0,0.0,0.0,0.0,0.0,1.0,0.0,0.0,0.0,9.0,4.0,0.0,0.0,0.0,0.0,0.0,0.0,0.0,0.0,2.0,12.0,1.0,12.17,5.0200000000000005,2.51,1.49,0.0,0.0,0.0,209.6,0.0,0.3,-0.3,1.6,132.70000000000002,0.0,0.0,227.3,0.0,20.9,27.3,27.3,28.4,300.0,300.0,31.1,34.7,29.4,28.5,30.4,,,,,,,,,,,,,,,,,,,,,,,,
2026-07-30T19:12:32.525Z,21.419,21.432,0.0,1.4,0.0,0.0,0.0,0.0,0.0,0.0,0.0,0.0,1.0,0.0,0.0,0.0,9.0,4.0,0.0,0.0,0.0,0.0,0.0,0.0,0.0,0.0,4.0,12.0,1.0,12.17,5.0200000000000005,2.51,1.49,0.0,0.0,0.0,208.4,0.0,0.3,0.1,-0.1,132.70000000000002,0.0,0.0,227.3,0.0,20.9,27.3,27.3,28.4,300.0,300.0,31.1,34.7,29.4,28.5,30.4,,,,,,,,,,,,,,,,,,,,,,,,
2026-07-30T19:12:32.537Z,21.431,21.444,0.0,1.4,0.0,0.0,0.0,0.0,0.0,0.0,0.0,0.0,1.0,0.0,0.0,0.0,9.0,4.0,0.0,0.0,0.0,0.0,0.0,0.0,0.0,0.0,5.0,12.0,1.0,12.17,5.0200000000000005,2.51,1.49,0.0,0.0,0.0,207.2,0.0,0.3,1.2000000000000002,0.4,132.8,0.0,0.0,226.2,0.0,20.9,27.3,27.3,28.4,300.0,300.0,31.1,34.7,29.4,28.5,30.4,,,,,,,,,,,,,,,,,,,,,,,,
2026-07-30T19:12:32.549Z,21.443,21.456,0.0,1.4,0.0,0.0,0.0,0.0,0.0,0.0,0.0,0.0,1.0,0.0,0.0,0.0,9.0,4.0,0.0,0.0,0.0,0.0,0.0,0.0,0.0,0.0,6.0,12.0,1.0,12.17,5.0200000000000005,2.51,1.49,0.0,0.0,0.0,205.8,0.0,-0.8,1.3,0.4,132.8,0.0,0.0,227.3,0.0,20.9,27.3,27.3,28.4,300.0,300.0,31.1,34.7,29.4,28.5,30.4,,,,,,,,,,,,,,,,,,,,,,,,
2026-07-30T19:12:32.561Z,21.455,21.468,0.0,1.4,0.0,0.0,0.0,0.0,0.0,0.0,0.0,0.0,1.0,0.0,0.0,0.0,9.0,4.0,0.0,0.0,0.0,0.0,0.0,0.0,0.0,0.0,1.0,12.0,1.0,12.17,5.0200000000000005,2.51,1.49,0.0,0.0,0.0,204.6,0.0,-0.2,0.7000000000000001,-0.1,132.8,0.0,0.0,227.3,0.0,20.9,27.3,27.3,28.4,300.0,300.0,31.1,34.7,29.4,28.5,30.4,,,,,,,,,,,,,,,,,,,,,,,,
2026-07-30T19:12:32.573Z,21.467,21.48,0.0,1.4,0.0,0.0,0.0,0.0,0.0,0.0,0.0,0.0,1.0,0.0,0.0,0.0,9.0,4.0,0.0,0.0,0.0,0.0,0.0,0.0,0.0,0.0,2.0,12.0,1.0,12.17,5.0200000000000005,2.51,1.49,0.0,0.0,0.0,203.4,0.0,0.3,-0.3,-0.7000000000000001,132.8,0.0,0.0,227.2,0.0,20.9,27.3,27.3,28.4,300.0,300.0,31.1,34.7,29.4,28.5,30.4,,,,,,,,,,,,,,,,,,,,,,,,
2026-07-30T19:12:32.585Z,21.479,21.492,0.0,1.4,0.0,0.0,0.0,0.0,0.0,0.0,0.0,0.0,1.0,0.0,0.0,0.0,9.0,4.0,0.0,0.0,0.0,0.0,0.0,0.0,0.0,0.0,3.0,12.0,1.0,12.17,5.0200000000000005,2.51,1.49,0.0,0.0,0.0,202.1,0.0,-0.8,-0.4,0.4,132.8,0.0,0.0,227.3,0.0,20.9,27.3,27.3,28.4,300.0,300.0,31.1,34.7,29.4,28.5,30.4,,,,,,,,,,,,,,,,,,,,,,,,
2026-07-30T19:12:32.597Z,21.491,21.504,0.0,1.4,0.0,0.0,0.0,0.0,0.0,0.0,0.0,0.0,1.0,0.0,0.0,0.0,9.0,4.0,0.0,0.0,0.0,0.0,0.0,0.0,0.0,0.0,4.0,12.0,1.0,12.17,5.0200000000000005,2.51,1.49,0.0,0.0,0.0,200.9,0.0,-0.8,0.1,-1.2000000000000002,132.8,0.0,0.0,227.2,0.0,20.9,27.3,27.3,28.4,300.0,300.0,31.1,34.7,29.4,28.5,30.4,,,,,,,,,,,,,,,,,,,,,,,,
2026-07-30T19:12:32.611Z,21.505,21.516,0.0,1.4,0.0,0.0,0.0,0.0,0.0,0.0,0.0,0.0,1.0,0.0,0.0,0.0,9.0,4.0,0.0,0.0,0.0,0.0,0.0,0.0,0.0,0.0,6.0,12.0,1.0,12.17,5.0200000000000005,2.51,1.49,0.0,0.0,0.0,199.7,0.0,-0.2,-0.4,1.0,132.8,0.0,0.0,227.3,0.0,20.9,27.3,27.3,28.4,300.0,300.0,31.1,34.7,29.4,28.5,30.4,,,,,,,,,,,,,,,,,,,,,,,,
2026-07-30T19:12:32.621Z,21.515,21.528,0.0,1.4,0.0,0.0,0.0,0.0,0.0,0.0,0.0,0.0,1.0,0.0,0.0,0.0,9.0,4.0,0.0,0.0,0.0,0.0,0.0,0.0,0.0,0.0,6.0,12.0,1.0,12.13,5.01,2.51,1.49,0.0,0.0,0.0,198.5,0.0,0.3,-0.4,-1.3,132.8,0.0,0.0,227.3,0.0,21.3,27.3,27.3,28.4,300.0,300.0,31.0,34.7,29.4,28.5,30.4,,,,,,,,,,,,,,,,,,,,,,,,
2026-07-30T19:12:32.633Z,21.527,21.54,0.0,1.4,0.0,0.0,0.0,0.0,0.0,0.0,0.0,0.0,1.0,0.0,0.0,0.0,9.0,4.0,0.0,0.0,0.0,0.0,0.0,0.0,0.0,0.0,1.0,12.0,1.0,12.13,5.01,2.51,1.49,0.0,0.0,0.0,197.3,0.0,0.8,0.6000000000000001,1.0,132.8,0.0,0.0,227.3,0.0,21.3,27.3,27.3,28.4,300.0,300.0,31.0,34.7,29.4,28.5,30.4,,,,,,,,,,,,,,,,,,,,,,,,
2026-07-30T19:12:32.645Z,21.539,21.552,0.0,1.4,0.0,0.0,0.0,0.0,0.0,0.0,0.0,0.0,1.0,0.0,0.0,0.0,9.0,4.0,0.0,0.0,0.0,0.0,0.0,0.0,0.0,0.0,3.0,12.0,1.0,12.13,5.01,2.51,1.49,0.0,0.0,0.0,196.1,0.0,-0.2,-1.1,-0.6000000000000001,132.8,0.0,0.0,227.1,0.0,21.3,27.3,27.3,28.4,300.0,300.0,31.0,34.7,29.4,28.5,30.4,,,,,,,,,,,,,,,,,,,,,,,,
2026-07-30T19:12:32.657Z,21.551,21.564,0.0,1.4,0.0,0.0,0.0,0.0,0.0,0.0,0.0,0.0,1.0,0.0,0.0,0.0,9.0,4.0,0.0,0.0,0.0,0.0,0.0,0.0,0.0,0.0,4.0,12.0,1.0,12.13,5.01,2.51,1.49,0.0,0.0,0.0,194.9,0.0,0.9,-0.4,0.0,132.8,0.0,0.0,227.3,0.0,21.3,27.3,27.3,28.4,300.0,300.0,31.0,34.7,29.4,28.5,30.4,,,,,,,,,,,,,,,,,,,,,,,,
2026-07-30T19:12:32.669Z,21.563,21.576,0.0,1.4,0.0,0.0,0.0,0.0,0.0,0.0,0.0,0.0,1.0,0.0,0.0,0.0,9.0,4.0,0.0,0.0,0.0,0.0,0.0,0.0,0.0,0.0,5.0,12.0,1.0,12.13,5.01,2.51,1.49,0.0,0.0,0.0,193.7,0.0,-0.2,-0.4,1.0,132.8,0.0,0.0,227.3,0.0,21.3,27.3,27.3,28.4,300.0,300.0,31.0,34.7,29.4,28.5,30.4,,,,,,,,,,,,,,,,,,,,,,,,
2026-07-30T19:12:32.681Z,21.575,21.588,0.0,1.4,0.0,0.0,0.0,0.0,0.0,0.0,0.0,0.0,1.0,0.0,0.0,0.0,9.0,4.0,0.0,0.0,0.0,0.0,0.0,0.0,0.0,0.0,6.0,12.0,1.0,12.13,5.01,2.51,1.49,0.0,0.0,0.0,192.5,0.0,0.2,0.0,0.0,132.8,0.0,0.0,227.3,0.0,21.3,27.3,27.3,28.4,300.0,300.0,31.0,34.7,29.4,28.5,30.4,,,,,,,,,,,,,,,,,,,,,,,,
2026-07-30T19:12:32.693Z,21.587,21.6,0.0,1.4,0.0,0.0,0.0,0.0,0.0,0.0,0.0,0.0,1.0,0.0,0.0,0.0,9.0,4.0,0.0,0.0,0.0,0.0,0.0,0.0,0.0,0.0,2.0,12.0,1.0,12.13,5.01,2.51,1.49,0.0,0.1,0.0,191.3,0.0,-0.9,0.5,-0.1,132.8,0.0,0.0,227.3,0.0,21.3,27.3,27.3,28.4,300.0,300.0,31.0,34.7,29.4,28.5,30.4,,,,,,,,,,,,,,,,,,,,,,,,
2026-07-30T19:12:32.705Z,21.599,21.612,0.0,1.4,0.0,0.0,0.0,0.0,0.0,0.0,0.0,0.0,1.0,0.0,0.0,0.0,9.0,4.0,0.0,0.0,0.0,0.0,0.0,0.0,0.0,0.0,3.0,12.0,1.0,12.13,5.01,2.51,1.49,0.0,0.0,0.0,190.2,0.0,-0.3,0.0,1.0,132.8,0.0,0.0,227.3,0.0,21.3,27.3,27.3,28.4,300.0,300.0,31.0,34.7,29.4,28.5,30.4,,,,,,,,,,,,,,,,,,,,,,,,
2026-07-30T19:12:32.718Z,21.612,21.624,0.0,1.4,0.0,0.0,0.0,0.0,0.0,0.0,0.0,0.0,1.0,0.0,0.0,0.0,9.0,4.0,0.0,0.0,0.0,0.0,0.0,0.0,0.0,0.0,3.0,12.0,1.0,12.15,5.01,2.51,1.49,0.0,0.1,0.0,189.0,0.0,-0.3,-0.5,-0.1,132.8,0.0,0.0,227.3,0.0,21.8,27.3,27.3,28.4,300.0,300.0,31.1,34.7,29.4,28.5,30.4,,,,,,,,,,,,,,,,,,,,,,,,
2026-07-30T19:12:32.729Z,21.623,21.636,0.0,1.4,0.0,0.0,0.0,0.0,0.0,0.0,0.0,0.0,1.0,0.0,0.0,0.0,9.0,4.0,0.0,0.0,0.0,0.0,0.0,0.0,0.0,0.0,5.0,12.0,1.0,12.15,5.01,2.51,1.49,0.0,0.0,0.0,187.8,0.0,0.2,0.6000000000000001,-1.3,132.8,0.0,0.0,227.3,0.0,21.8,27.3,27.3,28.4,300.0,300.0,31.1,34.7,29.4,28.5,30.4,,,,,,,,,,,,,,,,,,,,,,,,
2026-07-30T19:12:32.741Z,21.635,21.648,0.0,1.4,0.0,0.0,0.0,0.0,0.0,0.0,0.0,0.0,1.0,0.0,0.0,0.0,9.0,4.0,0.0,0.0,0.0,0.0,0.0,0.0,0.0,0.0,5.0,12.0,1.0,12.15,5.01,2.51,1.49,0.0,0.0,0.0,186.8,0.0,-0.3,-1.1,0.5,132.8,0.0,0.0,226.3,0.0,21.8,27.3,27.3,28.4,300.0,300.0,31.1,34.7,29.4,28.5,30.4,,,,,,,,,,,,,,,,,,,,,,,,
2026-07-30T19:12:32.753Z,21.647,21.66,0.0,1.4,0.0,0.0,0.0,0.0,0.0,0.0,0.0,0.0,1.0,0.0,0.0,0.0,9.0,4.0,0.0,0.0,0.0,0.0,0.0,0.0,0.0,0.0,6.0,12.0,1.0,12.15,5.01,2.51,1.49,0.0,0.1,0.0,185.6,0.0,0.2,-0.4,0.5,132.8,0.0,0.0,227.3,0.0,21.8,27.3,27.3,28.4,300.0,300.0,31.1,34.7,29.4,28.5,30.4,,,,,,,,,,,,,,,,,,,,,,,,
2026-07-30T19:12:32.765Z,21.659,21.672,0.0,1.4,0.0,0.0,0.0,0.0,0.0,0.0,0.0,0.0,1.0,0.0,0.0,0.0,9.0,4.0,0.0,0.0,0.0,0.0,0.0,0.0,0.0,0.0,2.0,12.0,1.0,12.15,5.01,2.51,1.49,0.0,0.0,0.0,184.4,0.0,-0.2,0.7000000000000001,1.1,132.8,0.0,0.0,227.3,0.0,21.8,27.3,27.3,28.4,300.0,300.0,31.1,34.7,29.4,28.5,30.4,,,,,,,,,,,,,,,,,,,,,,,,
2026-07-30T19:12:32.777Z,21.671,21.684,0.0,1.4,0.0,0.0,0.0,0.0,0.0,0.0,0.0,0.0,1.0,0.0,0.0,0.0,9.0,4.0,0.0,0.0,0.0,0.0,0.0,0.0,0.0,0.0,3.0,12.0,1.0,12.15,5.01,2.51,1.49,0.0,0.0,0.0,183.4,0.0,-0.2,1.3,1.1,132.8,0.0,0.0,227.3,0.0,21.8,27.3,27.3,28.4,300.0,300.0,31.1,34.7,29.4,28.5,30.4,,,,,,,,,,,,,,,,,,,,,,,,
2026-07-30T19:12:32.789Z,21.683,21.696,0.0,1.4,0.0,0.0,0.0,0.0,0.0,0.0,0.0,0.0,1.0,0.0,0.0,0.0,9.0,4.0,0.0,0.0,0.0,0.0,0.0,0.0,0.0,0.0,4.0,12.0,1.0,12.15,5.01,2.51,1.49,0.0,0.0,0.0,182.2,0.0,-0.8,-0.4,-0.6000000000000001,132.8,0.0,0.0,227.3,0.0,21.8,27.3,27.3,28.4,300.0,300.0,31.1,34.7,29.4,28.5,30.4,,,,,,,,,,,,,,,,,,,,,,,,
2026-07-30T19:12:32.801Z,21.695,21.708,0.0,1.4,0.0,0.0,0.0,0.0,0.0,0.0,0.0,0.0,1.0,0.0,0.0,0.0,9.0,4.0,0.0,0.0,0.0,0.0,0.0,0.0,0.0,0.0,5.0,12.0,1.0,12.15,5.01,2.51,1.49,0.0,0.0,0.0,181.0,0.0,0.9,-0.3,1.1,132.8,0.0,0.0,227.3,0.0,21.8,27.3,27.3,28.4,300.0,300.0,31.1,34.7,29.4,28.5,30.4,,,,,,,,,,,,,,,,,,,,,,,,
2026-07-30T19:12:32.813Z,21.707,21.72,-0.1,1.4,0.0,0.0,0.0,0.0,0.0,0.0,0.0,0.0,1.0,0.0,0.0,0.0,9.0,4.0,0.0,0.0,0.0,0.0,0.0,0.0,0.0,0.0,6.0,12.0,1.0,12.15,5.01,2.51,1.49,0.0,0.0,0.0,179.9,0.0,-0.2,0.1,0.0,132.8,0.0,0.0,227.3,0.0,21.8,27.3,27.3,28.4,300.0,300.0,31.1,34.7,29.4,28.5,30.4,,,,,,,,,,,,,,,,,,,,,,,,
2026-07-30T19:12:32.825Z,21.719,21.732,-0.1,1.4,0.0,0.0,0.0,0.0,0.0,0.0,0.0,0.0,1.0,0.0,0.0,0.0,9.0,4.0,0.0,0.0,0.0,0.0,0.0,0.0,0.0,0.0,2.0,12.0,1.0,12.11,5.0200000000000005,2.5,1.49,0.0,0.0,0.0,178.9,0.0,0.9,1.3,1.7000000000000002,132.8,0.0,0.0,227.3,0.0,21.4,27.3,27.3,28.4,300.0,300.0,31.0,34.7,29.4,28.5,30.4,,,,,,,,,,,,,,,,,,,,,,,,
2026-07-30T19:12:32.837Z,21.731,21.744,-0.1,1.4,0.0,0.0,0.0,0.0,0.0,0.0,0.0,0.0,1.0,0.0,0.0,0.0,9.0,4.0,0.0,0.0,0.0,0.0,0.0,0.0,0.0,0.0,2.0,12.0,1.0,12.11,5.0200000000000005,2.5,1.49,0.0,0.0,0.0,177.8,0.0,-0.2,-0.4,-0.6000000000000001,132.8,0.0,0.0,227.3,0.0,21.4,27.3,27.3,28.4,300.0,300.0,31.0,34.7,29.4,28.5,30.4,,,,,,,,,,,,,,,,,,,,,,,,
2026-07-30T19:12:32.849Z,21.743,21.756,-0.1,1.4,0.0,0.0,0.0,0.0,0.0,0.0,0.0,0.0,1.0,0.0,0.0,0.0,9.0,4.0,0.0,0.0,0.0,0.0,0.0,0.0,0.0,0.0,4.0,12.0,1.0,12.11,5.0200000000000005,2.5,1.49,0.0,0.0,0.0,176.70000000000002,0.0,-0.2,-1.0,-0.5,132.8,0.0,0.0,226.2,0.0,21.4,27.3,27.3,28.4,300.0,300.0,31.0,34.7,29.4,28.5,30.4,,,,,,,,,,,,,,,,,,,,,,,,
2026-07-30T19:12:32.860Z,21.754,21.768,-0.1,1.4,0.0,0.0,0.0,0.0,0.0,0.0,0.0,0.0,1.0,0.0,0.0,0.0,9.0,4.0,0.0,0.0,0.0,0.0,0.0,0.0,0.0,0.0,5.0,12.0,1.0,12.11,5.0200000000000005,2.5,1.49,0.0,0.0,0.0,175.60000000000002,0.0,0.3,1.2000000000000002,0.5,132.8,0.0,0.0,227.4,0.0,21.4,27.3,27.3,28.4,300.0,300.0,31.0,34.7,29.4,28.5,30.4,,,,,,,,,,,,,,,,,,,,,,,,
2026-07-30T19:12:32.873Z,21.767,21.78,-0.1,1.4,0.0,0.0,0.0,0.0,0.0,0.0,0.0,0.0,1.0,0.0,0.0,0.0,9.0,4.0,0.0,0.0,0.0,0.0,0.0,0.0,0.0,0.0,1.0,12.0,1.0,12.11,5.0200000000000005,2.5,1.49,0.0,0.0,0.0,174.5,0.0,0.3,0.0,-1.2000000000000002,132.8,0.0,0.0,227.3,0.0,21.4,27.3,27.3,28.4,300.0,300.0,31.0,34.7,29.4,28.5,30.4,,,,,,,,,,,,,,,,,,,,,,,,
2026-07-30T19:12:32.885Z,21.779,21.792,0.0,1.4,0.0,0.0,0.0,0.0,0.0,0.0,0.0,0.0,1.0,0.0,0.0,0.0,9.0,4.0,0.0,0.0,0.0,0.0,0.0,0.0,0.0,0.0,2.0,12.0,1.0,12.11,5.0200000000000005,2.5,1.49,0.0,0.0,0.0,173.4,0.0,-0.2,0.1,0.5,132.8,0.0,0.0,227.3,0.0,21.4,27.3,27.3,28.4,300.0,300.0,31.0,34.7,29.4,28.5,30.4,,,,,,,,,,,,,,,,,,,,,,,,
2026-07-30T19:12:32.897Z,21.791,21.804,0.0,1.4,0.0,0.0,0.0,0.0,0.0,0.0,0.0,0.0,1.0,0.0,0.0,0.0,9.0,4.0,0.0,0.0,0.0,0.0,0.0,0.0,0.0,0.0,4.0,12.0,1.0,12.11,5.0200000000000005,2.5,1.49,0.0,0.0,0.0,172.3,0.0,0.2,-0.5,0.0,132.8,0.0,0.0,227.3,0.0,21.4,27.3,27.3,28.4,300.0,300.0,31.0,34.7,29.4,28.5,30.4,,,,,,,,,,,,,,,,,,,,,,,,
2026-07-30T19:12:32.908Z,21.802,21.816,0.0,1.4,0.0,0.0,0.0,0.0,0.0,0.0,0.0,0.0,1.0,0.0,0.0,0.0,9.0,4.0,0.0,0.0,0.0,0.0,0.0,0.0,0.0,0.0,5.0,12.0,1.0,12.11,5.0200000000000005,2.5,1.49,0.0,0.0,0.0,171.3,0.0,0.2,0.0,0.4,132.8,0.0,0.0,227.3,0.0,21.4,27.3,27.3,28.4,300.0,300.0,31.0,34.7,29.4,28.5,30.4,,,,,,,,,,,,,,,,,,,,,,,,
2026-07-30T19:12:32.922Z,21.816,21.828,0.0,1.4,0.0,0.0,0.0,0.0,0.0,0.0,0.0,0.0,1.0,0.0,0.0,0.0,9.0,4.0,0.0,0.0,0.0,0.0,0.0,0.0,0.0,0.0,1.0,12.0,1.0,12.15,5.01,2.51,1.49,0.0,0.0,0.0,170.3,0.0,0.9,1.2000000000000002,1.0,132.8,0.0,0.0,227.3,0.0,22.1,27.4,27.4,28.4,300.0,300.0,31.0,34.7,29.4,28.5,30.4,,,,,,,,,,,,,,,,,,,,,,,,
2026-07-30T19:12:32.932Z,21.826,21.84,0.0,1.4,0.0,0.0,0.0,0.0,0.0,0.0,0.0,0.0,1.0,0.0,0.0,0.0,9.0,4.0,0.0,0.0,0.0,0.0,0.0,0.0,0.0,0.0,1.0,12.0,1.0,12.15,5.01,2.51,1.49,0.0,0.0,0.0,169.20000000000002,0.0,0.3,0.1,1.0,132.8,0.0,0.0,227.3,0.0,22.1,27.4,27.4,28.4,300.0,300.0,31.0,34.7,29.4,28.5,30.4,,,,,,,,,,,,,,,,,,,,,,,,
2026-07-30T19:12:32.945Z,21.839,21.852,0.0,1.4,0.0,0.0,0.0,0.0,0.0,0.0,0.0,0.0,1.0,0.0,0.0,0.0,9.0,4.0,0.0,0.0,0.0,0.0,0.0,0.0,0.0,0.0,2.0,12.0,1.0,12.15,5.01,2.51,1.49,0.0,0.0,0.0,168.20000000000002,0.0,-0.2,-0.4,1.1,132.8,0.0,0.0,227.3,0.0,22.1,27.4,27.4,28.4,300.0,300.0,31.0,34.7,29.4,28.5,30.4,,,,,,,,,,,,,,,,,,,,,,,,
2026-07-30T19:12:32.957Z,21.851,21.864,0.0,1.4,0.0,0.0,0.0,0.0,0.0,0.0,0.0,0.0,1.0,0.0,0.0,0.0,9.0,4.0,0.0,0.0,0.0,0.0,0.0,0.0,0.0,0.0,3.0,12.0,1.0,12.15,5.01,2.51,1.49,0.0,0.0,0.0,167.20000000000002,0.0,-0.8,0.1,-0.6000000000000001,132.8,0.0,0.0,226.9,0.0,22.1,27.4,27.4,28.4,300.0,300.0,31.0,34.7,29.4,28.5,30.4,,,,,,,,,,,,,,,,,,,,,,,,
2026-07-30T19:12:32.968Z,21.862,21.876,0.0,1.4,0.0,0.0,0.0,0.0,0.0,0.0,0.0,0.0,1.0,0.0,0.0,0.0,9.0,4.0,0.0,0.0,0.0,0.0,0.0,0.0,0.0,0.0,4.0,12.0,1.0,12.15,5.01,2.51,1.49,0.0,0.0,0.0,166.10000000000002,0.0,0.3,0.1,0.5,132.8,0.0,0.0,227.4,0.0,22.1,27.4,27.4,28.4,300.0,300.0,31.0,34.7,29.4,28.5,30.4,,,,,,,,,,,,,,,,,,,,,,,,
2026-07-30T19:12:32.981Z,21.875,21.888,0.0,1.4,0.0,0.0,0.0,0.0,0.0,0.0,0.0,0.0,1.0,0.0,0.0,0.0,9.0,4.0,0.0,0.0,0.0,0.0,0.0,0.0,0.0,0.0,6.0,12.0,1.0,12.15,5.01,2.51,1.49,0.0,0.0,0.0,165.10000000000002,0.0,-0.2,0.7000000000000001,-0.6000000000000001,132.8,0.0,0.0,227.3,0.0,22.1,27.4,27.4,28.4,300.0,300.0,31.0,34.7,29.4,28.5,30.4,,,,,,,,,,,,,,,,,,,,,,,,
2026-07-30T19:12:32.993Z,21.887,21.9,-0.1,1.4,0.0,0.0,0.0,0.0,0.0,0.0,0.0,0.0,1.0,0.0,0.0,0.0,9.0,4.0,0.0,0.0,0.0,0.0,0.0,0.0,0.0,0.0,1.0,12.0,1.0,12.15,5.01,2.51,1.49,0.0,0.0,0.0,164.10000000000002,0.0,0.2,-0.4,-0.1,132.8,0.0,0.0,227.3,0.0,22.1,27.4,27.4,28.4,300.0,300.0,31.0,34.7,29.4,28.5,30.4,,,,,,,,,,,,,,,,,,,,,,,,
2026-07-30T19:12:33.005Z,21.899,21.912,-0.1,1.4,0.0,0.0,0.0,0.0,0.0,0.0,0.0,0.0,1.0,0.0,0.0,0.0,9.0,4.0,0.0,0.0,0.0,0.0,0.0,0.0,0.0,0.0,3.0,12.0,1.0,12.15,5.01,2.51,1.49,0.0,0.0,0.0,163.10000000000002,0.0,-0.8,1.3,0.0,132.8,0.0,0.0,227.3,0.0,22.1,27.4,27.4,28.4,300.0,300.0,31.0,34.7,29.4,28.5,30.4,,,,,,,,,,,,,,,,,,,,,,,,
2026-07-30T19:12:33.017Z,21.911,21.924,-0.1,1.4,0.0,0.0,0.0,0.0,0.0,0.0,0.0,0.0,1.0,0.0,0.0,0.0,9.0,4.0,0.0,0.0,0.0,0.0,0.0,0.0,0.0,0.0,5.0,12.0,1.0,12.15,5.01,2.51,1.49,0.0,0.0,0.0,162.10000000000002,0.0,0.3,1.3,1.7000000000000002,132.8,0.0,0.0,227.3,0.0,22.1,27.4,27.4,28.4,300.0,300.0,31.0,34.7,29.4,28.5,30.4,,,,,,,,,,,,,,,,,,,,,,,,
2026-07-30T19:12:33.029Z,21.923,21.936,-0.1,1.4,0.0,0.0,0.0,0.0,0.0,0.0,0.0,0.0,1.0,0.0,0.0,0.0,9.0,4.0,0.0,0.0,0.0,0.0,0.0,0.0,0.0,0.0,6.0,12.0,1.0,12.19,5.0200000000000005,2.5,1.49,0.0,0.0,0.0,161.0,0.0,-0.1,-0.9,0.5,132.8,0.0,0.0,227.3,0.0,21.3,27.4,27.4,28.4,300.0,300.0,31.0,34.7,29.4,28.5,30.4,,,,,,,,,,,,,,,,,,,,,,,,
2026-07-30T19:12:33.041Z,21.935,21.948,-0.1,1.4,0.0,0.0,0.0,0.0,0.0,0.0,0.0,0.0,1.0,0.0,0.0,0.0,9.0,4.0,0.0,0.0,0.0,0.0,0.0,0.0,0.0,0.0,1.0,12.0,1.0,12.19,5.0200000000000005,2.5,1.49,0.0,0.0,0.0,160.10000000000002,0.0,-0.7000000000000001,-0.9,-1.1,132.8,0.0,0.0,227.3,0.0,21.3,27.4,27.4,28.4,300.0,300.0,31.0,34.7,29.4,28.5,30.4,,,,,,,,,,,,,,,,,,,,,,,,
2026-07-30T19:12:33.053Z,21.947,21.96,-0.1,1.4,0.0,0.0,0.0,0.0,0.0,0.0,0.0,0.0,1.0,0.0,0.0,0.0,9.0,4.0,0.0,0.0,0.0,0.0,0.0,0.0,0.0,0.0,3.0,12.0,1.0,12.19,5.0200000000000005,2.5,1.49,0.0,0.0,0.0,159.10000000000002,0.0,0.3,1.3,2.9000000000000004,132.8,0.0,0.0,226.7,0.0,21.3,27.4,27.4,28.4,300.0,300.0,31.0,34.7,29.4,28.5,30.4,,,,,,,,,,,,,,,,,,,,,,,,
2026-07-30T19:12:33.064Z,21.958,21.972,-0.1,1.4,0.0,0.0,0.0,0.0,0.0,0.0,0.0,0.0,1.0,0.0,0.0,0.0,9.0,4.0,0.0,0.0,0.0,0.0,0.0,0.0,0.0,0.0,4.0,12.0,1.0,12.19,5.0200000000000005,2.5,1.49,0.0,0.0,0.0,158.10000000000002,0.0,0.4,1.3,0.6000000000000001,132.8,0.0,0.0,227.4,0.0,21.3,27.4,27.4,28.4,300.0,300.0,31.0,34.7,29.4,28.5,30.4,,,,,,,,,,,,,,,,,,,,,,,,
2026-07-30T19:12:33.077Z,21.971,21.984,-0.1,1.4,0.0,0.0,0.0,0.0,0.0,0.0,0.0,0.0,1.0,0.0,0.0,0.0,9.0,4.0,0.0,0.0,0.0,0.0,0.0,0.0,0.0,0.0,6.0,12.0,1.0,12.19,5.0200000000000005,2.5,1.49,0.0,0.0,0.0,157.10000000000002,0.0,0.3,0.1,1.1,132.8,0.0,0.0,227.3,0.0,21.3,27.4,27.4,28.4,300.0,300.0,31.0,34.7,29.4,28.5,30.4,,,,,,,,,,,,,,,,,,,,,,,,
2026-07-30T19:12:33.089Z,21.983,21.996,-0.1,1.4,0.0,0.0,0.0,0.0,0.0,0.0,0.0,0.0,1.0,0.0,0.0,0.0,9.0,4.0,0.0,0.0,0.0,0.0,0.0,0.0,0.0,0.0,1.0,12.0,1.0,12.19,5.0200000000000005,2.5,1.49,0.0,0.0,0.0,156.20000000000002,0.0,-0.7000000000000001,-0.4,1.7000000000000002,132.8,0.0,0.0,227.3,0.0,21.3,27.4,27.4,28.4,300.0,300.0,31.0,34.7,29.4,28.5,30.4,,,,,,,,,,,,,,,,,,,,,,,,
2026-07-30T19:12:33.101Z,21.995,22.008,-0.1,1.4,0.0,0.0,0.0,0.0,0.0,0.0,0.0,0.0,1.0,0.0,0.0,0.0,9.0,4.0,0.0,0.0,0.0,0.0,0.0,0.0,0.0,0.0,2.0,12.0,1.0,12.19,5.0200000000000005,2.5,1.49,0.0,0.0,0.0,155.20000000000002,0.0,-0.7000000000000001,-1.0,-0.6000000000000001,132.8,0.0,0.0,227.3,0.0,21.3,27.4,27.4,28.4,300.0,300.0,31.0,34.7,29.4,28.5,30.4,,,,,,,,,,,,,,,,,,,,,,,,
2026-07-30T19:12:33.113Z,22.007,22.02,-0.1,1.4,0.0,0.0,0.0,0.0,0.0,0.0,0.0,0.0,1.0,0.0,0.0,0.0,9.0,4.0,0.0,0.0,0.0,0.0,0.0,0.0,0.0,0.0,3.0,12.0,1.0,12.19,5.0200000000000005,2.5,1.49,0.0,0.0,0.0,154.20000000000002,0.0,-0.2,1.3,0.0,132.8,0.0,0.0,227.3,0.0,21.3,27.4,27.4,28.4,300.0,300.0,31.0,34.7,29.4,28.5,30.4,,,,,,,,,,,,,,,,,,,,,,,,
2026-07-30T19:12:33.126Z,22.02,22.032,-0.1,1.4,0.0,0.0,0.0,0.0,0.0,0.0,0.0,0.0,1.0,0.0,0.0,0.0,9.0,4.0,0.0,0.0,0.0,0.0,0.0,0.0,0.0,0.0,4.0,12.0,1.0,12.17,5.0200000000000005,2.51,1.49,0.0,0.0,0.0,153.3,0.0,-0.2,-0.9,-0.6000000000000001,132.8,0.0,0.0,227.3,0.0,21.8,27.4,27.4,28.4,300.0,300.0,31.1,34.7,29.4,28.5,30.4,,,,,,,,,,,,,,,,,,,,,,,,
2026-07-30T19:12:33.137Z,22.031,22.044,-0.1,1.4,0.0,0.0,0.0,0.0,0.0,0.0,0.0,0.0,1.0,0.0,0.0,0.0,9.0,4.0,0.0,0.0,0.0,0.0,0.0,0.0,0.0,0.0,6.0,12.0,1.0,12.17,5.0200000000000005,2.51,1.49,0.0,0.1,0.0,152.4,0.0,0.3,-0.9,0.5,132.8,0.0,0.0,227.3,0.0,21.8,27.4,27.4,28.4,300.0,300.0,31.1,34.7,29.4,28.5,30.4,,,,,,,,,,,,,,,,,,,,,,,,
2026-07-30T19:12:33.149Z,22.043,22.056,-0.1,1.4,0.0,0.0,0.0,0.0,0.0,0.0,0.0,0.0,1.0,0.0,0.0,0.0,9.0,4.0,0.0,0.0,0.0,0.0,0.0,0.0,0.0,0.0,1.0,12.0,1.0,12.17,5.0200000000000005,2.51,1.49,0.0,0.0,0.0,151.4,0.0,0.9,0.1,-1.1,132.8,0.0,0.0,227.3,0.0,21.8,27.4,27.4,28.4,300.0,300.0,31.1,34.7,29.4,28.5,30.4,,,,,,,,,,,,,,,,,,,,,,,,
2026-07-30T19:12:33.161Z,22.055,22.068,-0.1,1.4,0.0,0.0,0.0,0.0,0.0,0.0,0.0,0.0,1.0,0.0,0.0,0.0,9.0,4.0,0.0,0.0,0.0,0.0,0.0,0.0,0.0,0.0,2.0,12.0,1.0,12.17,5.0200000000000005,2.51,1.49,0.0,0.0,0.0,150.5,0.0,0.3,1.3,0.5,132.8,0.0,0.0,226.5,0.0,21.8,27.4,27.4,28.4,300.0,300.0,31.1,34.7,29.4,28.5,30.4,,,,,,,,,,,,,,,,,,,,,,,,
2026-07-30T19:12:33.173Z,22.067,22.08,-0.1,1.4,0.0,0.0,0.0,0.0,0.0,0.0,0.0,0.0,1.0,0.0,0.0,0.0,9.0,4.0,0.0,0.0,0.0,0.0,0.0,0.0,0.0,0.0,3.0,12.0,1.0,12.17,5.0200000000000005,2.51,1.49,0.0,0.0,0.0,149.6,0.0,-0.2,0.7000000000000001,0.5,132.8,0.0,0.0,227.3,0.0,21.8,27.4,27.4,28.4,300.0,300.0,31.1,34.7,29.4,28.5,30.4,,,,,,,,,,,,,,,,,,,,,,,,
2026-07-30T19:12:33.185Z,22.079,22.092,-0.1,1.4,0.0,0.0,0.0,0.0,0.0,0.0,0.0,0.0,1.0,0.0,0.0,0.0,9.0,4.0,0.0,0.0,0.0,0.0,0.0,0.0,0.0,0.0,4.0,12.0,1.0,12.17,5.0200000000000005,2.51,1.49,0.0,0.0,0.0,148.6,0.0,-0.8,-1.0,-0.5,132.8,0.0,0.0,227.3,0.0,21.8,27.4,27.4,28.4,300.0,300.0,31.1,34.7,29.4,28.5,30.4,,,,,,,,,,,,,,,,,,,,,,,,
2026-07-30T19:12:33.197Z,22.091,22.104,-0.1,1.4,0.0,0.0,0.0,0.0,0.0,0.0,0.0,0.0,1.0,0.0,0.0,0.0,9.0,4.0,0.0,0.0,0.0,0.0,0.0,0.0,0.0,0.0,5.0,12.0,1.0,12.17,5.0200000000000005,2.51,1.49,0.0,0.0,0.0,147.70000000000002,0.0,0.3,-0.4,0.0,132.8,0.0,0.0,227.3,0.0,21.8,27.4,27.4,28.4,300.0,300.0,31.1,34.7,29.4,28.5,30.4,,,,,,,,,,,,,,,,,,,,,,,,
2026-07-30T19:12:33.209Z,22.103,22.116,-0.1,1.4,0.0,0.0,0.0,0.0,0.0,0.0,0.0,0.0,1.0,0.0,0.0,0.0,9.0,4.0,0.0,0.0,0.0,0.0,0.0,0.0,0.0,0.0,6.0,12.0,1.0,12.17,5.0200000000000005,2.51,1.49,0.0,0.0,0.0,146.8,0.0,-1.4,-1.1,0.0,132.8,0.0,0.0,227.3,0.0,21.8,27.4,27.4,28.4,300.0,300.0,31.1,34.7,29.4,28.5,30.4,,,,,,,,,,,,,,,,,,,,,,,,
2026-07-30T19:12:33.221Z,22.115,22.128,-0.1,1.4,0.0,0.0,0.0,0.0,0.0,0.0,0.0,0.0,1.0,0.0,0.0,0.0,9.0,4.0,0.0,0.0,0.0,0.0,0.0,0.0,0.0,0.0,1.0,12.0,1.0,12.17,5.0200000000000005,2.51,1.49,0.0,0.0,0.0,145.9,0.0,-0.8,-1.6,-1.2000000000000002,132.8,0.0,0.0,227.3,0.0,21.8,27.4,27.4,28.4,300.0,300.0,31.1,34.7,29.4,28.5,30.4,,,,,,,,,,,,,,,,,,,,,,,,
2026-07-30T19:12:33.233Z,22.127,22.14,-0.1,1.4,0.0,0.0,0.0,0.0,0.0,0.0,0.0,0.0,1.0,0.0,0.0,0.0,9.0,4.0,0.0,0.0,0.0,0.0,0.0,0.0,0.0,0.0,3.0,12.0,1.0,12.18,5.01,2.51,1.49,0.0,0.0,0.0,145.0,0.0,0.3,-0.4,2.2,132.8,0.0,0.0,227.3,0.0,20.8,27.4,27.4,28.4,300.0,300.0,30.9,34.7,29.4,28.5,30.4,,,,,,,,,,,,,,,,,,,,,,,,
2026-07-30T19:12:33.246Z,22.14,22.152,-0.1,1.4,0.0,0.0,0.0,0.0,0.0,0.0,0.0,0.0,1.0,0.0,0.0,0.0,9.0,4.0,0.0,0.0,0.0,0.0,0.0,0.0,0.0,0.0,4.0,12.0,1.0,12.18,5.01,2.51,1.49,0.0,0.0,0.0,144.0,0.0,-0.2,0.0,0.0,132.8,0.0,0.0,227.3,0.0,20.8,27.4,27.4,28.4,300.0,300.0,30.9,34.7,29.4,28.5,30.4,,,,,,,,,,,,,,,,,,,,,,,,
2026-07-30T19:12:33.257Z,22.151,22.164,-0.1,1.4,0.0,0.0,0.0,0.0,0.0,0.0,0.0,0.0,1.0,0.0,0.0,0.0,9.0,4.0,0.0,0.0,0.0,0.0,0.0,0.0,0.0,0.0,4.0,12.0,1.0,12.18,5.01,2.51,1.49,0.0,0.0,0.0,143.20000000000002,0.0,0.8,0.6000000000000001,1.1,132.8,0.0,0.0,227.3,0.0,20.8,27.4,27.4,28.4,300.0,300.0,30.9,34.7,29.4,28.5,30.4,,,,,,,,,,,,,,,,,,,,,,,,
2026-07-30T19:12:33.269Z,22.163,22.176,-0.1,1.4,0.0,0.0,0.0,0.0,0.0,0.0,0.0,0.0,1.0,0.0,0.0,0.0,9.0,4.0,0.0,0.0,0.0,0.0,0.0,0.0,0.0,0.0,5.0,12.0,1.0,12.18,5.01,2.51,1.49,0.0,0.0,0.0,142.3,0.0,-0.2,-0.4,-0.5,132.8,0.0,0.0,226.5,0.0,20.8,27.4,27.4,28.4,300.0,300.0,30.9,34.7,29.4,28.5,30.4,,,,,,,,,,,,,,,,,,,,,,,,
2026-07-30T19:12:33.281Z,22.175,22.188,-0.1,1.4,0.0,0.0,0.0,0.0,0.0,0.0,0.0,0.0,1.0,0.0,0.0,0.0,9.0,4.0,0.0,0.0,0.0,0.0,0.0,0.0,0.0,0.0,6.0,12.0,1.0,12.18,5.01,2.51,1.49,0.0,0.0,0.0,141.4,0.0,0.8,-1.0,-0.6000000000000001,132.8,0.0,0.0,227.4,0.0,20.8,27.4,27.4,28.4,300.0,300.0,30.9,34.7,29.4,28.5,30.4,,,,,,,,,,,,,,,,,,,,,,,,
2026-07-30T19:12:33.293Z,22.187,22.2,-0.1,1.4,0.0,0.0,0.0,0.0,0.0,0.0,0.0,0.0,1.0,0.0,0.0,0.0,9.0,4.0,0.0,0.0,0.0,0.0,0.0,0.0,0.0,0.0,1.0,12.0,1.0,12.18,5.01,2.51,1.49,-0.1,0.1,0.0,140.5,0.0,-0.2,0.7000000000000001,1.1,132.8,0.0,0.0,227.3,0.0,20.8,27.4,27.4,28.4,300.0,300.0,30.9,34.7,29.4,28.5,30.4,,,,,,,,,,,,,,,,,,,,,,,,
2026-07-30T19:12:33.305Z,22.199,22.212,-0.1,1.4,0.0,0.0,0.0,0.0,0.0,0.0,0.0,0.0,1.0,0.0,0.0,0.0,9.0,4.0,0.0,0.0,0.0,0.0,0.0,0.0,0.0,0.0,2.0,12.0,1.0,12.18,5.01,2.51,1.49,0.0,0.0,0.0,139.70000000000002,0.0,-0.2,0.1,0.0,132.8,0.0,0.0,227.3,0.0,20.8,27.4,27.4,28.4,300.0,300.0,30.9,34.7,29.4,28.5,30.4,,,,,,,,,,,,,,,,,,,,,,,,
2026-07-30T19:12:33.317Z,22.211,22.224,-0.1,1.4,0.0,0.0,0.0,0.0,0.0,0.0,0.0,0.0,1.0,0.0,0.0,0.0,9.0,4.0,0.0,0.0,0.0,0.0,0.0,0.0,0.0,0.0,3.0,12.0,1.0,12.18,5.01,2.51,1.49,0.0,0.0,0.0,138.8,0.0,0.9,0.7000000000000001,2.3000000000000003,132.8,0.0,0.0,227.2,0.0,20.8,27.4,27.4,28.4,300.0,300.0,30.9,34.7,29.4,28.5,30.4,,,,,,,,,,,,,,,,,,,,,,,,
2026-07-30T19:12:33.330Z,22.224,22.236,-0.1,1.4,0.0,0.0,0.0,0.0,0.0,0.0,0.0,0.0,1.0,0.0,0.0,0.0,9.0,4.0,0.0,0.0,0.0,0.0,0.0,0.0,0.0,0.0,4.0,12.0,1.0,12.15,5.01,2.51,1.5,0.0,0.1,0.0,137.9,0.0,0.3,-1.0,-0.5,132.8,0.0,0.0,227.3,0.0,21.700000000000003,27.5,27.5,28.4,300.0,300.0,31.0,34.7,29.4,28.5,30.4,,,,,,,,,,,,,,,,,,,,,,,,
2026-07-30T19:12:33.341Z,22.235,22.248,-0.1,1.4,0.0,0.0,0.0,0.0,0.0,0.0,0.0,0.0,1.0,0.0,0.0,0.0,9.0,4.0,0.0,0.0,0.0,0.0,0.0,0.0,0.0,0.0,5.0,12.0,1.0,12.15,5.01,2.51,1.5,0.0,0.0,0.0,137.1,0.0,0.3,0.1,0.6000000000000001,132.8,0.0,0.0,227.4,0.0,21.700000000000003,27.5,27.5,28.4,300.0,300.0,31.0,34.7,29.4,28.5,30.4,,,,,,,,,,,,,,,,,,,,,,,,
2026-07-30T19:12:33.353Z,22.247,22.26,-0.1,1.4,0.0,0.0,0.0,0.0,0.0,0.0,0.0,0.0,1.0,0.0,0.0,0.0,9.0,4.0,0.0,0.0,0.0,0.0,0.0,0.0,0.0,0.0,6.0,12.0,1.0,12.15,5.01,2.51,1.5,0.0,0.0,0.0,136.3,0.0,-0.1,0.2,0.0,132.8,0.0,0.0,227.3,0.0,21.700000000000003,27.5,27.5,28.4,300.0,300.0,31.0,34.7,29.4,28.5,30.4,,,,,,,,,,,,,,,,,,,,,,,,
2026-07-30T19:12:33.365Z,22.259,22.272,-0.1,1.4,0.0,0.0,0.0,0.0,0.0,0.0,0.0,0.0,1.0,0.0,0.0,0.0,9.0,4.0,0.0,0.0,0.0,0.0,0.0,0.0,0.0,0.0,1.0,12.0,1.0,12.15,5.01,2.51,1.5,0.0,0.0,0.0,135.3,0.0,-0.1,0.2,0.0,132.8,0.0,0.0,227.1,0.0,21.700000000000003,27.5,27.5,28.4,300.0,300.0,31.0,34.7,29.4,28.5,30.4,,,,,,,,,,,,,,,,,,,,,,,,
2026-07-30T19:12:33.377Z,22.271,22.284,-0.1,1.4,0.0,0.0,0.0,0.0,0.0,0.0,0.0,0.0,1.0,0.0,0.0,0.0,9.0,4.0,0.0,0.0,0.0,0.0,0.0,0.0,0.0,0.0,2.0,12.0,1.0,12.15,5.01,2.51,1.5,0.0,0.0,0.0,134.5,0.0,-0.1,-0.9,0.0,132.8,0.0,0.0,227.2,0.0,21.700000000000003,27.5,27.5,28.4,300.0,300.0,31.0,34.7,29.4,28.5,30.4,,,,,,,,,,,,,,,,,,,,,,,,
2026-07-30T19:12:33.389Z,22.283,22.296,-0.1,1.4,0.0,0.0,0.0,0.0,0.0,0.0,0.0,0.0,1.0,0.0,0.0,0.0,9.0,4.0,0.0,0.0,0.0,0.0,0.0,0.0,0.0,0.0,3.0,12.0,1.0,12.15,5.01,2.51,1.5,0.0,0.0,0.0,133.70000000000002,0.0,0.3,-0.4,-0.6000000000000001,132.8,0.0,0.0,227.3,0.0,21.700000000000003,27.5,27.5,28.4,300.0,300.0,31.0,34.7,29.4,28.5,30.4,,,,,,,,,,,,,,,,,,,,,,,,
2026-07-30T19:12:33.401Z,22.295,22.308,-0.1,1.4,0.0,0.0,0.0,0.0,0.0,0.0,0.0,0.0,1.0,0.0,0.0,0.0,9.0,4.0,0.0,0.0,0.0,0.0,0.0,0.0,0.0,0.0,4.0,12.0,1.0,12.15,5.01,2.51,1.5,0.0,0.0,0.0,132.8,0.0,0.9,0.1,0.5,132.8,0.0,0.0,227.3,0.0,21.700000000000003,27.5,27.5,28.4,300.0,300.0,31.0,34.7,29.4,28.5,30.4,,,,,,,,,,,,,,,,,,,,,,,,
2026-07-30T19:12:33.413Z,22.307,22.32,-0.1,1.4,0.0,0.0,0.0,0.0,0.0,0.0,0.0,0.0,1.0,0.0,0.0,0.0,9.0,4.0,0.0,0.0,0.0,0.0,0.0,0.0,0.0,0.0,5.0,12.0,1.0,12.15,5.01,2.51,1.5,0.0,0.0,0.0,132.1,0.0,-0.2,0.7000000000000001,0.5,132.8,0.0,0.0,227.3,0.0,21.700000000000003,27.5,27.5,28.4,300.0,300.0,31.0,34.7,29.4,28.5,30.4,,,,,,,,,,,,,,,,,,,,,,,,
2026-07-30T19:12:33.425Z,22.319,22.332,-0.1,1.4,0.0,0.0,0.0,0.0,0.0,0.0,0.0,0.0,1.0,0.0,0.0,0.0,9.0,4.0,0.0,0.0,0.0,0.0,0.0,0.0,0.0,0.0,6.0,12.0,1.0,12.15,5.01,2.51,1.5,0.0,0.0,0.0,131.20000000000002,0.0,-0.2,-0.3,1.7000000000000002,132.8,0.0,0.0,227.0,0.0,21.700000000000003,27.5,27.5,28.4,300.0,300.0,31.0,34.7,29.4,28.5,30.4,,,,,,,,,,,,,,,,,,,,,,,,
2026-07-30T19:12:33.437Z,22.331,22.344,-0.1,1.4,0.0,0.0,0.0,0.0,0.0,0.0,0.0,0.0,1.0,0.0,0.0,0.0,9.0,4.0,0.0,0.0,0.0,0.0,0.0,0.0,0.0,0.0,2.0,12.0,1.0,12.15,5.0200000000000005,2.51,1.49,0.0,0.0,0.0,130.4,0.0,0.3,0.7000000000000001,0.5,132.8,0.0,0.0,227.2,0.0,21.700000000000003,27.5,27.5,28.4,300.0,300.0,31.1,34.7,29.4,28.5,30.4,,,,,,,,,,,,,,,,,,,,,,,,
2026-07-30T19:12:33.449Z,22.343,22.356,-0.1,1.4,0.0,0.0,0.0,0.0,0.0,0.0,0.0,0.0,1.0,0.0,0.0,0.0,9.0,4.0,0.0,0.0,0.0,0.0,0.0,0.0,0.0,0.0,3.0,12.0,1.0,12.15,5.0200000000000005,2.51,1.49,0.0,0.0,0.0,129.5,0.0,0.9,1.3,1.6,132.8,0.0,0.0,227.2,0.0,21.700000000000003,27.5,27.5,28.4,300.0,300.0,31.1,34.7,29.4,28.5,30.4,,,,,,,,,,,,,,,,,,,,,,,,
2026-07-30T19:12:33.461Z,22.355,22.368,-0.1,1.4,0.0,0.0,0.0,0.0,0.0,0.0,0.0,0.0,1.0,0.0,0.0,0.0,9.0,4.0,0.0,0.0,0.0,0.0,0.0,0.0,0.0,0.0,4.0,12.0,1.0,12.15,5.0200000000000005,2.51,1.49,0.0,0.0,0.0,128.70000000000002,0.0,0.3,0.2,-0.6000000000000001,132.8,0.0,0.0,226.9,0.0,21.700000000000003,27.5,27.5,28.4,300.0,300.0,31.1,34.7,29.4,28.5,30.4,,,,,,,,,,,,,,,,,,,,,,,,
2026-07-30T19:12:33.473Z,22.367,22.38,-0.1,1.4,0.0,0.0,0.0,0.0,0.0,0.0,0.0,0.0,1.0,0.0,0.0,0.0,9.0,4.0,0.0,0.0,0.0,0.0,0.0,0.0,0.0,0.0,5.0,12.0,1.0,12.15,5.0200000000000005,2.51,1.49,0.0,0.0,0.0,127.9,0.0,0.9,-0.3,0.0,132.8,0.0,0.0,226.0,0.0,21.700000000000003,27.5,27.5,28.4,300.0,300.0,31.1,34.7,29.4,28.5,30.4,,,,,,,,,,,,,,,,,,,,,,,,
2026-07-30T19:12:33.485Z,22.379,22.392,-0.1,1.4,0.0,0.0,0.0,0.0,0.0,0.0,0.0,0.0,1.0,0.0,0.0,0.0,9.0,4.0,0.0,0.0,0.0,0.0,0.0,0.0,0.0,0.0,6.0,12.0,1.0,12.15,5.0200000000000005,2.51,1.49,0.0,0.0,0.0,127.1,0.0,-0.2,1.3,-0.1,132.8,0.0,0.0,227.4,0.0,21.700000000000003,27.5,27.5,28.4,300.0,300.0,31.1,34.7,29.4,28.5,30.4,,,,,,,,,,,,,,,,,,,,,,,,
2026-07-30T19:12:33.497Z,22.391,22.404,-0.1,1.4,0.0,0.0,0.0,0.0,0.0,0.0,0.0,0.0,1.0,0.0,0.0,0.0,9.0,4.0,0.0,0.0,0.0,0.0,0.0,0.0,0.0,0.0,1.0,12.0,1.0,12.15,5.0200000000000005,2.51,1.49,0.0,0.0,0.0,126.4,0.0,0.9,0.8,-0.6000000000000001,132.8,0.0,0.0,227.3,0.0,21.700000000000003,27.5,27.5,28.4,300.0,300.0,31.1,34.7,29.4,28.5,30.4,,,,,,,,,,,,,,,,,,,,,,,,
2026-07-30T19:12:33.509Z,22.403,22.416,-0.1,1.4,0.0,0.0,0.0,0.0,0.0,0.0,0.0,0.0,1.0,0.0,0.0,0.0,9.0,4.0,0.0,0.0,0.0,0.0,0.0,0.0,0.0,0.0,2.0,12.0,1.0,12.15,5.0200000000000005,2.51,1.49,0.0,0.0,0.0,125.6,0.0,-0.1,-0.3,0.5,132.8,0.0,0.0,227.3,0.0,21.700000000000003,27.5,27.5,28.4,300.0,300.0,31.1,34.7,29.4,28.5,30.4,,,,,,,,,,,,,,,,,,,,,,,,
2026-07-30T19:12:33.521Z,22.415,22.428,-0.1,1.4,0.0,0.0,0.0,0.0,0.0,0.0,0.0,0.0,1.0,0.0,0.0,0.0,9.0,4.0,0.0,0.0,0.0,0.0,0.0,0.0,0.0,0.0,3.0,12.0,1.0,12.15,5.0200000000000005,2.51,1.49,0.0,0.0,0.0,124.7,0.0,0.9,0.8,-0.7000000000000001,132.8,0.0,0.0,227.2,0.0,21.700000000000003,27.5,27.5,28.4,300.0,300.0,31.1,34.7,29.4,28.5,30.4,,,,,,,,,,,,,,,,,,,,,,,,
2026-07-30T19:12:33.534Z,22.428,22.44,-0.1,1.4,0.0,0.0,0.0,0.0,0.0,0.0,0.0,0.0,1.0,0.0,0.0,0.0,9.0,4.0,0.0,0.0,0.0,0.0,0.0,0.0,0.0,0.0,4.0,12.0,1.0,12.15,5.0200000000000005,2.51,1.5,0.0,0.0,0.0,124.0,0.0,0.3,0.7000000000000001,1.0,132.8,0.0,0.0,227.3,0.0,21.4,27.5,27.5,28.4,300.0,300.0,31.0,34.7,29.4,28.5,30.4,,,,,,,,,,,,,,,,,,,,,,,,
2026-07-30T19:12:33.545Z,22.439,22.452,-0.1,1.4,0.0,0.0,0.0,0.0,0.0,0.0,0.0,0.0,1.0,0.0,0.0,0.0,9.0,4.0,0.0,0.0,0.0,0.0,0.0,0.0,0.0,0.0,5.0,12.0,1.0,12.15,5.0200000000000005,2.51,1.5,-0.1,0.0,0.0,123.2,0.0,-0.8,1.3,0.4,132.8,0.0,0.0,227.2,0.0,21.4,27.5,27.5,28.4,300.0,300.0,31.0,34.7,29.4,28.5,30.4,,,,,,,,,,,,,,,,,,,,,,,,
2026-07-30T19:12:33.557Z,22.451,22.464,0.0,1.4,0.0,0.0,0.0,0.0,0.0,0.0,0.0,0.0,1.0,0.0,0.0,0.0,9.0,4.0,0.0,0.0,0.0,0.0,0.0,0.0,0.0,0.0,6.0,12.0,1.0,12.15,5.0200000000000005,2.51,1.5,0.0,0.0,0.0,122.5,0.0,-0.2,-0.3,-0.6000000000000001,132.8,0.0,0.0,227.3,0.0,21.4,27.5,27.5,28.4,300.0,300.0,31.0,34.7,29.4,28.5,30.4,,,,,,,,,,,,,,,,,,,,,,,,
2026-07-30T19:12:33.569Z,22.463,22.476,-0.1,1.4,0.0,0.0,0.0,0.0,0.0,0.0,0.0,0.0,1.0,0.0,0.0,0.0,9.0,4.0,0.0,0.0,0.0,0.0,0.0,0.0,0.0,0.0,1.0,12.0,1.0,12.15,5.0200000000000005,2.51,1.5,0.0,0.0,0.0,121.7,0.0,-0.8,-1.0,-0.6000000000000001,132.8,0.0,0.0,227.3,0.0,21.4,27.5,27.5,28.4,300.0,300.0,31.0,34.7,29.4,28.5,30.4,,,,,,,,,,,,,,,,,,,,,,,,
2026-07-30T19:12:33.581Z,22.475,22.488,0.0,1.4,0.0,0.0,0.0,0.0,0.0,0.0,0.0,0.0,1.0,0.0,0.0,0.0,9.0,4.0,0.0,0.0,0.0,0.0,0.0,0.0,0.0,0.0,3.0,12.0,1.0,12.15,5.0200000000000005,2.51,1.5,0.0,0.1,0.0,120.9,0.0,-0.2,-0.4,-1.2000000000000002,132.9,0.0,0.0,225.6,0.0,21.4,27.5,27.5,28.4,300.0,300.0,31.0,34.7,29.4,28.5,30.4,,,,,,,,,,,,,,,,,,,,,,,,
2026-07-30T19:12:33.593Z,22.487,22.5,-0.1,1.4,0.0,0.0,0.0,0.0,0.0,0.0,0.0,0.0,1.0,0.0,0.0,0.0,9.0,4.0,0.0,0.0,0.0,0.0,0.0,0.0,0.0,0.0,4.0,12.0,1.0,12.15,5.0200000000000005,2.51,1.5,0.0,0.0,0.0,120.1,0.0,0.3,0.1,-0.6000000000000001,132.9,0.0,0.0,227.4,0.0,21.4,27.5,27.5,28.4,300.0,300.0,31.0,34.7,29.4,28.5,30.4,,,,,,,,,,,,,,,,,,,,,,,,
2026-07-30T19:12:33.605Z,22.499,22.512,0.0,1.4,0.0,0.0,0.0,0.0,0.0,0.0,0.0,0.0,1.0,0.0,0.0,0.0,9.0,4.0,0.0,0.0,0.0,0.0,0.0,0.0,0.0,0.0,5.0,12.0,1.0,12.15,5.0200000000000005,2.51,1.5,0.0,0.0,0.0,119.5,0.0,-0.2,0.7000000000000001,-0.1,132.8,0.0,0.0,227.2,0.0,21.4,27.5,27.5,28.4,300.0,300.0,31.0,34.7,29.4,28.5,30.4,,,,,,,,,,,,,,,,,,,,,,,,
2026-07-30T19:12:33.617Z,22.511,22.524,0.0,1.4,0.0,0.0,0.0,0.0,0.0,0.0,0.0,0.0,1.0,0.0,0.0,0.0,9.0,4.0,0.0,0.0,0.0,0.0,0.0,0.0,0.0,0.0,6.0,12.0,1.0,12.15,5.0200000000000005,2.51,1.5,0.0,0.0,0.0,118.7,0.0,-0.8,-0.4,0.4,132.8,0.0,0.0,227.3,0.0,21.4,27.5,27.5,28.4,300.0,300.0,31.0,34.7,29.4,28.5,30.4,,,,,,,,,,,,,,,,,,,,,,,,
2026-07-30T19:12:33.629Z,22.523,22.536,0.0,1.4,0.0,0.0,0.0,0.0,0.0,0.0,0.0,0.0,1.0,0.0,0.0,0.0,9.0,4.0,0.0,0.0,0.0,0.0,0.0,0.0,0.0,0.0,1.0,12.0,1.0,12.15,5.0200000000000005,2.51,1.5,0.0,0.0,0.0,117.9,0.0,0.8,1.2000000000000002,0.4,132.8,0.0,0.0,227.3,0.0,21.4,27.5,27.5,28.4,300.0,300.0,31.0,34.7,29.4,28.5,30.4,,,,,,,,,,,,,,,,,,,,,,,,
2026-07-30T19:12:33.641Z,22.535,22.548,0.0,1.4,0.0,0.0,0.0,0.0,0.0,0.0,0.0,0.0,1.0,0.0,0.0,0.0,9.0,4.0,0.0,0.0,0.0,0.0,0.0,0.0,0.0,0.0,1.0,12.0,1.0,12.15,5.01,2.5,1.49,0.0,0.0,0.0,117.2,0.0,0.2,1.2000000000000002,-1.2000000000000002,132.8,0.0,0.0,227.2,0.0,21.4,27.5,27.5,28.4,300.0,300.0,31.0,34.800000000000004,29.4,28.5,30.4,,,,,,,,,,,,,,,,,,,,,,,,
2026-07-30T19:12:33.653Z,22.547,22.56,0.0,1.4,0.0,0.0,0.0,0.0,0.0,0.0,0.0,0.0,1.0,0.0,0.0,0.0,9.0,4.0,0.0,0.0,0.0,0.0,0.0,0.0,0.0,0.0,2.0,12.0,1.0,12.15,5.01,2.5,1.49,0.0,0.0,0.0,116.4,0.0,0.8,0.7000000000000001,0.4,132.8,0.0,0.0,227.3,0.0,21.4,27.5,27.5,28.4,300.0,300.0,31.0,34.800000000000004,29.4,28.5,30.4,,,,,,,,,,,,,,,,,,,,,,,,
2026-07-30T19:12:33.665Z,22.559,22.572,0.0,1.4,0.0,0.0,0.0,0.0,0.0,0.0,0.0,0.0,1.0,0.0,0.0,0.0,9.0,4.0,0.0,0.0,0.0,0.0,0.0,0.0,0.0,0.0,4.0,12.0,1.0,12.15,5.01,2.5,1.49,0.0,0.0,0.0,115.7,0.0,0.2,-1.0,-0.8,132.8,0.0,0.0,227.3,0.0,21.4,27.5,27.5,28.4,300.0,300.0,31.0,34.800000000000004,29.4,28.5,30.4,,,,,,,,,,,,,,,,,,,,,,,,
2026-07-30T19:12:33.677Z,22.571,22.584,0.0,1.4,0.0,0.0,0.0,0.0,0.0,0.0,0.0,0.0,1.0,0.0,0.0,0.0,9.0,4.0,0.0,0.0,0.0,0.0,0.0,0.0,0.0,0.0,5.0,12.0,1.0,12.15,5.01,2.5,1.49,0.0,0.0,0.0,115.0,0.0,-0.3,0.0,-0.8,132.8,0.0,0.0,227.2,0.0,21.4,27.5,27.5,28.4,300.0,300.0,31.0,34.800000000000004,29.4,28.5,30.4,,,,,,,,,,,,,,,,,,,,,,,,
2026-07-30T19:12:33.689Z,22.583,22.596,0.0,1.4,0.0,0.0,0.0,0.0,0.0,0.0,0.0,0.0,1.0,0.0,0.0,0.0,9.0,4.0,0.0,0.0,0.0,0.0,0.0,0.0,0.0,0.0,6.0,12.0,1.0,12.15,5.01,2.5,1.49,0.0,0.0,0.0,114.2,0.0,-0.3,0.0,-0.2,132.8,0.0,0.0,227.1,0.0,21.4,27.5,27.5,28.4,300.0,300.0,31.0,34.800000000000004,29.4,28.5,30.4,,,,,,,,,,,,,,,,,,,,,,,,
2026-07-30T19:12:33.701Z,22.595,22.608,0.0,1.4,0.0,0.0,0.0,0.0,0.0,0.0,0.0,0.0,1.0,0.0,0.0,0.0,9.0,4.0,0.0,0.0,0.0,0.0,0.0,0.0,0.0,0.0,1.0,12.0,1.0,12.15,5.01,2.5,1.49,0.0,0.0,0.0,113.5,0.0,0.1,-0.5,0.3,132.8,0.0,0.0,227.3,0.0,21.4,27.5,27.5,28.4,300.0,300.0,31.0,34.800000000000004,29.4,28.5,30.4,,,,,,,,,,,,,,,,,,,,,,,,
2026-07-30T19:12:33.713Z,22.607,22.62,0.0,1.4,0.0,0.0,0.0,0.0,0.0,0.0,0.0,0.0,1.0,0.0,0.0,0.0,9.0,4.0,0.0,0.0,0.0,0.0,0.0,0.0,0.0,0.0,2.0,12.0,1.0,12.15,5.01,2.5,1.49,0.0,0.1,0.0,112.8,0.0,-1.6,-0.5,-1.4,132.8,0.0,0.0,227.3,0.0,21.4,27.5,27.5,28.4,300.0,300.0,31.0,34.800000000000004,29.4,28.5,30.4,,,,,,,,,,,,,,,,,,,,,,,,
2026-07-30T19:12:33.725Z,22.619,22.632,0.0,1.4,0.0,0.0,0.0,0.0,0.0,0.0,0.0,0.0,1.0,0.0,0.0,0.0,9.0,4.0,0.0,0.0,0.0,0.0,0.0,0.0,0.0,0.0,3.0,12.0,1.0,12.15,5.01,2.5,1.49,0.0,0.0,0.0,112.0,0.0,0.1,0.0,1.4,132.8,0.0,0.0,227.2,0.0,21.4,27.5,27.5,28.4,300.0,300.0,31.0,34.800000000000004,29.4,28.5,30.4,,,,,,,,,,,,,,,,,,,,,,,,
2026-07-30T19:12:33.739Z,22.633,22.644,0.0,1.4,0.0,0.0,0.0,0.0,0.0,0.0,0.0,0.0,1.0,0.0,0.0,0.0,9.0,4.0,0.0,0.0,0.0,0.0,0.0,0.0,0.0,0.0,5.0,12.0,1.0,12.17,5.0200000000000005,2.51,1.49,0.0,0.0,0.0,111.3,0.0,0.7000000000000001,1.7000000000000002,0.2,132.8,0.0,0.0,227.3,0.0,21.0,27.6,27.6,28.4,300.0,300.0,31.1,34.800000000000004,29.3,28.5,30.4,,,,,,,,,,,,,,,,,,,,,,,,
2026-07-30T19:12:33.749Z,22.643,22.656,0.1,1.4,0.0,0.0,0.0,0.0,0.0,0.0,0.0,0.0,1.0,0.0,0.0,0.0,9.0,4.0,0.0,0.0,0.0,0.0,0.0,0.0,0.0,0.0,6.0,12.0,1.0,12.17,5.0200000000000005,2.51,1.49,0.0,0.0,0.0,110.6,0.0,-0.9,-1.7000000000000002,0.8,132.8,0.0,0.0,227.3,0.0,21.0,27.6,27.6,28.4,300.0,300.0,31.1,34.800000000000004,29.3,28.5,30.4,,,,,,,,,,,,,,,,,,,,,,,,
2026-07-30T19:12:33.761Z,22.655,22.668,0.1,1.4,0.0,0.0,0.0,0.0,0.0,0.0,0.0,0.0,1.0,0.0,0.0,0.0,9.0,4.0,0.0,0.0,0.0,0.0,0.0,0.0,0.0,0.0,1.0,12.0,1.0,12.17,5.0200000000000005,2.51,1.49,0.0,0.0,0.0,110.0,0.0,0.7000000000000001,-0.5,-0.2,132.8,0.0,0.0,227.3,0.0,21.0,27.6,27.6,28.4,300.0,300.0,31.1,34.800000000000004,29.3,28.5,30.4,,,,,,,,,,,,,,,,,,,,,,,,
2026-07-30T19:12:33.773Z,22.667,22.68,0.1,1.4,0.0,0.0,0.0,0.0,0.0,0.0,0.0,0.0,1.0,0.0,0.0,0.0,9.0,4.0,0.0,0.0,0.0,0.0,0.0,0.0,0.0,0.0,2.0,12.0,1.0,12.17,5.0200000000000005,2.51,1.49,0.0,0.0,0.0,109.3,0.0,0.7000000000000001,0.0,-0.3,132.8,0.0,0.0,227.3,0.0,21.0,27.6,27.6,28.4,300.0,300.0,31.1,34.800000000000004,29.3,28.5,30.4,,,,,,,,,,,,,,,,,,,,,,,,
2026-07-30T19:12:33.785Z,22.679,22.692,0.1,1.4,0.0,0.0,0.0,0.0,0.0,0.0,0.0,0.0,1.0,0.0,0.0,0.0,9.0,4.0,0.0,0.0,0.0,0.0,0.0,0.0,0.0,0.0,2.0,12.0,1.0,12.17,5.0200000000000005,2.51,1.49,0.0,0.0,0.0,108.6,0.0,-0.4,-0.5,-1.5,132.8,0.0,0.0,226.3,0.0,21.0,27.6,27.6,28.4,300.0,300.0,31.1,34.800000000000004,29.3,28.5,30.4,,,,,,,,,,,,,,,,,,,,,,,,
2026-07-30T19:12:33.797Z,22.691,22.704,0.1,1.4,0.0,0.0,0.0,0.0,0.0,0.0,0.0,0.0,1.0,0.0,0.0,0.0,9.0,4.0,0.0,0.0,0.0,0.0,0.0,0.0,0.0,0.0,3.0,12.0,1.0,12.17,5.0200000000000005,2.51,1.49,0.0,0.0,0.0,107.8,0.0,-0.9,0.0,-0.3,132.8,0.0,0.0,227.4,0.0,21.0,27.6,27.6,28.4,300.0,300.0,31.1,34.800000000000004,29.3,28.5,30.4,,,,,,,,,,,,,,,,,,,,,,,,
2026-07-30T19:12:33.809Z,22.703,22.716,0.1,1.4,0.0,0.0,0.0,0.0,0.0,0.0,0.0,0.0,1.0,0.0,0.0,0.0,9.0,4.0,0.0,0.0,0.0,0.0,0.0,0.0,0.0,0.0,5.0,12.0,1.0,12.17,5.0200000000000005,2.51,1.49,0.0,0.0,0.0,107.2,0.0,-0.9,-0.4,-1.4,132.8,0.0,0.0,227.3,0.0,21.0,27.6,27.6,28.4,300.0,300.0,31.1,34.800000000000004,29.3,28.5,30.4,,,,,,,,,,,,,,,,,,,,,,,,
2026-07-30T19:12:33.821Z,22.715,22.728,0.0,1.4,0.0,0.0,0.0,0.0,0.0,0.0,0.0,0.0,1.0,0.0,0.0,0.0,9.0,4.0,0.0,0.0,0.0,0.0,0.0,0.0,0.0,0.0,6.0,12.0,1.0,12.17,5.0200000000000005,2.51,1.49,0.0,0.0,0.0,106.5,0.0,-0.9,-0.4,-0.8,132.8,0.0,0.0,227.3,0.0,21.0,27.6,27.6,28.4,300.0,300.0,31.1,34.800000000000004,29.3,28.5,30.4,,,,,,,,,,,,,,,,,,,,,,,,
2026-07-30T19:12:33.833Z,22.727,22.74,0.0,1.4,0.0,0.0,0.0,0.0,0.0,0.0,0.0,0.0,1.0,0.0,0.0,0.0,9.0,4.0,0.0,0.0,0.0,0.0,0.0,0.0,0.0,0.0,1.0,12.0,1.0,12.17,5.0200000000000005,2.51,1.49,0.0,0.0,0.0,105.9,0.0,-0.9,-0.4,-0.2,132.8,0.0,0.0,227.3,0.0,21.0,27.6,27.6,28.4,300.0,300.0,31.1,34.800000000000004,29.3,28.5,30.4,,,,,,,,,,,,,,,,,,,,,,,,
2026-07-30T19:12:33.845Z,22.739,22.752,0.0,1.4,0.0,0.0,0.0,0.0,0.0,0.0,0.0,0.0,1.0,0.0,0.0,0.0,9.0,4.0,0.0,0.0,0.0,0.0,0.0,0.0,0.0,0.0,2.0,12.0,1.0,12.15,5.01,2.51,1.49,0.0,0.0,0.0,105.2,0.0,0.8,0.1,1.5,132.8,0.0,0.0,227.3,0.0,21.4,27.6,27.6,28.4,300.0,300.0,31.1,34.7,29.3,28.5,30.4,,,,,,,,,,,,,,,,,,,,,,,,
2026-07-30T19:12:33.856Z,22.75,22.764,0.0,1.4,0.0,0.0,0.0,0.0,0.0,0.0,0.0,0.0,1.0,0.0,0.0,0.0,9.0,4.0,0.0,0.0,0.0,0.0,0.0,0.0,0.0,0.0,3.0,12.0,1.0,12.15,5.01,2.51,1.49,0.0,0.0,0.0,104.5,0.0,-0.3,0.1,0.9,132.8,0.0,0.0,227.3,0.0,21.4,27.6,27.6,28.4,300.0,300.0,31.1,34.7,29.3,28.5,30.4,,,,,,,,,,,,,,,,,,,,,,,,
2026-07-30T19:12:33.870Z,22.764,22.776,0.0,1.4,0.0,0.0,0.0,0.0,0.0,0.0,0.0,0.0,1.0,0.0,0.0,0.0,9.0,4.0,0.0,0.0,0.0,0.0,0.0,0.0,0.0,0.0,4.0,12.0,1.0,12.15,5.01,2.51,1.49,0.0,0.0,0.0,103.9,0.0,-0.3,1.9,1.5,132.8,0.0,0.0,227.2,0.0,21.4,27.6,27.6,28.4,300.0,300.0,31.1,34.7,29.3,28.5,30.4,,,,,,,,,,,,,,,,,,,,,,,,
2026-07-30T19:12:33.881Z,22.775,22.788,0.0,1.4,0.0,0.0,0.0,0.0,0.0,0.0,0.0,0.0,1.0,0.0,0.0,0.0,9.0,4.0,0.0,0.0,0.0,0.0,0.0,0.0,0.0,0.0,4.0,12.0,1.0,12.15,5.01,2.51,1.49,0.0,0.0,0.0,103.1,0.0,-0.3,0.1,0.3,132.8,0.0,0.0,227.3,0.0,21.4,27.6,27.6,28.4,300.0,300.0,31.1,34.7,29.3,28.5,30.4,,,,,,,,,,,,,,,,,,,,,,,,
2026-07-30T19:12:33.893Z,22.787,22.8,0.0,1.4,0.0,0.0,0.0,0.0,0.0,0.0,0.0,0.0,1.0,0.0,0.0,0.0,9.0,4.0,0.0,0.0,0.0,0.0,0.0,0.0,0.0,0.0,5.0,12.0,1.0,12.15,5.01,2.51,1.49,0.0,0.0,0.0,102.5,0.0,0.2,-0.9,-0.8,132.8,0.0,0.0,225.4,0.0,21.4,27.6,27.6,28.4,300.0,300.0,31.1,34.7,29.3,28.5,30.4,,,,,,,,,,,,,,,,,,,,,,,,
2026-07-30T19:12:33.905Z,22.799,22.812,0.0,1.4,0.0,0.0,0.0,0.0,0.0,0.0,0.0,0.0,1.0,0.0,0.0,0.0,9.0,4.0,0.0,0.0,0.0,0.0,0.0,0.0,0.0,0.0,6.0,12.0,1.0,12.15,5.01,2.51,1.49,0.0,0.0,0.0,101.9,0.0,0.3,0.7000000000000001,0.3,132.9,0.0,0.0,227.4,0.0,21.4,27.6,27.6,28.4,300.0,300.0,31.1,34.7,29.3,28.5,30.4,,,,,,,,,,,,,,,,,,,,,,,,
2026-07-30T19:12:33.917Z,22.811,22.824,0.0,1.4,0.0,0.0,0.0,0.0,0.0,0.0,0.0,0.0,1.0,0.0,0.0,0.0,9.0,4.0,0.0,0.0,0.0,0.0,0.0,0.0,0.0,0.0,1.0,12.0,1.0,12.15,5.01,2.51,1.49,0.0,0.0,0.0,101.2,0.0,0.3,1.3,0.3,132.9,0.0,0.0,227.1,0.0,21.4,27.6,27.6,28.4,300.0,300.0,31.1,34.7,29.3,28.5,30.4,,,,,,,,,,,,,,,,,,,,,,,,
2026-07-30T19:12:33.929Z,22.823,22.836,0.0,1.4,0.0,0.0,0.0,0.0,0.0,0.0,0.0,0.0,1.0,0.0,0.0,0.0,9.0,4.0,0.0,0.0,0.0,0.0,0.0,0.0,0.0,0.0,2.0,12.0,1.0,12.15,5.01,2.51,1.49,0.0,0.0,0.0,100.5,0.0,-0.2,0.1,0.4,132.8,0.0,0.0,227.3,0.0,21.4,27.6,27.6,28.4,300.0,300.0,31.1,34.7,29.3,28.5,30.4,,,,,,,,,,,,,,,,,,,,,,,,
2026-07-30T19:12:33.942Z,22.836,22.848,0.0,1.4,0.0,0.0,0.0,0.0,0.0,0.0,0.0,0.0,1.0,0.0,0.0,0.0,9.0,4.0,0.0,0.0,0.0,0.0,0.0,0.0,0.0,0.0,3.0,12.0,1.0,12.11,5.0200000000000005,2.5,1.49,0.0,0.0,0.0,99.9,0.0,-0.2,-0.4,-0.1,132.8,0.0,0.0,227.3,0.0,21.700000000000003,27.6,27.6,28.4,300.0,300.0,31.1,34.7,29.3,28.5,30.4,,,,,,,,,,,,,,,,,,,,,,,,
2026-07-30T19:12:33.953Z,22.847,22.86,0.0,1.4,0.0,0.0,0.0,0.0,0.0,0.0,0.0,0.0,1.0,0.0,0.0,0.0,9.0,4.0,0.0,0.0,0.0,0.0,0.0,0.0,0.0,0.0,4.0,12.0,1.0,12.11,5.0200000000000005,2.5,1.49,0.0,0.1,0.0,99.3,0.0,0.3,0.1,-1.2000000000000002,132.8,0.0,0.0,227.3,0.0,21.700000000000003,27.6,27.6,28.4,300.0,300.0,31.1,34.7,29.3,28.5,30.4,,,,,,,,,,,,,,,,,,,,,,,,
2026-07-30T19:12:33.965Z,22.859,22.872,0.0,1.4,0.0,0.0,0.0,0.0,0.0,0.0,0.0,0.0,1.0,0.0,0.0,0.0,9.0,4.0,0.0,0.0,0.0,0.0,0.0,0.0,0.0,0.0,4.0,12.0,1.0,12.11,5.0200000000000005,2.5,1.49,0.0,0.0,0.0,98.7,0.0,0.3,0.7000000000000001,0.4,132.8,0.0,0.0,227.3,0.0,21.700000000000003,27.6,27.6,28.4,300.0,300.0,31.1,34.7,29.3,28.5,30.4,,,,,,,,,,,,,,,,,,,,,,,,
2026-07-30T19:12:33.977Z,22.871,22.884,0.0,1.4,0.0,0.0,0.0,0.0,0.0,0.0,0.0,0.0,1.0,0.0,0.0,0.0,9.0,4.0,0.0,0.0,0.0,0.0,0.0,0.0,0.0,0.0,6.0,12.0,1.0,12.11,5.0200000000000005,2.5,1.49,0.0,0.0,0.0,98.0,0.0,-0.2,1.3,-0.1,132.8,0.0,0.0,227.3,0.0,21.700000000000003,27.6,27.6,28.4,300.0,300.0,31.1,34.7,29.3,28.5,30.4,,,,,,,,,,,,,,,,,,,,,,,,
2026-07-30T19:12:33.989Z,22.883,22.896,0.0,1.4,0.0,0.0,0.0,0.0,0.0,0.0,0.0,0.0,1.0,0.0,0.0,0.0,9.0,4.0,0.0,0.0,0.0,0.0,0.0,0.0,0.0,0.0,1.0,12.0,1.0,12.11,5.0200000000000005,2.5,1.49,0.0,0.1,0.0,97.4,0.0,0.9,-0.3,2.1,132.8,0.0,0.0,227.3,0.0,21.700000000000003,27.6,27.6,28.4,300.0,300.0,31.1,34.7,29.3,28.5,30.4,,,,,,,,,,,,,,,,,,,,,,,,
2026-07-30T19:12:34.001Z,22.895,22.908,0.0,1.4,0.0,0.0,0.0,0.0,0.0,0.0,0.0,0.0,1.0,0.0,0.0,0.0,9.0,4.0,0.0,0.0,0.0,0.0,0.0,0.0,0.0,0.0,3.0,12.0,1.0,12.11,5.0200000000000005,2.5,1.49,0.0,0.0,0.0,96.8,0.0,-0.1,0.1,-0.1,132.8,0.0,0.0,227.2,0.0,21.700000000000003,27.6,27.6,28.4,300.0,300.0,31.1,34.7,29.3,28.5,30.4,,,,,,,,,,,,,,,,,,,,,,,,
2026-07-30T19:12:34.013Z,22.907,22.92,0.0,1.4,0.0,0.0,0.0,0.0,0.0,0.0,0.0,0.0,1.0,0.0,0.0,0.0,9.0,4.0,0.0,0.0,0.0,0.0,0.0,0.0,0.0,0.0,4.0,12.0,1.0,12.11,5.0200000000000005,2.5,1.49,0.0,0.0,0.0,96.1,0.0,0.4,0.7000000000000001,-0.7000000000000001,132.8,0.0,0.0,227.3,0.0,21.700000000000003,27.6,27.6,28.4,300.0,300.0,31.1,34.7,29.3,28.5,30.4,,,,,,,,,,,,,,,,,,,,,,,,
2026-07-30T19:12:34.025Z,22.919,22.932,0.0,1.4,0.0,0.0,0.0,0.0,0.0,0.0,0.0,0.0,1.0,0.0,0.0,0.0,9.0,4.0,0.0,0.0,0.0,0.0,0.0,0.0,0.0,0.0,6.0,12.0,1.0,12.11,5.0200000000000005,2.5,1.49,0.0,0.0,0.0,95.5,0.0,0.3,0.7000000000000001,0.9,132.8,0.0,0.0,227.3,0.0,21.700000000000003,27.6,27.6,28.4,300.0,300.0,31.1,34.7,29.3,28.5,30.4,,,,,,,,,,,,,,,,,,,,,,,,
2026-07-30T19:12:34.037Z,22.931,22.944,0.0,1.4,0.0,0.0,0.0,0.0,0.0,0.0,0.0,0.0,1.0,0.0,0.0,0.0,9.0,4.0,0.0,0.0,0.0,0.0,0.0,0.0,0.0,0.0,6.0,12.0,1.0,12.11,5.0200000000000005,2.5,1.49,0.0,0.1,0.0,95.0,0.0,0.3,0.1,-0.2,132.8,0.0,0.0,227.2,0.0,21.700000000000003,27.6,27.6,28.4,300.0,300.0,31.1,34.7,29.3,28.5,30.4,,,,,,,,,,,,,,,,,,,,,,,,
2026-07-30T19:12:34.049Z,22.943,22.956,0.0,1.4,0.0,0.0,0.0,0.0,0.0,0.0,0.0,0.0,1.0,0.0,0.0,0.0,9.0,4.0,0.0,0.0,0.0,0.0,0.0,0.0,0.0,0.0,2.0,12.0,1.0,12.19,5.0200000000000005,2.51,1.49,0.0,0.0,0.0,94.3,0.0,-0.1,-1.0,0.9,132.8,0.0,0.0,227.3,0.0,21.8,27.6,27.6,28.4,300.0,300.0,31.1,34.7,29.3,28.5,30.4,,,,,,,,,,,,,,,,,,,,,,,,
2026-07-30T19:12:34.061Z,22.955,22.968,0.0,1.4,0.0,0.0,0.0,0.0,0.0,0.0,0.0,0.0,1.0,0.0,0.0,0.0,9.0,4.0,0.0,0.0,0.0,0.0,0.0,0.0,0.0,0.0,3.0,12.0,1.0,12.19,5.0200000000000005,2.51,1.49,0.0,0.0,0.0,93.7,0.0,-0.2,-0.5,-0.1,132.8,0.0,0.0,227.3,0.0,21.8,27.6,27.6,28.4,300.0,300.0,31.1,34.7,29.3,28.5,30.4,,,,,,,,,,,,,,,,,,,,,,,,
2026-07-30T19:12:34.072Z,22.966,22.98,0.0,1.4,0.0,0.0,0.0,0.0,0.0,0.0,0.0,0.0,1.0,0.0,0.0,0.0,9.0,4.0,0.0,0.0,0.0,0.0,0.0,0.0,0.0,0.0,4.0,12.0,1.0,12.19,5.0200000000000005,2.51,1.49,0.0,0.0,0.0,93.1,0.0,0.3,0.6000000000000001,-0.2,132.8,0.0,0.0,227.3,0.0,21.8,27.6,27.6,28.4,300.0,300.0,31.1,34.7,29.3,28.5,30.4,,,,,,,,,,,,,,,,,,,,,,,,
2026-07-30T19:12:34.086Z,22.98,22.992,0.0,1.4,0.0,0.0,0.0,0.0,0.0,0.0,0.0,0.0,1.0,0.0,0.0,0.0,9.0,4.0,0.0,0.0,0.0,0.0,0.0,0.0,0.0,0.0,6.0,12.0,1.0,12.19,5.0200000000000005,2.51,1.49,0.0,0.0,0.0,92.5,0.0,-0.1,-1.1,-1.9,132.8,0.0,0.0,227.3,0.0,21.8,27.6,27.6,28.4,300.0,300.0,31.1,34.7,29.3,28.5,30.4,,,,,,,,,,,,,,,,,,,,,,,,
2026-07-30T19:12:34.097Z,22.991,23.004,0.0,1.4,0.0,0.0,0.0,0.0,0.0,0.0,0.0,0.0,1.0,0.0,0.0,0.0,9.0,4.0,0.0,0.0,0.0,0.0,0.0,0.0,0.0,0.0,1.0,12.0,1.0,12.19,5.0200000000000005,2.51,1.49,0.0,0.1,0.0,91.9,0.0,0.4,0.0,1.0,132.8,0.0,0.0,226.8,0.0,21.8,27.6,27.6,28.4,300.0,300.0,31.1,34.7,29.3,28.5,30.4,,,,,,,,,,,,,,,,,,,,,,,,
2026-07-30T19:12:34.109Z,23.003,23.016,0.0,1.4,0.0,0.0,0.0,0.0,0.0,0.0,0.0,0.0,1.0,0.0,0.0,0.0,9.0,4.0,0.0,0.0,0.0,0.0,0.0,0.0,0.0,0.0,2.0,12.0,1.0,12.19,5.0200000000000005,2.51,1.49,0.0,0.0,0.0,91.3,0.0,-0.1,0.0,-0.1,132.8,0.0,0.0,227.3,0.0,21.8,27.6,27.6,28.4,300.0,300.0,31.1,34.7,29.3,28.5,30.4,,,,,,,,,,,,,,,,,,,,,,,,
2026-07-30T19:12:34.121Z,23.015,23.028,0.0,1.4,0.0,0.0,0.0,0.0,0.0,0.0,0.0,0.0,1.0,0.0,0.0,0.0,9.0,4.0,0.0,0.0,0.0,0.0,0.0,0.0,0.0,0.0,3.0,12.0,1.0,12.19,5.0200000000000005,2.51,1.49,0.0,0.0,0.0,90.7,0.0,-0.7000000000000001,1.2000000000000002,0.4,132.8,0.0,0.0,227.3,0.0,21.8,27.6,27.6,28.4,300.0,300.0,31.1,34.7,29.3,28.5,30.4,,,,,,,,,,,,,,,,,,,,,,,,
2026-07-30T19:12:34.133Z,23.027,23.04,0.0,1.4,0.0,0.0,0.0,0.0,0.0,0.0,0.0,0.0,1.0,0.0,0.0,0.0,9.0,4.0,0.0,0.0,0.0,0.0,0.0,0.0,0.0,0.0,4.0,12.0,1.0,12.19,5.0200000000000005,2.51,1.49,0.0,0.0,0.0,90.1,0.0,-0.2,-0.5,-1.3,132.8,0.0,0.0,227.3,0.0,21.8,27.6,27.6,28.4,300.0,300.0,31.1,34.7,29.3,28.5,30.4,,,,,,,,,,,,,,,,,,,,,,,,
2026-07-30T19:12:34.146Z,23.04,23.052,0.0,1.4,0.0,0.0,0.0,0.0,0.0,0.0,0.0,0.0,1.0,0.0,0.0,0.0,9.0,4.0,0.0,0.0,0.0,0.0,0.0,0.0,0.0,0.0,5.0,12.0,1.0,12.14,5.01,2.51,1.49,0.0,0.0,0.0,89.5,0.0,0.8,-0.5,0.4,132.8,0.0,0.0,227.3,0.0,21.0,27.700000000000003,27.700000000000003,28.4,300.0,300.0,31.0,34.7,29.3,28.5,30.4,,,,,,,,,,,,,,,,,,,,,,,,
2026-07-30T19:12:34.157Z,23.051,23.064,0.0,1.4,0.0,0.0,0.0,0.0,0.0,0.0,0.0,0.0,1.0,0.0,0.0,0.0,9.0,4.0,0.0,0.0,0.0,0.0,0.0,0.0,0.0,0.0,6.0,12.0,1.0,12.14,5.01,2.51,1.49,0.0,0.1,0.0,88.9,0.0,-0.8,0.0,1.0,132.8,0.0,0.0,227.3,0.0,21.0,27.700000000000003,27.700000000000003,28.4,300.0,300.0,31.0,34.7,29.3,28.5,30.4,,,,,,,,,,,,,,,,,,,,,,,,
2026-07-30T19:12:34.169Z,23.063,23.076,0.0,1.4,0.0,0.0,0.0,0.0,0.0,0.0,0.0,0.0,1.0,0.0,0.0,0.0,9.0,4.0,0.0,0.0,0.0,0.0,0.0,0.0,0.0,0.0,2.0,12.0,1.0,12.14,5.01,2.51,1.49,0.0,0.0,0.0,88.4,0.0,0.8,1.1,0.4,132.8,0.0,0.0,227.3,0.0,21.0,27.700000000000003,27.700000000000003,28.4,300.0,300.0,31.0,34.7,29.3,28.5,30.4,,,,,,,,,,,,,,,,,,,,,,,,
2026-07-30T19:12:34.183Z,23.077,23.088,0.0,1.4,0.0,0.0,0.0,0.0,0.0,0.0,0.0,0.0,1.0,0.0,0.0,0.0,9.0,4.0,0.0,0.0,0.0,0.0,0.0,0.0,0.0,0.0,3.0,12.0,1.0,12.14,5.01,2.51,1.49,0.0,0.0,0.0,87.9,0.0,1.4,1.1,2.1,132.8,0.0,0.0,227.3,0.0,21.0,27.700000000000003,27.700000000000003,28.4,300.0,300.0,31.0,34.7,29.3,28.5,30.4,,,,,,,,,,,,,,,,,,,,,,,,
2026-07-30T19:12:34.192Z,23.086,23.1,0.0,1.4,0.0,0.0,0.0,0.0,0.0,0.0,0.0,0.0,1.0,0.0,0.0,0.0,9.0,4.0,0.0,0.0,0.0,0.0,0.0,0.0,0.0,0.0,2.0,12.0,1.0,12.14,5.01,2.51,1.49,0.0,0.1,0.0,87.30000000000001,0.0,-0.3,-1.2000000000000002,0.3,132.8,0.0,0.0,227.3,0.0,21.0,27.700000000000003,27.700000000000003,28.4,300.0,300.0,31.0,34.7,29.3,28.5,30.4,,,,,,,,,,,,,,,,,,,,,,,,
2026-07-30T19:12:34.204Z,23.098,23.112,0.0,1.4,0.0,0.0,0.0,0.0,0.0,0.0,0.0,0.0,1.0,0.0,0.0,0.0,9.0,4.0,0.0,0.0,0.0,0.0,0.0,0.0,0.0,0.0,3.0,12.0,1.0,12.14,5.01,2.51,1.49,0.0,0.0,0.0,86.7,0.0,0.8,0.5,0.3,132.8,0.0,0.0,226.2,0.0,21.0,27.700000000000003,27.700000000000003,28.4,300.0,300.0,31.0,34.7,29.3,28.5,30.4,,,,,,,,,,,,,,,,,,,,,,,,
2026-07-30T19:12:34.217Z,23.111,23.124,0.0,1.4,0.0,0.0,0.0,0.0,0.0,0.0,0.0,0.0,1.0,0.0,0.0,0.0,9.0,4.0,0.0,0.0,0.0,0.0,0.0,0.0,0.0,0.0,4.0,12.0,1.0,12.14,5.01,2.51,1.49,0.0,0.0,0.0,86.10000000000001,0.0,0.2,-0.6000000000000001,-0.2,132.8,0.0,0.0,227.4,0.0,21.0,27.700000000000003,27.700000000000003,28.4,300.0,300.0,31.0,34.7,29.3,28.5,30.4,,,,,,,,,,,,,,,,,,,,,,,,
2026-07-30T19:12:34.229Z,23.123,23.136,0.0,1.4,0.0,0.0,0.0,0.0,0.0,0.0,0.0,0.0,1.0,0.0,0.0,0.0,9.0,4.0,0.0,0.0,0.0,0.0,0.0,0.0,0.0,0.0,5.0,12.0,1.0,12.14,5.01,2.51,1.49,0.0,0.0,0.0,85.5,0.0,0.8,-0.6000000000000001,0.3,132.8,0.0,0.0,227.3,0.0,21.0,27.700000000000003,27.700000000000003,28.4,300.0,300.0,31.0,34.7,29.3,28.5,30.4,,,,,,,,,,,,,,,,,,,,,,,,
2026-07-30T19:12:34.241Z,23.135,23.148,0.0,1.4,0.0,0.0,0.0,0.0,0.0,0.0,0.0,0.0,1.0,0.0,0.0,0.0,9.0,4.0,0.0,0.0,0.0,0.0,0.0,0.0,0.0,0.0,1.0,12.0,1.0,12.14,5.01,2.51,1.49,0.0,0.0,0.0,85.0,0.0,-0.8,-0.6000000000000001,0.9,132.8,0.0,0.0,227.3,0.0,21.0,27.700000000000003,27.700000000000003,28.4,300.0,300.0,31.0,34.7,29.3,28.5,30.4,,,,,,,,,,,,,,,,,,,,,,,,
2026-07-30T19:12:34.253Z,23.147,23.16,0.0,1.4,0.0,0.0,0.0,0.0,0.0,0.0,0.0,0.0,1.0,0.0,0.0,0.0,9.0,4.0,0.0,0.0,0.0,0.0,0.0,0.0,0.0,0.0,1.0,12.0,1.0,12.14,5.01,2.5,1.49,0.0,0.0,0.0,84.4,0.0,0.2,0.0,0.8,132.8,0.0,0.0,227.3,0.0,21.4,27.700000000000003,27.700000000000003,28.4,300.0,300.0,31.0,34.7,29.3,28.5,30.4,,,,,,,,,,,,,,,,,,,,,,,,
2026-07-30T19:12:34.265Z,23.159,23.172,0.1,1.4,0.0,0.0,0.0,0.0,0.0,0.0,0.0,0.0,1.0,0.0,0.0,0.0,9.0,4.0,0.0,0.0,0.0,0.0,0.0,0.0,0.0,0.0,2.0,12.0,1.0,12.14,5.01,2.5,1.49,0.0,0.0,0.0,83.9,0.0,-0.9,-0.6000000000000001,-0.8,132.8,0.0,0.0,227.2,0.0,21.4,27.700000000000003,27.700000000000003,28.4,300.0,300.0,31.0,34.7,29.3,28.5,30.4,,,,,,,,,,,,,,,,,,,,,,,,
2026-07-30T19:12:34.277Z,23.171,23.184,0.1,1.4,0.0,0.0,0.0,0.0,0.0,0.0,0.0,0.0,1.0,0.0,0.0,0.0,9.0,4.0,0.0,0.0,0.0,0.0,0.0,0.0,0.0,0.0,2.0,12.0,1.0,12.14,5.01,2.5,1.49,0.0,0.0,0.0,83.30000000000001,0.0,-0.3,-0.6000000000000001,-0.2,132.8,0.0,0.0,227.3,0.0,21.4,27.700000000000003,27.700000000000003,28.4,300.0,300.0,31.0,34.7,29.3,28.5,30.4,,,,,,,,,,,,,,,,,,,,,,,,
2026-07-30T19:12:34.289Z,23.183,23.196,0.1,1.4,0.0,0.0,0.0,0.0,0.0,0.0,0.0,0.0,1.0,0.0,0.0,0.0,9.0,4.0,0.0,0.0,0.0,0.0,0.0,0.0,0.0,0.0,3.0,12.0,1.0,12.14,5.01,2.5,1.49,0.0,0.0,0.0,82.80000000000001,0.0,-0.3,-0.6000000000000001,-0.2,132.8,0.0,0.0,227.3,0.0,21.4,27.700000000000003,27.700000000000003,28.4,300.0,300.0,31.0,34.7,29.3,28.5,30.4,,,,,,,,,,,,,,,,,,,,,,,,
2026-07-30T19:12:34.300Z,23.194,23.208,0.1,1.4,0.0,0.0,0.0,0.0,0.0,0.0,0.0,0.0,1.0,0.0,0.0,0.0,9.0,4.0,0.0,0.0,0.0,0.0,0.0,0.0,0.0,0.0,4.0,12.0,1.0,12.14,5.01,2.5,1.49,0.0,0.0,0.0,82.30000000000001,0.0,-0.8,0.0,-0.2,132.8,0.0,0.0,227.3,0.0,21.4,27.700000000000003,27.700000000000003,28.4,300.0,300.0,31.0,34.7,29.3,28.5,30.4,,,,,,,,,,,,,,,,,,,,,,,,
2026-07-30T19:12:34.313Z,23.207,23.22,0.1,1.4,0.0,0.0,0.0,0.0,0.0,0.0,0.0,0.0,1.0,0.0,0.0,0.0,9.0,4.0,0.0,0.0,0.0,0.0,0.0,0.0,0.0,0.0,5.0,12.0,1.0,12.14,5.01,2.5,1.49,0.0,0.0,0.0,81.7,0.0,0.8,0.0,0.9,132.8,0.0,0.0,227.0,0.0,21.4,27.700000000000003,27.700000000000003,28.4,300.0,300.0,31.0,34.7,29.3,28.5,30.4,,,,,,,,,,,,,,,,,,,,,,,,
2026-07-30T19:12:34.325Z,23.219,23.232,0.1,1.4,0.0,0.0,0.0,0.0,0.0,0.0,0.0,0.0,1.0,0.0,0.0,0.0,9.0,4.0,0.0,0.0,0.0,0.0,0.0,0.0,0.0,0.0,6.0,12.0,1.0,12.14,5.01,2.5,1.49,0.0,0.0,0.0,81.2,0.0,-0.2,0.5,1.5,132.8,0.0,0.0,227.3,0.0,21.4,27.700000000000003,27.700000000000003,28.4,300.0,300.0,31.0,34.7,29.3,28.5,30.4,,,,,,,,,,,,,,,,,,,,,,,,
2026-07-30T19:12:34.337Z,23.231,23.244,0.1,1.4,0.0,0.0,0.0,0.0,0.0,0.0,0.0,0.0,1.0,0.0,0.0,0.0,9.0,4.0,0.0,0.0,0.0,0.0,0.0,0.0,0.0,0.0,1.0,12.0,1.0,12.14,5.01,2.5,1.49,0.0,0.0,0.0,80.7,0.0,-0.8,0.6000000000000001,0.9,132.8,0.0,0.0,227.3,0.0,21.4,27.700000000000003,27.700000000000003,28.4,300.0,300.0,31.0,34.7,29.3,28.5,30.4,,,,,,,,,,,,,,,,,,,,,,,,
2026-07-30T19:12:34.350Z,23.244,23.256,0.0,1.4,0.0,0.0,0.0,0.0,0.0,0.0,0.0,0.0,1.0,0.0,0.0,0.0,9.0,4.0,0.0,0.0,0.0,0.0,0.0,0.0,0.0,0.0,2.0,12.0,1.0,12.17,5.01,2.51,1.49,0.0,0.0,0.0,80.10000000000001,0.0,-0.2,1.2000000000000002,-0.1,132.8,0.0,0.0,227.3,0.0,21.4,27.700000000000003,27.700000000000003,28.4,300.0,300.0,31.0,34.7,29.3,28.5,30.4,,,,,,,,,,,,,,,,,,,,,,,,
2026-07-30T19:12:34.361Z,23.255,23.268,0.0,1.4,0.0,0.0,0.0,0.0,0.0,0.0,0.0,0.0,1.0,0.0,0.0,0.0,9.0,4.0,0.0,0.0,0.0,0.0,0.0,0.0,0.0,0.0,3.0,12.0,1.0,12.17,5.01,2.51,1.49,0.0,0.0,0.0,79.60000000000001,0.0,-0.2,1.2000000000000002,1.0,132.8,0.0,0.0,227.3,0.0,21.4,27.700000000000003,27.700000000000003,28.4,300.0,300.0,31.0,34.7,29.3,28.5,30.4,,,,,,,,,,,,,,,,,,,,,,,,
2026-07-30T19:12:34.373Z,23.267,23.28,0.0,1.4,0.0,0.0,0.0,0.0,0.0,0.0,0.0,0.0,1.0,0.0,0.0,0.0,9.0,4.0,0.0,0.0,0.0,0.0,0.0,0.0,0.0,0.0,4.0,12.0,1.0,12.17,5.01,2.51,1.49,0.0,0.0,0.0,79.10000000000001,0.0,-0.1,-1.0,-1.3,132.8,0.0,0.0,227.3,0.0,21.4,27.700000000000003,27.700000000000003,28.4,300.0,300.0,31.0,34.7,29.3,28.5,30.4,,,,,,,,,,,,,,,,,,,,,,,,
2026-07-30T19:12:34.385Z,23.279,23.292,0.0,1.4,0.0,0.0,0.0,0.0,0.0,0.0,0.0,0.0,1.0,0.0,0.0,0.0,9.0,4.0,0.0,0.0,0.0,0.0,0.0,0.0,0.0,0.0,5.0,12.0,1.0,12.17,5.01,2.51,1.49,0.0,0.0,0.0,78.60000000000001,0.0,0.4,-0.4,-0.2,132.8,0.0,0.0,227.3,0.0,21.4,27.700000000000003,27.700000000000003,28.4,300.0,300.0,31.0,34.7,29.3,28.5,30.4,,,,,,,,,,,,,,,,,,,,,,,,
2026-07-30T19:12:34.397Z,23.291,23.304,0.0,1.4,0.0,0.0,0.0,0.0,0.0,0.0,0.0,0.0,1.0,0.0,0.0,0.0,9.0,4.0,0.0,0.0,0.0,0.0,0.0,0.0,0.0,0.0,6.0,12.0,1.0,12.17,5.01,2.51,1.49,0.0,0.0,0.0,78.10000000000001,0.0,0.4,0.6000000000000001,0.3,132.8,0.0,0.0,227.3,0.0,21.4,27.700000000000003,27.700000000000003,28.4,300.0,300.0,31.0,34.7,29.3,28.5,30.4,,,,,,,,,,,,,,,,,,,,,,,,
2026-07-30T19:12:34.409Z,23.303,23.316,0.0,1.4,0.0,0.0,0.0,0.0,0.0,0.0,0.0,0.0,1.0,0.0,0.0,0.0,9.0,4.0,0.0,0.0,0.0,0.0,0.0,0.0,0.0,0.0,2.0,12.0,1.0,12.17,5.01,2.51,1.49,0.0,0.0,0.0,77.60000000000001,0.0,-1.3,0.6000000000000001,-0.8,132.8,0.0,0.0,227.1,0.0,21.4,27.700000000000003,27.700000000000003,28.4,300.0,300.0,31.0,34.7,29.3,28.5,30.4,,,,,,,,,,,,,,,,,,,,,,,,
2026-07-30T19:12:34.421Z,23.315,23.328,0.0,1.4,0.0,0.0,0.0,0.0,0.0,0.0,0.0,0.0,1.0,0.0,0.0,0.0,9.0,4.0,0.0,0.0,0.0,0.0,0.0,0.0,0.0,0.0,3.0,12.0,1.0,12.17,5.01,2.51,1.49,0.0,0.0,0.0,77.0,0.0,-0.7000000000000001,0.6000000000000001,0.9,132.8,0.0,0.0,227.0,0.0,21.4,27.700000000000003,27.700000000000003,28.4,300.0,300.0,31.0,34.7,29.3,28.5,30.4,,,,,,,,,,,,,,,,,,,,,,,,
2026-07-30T19:12:34.433Z,23.327,23.34,0.0,1.4,0.0,0.0,0.0,0.0,0.0,0.0,0.0,0.0,1.0,0.0,0.0,0.0,9.0,4.0,0.0,0.0,0.0,0.0,0.0,0.0,0.0,0.0,4.0,12.0,1.0,12.17,5.01,2.51,1.49,0.0,0.0,0.0,76.5,0.0,0.4,-1.1,-0.2,132.8,0.0,0.0,227.4,0.0,21.4,27.700000000000003,27.700000000000003,28.4,300.0,300.0,31.0,34.7,29.3,28.5,30.4,,,,,,,,,,,,,,,,,,,,,,,,
2026-07-30T19:12:34.445Z,23.339,23.352,0.0,1.4,0.0,0.0,0.0,0.0,0.0,0.0,0.0,0.0,1.0,0.0,0.0,0.0,9.0,4.0,0.0,0.0,0.0,0.0,0.0,0.0,0.0,0.0,5.0,12.0,1.0,12.17,5.01,2.51,1.49,0.0,0.0,0.0,76.0,0.0,-0.7000000000000001,0.0,0.9,132.8,0.0,0.0,227.2,0.0,21.4,27.700000000000003,27.700000000000003,28.4,300.0,300.0,31.0,34.7,29.3,28.5,30.4,,,,,,,,,,,,,,,,,,,,,,,,
2026-07-30T19:12:34.456Z,23.35,23.364,0.0,1.4,0.0,0.0,0.0,0.0,0.0,0.0,0.0,0.0,1.0,0.0,0.0,0.0,9.0,4.0,0.0,0.0,0.0,0.0,0.0,0.0,0.0,0.0,6.0,12.0,1.0,12.14,5.01,2.51,1.49,0.0,0.0,0.0,75.5,0.0,0.4,1.1,-0.2,132.8,0.0,0.0,227.3,0.0,21.700000000000003,27.700000000000003,27.700000000000003,28.4,300.0,300.0,30.9,34.7,29.3,28.5,30.4,,,,,,,,,,,,,,,,,,,,,,,,
2026-07-30T19:12:34.469Z,23.363,23.376,0.0,1.4,0.0,0.0,0.0,0.0,0.0,0.0,0.0,0.0,1.0,0.0,0.0,0.0,9.0,4.0,0.0,0.0,0.0,0.0,0.0,0.0,0.0,0.0,1.0,12.0,1.0,12.14,5.01,2.51,1.49,0.0,0.0,0.0,75.0,0.0,0.4,0.0,0.3,132.8,0.0,0.0,227.3,0.0,21.700000000000003,27.700000000000003,27.700000000000003,28.4,300.0,300.0,30.9,34.7,29.3,28.5,30.4,,,,,,,,,,,,,,,,,,,,,,,,
2026-07-30T19:12:34.481Z,23.375,23.388,0.0,1.4,0.0,0.0,0.0,0.0,0.0,0.0,0.0,0.0,1.0,0.0,0.0,0.0,9.0,4.0,0.0,0.0,0.0,0.0,0.0,0.0,0.0,0.0,2.0,12.0,1.0,12.14,5.01,2.51,1.49,0.0,0.0,0.0,74.5,0.0,-0.7000000000000001,-1.0,-0.1,132.8,0.0,0.0,227.4,0.0,21.700000000000003,27.700000000000003,27.700000000000003,28.4,300.0,300.0,30.9,34.7,29.3,28.5,30.4,,,,,,,,,,,,,,,,,,,,,,,,
2026-07-30T19:12:34.494Z,23.388,23.4,0.0,1.4,0.0,0.0,0.0,0.0,0.0,0.0,0.0,0.0,1.0,0.0,0.0,0.0,9.0,4.0,0.0,0.0,0.0,0.0,0.0,0.0,0.0,0.0,3.0,12.0,1.0,12.14,5.01,2.51,1.49,0.0,0.1,0.0,74.0,0.0,0.3,0.6000000000000001,0.9,132.8,0.0,0.0,227.3,0.0,21.700000000000003,27.700000000000003,27.700000000000003,28.4,300.0,300.0,30.9,34.7,29.3,28.5,30.4,,,,,,,,,,,,,,,,,,,,,,,,
2026-07-30T19:12:34.505Z,23.399,23.412,0.0,1.4,0.0,0.0,0.0,0.0,0.0,0.0,0.0,0.0,1.0,0.0,0.0,0.0,9.0,4.0,0.0,0.0,0.0,0.0,0.0,0.0,0.0,0.0,3.0,12.0,1.0,12.14,5.01,2.51,1.49,0.0,0.0,0.0,73.60000000000001,0.0,-0.2,1.2000000000000002,-0.8,132.8,0.0,0.0,227.3,0.0,21.700000000000003,27.700000000000003,27.700000000000003,28.4,300.0,300.0,30.9,34.7,29.3,28.5,30.4,,,,,,,,,,,,,,,,,,,,,,,,
2026-07-30T19:12:34.517Z,23.411,23.424,0.0,1.4,0.0,0.0,0.0,0.0,0.0,0.0,0.0,0.0,1.0,0.0,0.0,0.0,9.0,4.0,0.0,0.0,0.0,0.0,0.0,0.0,0.0,0.0,4.0,12.0,1.0,12.14,5.01,2.51,1.49,0.0,0.0,0.0,73.0,0.0,-0.2,-0.4,-0.2,132.8,0.0,0.0,225.9,0.0,21.700000000000003,27.700000000000003,27.700000000000003,28.4,300.0,300.0,30.9,34.7,29.3,28.5,30.4,,,,,,,,,,,,,,,,,,,,,,,,
2026-07-30T19:12:34.529Z,23.423,23.436,0.0,1.4,0.0,0.0,0.0,0.0,0.0,0.0,0.0,0.0,1.0,0.0,0.0,0.0,9.0,4.0,0.0,0.0,0.0,0.0,0.0,0.0,0.0,0.0,5.0,12.0,1.0,12.14,5.01,2.51,1.49,0.0,0.0,0.0,72.5,0.0,0.3,0.6000000000000001,0.9,132.8,0.0,0.0,227.4,0.0,21.700000000000003,27.700000000000003,27.700000000000003,28.4,300.0,300.0,30.9,34.7,29.3,28.5,30.4,,,,,,,,,,,,,,,,,,,,,,,,
2026-07-30T19:12:34.541Z,23.435,23.448,0.0,1.4,0.0,0.0,0.0,0.0,0.0,0.0,0.0,0.0,1.0,0.0,0.0,0.0,9.0,4.0,0.0,0.0,0.0,0.0,0.0,0.0,0.0,0.0,6.0,12.0,1.0,12.14,5.01,2.51,1.49,0.0,0.0,0.0,72.10000000000001,0.0,0.3,0.0,0.9,132.8,0.0,0.0,227.3,0.0,21.700000000000003,27.700000000000003,27.700000000000003,28.4,300.0,300.0,30.9,34.7,29.3,28.5,30.4,,,,,,,,,,,,,,,,,,,,,,,,
2026-07-30T19:12:34.554Z,23.448,23.46,0.0,1.4,0.0,0.0,0.0,0.0,0.0,0.0,0.0,0.0,1.0,0.0,0.0,0.0,9.0,4.0,0.0,0.0,0.0,0.0,0.0,0.0,0.0,0.0,1.0,12.0,1.0,12.14,5.0200000000000005,2.51,1.49,0.0,0.0,0.0,71.60000000000001,0.0,-0.8,0.0,-0.2,132.8,0.0,0.0,227.3,0.0,21.4,27.700000000000003,27.700000000000003,28.4,300.0,300.0,31.0,34.7,29.3,28.5,30.4,,,,,,,,,,,,,,,,,,,,,,,,
2026-07-30T19:12:34.565Z,23.459,23.472,0.0,1.4,0.0,0.0,0.0,0.0,0.0,0.0,0.0,0.0,1.0,0.0,0.0,0.0,9.0,4.0,0.0,0.0,0.0,0.0,0.0,0.0,0.0,0.0,2.0,12.0,1.0,12.14,5.0200000000000005,2.51,1.49,0.0,0.0,0.0,71.2,0.0,-0.8,-0.5,-0.8,132.8,0.0,0.0,227.2,0.0,21.4,27.700000000000003,27.700000000000003,28.4,300.0,300.0,31.0,34.7,29.3,28.5,30.4,,,,,,,,,,,,,,,,,,,,,,,,
2026-07-30T19:12:34.577Z,23.471,23.484,0.0,1.4,0.0,0.0,0.0,0.0,0.0,0.0,0.0,0.0,1.0,0.0,0.0,0.0,9.0,4.0,0.0,0.0,0.0,0.0,0.0,0.0,0.0,0.0,3.0,12.0,1.0,12.14,5.0200000000000005,2.51,1.49,0.0,0.0,0.0,70.7,0.0,-0.2,0.6000000000000001,0.3,132.8,0.0,0.0,227.3,0.0,21.4,27.700000000000003,27.700000000000003,28.4,300.0,300.0,31.0,34.7,29.3,28.5,30.4,,,,,,,,,,,,,,,,,,,,,,,,
2026-07-30T19:12:34.589Z,23.483,23.496,0.0,1.4,0.0,0.0,0.0,0.0,0.0,0.0,0.0,0.0,1.0,0.0,0.0,0.0,9.0,4.0,0.0,0.0,0.0,0.0,0.0,0.0,0.0,0.0,3.0,12.0,1.0,12.14,5.0200000000000005,2.51,1.49,0.0,0.0,0.0,70.2,0.0,-0.2,1.2000000000000002,-0.2,132.8,0.0,0.0,227.3,0.0,21.4,27.700000000000003,27.700000000000003,28.4,300.0,300.0,31.0,34.7,29.3,28.5,30.4,,,,,,,,,,,,,,,,,,,,,,,,
2026-07-30T19:12:34.601Z,23.495,23.508,0.0,1.4,0.0,0.0,0.0,0.0,0.0,0.0,0.0,0.0,1.0,0.0,0.0,0.0,9.0,4.0,0.0,0.0,0.0,0.0,0.0,0.0,0.0,0.0,5.0,12.0,1.0,12.14,5.0200000000000005,2.51,1.49,0.0,0.0,0.0,69.7,0.0,0.3,0.6000000000000001,-0.2,132.8,0.0,0.0,227.3,0.0,21.4,27.700000000000003,27.700000000000003,28.4,300.0,300.0,31.0,34.7,29.3,28.5,30.4,,,,,,,,,,,,,,,,,,,,,,,,
2026-07-30T19:12:34.613Z,23.507,23.52,0.0,1.4,0.0,0.0,0.0,0.0,0.0,0.0,0.0,0.0,1.0,0.0,0.0,0.0,9.0,4.0,0.0,0.0,0.0,0.0,0.0,0.0,0.0,0.0,6.0,12.0,1.0,12.14,5.0200000000000005,2.51,1.49,0.0,0.0,0.0,69.2,0.0,-0.2,-1.6,-0.2,132.8,0.0,0.0,227.3,0.0,21.4,27.700000000000003,27.700000000000003,28.4,300.0,300.0,31.0,34.7,29.3,28.5,30.4,,,,,,,,,,,,,,,,,,,,,,,,
2026-07-30T19:12:34.625Z,23.519,23.532,0.0,1.4,0.0,0.0,0.0,0.0,0.0,0.0,0.0,0.0,1.0,0.0,0.0,0.0,9.0,4.0,0.0,0.0,0.0,0.0,0.0,0.0,0.0,0.0,1.0,12.0,1.0,12.14,5.0200000000000005,2.51,1.49,-0.1,0.1,0.0,68.8,0.0,0.3,-1.6,-0.8,132.8,0.0,0.0,225.6,0.0,21.4,27.700000000000003,27.700000000000003,28.4,300.0,300.0,31.0,34.7,29.3,28.5,30.4,,,,,,,,,,,,,,,,,,,,,,,,
2026-07-30T19:12:34.637Z,23.531,23.544,0.0,1.4,0.0,0.0,0.0,0.0,0.0,0.0,0.0,0.0,1.0,0.0,0.0,0.0,9.0,4.0,0.0,0.0,0.0,0.0,0.0,0.0,0.0,0.0,2.0,12.0,1.0,12.14,5.0200000000000005,2.51,1.49,0.0,0.0,0.0,68.3,0.0,-0.2,0.1,-0.8,132.8,0.0,0.0,227.4,0.0,21.4,27.700000000000003,27.700000000000003,28.4,300.0,300.0,31.0,34.7,29.3,28.5,30.4,,,,,,,,,,,,,,,,,,,,,,,,
2026-07-30T19:12:34.649Z,23.543,23.556,0.0,1.4,0.0,0.0,0.0,0.0,0.0,0.0,0.0,0.0,1.0,0.0,0.0,0.0,9.0,4.0,0.0,0.0,0.0,0.0,0.0,0.0,0.0,0.0,3.0,12.0,1.0,12.14,5.0200000000000005,2.51,1.49,0.0,0.0,0.0,67.9,0.0,0.3,0.1,-0.2,132.8,0.0,0.0,227.3,0.0,21.4,27.700000000000003,27.700000000000003,28.4,300.0,300.0,31.0,34.7,29.3,28.5,30.4,,,,,,,,,,,,,,,,,,,,,,,,
2026-07-30T19:12:34.661Z,23.555,23.568,0.0,1.4,0.0,0.0,0.0,0.0,0.0,0.0,0.0,0.0,1.0,0.0,0.0,0.0,9.0,4.0,0.0,0.0,0.0,0.0,0.0,0.0,0.0,0.0,4.0,12.0,1.0,12.1,5.0200000000000005,2.51,1.49,0.0,0.0,0.0,67.4,0.0,-0.2,-0.4,-0.8,132.8,0.0,0.0,227.3,0.0,21.4,27.8,27.8,28.5,300.0,300.0,31.0,34.7,29.3,28.4,30.4,,,,,,,,,,,,,,,,,,,,,,,,
2026-07-30T19:12:34.673Z,23.567,23.58,0.0,1.4,0.0,0.0,0.0,0.0,0.0,0.0,0.0,0.0,1.0,0.0,0.0,0.0,9.0,4.0,0.0,0.0,0.0,0.0,0.0,0.0,0.0,0.0,6.0,12.0,1.0,12.1,5.0200000000000005,2.51,1.49,0.0,0.0,0.0,67.0,0.0,-0.3,-0.5,0.3,132.8,0.0,0.0,227.3,0.0,21.4,27.8,27.8,28.5,300.0,300.0,31.0,34.7,29.3,28.4,30.4,,,,,,,,,,,,,,,,,,,,,,,,
2026-07-30T19:12:34.685Z,23.579,23.592,0.0,1.4,0.0,0.0,0.0,0.0,0.0,0.0,0.0,0.0,1.0,0.0,0.0,0.0,9.0,4.0,0.0,0.0,0.0,0.0,0.0,0.0,0.0,0.0,1.0,12.0,1.0,12.1,5.0200000000000005,2.51,1.49,0.0,0.0,0.0,66.60000000000001,0.0,-0.3,1.1,-0.8,132.8,0.0,0.0,227.3,0.0,21.4,27.8,27.8,28.5,300.0,300.0,31.0,34.7,29.3,28.4,30.4,,,,,,,,,,,,,,,,,,,,,,,,
2026-07-30T19:12:34.697Z,23.591,23.604,0.0,1.4,0.0,0.0,0.0,0.0,0.0,0.0,0.0,0.0,1.0,0.0,0.0,0.0,9.0,4.0,0.0,0.0,0.0,0.0,0.0,0.0,0.0,0.0,2.0,12.0,1.0,12.1,5.0200000000000005,2.51,1.49,0.0,0.0,0.0,66.10000000000001,0.0,1.4,1.1,0.8,132.8,0.0,0.0,227.3,0.0,21.4,27.8,27.8,28.5,300.0,300.0,31.0,34.7,29.3,28.4,30.4,,,,,,,,,,,,,,,,,,,,,,,,
2026-07-30T19:12:34.709Z,23.603,23.616,0.0,1.4,0.0,0.0,0.0,0.0,0.0,0.0,0.0,0.0,1.0,0.0,0.0,0.0,9.0,4.0,0.0,0.0,0.0,0.0,0.0,0.0,0.0,0.0,3.0,12.0,1.0,12.1,5.0200000000000005,2.51,1.49,0.0,0.0,0.0,65.60000000000001,0.0,-0.3,-0.5,0.8,132.8,0.0,0.0,227.3,0.0,21.4,27.8,27.8,28.5,300.0,300.0,31.0,34.7,29.3,28.4,30.4,,,,,,,,,,,,,,,,,,,,,,,,
2026-07-30T19:12:34.721Z,23.615,23.628,0.0,1.4,0.0,0.0,0.0,0.0,0.0,0.0,0.0,0.0,1.0,0.0,0.0,0.0,9.0,4.0,0.0,0.0,0.0,0.0,0.0,0.0,0.0,0.0,4.0,12.0,1.0,12.1,5.0200000000000005,2.51,1.49,0.0,0.0,0.0,65.2,0.0,-0.3,-0.5,-0.8,132.8,0.0,0.0,227.3,0.0,21.4,27.8,27.8,28.5,300.0,300.0,31.0,34.7,29.3,28.4,30.4,,,,,,,,,,,,,,,,,,,,,,,,
2026-07-30T19:12:34.733Z,23.627,23.64,0.0,1.4,0.0,0.0,0.0,0.0,0.0,0.0,0.0,0.0,1.0,0.0,0.0,0.0,9.0,4.0,0.0,0.0,0.0,0.0,0.0,0.0,0.0,0.0,6.0,12.0,1.0,12.1,5.0200000000000005,2.51,1.49,0.0,0.0,0.0,64.8,0.0,0.2,0.0,-0.2,132.8,0.0,0.0,227.3,0.0,21.4,27.8,27.8,28.5,300.0,300.0,31.0,34.7,29.3,28.4,30.4,,,,,,,,,,,,,,,,,,,,,,,,
2026-07-30T19:12:34.745Z,23.639,23.652,0.1,1.4,0.0,0.0,0.0,0.0,0.0,0.0,0.0,0.0,1.0,0.0,0.0,0.0,9.0,4.0,0.0,0.0,0.0,0.0,0.0,0.0,0.0,0.0,1.0,12.0,1.0,12.1,5.0200000000000005,2.51,1.49,0.0,0.0,0.0,64.3,0.0,0.8,0.5,-0.3,132.8,0.0,0.0,227.4,0.0,21.4,27.8,27.8,28.5,300.0,300.0,31.0,34.7,29.3,28.4,30.4,,,,,,,,,,,,,,,,,,,,,,,,
2026-07-30T19:12:34.758Z,23.652,23.664,0.1,1.4,0.0,0.0,0.0,0.0,0.0,0.0,0.0,0.0,1.0,0.0,0.0,0.0,9.0,4.0,0.0,0.0,0.0,0.0,0.0,0.0,0.0,0.0,2.0,12.0,1.0,12.15,5.01,2.51,1.49,0.0,0.0,0.0,63.900000000000006,0.0,-0.8,-0.5,0.3,132.8,0.0,0.0,227.3,0.0,21.3,27.8,27.8,28.5,300.0,300.0,31.0,34.7,29.3,28.4,30.4,,,,,,,,,,,,,,,,,,,,,,,,
2026-07-30T19:12:34.769Z,23.663,23.676,0.0,1.4,0.0,0.0,0.0,0.0,0.0,0.0,0.0,0.0,1.0,0.0,0.0,0.0,9.0,4.0,0.0,0.0,0.0,0.0,0.0,0.0,0.0,0.0,3.0,12.0,1.0,12.15,5.01,2.51,1.49,0.0,0.0,0.0,63.400000000000006,0.0,-0.3,-0.5,-0.2,132.8,0.0,0.0,227.3,0.0,21.3,27.8,27.8,28.5,300.0,300.0,31.0,34.7,29.3,28.4,30.4,,,,,,,,,,,,,,,,,,,,,,,,
2026-07-30T19:12:34.781Z,23.675,23.688,0.0,1.4,0.0,0.0,0.0,0.0,0.0,0.0,0.0,0.0,1.0,0.0,0.0,0.0,9.0,4.0,0.0,0.0,0.0,0.0,0.0,0.0,0.0,0.0,4.0,12.0,1.0,12.15,5.01,2.51,1.49,0.0,0.1,0.0,63.0,0.0,0.2,-0.6000000000000001,0.3,132.8,0.0,0.0,227.3,0.0,21.3,27.8,27.8,28.5,300.0,300.0,31.0,34.7,29.3,28.4,30.4,,,,,,,,,,,,,,,,,,,,,,,,
2026-07-30T19:12:34.793Z,23.687,23.7,0.1,1.4,0.0,0.0,0.0,0.0,0.0,0.0,0.0,0.0,1.0,0.0,0.0,0.0,9.0,4.0,0.0,0.0,0.0,0.0,0.0,0.0,0.0,0.0,6.0,12.0,1.0,12.15,5.01,2.51,1.49,0.0,0.0,0.0,62.6,0.0,-0.3,0.0,-0.3,132.8,0.0,0.0,227.3,0.0,21.3,27.8,27.8,28.5,300.0,300.0,31.0,34.7,29.3,28.4,30.4,,,,,,,,,,,,,,,,,,,,,,,,
2026-07-30T19:12:34.805Z,23.699,23.712,0.1,1.4,0.0,0.0,0.0,0.0,0.0,0.0,0.0,0.0,1.0,0.0,0.0,0.0,9.0,4.0,0.0,0.0,0.0,0.0,0.0,0.0,0.0,0.0,1.0,12.0,1.0,12.15,5.01,2.51,1.49,-0.1,0.0,0.0,62.2,0.0,-0.3,0.5,0.3,132.8,0.0,0.0,227.3,0.0,21.3,27.8,27.8,28.5,300.0,300.0,31.0,34.7,29.3,28.4,30.4,,,,,,,,,,,,,,,,,,,,,,,,
2026-07-30T19:12:34.816Z,23.71,23.724,0.1,1.4,0.0,0.0,0.0,0.0,0.0,0.0,0.0,0.0,1.0,0.0,0.0,0.0,9.0,4.0,0.0,0.0,0.0,0.0,0.0,0.0,0.0,0.0,1.0,12.0,1.0,12.15,5.01,2.51,1.49,0.0,0.0,0.0,61.7,0.0,-0.3,-1.8,-1.4,132.8,0.0,0.0,227.3,0.0,21.3,27.8,27.8,28.5,300.0,300.0,31.0,34.7,29.3,28.4,30.4,,,,,,,,,,,,,,,,,,,,,,,,
2026-07-30T19:12:34.829Z,23.723,23.736,0.0,1.4,0.0,0.0,0.0,0.0,0.0,0.0,0.0,0.0,1.0,0.0,0.0,0.0,9.0,4.0,0.0,0.0,0.0,0.0,0.0,0.0,0.0,0.0,3.0,12.0,1.0,12.15,5.01,2.51,1.49,0.0,0.0,0.0,61.3,0.0,0.2,1.0,0.2,132.8,0.0,0.0,226.5,0.0,21.3,27.8,27.8,28.5,300.0,300.0,31.0,34.7,29.3,28.4,30.4,,,,,,,,,,,,,,,,,,,,,,,,
2026-07-30T19:12:34.841Z,23.735,23.748,0.1,1.4,0.0,0.0,0.0,0.0,0.0,0.0,0.0,0.0,1.0,0.0,0.0,0.0,9.0,4.0,0.0,0.0,0.0,0.0,0.0,0.0,0.0,0.0,4.0,12.0,1.0,12.15,5.01,2.51,1.49,0.0,0.1,0.0,60.900000000000006,0.0,0.2,0.4,0.3,132.8,0.0,0.0,227.0,0.0,21.3,27.8,27.8,28.5,300.0,300.0,31.0,34.7,29.3,28.4,30.4,,,,,,,,,,,,,,,,,,,,,,,,
2026-07-30T19:12:34.853Z,23.747,23.76,0.1,1.4,0.0,0.0,0.0,0.0,0.0,0.0,0.0,0.0,1.0,0.0,0.0,0.0,9.0,4.0,0.0,0.0,0.0,0.0,0.0,0.0,0.0,0.0,5.0,12.0,1.0,12.15,5.01,2.51,1.49,0.0,0.0,0.0,60.5,0.0,0.8,1.1,2.0,132.8,0.0,0.0,227.4,0.0,21.3,27.8,27.8,28.5,300.0,300.0,31.0,34.7,29.3,28.4,30.4,,,,,,,,,,,,,,,,,,,,,,,,
2026-07-30T19:12:34.865Z,23.759,23.772,0.1,1.4,0.0,0.0,0.0,0.0,0.0,0.0,0.0,0.0,1.0,0.0,0.0,0.0,9.0,4.0,0.0,0.0,0.0,0.0,0.0,0.0,0.0,0.0,6.0,12.0,1.0,12.17,5.0200000000000005,2.51,1.49,0.0,0.0,0.0,60.1,0.0,-0.8,-0.6000000000000001,-0.8,132.8,0.0,0.0,227.3,0.0,21.700000000000003,27.8,27.8,28.5,300.0,300.0,31.0,34.7,29.3,28.4,30.4,,,,,,,,,,,,,,,,,,,,,,,,
2026-07-30T19:12:34.877Z,23.771,23.784,0.1,1.4,0.0,0.0,0.0,0.0,0.0,0.0,0.0,0.0,1.0,0.0,0.0,0.0,9.0,4.0,0.0,0.0,0.0,0.0,0.0,0.0,0.0,0.0,1.0,12.0,1.0,12.17,5.0200000000000005,2.51,1.49,0.0,0.1,0.0,59.7,0.0,0.2,0.5,0.3,132.8,0.0,0.0,227.3,0.0,21.700000000000003,27.8,27.8,28.5,300.0,300.0,31.0,34.7,29.3,28.4,30.4,,,,,,,,,,,,,,,,,,,,,,,,
2026-07-30T19:12:34.889Z,23.783,23.796,0.1,1.4,0.0,0.0,0.0,0.0,0.0,0.0,0.0,0.0,1.0,0.0,0.0,0.0,9.0,4.0,0.0,0.0,0.0,0.0,0.0,0.0,0.0,0.0,2.0,12.0,1.0,12.17,5.0200000000000005,2.51,1.49,0.0,0.1,0.0,59.3,0.0,-0.3,1.1,0.9,132.8,0.0,0.0,227.3,0.0,21.700000000000003,27.8,27.8,28.5,300.0,300.0,31.0,34.7,29.3,28.4,30.4,,,,,,,,,,,,,,,,,,,,,,,,
2026-07-30T19:12:34.901Z,23.795,23.808,0.1,1.4,0.0,0.0,0.0,0.0,0.0,0.0,0.0,0.0,1.0,0.0,0.0,0.0,9.0,4.0,0.0,0.0,0.0,0.0,0.0,0.0,0.0,0.0,2.0,12.0,1.0,12.17,5.0200000000000005,2.51,1.49,0.0,0.1,0.0,58.900000000000006,0.0,-0.3,-0.6000000000000001,-2.0,132.8,0.0,0.0,227.3,0.0,21.700000000000003,27.8,27.8,28.5,300.0,300.0,31.0,34.7,29.3,28.4,30.4,,,,,,,,,,,,,,,,,,,,,,,,
2026-07-30T19:12:34.913Z,23.807,23.82,0.1,1.4,0.0,0.0,0.0,0.0,0.0,0.0,0.0,0.0,1.0,0.0,0.0,0.0,9.0,4.0,0.0,0.0,0.0,0.0,0.0,0.0,0.0,0.0,3.0,12.0,1.0,12.17,5.0200000000000005,2.51,1.49,0.0,0.0,0.0,58.5,0.0,0.8,-0.6000000000000001,0.3,132.8,0.0,0.0,227.3,0.0,21.700000000000003,27.8,27.8,28.5,300.0,300.0,31.0,34.7,29.3,28.4,30.4,,,,,,,,,,,,,,,,,,,,,,,,
2026-07-30T19:12:34.925Z,23.819,23.832,0.1,1.4,0.0,0.0,0.0,0.0,0.0,0.0,0.0,0.0,1.0,0.0,0.0,0.0,9.0,4.0,0.0,0.0,0.0,0.0,0.0,0.0,0.0,0.0,4.0,12.0,1.0,12.17,5.0200000000000005,2.51,1.49,0.0,0.0,0.0,58.1,0.0,-0.3,0.0,-0.2,132.8,0.0,0.0,227.4,0.0,21.700000000000003,27.8,27.8,28.5,300.0,300.0,31.0,34.7,29.3,28.4,30.4,,,,,,,,,,,,,,,,,,,,,,,,
2026-07-30T19:12:34.937Z,23.831,23.844,0.1,1.4,0.0,0.0,0.0,0.0,0.0,0.0,0.0,0.0,1.0,0.0,0.0,0.0,9.0,4.0,0.0,0.0,0.0,0.0,0.0,0.0,0.0,0.0,5.0,12.0,1.0,12.17,5.0200000000000005,2.51,1.49,0.0,0.0,0.0,57.7,0.0,-0.2,1.1,-0.1,132.8,0.0,0.0,226.1,0.0,21.700000000000003,27.8,27.8,28.5,300.0,300.0,31.0,34.7,29.3,28.4,30.4,,,,,,,,,,,,,,,,,,,,,,,,
2026-07-30T19:12:34.949Z,23.843,23.856,0.1,1.4,0.0,0.0,0.0,0.0,0.0,0.0,0.0,0.0,1.0,0.0,0.0,0.0,9.0,4.0,0.0,0.0,0.0,0.0,0.0,0.0,0.0,0.0,6.0,12.0,1.0,12.17,5.0200000000000005,2.51,1.49,0.0,0.0,0.0,57.3,0.0,-0.2,-0.6000000000000001,0.3,132.8,0.0,0.0,227.4,0.0,21.700000000000003,27.8,27.8,28.5,300.0,300.0,31.0,34.7,29.3,28.4,30.4,,,,,,,,,,,,,,,,,,,,,,,,
2026-07-30T19:12:34.963Z,23.857,23.868,0.1,1.4,0.0,0.0,0.0,0.0,0.0,0.0,0.0,0.0,1.0,0.0,0.0,0.0,9.0,4.0,0.0,0.0,0.0,0.0,0.0,0.0,0.0,0.0,2.0,12.0,1.0,12.18,5.01,2.51,1.49,0.0,0.0,0.0,56.8,0.0,-0.2,-1.1,0.9,132.8,0.0,0.0,227.3,0.0,21.4,27.8,27.8,28.5,300.0,300.0,31.0,34.7,29.3,28.4,30.4,,,,,,,,,,,,,,,,,,,,,,,,
2026-07-30T19:12:34.972Z,23.866,23.88,0.0,1.4,0.0,0.0,0.0,0.0,0.0,0.0,0.0,0.0,1.0,0.0,0.0,0.0,9.0,4.0,0.0,0.0,0.0,0.0,0.0,0.0,0.0,0.0,2.0,12.0,1.0,12.18,5.01,2.51,1.49,0.0,0.0,0.0,56.5,0.0,0.3,0.5,-0.7000000000000001,132.8,0.0,0.0,227.3,0.0,21.4,27.8,27.8,28.5,300.0,300.0,31.0,34.7,29.3,28.4,30.4,,,,,,,,,,,,,,,,,,,,,,,,
2026-07-30T19:12:34.985Z,23.879,23.892,0.0,1.4,0.0,0.0,0.0,0.0,0.0,0.0,0.0,0.0,1.0,0.0,0.0,0.0,9.0,4.0,0.0,0.0,0.0,0.0,0.0,0.0,0.0,0.0,3.0,12.0,1.0,12.18,5.01,2.51,1.49,0.0,0.0,0.0,56.1,0.0,0.3,0.5,1.6,132.8,0.0,0.0,227.3,0.0,21.4,27.8,27.8,28.5,300.0,300.0,31.0,34.7,29.3,28.4,30.4,,,,,,,,,,,,,,,,,,,,,,,,
2026-07-30T19:12:34.997Z,23.891,23.904,0.0,1.4,0.0,0.0,0.0,0.0,0.0,0.0,0.0,0.0,1.0,0.0,0.0,0.0,9.0,4.0,0.0,0.0,0.0,0.0,0.0,0.0,0.0,0.0,4.0,12.0,1.0,12.18,5.01,2.51,1.49,0.0,0.0,0.0,55.7,0.0,-0.2,0.5,-0.1,132.8,0.0,0.0,227.3,0.0,21.4,27.8,27.8,28.5,300.0,300.0,31.0,34.7,29.3,28.4,30.4,,,,,,,,,,,,,,,,,,,,,,,,
2026-07-30T19:12:35.009Z,23.903,23.916,0.0,1.4,0.0,0.0,0.0,0.0,0.0,0.0,0.0,0.0,1.0,0.0,0.0,0.0,9.0,4.0,0.0,0.0,0.0,0.0,0.0,0.0,0.0,0.0,5.0,12.0,1.0,12.18,5.01,2.51,1.49,0.0,0.0,0.0,55.3,0.0,0.8,-0.5,-0.7000000000000001,132.8,0.0,0.0,227.3,0.0,21.4,27.8,27.8,28.5,300.0,300.0,31.0,34.7,29.3,28.4,30.4,,,,,,,,,,,,,,,,,,,,,,,,
2026-07-30T19:12:35.021Z,23.915,23.928,0.0,1.4,0.0,0.0,0.0,0.0,0.0,0.0,0.0,0.0,1.0,0.0,0.0,0.0,9.0,4.0,0.0,0.0,0.0,0.0,0.0,0.0,0.0,0.0,6.0,12.0,1.0,12.18,5.01,2.51,1.49,0.0,0.0,0.0,54.900000000000006,0.0,0.2,0.0,-0.1,132.70000000000002,0.0,0.0,227.4,0.0,21.4,27.8,27.8,28.5,300.0,300.0,31.0,34.7,29.3,28.4,30.4,,,,,,,,,,,,,,,,,,,,,,,,
2026-07-30T19:12:35.032Z,23.926,23.94,0.0,1.4,0.0,0.0,0.0,0.0,0.0,0.0,0.0,0.0,1.0,0.0,0.0,0.0,9.0,4.0,0.0,0.0,0.0,0.0,0.0,0.0,0.0,0.0,1.0,12.0,1.0,12.18,5.01,2.51,1.49,0.0,0.1,0.0,54.5,0.0,-0.2,-0.5,-0.7000000000000001,132.70000000000002,0.0,0.0,227.3,0.0,21.4,27.8,27.8,28.5,300.0,300.0,31.0,34.7,29.3,28.4,30.4,,,,,,,,,,,,,,,,,,,,,,,,
2026-07-30T19:12:35.045Z,23.939,23.952,0.0,1.4,0.0,0.0,0.0,0.0,0.0,0.0,0.0,0.0,1.0,0.0,0.0,0.0,9.0,4.0,0.0,0.0,0.0,0.0,0.0,0.0,0.0,0.0,2.0,12.0,1.0,12.18,5.01,2.51,1.49,0.0,0.0,0.0,54.2,0.0,-0.2,-0.4,-0.1,132.8,0.0,0.0,227.1,0.0,21.4,27.8,27.8,28.5,300.0,300.0,31.0,34.7,29.3,28.4,30.4,,,,,,,,,,,,,,,,,,,,,,,,
2026-07-30T19:12:35.057Z,23.951,23.964,0.0,1.4,0.0,0.0,0.0,0.0,0.0,0.0,0.0,0.0,1.0,0.0,0.0,0.0,9.0,4.0,0.0,0.0,0.0,0.0,0.0,0.0,0.0,0.0,4.0,12.0,1.0,12.18,5.01,2.51,1.49,0.0,0.0,0.0,53.8,0.0,0.9,0.1,0.4,132.8,0.0,0.0,227.2,0.0,21.4,27.8,27.8,28.5,300.0,300.0,31.0,34.7,29.3,28.4,30.4,,,,,,,,,,,,,,,,,,,,,,,,
2026-07-30T19:12:35.069Z,23.963,23.976,0.0,1.4,0.0,0.0,0.0,0.0,0.0,0.0,0.0,0.0,1.0,0.0,0.0,0.0,9.0,4.0,0.0,0.0,0.0,0.0,0.0,0.0,0.0,0.0,5.0,12.0,1.0,12.18,5.01,2.5,1.49,0.0,0.0,0.0,53.400000000000006,0.0,0.9,0.1,0.4,132.8,0.0,0.0,227.3,0.0,20.9,27.8,27.8,28.5,300.0,300.0,31.0,34.800000000000004,29.3,28.4,30.4,,,,,,,,,,,,,,,,,,,,,,,,
2026-07-30T19:12:35.081Z,23.975,23.988,0.0,1.4,0.0,0.0,0.0,0.0,0.0,0.0,0.0,0.0,1.0,0.0,0.0,0.0,9.0,4.0,0.0,0.0,0.0,0.0,0.0,0.0,0.0,0.0,6.0,12.0,1.0,12.18,5.01,2.5,1.49,0.0,0.0,0.0,53.1,0.0,0.3,0.1,-0.1,132.8,0.0,0.0,227.3,0.0,20.9,27.8,27.8,28.5,300.0,300.0,31.0,34.800000000000004,29.3,28.4,30.4,,,,,,,,,,,,,,,,,,,,,,,,
2026-07-30T19:12:35.094Z,23.988,24.0,0.0,1.4,0.0,0.0,0.0,0.0,0.0,0.0,0.0,0.0,1.0,0.0,0.0,0.0,9.0,4.0,0.0,0.0,0.0,0.0,0.0,0.0,0.0,0.0,1.0,12.0,1.0,12.18,5.01,2.5,1.49,0.0,0.0,0.0,52.7,0.0,0.9,-0.4,-0.1,132.8,0.0,0.0,227.3,0.0,20.9,27.8,27.8,28.5,300.0,300.0,31.0,34.800000000000004,29.3,28.4,30.4,,,,,,,,,,,,,,,,,,,,,,,,
2026-07-30T19:12:35.106Z,24.0,24.012,0.0,1.4,0.0,0.0,0.0,0.0,0.0,0.0,0.0,0.0,1.0,0.0,0.0,0.0,9.0,4.0,0.0,0.0,0.0,0.0,0.0,0.0,0.0,0.0,2.0,12.0,1.0,12.18,5.01,2.5,1.49,0.0,0.0,0.0,52.3,0.0,-0.1,0.1,0.0,132.8,0.0,0.0,227.3,0.0,20.9,27.8,27.8,28.5,300.0,300.0,31.0,34.800000000000004,29.3,28.4,30.4,,,,,,,,,,,,,,,,,,,,,,,,
2026-07-30T19:12:35.117Z,24.011,24.024,0.0,1.4,0.0,0.0,0.0,0.0,0.0,0.0,0.0,0.0,1.0,0.0,0.0,0.0,9.0,4.0,0.0,0.0,0.0,0.0,0.0,0.0,0.0,0.0,3.0,12.0,1.0,12.18,5.01,2.5,1.49,0.0,0.0,0.0,51.900000000000006,0.0,0.9,0.6000000000000001,0.4,132.8,0.0,0.0,227.3,0.0,20.9,27.8,27.8,28.5,300.0,300.0,31.0,34.800000000000004,29.3,28.4,30.4,,,,,,,,,,,,,,,,,,,,,,,,
2026-07-30T19:12:35.129Z,24.023,24.036,0.0,1.4,0.0,0.0,0.0,0.0,0.0,0.0,0.0,0.0,1.0,0.0,0.0,0.0,9.0,4.0,0.0,0.0,0.0,0.0,0.0,0.0,0.0,0.0,4.0,12.0,1.0,12.18,5.01,2.5,1.49,0.0,0.0,0.0,51.6,0.0,-0.2,0.6000000000000001,0.4,132.8,0.0,0.0,227.3,0.0,20.9,27.8,27.8,28.5,300.0,300.0,31.0,34.800000000000004,29.3,28.4,30.4,,,,,,,,,,,,,,,,,,,,,,,,
2026-07-30T19:12:35.141Z,24.035,24.048,0.0,1.4,0.0,0.0,0.0,0.0,0.0,0.0,0.0,0.0,1.0,0.0,0.0,0.0,9.0,4.0,0.0,0.0,0.0,0.0,0.0,0.0,0.0,0.0,5.0,12.0,1.0,12.18,5.01,2.5,1.49,0.0,0.0,0.0,51.2,0.0,-0.2,0.6000000000000001,1.0,132.8,0.0,0.0,226.7,0.0,20.9,27.8,27.8,28.5,300.0,300.0,31.0,34.800000000000004,29.3,28.4,30.4,,,,,,,,,,,,,,,,,,,,,,,,
2026-07-30T19:12:35.153Z,24.047,24.06,0.0,1.4,0.0,0.0,0.0,0.0,0.0,0.0,0.0,0.0,1.0,0.0,0.0,0.0,9.0,4.0,0.0,0.0,0.0,0.0,0.0,0.0,0.0,0.0,6.0,12.0,1.0,12.18,5.01,2.5,1.49,0.0,0.0,0.0,50.900000000000006,0.0,0.3,-0.4,0.0,132.8,0.0,0.0,227.4,0.0,20.9,27.8,27.8,28.5,300.0,300.0,31.0,34.800000000000004,29.3,28.4,30.4,,,,,,,,,,,,,,,,,,,,,,,,
2026-07-30T19:12:35.166Z,24.06,24.072,0.0,1.4,0.0,0.0,0.0,0.0,0.0,0.0,0.0,0.0,1.0,0.0,0.0,0.0,9.0,4.0,0.0,0.0,0.0,0.0,0.0,0.0,0.0,0.0,1.0,12.0,1.0,12.13,5.0200000000000005,2.51,1.49,0.0,0.0,0.0,50.5,0.0,-0.2,0.6000000000000001,1.0,132.8,0.0,0.0,227.4,0.0,21.700000000000003,27.9,27.9,28.5,300.0,300.0,31.1,34.800000000000004,29.3,28.4,30.4,,,,,,,,,,,,,,,,,,,,,,,,
2026-07-30T19:12:35.177Z,24.071,24.084,0.0,1.4,0.0,0.0,0.0,0.0,0.0,0.0,0.0,0.0,1.0,0.0,0.0,0.0,9.0,4.0,0.0,0.0,0.0,0.0,0.0,0.0,0.0,0.0,2.0,12.0,1.0,12.13,5.0200000000000005,2.51,1.49,0.0,0.0,0.0,50.1,0.0,-0.2,0.6000000000000001,-0.7000000000000001,132.8,0.0,0.0,227.3,0.0,21.700000000000003,27.9,27.9,28.5,300.0,300.0,31.1,34.800000000000004,29.3,28.4,30.4,,,,,,,,,,,,,,,,,,,,,,,,
2026-07-30T19:12:35.189Z,24.083,24.096,0.0,1.4,0.0,0.0,0.0,0.0,0.0,0.0,0.0,0.0,1.0,0.0,0.0,0.0,9.0,4.0,0.0,0.0,0.0,0.0,0.0,0.0,0.0,0.0,4.0,12.0,1.0,12.13,5.0200000000000005,2.51,1.49,0.0,0.0,0.0,49.8,0.0,0.3,1.2000000000000002,1.5,132.8,0.0,0.0,227.4,0.0,21.700000000000003,27.9,27.9,28.5,300.0,300.0,31.1,34.800000000000004,29.3,28.4,30.4,,,,,,,,,,,,,,,,,,,,,,,,
2026-07-30T19:12:35.203Z,24.097,24.108,0.0,1.4,0.0,0.0,0.0,0.0,0.0,0.0,0.0,0.0,1.0,0.0,0.0,0.0,9.0,4.0,0.0,0.0,0.0,0.0,0.0,0.0,0.0,0.0,5.0,12.0,1.0,12.13,5.0200000000000005,2.51,1.49,0.0,0.0,0.0,49.400000000000006,0.0,-0.2,0.0,-0.1,132.8,0.0,0.0,227.3,0.0,21.700000000000003,27.9,27.9,28.5,300.0,300.0,31.1,34.800000000000004,29.3,28.4,30.4,,,,,,,,,,,,,,,,,,,,,,,,
2026-07-30T19:12:35.213Z,24.107,24.12,0.0,1.4,0.0,0.0,0.0,0.0,0.0,0.0,0.0,0.0,1.0,0.0,0.0,0.0,9.0,4.0,0.0,0.0,0.0,0.0,0.0,0.0,0.0,0.0,5.0,12.0,1.0,12.13,5.0200000000000005,2.51,1.49,0.0,0.0,0.0,49.1,0.0,0.3,0.6000000000000001,-0.7000000000000001,132.8,0.0,0.0,227.3,0.0,21.700000000000003,27.9,27.9,28.5,300.0,300.0,31.1,34.800000000000004,29.3,28.4,30.4,,,,,,,,,,,,,,,,,,,,,,,,
2026-07-30T19:12:35.226Z,24.12,24.132,0.0,1.4,0.0,0.0,0.0,0.0,0.0,0.0,0.0,0.0,1.0,0.0,0.0,0.0,9.0,4.0,0.0,0.0,0.0,0.0,0.0,0.0,0.0,0.0,6.0,12.0,1.0,12.13,5.0200000000000005,2.51,1.49,0.0,0.0,0.0,48.7,0.0,-0.2,0.6000000000000001,2.1,132.70000000000002,0.0,0.0,227.3,0.0,21.700000000000003,27.9,27.9,28.5,300.0,300.0,31.1,34.800000000000004,29.3,28.4,30.4,,,,,,,,,,,,,,,,,,,,,,,,
2026-07-30T19:12:35.237Z,24.131,24.144,0.0,1.4,0.0,0.0,0.0,0.0,0.0,0.0,0.0,0.0,1.0,0.0,0.0,0.0,9.0,4.0,0.0,0.0,0.0,0.0,0.0,0.0,0.0,0.0,2.0,12.0,1.0,12.13,5.0200000000000005,2.51,1.49,0.0,0.0,0.0,48.400000000000006,0.0,0.3,0.0,-0.1,132.70000000000002,0.0,0.0,227.4,0.0,21.700000000000003,27.9,27.9,28.5,300.0,300.0,31.1,34.800000000000004,29.3,28.4,30.4,,,,,,,,,,,,,,,,,,,,,,,,
2026-07-30T19:12:35.249Z,24.143,24.156,0.0,1.4,0.0,0.0,0.0,0.0,0.0,0.0,0.0,0.0,1.0,0.0,0.0,0.0,9.0,4.0,0.0,0.0,0.0,0.0,0.0,0.0,0.0,0.0,3.0,12.0,1.0,12.13,5.0200000000000005,2.51,1.49,0.0,0.0,0.0,48.0,0.0,0.2,0.0,-0.7000000000000001,132.8,0.0,0.0,226.1,0.0,21.700000000000003,27.9,27.9,28.5,300.0,300.0,31.1,34.800000000000004,29.3,28.4,30.4,,,,,,,,,,,,,,,,,,,,,,,,
2026-07-30T19:12:35.261Z,24.155,24.168,0.0,1.4,0.0,0.0,0.0,0.0,0.0,0.0,0.0,0.0,1.0,0.0,0.0,0.0,9.0,4.0,0.0,0.0,0.0,0.0,0.0,0.0,0.0,0.0,4.0,12.0,1.0,12.13,5.0200000000000005,2.51,1.49,0.0,0.0,0.0,47.7,0.0,0.2,0.5,-0.1,132.8,0.0,0.0,227.4,0.0,21.700000000000003,27.9,27.9,28.5,300.0,300.0,31.1,34.800000000000004,29.3,28.4,30.4,,,,,,,,,,,,,,,,,,,,,,,,
2026-07-30T19:12:35.273Z,24.167,24.18,0.0,1.4,0.0,0.0,0.0,0.0,0.0,0.0,0.0,0.0,1.0,0.0,0.0,0.0,9.0,4.0,0.0,0.0,0.0,0.0,0.0,0.0,0.0,0.0,5.0,12.0,1.0,12.17,5.0200000000000005,2.51,1.49,0.0,0.0,0.0,47.400000000000006,0.0,0.8,0.0,0.4,132.8,0.0,0.0,227.5,0.0,21.3,27.9,27.9,28.5,300.0,300.0,31.1,34.7,29.3,28.4,30.4,,,,,,,,,,,,,,,,,,,,,,,,
2026-07-30T19:12:35.285Z,24.179,24.192,0.0,1.4,0.0,0.0,0.0,0.0,0.0,0.0,0.0,0.0,1.0,0.0,0.0,0.0,9.0,4.0,0.0,0.0,0.0,0.0,0.0,0.0,0.0,0.0,6.0,12.0,1.0,12.17,5.0200000000000005,2.51,1.49,0.0,0.0,0.0,47.0,0.0,0.2,0.5,1.0,132.8,0.0,0.0,227.3,0.0,21.3,27.9,27.9,28.5,300.0,300.0,31.1,34.7,29.3,28.4,30.4,,,,,,,,,,,,,,,,,,,,,,,,
2026-07-30T19:12:35.297Z,24.191,24.204,0.0,1.4,0.0,0.0,0.0,0.0,0.0,0.0,0.0,0.0,1.0,0.0,0.0,0.0,9.0,4.0,0.0,0.0,0.0,0.0,0.0,0.0,0.0,0.0,2.0,12.0,1.0,12.17,5.0200000000000005,2.51,1.49,0.0,0.0,0.0,46.7,0.0,0.2,0.0,1.5,132.8,0.0,0.0,227.3,0.0,21.3,27.9,27.9,28.5,300.0,300.0,31.1,34.7,29.3,28.4,30.4,,,,,,,,,,,,,,,,,,,,,,,,
2026-07-30T19:12:35.309Z,24.203,24.216,0.0,1.4,0.0,0.0,0.0,0.0,0.0,0.0,0.0,0.0,1.0,0.0,0.0,0.0,9.0,4.0,0.0,0.0,0.0,0.0,0.0,0.0,0.0,0.0,3.0,12.0,1.0,12.17,5.0200000000000005,2.51,1.49,0.0,0.0,0.0,46.3,0.0,-0.3,0.0,-1.9,132.8,0.0,0.0,227.3,0.0,21.3,27.9,27.9,28.5,300.0,300.0,31.1,34.7,29.3,28.4,30.4,,,,,,,,,,,,,,,,,,,,,,,,
2026-07-30T19:12:35.321Z,24.215,24.228,0.0,1.4,0.0,0.0,0.0,0.0,0.0,0.0,0.0,0.0,1.0,0.0,0.0,0.0,9.0,4.0,0.0,0.0,0.0,0.0,0.0,0.0,0.0,0.0,4.0,12.0,1.0,12.17,5.0200000000000005,2.51,1.49,0.0,0.0,0.0,46.0,0.0,0.2,0.0,0.3,132.70000000000002,0.0,0.0,227.3,0.0,21.3,27.9,27.9,28.5,300.0,300.0,31.1,34.7,29.3,28.4,30.4,,,,,,,,,,,,,,,,,,,,,,,,
2026-07-30T19:12:35.333Z,24.227,24.24,0.0,1.4,0.0,0.0,0.0,0.0,0.0,0.0,0.0,0.0,1.0,0.0,0.0,0.0,9.0,4.0,0.0,0.0,0.0,0.0,0.0,0.0,0.0,0.0,6.0,12.0,1.0,12.17,5.0200000000000005,2.51,1.49,0.0,0.0,0.0,45.7,0.0,-0.9,0.5,0.3,132.70000000000002,0.0,0.0,227.3,0.0,21.3,27.9,27.9,28.5,300.0,300.0,31.1,34.7,29.3,28.4,30.4,,,,,,,,,,,,,,,,,,,,,,,,
2026-07-30T19:12:35.345Z,24.239,24.252,0.0,1.4,0.0,0.0,0.0,0.0,0.0,0.0,0.0,0.0,1.0,0.0,0.0,0.0,9.0,4.0,0.0,0.0,0.0,0.0,0.0,0.0,0.0,0.0,1.0,12.0,1.0,12.17,5.0200000000000005,2.51,1.49,0.0,0.0,0.0,45.3,0.0,-0.4,-0.6000000000000001,-0.8,132.70000000000002,0.0,0.0,227.4,0.0,21.3,27.9,27.9,28.5,300.0,300.0,31.1,34.7,29.3,28.4,30.4,,,,,,,,,,,,,,,,,,,,,,,,
2026-07-30T19:12:35.357Z,24.251,24.264,0.0,1.4,0.0,0.0,0.0,0.0,0.0,0.0,0.0,0.0,1.0,0.0,0.0,0.0,9.0,4.0,0.0,0.0,0.0,0.0,0.0,0.0,0.0,0.0,2.0,12.0,1.0,12.17,5.0200000000000005,2.51,1.49,0.0,0.0,0.0,45.0,0.0,-1.0,-0.6000000000000001,-0.2,132.8,0.0,0.0,227.3,0.0,21.3,27.9,27.9,28.5,300.0,300.0,31.1,34.7,29.3,28.4,30.4,,,,,,,,,,,,,,,,,,,,,,,,
2026-07-30T19:12:35.370Z,24.264,24.276,0.0,1.4,0.0,0.0,0.0,0.0,0.0,0.0,0.0,0.0,1.0,0.0,0.0,0.0,9.0,4.0,0.0,0.0,0.0,0.0,0.0,0.0,0.0,0.0,3.0,12.0,1.0,12.11,5.01,2.51,1.49,0.0,0.0,0.0,44.7,0.0,-0.4,0.0,-0.8,132.70000000000002,0.0,0.0,227.5,0.0,21.4,27.9,27.9,28.5,300.0,300.0,31.0,34.7,29.200000000000003,28.4,30.3,,,,,,,,,,,,,,,,,,,,,,,,
2026-07-30T19:12:35.381Z,24.275,24.288,0.0,1.4,0.0,0.0,0.0,0.0,0.0,0.0,0.0,0.0,1.0,0.0,0.0,0.0,9.0,4.0,0.0,0.0,0.0,0.0,0.0,0.0,0.0,0.0,6.0,12.0,1.0,12.11,5.01,2.51,1.49,0.0,0.0,0.0,44.400000000000006,0.0,0.7000000000000001,1.1,0.3,132.70000000000002,0.0,0.0,227.4,0.0,21.4,27.9,27.9,28.5,300.0,300.0,31.0,34.7,29.200000000000003,28.4,30.3,,,,,,,,,,,,,,,,,,,,,,,,
2026-07-30T19:12:35.393Z,24.287,24.3,0.1,1.4,0.0,0.0,0.0,0.0,0.0,0.0,0.0,0.0,1.0,0.0,0.0,0.0,9.0,4.0,0.0,0.0,0.0,0.0,0.0,0.0,0.0,0.0,1.0,12.0,1.0,12.11,5.01,2.51,1.49,0.0,0.0,0.0,44.1,0.0,-0.3,-1.1,0.3,132.70000000000002,0.0,0.0,227.3,0.0,21.4,27.9,27.9,28.5,300.0,300.0,31.0,34.7,29.200000000000003,28.4,30.3,,,,,,,,,,,,,,,,,,,,,,,,
2026-07-30T19:12:35.405Z,24.299,24.312,0.0,1.4,0.0,0.0,0.0,0.0,0.0,0.0,0.0,0.0,1.0,0.0,0.0,0.0,9.0,4.0,0.0,0.0,0.0,0.0,0.0,0.0,0.0,0.0,2.0,12.0,1.0,12.11,5.01,2.51,1.49,0.0,0.0,0.0,43.8,0.0,-0.3,0.0,0.4,132.70000000000002,0.0,0.0,227.3,0.0,21.4,27.9,27.9,28.5,300.0,300.0,31.0,34.7,29.200000000000003,28.4,30.3,,,,,,,,,,,,,,,,,,,,,,,,
2026-07-30T19:12:35.417Z,24.311,24.324,0.0,1.4,0.0,0.0,0.0,0.0,0.0,0.0,0.0,0.0,1.0,0.0,0.0,0.0,9.0,4.0,0.0,0.0,0.0,0.0,0.0,0.0,0.0,0.0,3.0,12.0,1.0,12.11,5.01,2.51,1.49,0.0,0.0,0.0,43.400000000000006,0.0,-0.3,0.0,0.4,132.70000000000002,0.0,0.0,227.3,0.0,21.4,27.9,27.9,28.5,300.0,300.0,31.0,34.7,29.200000000000003,28.4,30.3,,,,,,,,,,,,,,,,,,,,,,,,
2026-07-30T19:12:35.429Z,24.323,24.336,0.1,1.4,0.0,0.0,0.0,0.0,0.0,0.0,0.0,0.0,1.0,0.0,0.0,0.0,9.0,4.0,0.0,0.0,0.0,0.0,0.0,0.0,0.0,0.0,4.0,12.0,1.0,12.11,5.01,2.51,1.49,0.0,0.0,0.0,43.0,0.0,0.8,-0.6000000000000001,-0.6000000000000001,132.70000000000002,0.0,0.0,227.3,0.0,21.4,27.9,27.9,28.5,300.0,300.0,31.0,34.7,29.200000000000003,28.4,30.3,,,,,,,,,,,,,,,,,,,,,,,,
2026-07-30T19:12:35.441Z,24.335,24.348,0.0,1.4,0.0,0.0,0.0,0.0,0.0,0.0,0.0,0.0,1.0,0.0,0.0,0.0,9.0,4.0,0.0,0.0,0.0,0.0,0.0,0.0,0.0,0.0,5.0,12.0,1.0,12.11,5.01,2.51,1.49,0.0,0.0,0.0,42.8,0.0,-0.3,-1.1,-0.6000000000000001,132.70000000000002,0.0,0.0,227.4,0.0,21.4,27.9,27.9,28.5,300.0,300.0,31.0,34.7,29.200000000000003,28.4,30.3,,,,,,,,,,,,,,,,,,,,,,,,
2026-07-30T19:12:35.453Z,24.347,24.36,0.0,1.4,0.0,0.0,0.0,0.0,0.0,0.0,0.0,0.0,1.0,0.0,0.0,0.0,9.0,4.0,0.0,0.0,0.0,0.0,0.0,0.0,0.0,0.0,5.0,12.0,1.0,12.11,5.01,2.51,1.49,0.0,0.0,0.0,42.5,0.0,-0.9,0.0,0.5,132.70000000000002,0.0,0.0,227.1,0.0,21.4,27.9,27.9,28.5,300.0,300.0,31.0,34.7,29.200000000000003,28.4,30.3,,,,,,,,,,,,,,,,,,,,,,,,
2026-07-30T19:12:35.465Z,24.359,24.372,0.0,1.4,0.0,0.0,0.0,0.0,0.0,0.0,0.0,0.0,1.0,0.0,0.0,0.0,9.0,4.0,0.0,0.0,0.0,0.0,0.0,0.0,0.0,0.0,6.0,12.0,1.0,12.11,5.01,2.51,1.49,0.0,0.0,0.0,42.2,0.0,0.2,0.5,-1.2000000000000002,132.8,0.0,0.0,227.3,0.0,21.4,27.9,27.9,28.5,300.0,300.0,31.0,34.7,29.200000000000003,28.4,30.3,,,,,,,,,,,,,,,,,,,,,,,,
2026-07-30T19:12:35.477Z,24.371,24.384,0.0,1.4,0.0,0.0,0.0,0.0,0.0,0.0,0.0,0.0,1.0,0.0,0.0,0.0,9.0,4.0,0.0,0.0,0.0,0.0,0.0,0.0,0.0,0.0,1.0,12.0,1.0,12.17,5.0200000000000005,2.5,1.49,0.0,0.0,0.0,41.8,0.0,0.2,0.0,1.1,132.8,0.0,0.0,227.3,0.0,21.0,27.9,27.9,28.5,300.0,300.0,31.0,34.7,29.200000000000003,28.4,30.4,,,,,,,,,,,,,,,,,,,,,,,,
2026-07-30T19:12:35.489Z,24.383,24.396,0.0,1.4,0.0,0.0,0.0,0.0,0.0,0.0,0.0,0.0,1.0,0.0,0.0,0.0,9.0,4.0,0.0,0.0,0.0,0.0,0.0,0.0,0.0,0.0,2.0,12.0,1.0,12.17,5.0200000000000005,2.5,1.49,0.0,0.1,0.0,41.6,0.0,0.2,0.0,-0.6000000000000001,132.70000000000002,0.0,0.0,227.3,0.0,21.0,27.9,27.9,28.5,300.0,300.0,31.0,34.7,29.200000000000003,28.4,30.4,,,,,,,,,,,,,,,,,,,,,,,,
2026-07-30T19:12:35.502Z,24.396,24.408,0.0,1.4,0.0,0.0,0.0,0.0,0.0,0.0,0.0,0.0,1.0,0.0,0.0,0.0,9.0,4.0,0.0,0.0,0.0,0.0,0.0,0.0,0.0,0.0,3.0,12.0,1.0,12.17,5.0200000000000005,2.5,1.49,0.0,0.0,0.0,41.3,0.0,0.3,0.0,-0.6000000000000001,132.70000000000002,0.0,0.0,227.3,0.0,21.0,27.9,27.9,28.5,300.0,300.0,31.0,34.7,29.200000000000003,28.4,30.4,,,,,,,,,,,,,,,,,,,,,,,,
2026-07-30T19:12:35.514Z,24.408,24.42,0.0,1.4,0.0,0.0,0.0,0.0,0.0,0.0,0.0,0.0,1.0,0.0,0.0,0.0,9.0,4.0,0.0,0.0,0.0,0.0,0.0,0.0,0.0,0.0,4.0,12.0,1.0,12.17,5.0200000000000005,2.5,1.49,0.0,0.0,0.0,41.0,0.0,-0.2,0.0,0.0,132.70000000000002,0.0,0.0,227.5,0.0,21.0,27.9,27.9,28.5,300.0,300.0,31.0,34.7,29.200000000000003,28.4,30.4,,,,,,,,,,,,,,,,,,,,,,,,
2026-07-30T19:12:35.525Z,24.419,24.432,0.0,1.4,0.0,0.0,0.0,0.0,0.0,0.0,0.0,0.0,1.0,0.0,0.0,0.0,9.0,4.0,0.0,0.0,0.0,0.0,0.0,0.0,0.0,0.0,3.0,12.0,1.0,12.17,5.0200000000000005,2.5,1.49,0.0,0.0,0.0,40.7,0.0,0.3,-0.5,0.0,132.70000000000002,0.0,0.0,227.3,0.0,21.0,27.9,27.9,28.5,300.0,300.0,31.0,34.7,29.200000000000003,28.4,30.4,,,,,,,,,,,,,,,,,,,,,,,,
2026-07-30T19:12:35.537Z,24.431,24.444,0.0,1.4,0.0,0.0,0.0,0.0,0.0,0.0,0.0,0.0,1.0,0.0,0.0,0.0,9.0,4.0,0.0,0.0,0.0,0.0,0.0,0.0,0.0,0.0,5.0,12.0,1.0,12.17,5.0200000000000005,2.5,1.49,0.0,0.0,0.0,40.3,0.0,-0.8,-1.1,-1.1,132.70000000000002,0.0,0.0,227.3,0.0,21.0,27.9,27.9,28.5,300.0,300.0,31.0,34.7,29.200000000000003,28.4,30.4,,,,,,,,,,,,,,,,,,,,,,,,
2026-07-30T19:12:35.550Z,24.444,24.456,0.0,1.4,0.0,0.0,0.0,0.0,0.0,0.0,0.0,0.0,1.0,0.0,0.0,0.0,9.0,4.0,0.0,0.0,0.0,0.0,0.0,0.0,0.0,0.0,5.0,12.0,1.0,12.17,5.0200000000000005,2.5,1.49,0.0,0.0,0.0,40.1,0.0,-0.2,1.1,-0.6000000000000001,132.70000000000002,0.0,0.0,227.4,0.0,21.0,27.9,27.9,28.5,300.0,300.0,31.0,34.7,29.200000000000003,28.4,30.4,,,,,,,,,,,,,,,,,,,,,,,,
2026-07-30T19:12:35.561Z,24.455,24.468,0.0,1.4,0.0,0.0,0.0,0.0,0.0,0.0,0.0,0.0,1.0,0.0,0.0,0.0,9.0,4.0,0.0,0.0,0.0,0.0,0.0,0.0,0.0,0.0,6.0,12.0,1.0,12.17,5.0200000000000005,2.5,1.49,0.0,0.0,0.0,39.8,0.0,-0.2,0.0,0.0,132.8,0.0,0.0,225.8,0.0,21.0,27.9,27.9,28.5,300.0,300.0,31.0,34.7,29.200000000000003,28.4,30.4,,,,,,,,,,,,,,,,,,,,,,,,
2026-07-30T19:12:35.574Z,24.468,24.48,0.0,1.4,0.0,0.0,0.0,0.0,0.0,0.0,0.0,0.0,1.0,0.0,0.0,0.0,9.0,4.0,0.0,0.0,0.0,0.0,0.0,0.0,0.0,0.0,1.0,12.0,1.0,12.14,5.01,2.51,1.49,0.0,0.0,0.0,39.5,0.0,-0.2,0.0,1.1,132.8,0.0,0.0,227.6,0.0,21.8,27.9,27.9,28.5,300.0,300.0,31.1,34.800000000000004,29.200000000000003,28.4,30.3,,,,,,,,,,,,,,,,,,,,,,,,
2026-07-30T19:12:35.585Z,24.479,24.492,0.0,1.4,0.0,0.0,0.0,0.0,0.0,0.0,0.0,0.0,1.0,0.0,0.0,0.0,9.0,4.0,0.0,0.0,0.0,0.0,0.0,0.0,0.0,0.0,2.0,12.0,1.0,12.14,5.01,2.51,1.49,0.0,0.1,0.0,39.1,0.0,-0.2,0.0,0.0,132.8,0.0,0.0,227.5,0.0,21.8,27.9,27.9,28.5,300.0,300.0,31.1,34.800000000000004,29.200000000000003,28.4,30.3,,,,,,,,,,,,,,,,,,,,,,,,
2026-07-30T19:12:35.597Z,24.491,24.504,0.0,1.4,0.0,0.0,0.0,0.0,0.0,0.0,0.0,0.0,1.0,0.0,0.0,0.0,9.0,4.0,0.0,0.0,0.0,0.0,0.0,0.0,0.0,0.0,3.0,12.0,1.0,12.14,5.01,2.51,1.49,0.0,0.0,0.0,38.900000000000006,0.0,-0.8,0.0,0.0,132.8,0.0,0.0,227.3,0.0,21.8,27.9,27.9,28.5,300.0,300.0,31.1,34.800000000000004,29.200000000000003,28.4,30.3,,,,,,,,,,,,,,,,,,,,,,,,
2026-07-30T19:12:35.609Z,24.503,24.516,0.0,1.4,0.0,0.0,0.0,0.0,0.0,0.0,0.0,0.0,1.0,0.0,0.0,0.0,9.0,4.0,0.0,0.0,0.0,0.0,0.0,0.0,0.0,0.0,5.0,12.0,1.0,12.14,5.01,2.51,1.49,0.0,0.0,0.0,38.6,0.0,-0.8,-0.5,-1.2000000000000002,132.70000000000002,0.0,0.0,227.3,0.0,21.8,27.9,27.9,28.5,300.0,300.0,31.1,34.800000000000004,29.200000000000003,28.4,30.3,,,,,,,,,,,,,,,,,,,,,,,,
2026-07-30T19:12:35.622Z,24.516,24.528,0.0,1.4,0.0,0.0,0.0,0.0,0.0,0.0,0.0,0.0,1.0,0.0,0.0,0.0,9.0,4.0,0.0,0.0,0.0,0.0,0.0,0.0,0.0,0.0,6.0,12.0,1.0,12.14,5.01,2.51,1.49,0.0,0.0,0.0,38.400000000000006,0.0,-1.4,-1.2000000000000002,-1.3,132.70000000000002,0.0,0.0,227.4,0.0,21.8,27.9,27.9,28.5,300.0,300.0,31.1,34.800000000000004,29.200000000000003,28.4,30.3,,,,,,,,,,,,,,,,,,,,,,,,
2026-07-30T19:12:35.633Z,24.527,24.54,0.0,1.4,0.0,0.0,0.0,0.0,0.0,0.0,0.0,0.0,1.0,0.0,0.0,0.0,9.0,4.0,0.0,0.0,0.0,0.0,0.0,0.0,0.0,0.0,2.0,12.0,1.0,12.14,5.01,2.51,1.49,0.0,0.0,0.0,38.0,0.0,0.3,-0.6000000000000001,0.4,132.70000000000002,0.0,0.0,227.3,0.0,21.8,27.9,27.9,28.5,300.0,300.0,31.1,34.800000000000004,29.200000000000003,28.4,30.3,,,,,,,,,,,,,,,,,,,,,,,,
2026-07-30T19:12:35.645Z,24.539,24.552,0.0,1.4,0.0,0.0,0.0,0.0,0.0,0.0,0.0,0.0,1.0,0.0,0.0,0.0,9.0,4.0,0.0,0.0,0.0,0.0,0.0,0.0,0.0,0.0,3.0,12.0,1.0,12.14,5.01,2.51,1.49,0.0,0.0,0.0,37.8,0.0,0.2,0.5,-0.7000000000000001,132.70000000000002,0.0,0.0,227.3,0.0,21.8,27.9,27.9,28.5,300.0,300.0,31.1,34.800000000000004,29.200000000000003,28.4,30.3,,,,,,,,,,,,,,,,,,,,,,,,
2026-07-30T19:12:35.658Z,24.552,24.564,0.0,1.4,0.0,0.0,0.0,0.0,0.0,0.0,0.0,0.0,1.0,0.0,0.0,0.0,9.0,4.0,0.0,0.0,0.0,0.0,0.0,0.0,0.0,0.0,4.0,12.0,1.0,12.14,5.01,2.51,1.49,0.0,0.0,0.0,37.4,0.0,-1.4,-0.6000000000000001,-0.1,132.70000000000002,0.0,0.0,227.3,0.0,21.8,27.9,27.9,28.5,300.0,300.0,31.1,34.800000000000004,29.200000000000003,28.4,30.3,,,,,,,,,,,,,,,,,,,,,,,,
2026-07-30T19:12:35.669Z,24.563,24.576,0.0,1.4,0.0,0.0,0.0,0.0,0.0,0.0,0.0,0.0,1.0,0.0,0.0,0.0,9.0,4.0,0.0,0.0,0.0,0.0,0.0,0.0,0.0,0.0,5.0,12.0,1.0,12.14,5.01,2.51,1.49,0.0,0.0,0.0,37.2,0.0,0.8,0.0,0.9,132.8,0.0,0.0,226.4,0.0,21.8,27.9,27.9,28.5,300.0,300.0,31.1,34.800000000000004,29.200000000000003,28.4,30.3,,,,,,,,,,,,,,,,,,,,,,,,
2026-07-30T19:12:35.681Z,24.575,24.588,0.0,1.4,0.0,0.0,0.0,0.0,0.0,0.0,0.0,0.0,1.0,0.0,0.0,0.0,9.0,4.0,0.0,0.0,0.0,0.0,0.0,0.0,0.0,0.0,1.0,12.0,1.0,12.14,5.01,2.51,1.49,0.0,0.0,0.0,36.9,0.0,0.2,-1.2000000000000002,-0.1,132.8,0.0,0.0,227.3,0.0,21.700000000000003,28.0,28.0,28.5,300.0,300.0,31.200000000000003,34.800000000000004,29.200000000000003,28.4,30.3,,,,,,,,,,,,,,,,,,,,,,,,
2026-07-30T19:12:35.693Z,24.587,24.6,0.0,1.4,0.0,0.0,0.0,0.0,0.0,0.0,0.0,0.0,1.0,0.0,0.0,0.0,9.0,4.0,0.0,0.0,0.0,0.0,0.0,0.0,0.0,0.0,2.0,12.0,1.0,12.14,5.01,2.51,1.49,0.0,0.0,0.0,36.7,0.0,-0.3,0.0,-0.7000000000000001,132.8,0.0,0.0,227.4,0.0,21.700000000000003,28.0,28.0,28.5,300.0,300.0,31.200000000000003,34.800000000000004,29.200000000000003,28.4,30.3,,,,,,,,,,,,,,,,,,,,,,,,
2026-07-30T19:12:35.705Z,24.599,24.612,0.0,1.4,0.0,0.0,0.0,0.0,0.0,0.0,0.0,0.0,1.0,0.0,0.0,0.0,9.0,4.0,0.0,0.0,0.0,0.0,0.0,0.0,0.0,0.0,3.0,12.0,1.0,12.14,5.01,2.51,1.49,0.0,0.0,0.0,36.4,0.0,0.2,0.0,-0.2,132.8,0.0,0.0,227.3,0.0,21.700000000000003,28.0,28.0,28.5,300.0,300.0,31.200000000000003,34.800000000000004,29.200000000000003,28.4,30.3,,,,,,,,,,,,,,,,,,,,,,,,
2026-07-30T19:12:35.717Z,24.611,24.624,0.0,1.4,0.0,0.0,0.0,0.0,0.0,0.0,0.0,0.0,1.0,0.0,0.0,0.0,9.0,4.0,0.0,0.0,0.0,0.0,0.0,0.0,0.0,0.0,4.0,12.0,1.0,12.14,5.01,2.51,1.49,0.0,0.0,0.0,36.1,0.0,0.2,0.5,0.9,132.8,0.0,0.0,227.3,0.0,21.700000000000003,28.0,28.0,28.5,300.0,300.0,31.200000000000003,34.800000000000004,29.200000000000003,28.4,30.3,,,,,,,,,,,,,,,,,,,,,,,,
2026-07-30T19:12:35.729Z,24.623,24.636,0.0,1.4,0.0,0.0,0.0,0.0,0.0,0.0,0.0,0.0,1.0,0.0,0.0,0.0,9.0,4.0,0.0,0.0,0.0,0.0,0.0,0.0,0.0,0.0,5.0,12.0,1.0,12.14,5.01,2.51,1.49,0.0,0.0,0.0,35.800000000000004,0.0,-0.3,0.0,-0.1,132.70000000000002,0.0,0.0,227.3,0.0,21.700000000000003,28.0,28.0,28.5,300.0,300.0,31.200000000000003,34.800000000000004,29.200000000000003,28.4,30.3,,,,,,,,,,,,,,,,,,,,,,,,
2026-07-30T19:12:35.741Z,24.635,24.648,0.0,1.4,0.0,0.0,0.0,0.0,0.0,0.0,0.0,0.0,1.0,0.0,0.0,0.0,9.0,4.0,0.0,0.0,0.0,0.0,0.0,0.0,0.0,0.0,6.0,12.0,1.0,12.14,5.01,2.51,1.49,0.0,0.0,0.0,35.5,0.0,-0.3,0.0,-0.2,132.70000000000002,0.0,0.0,227.3,0.0,21.700000000000003,28.0,28.0,28.5,300.0,300.0,31.200000000000003,34.800000000000004,29.200000000000003,28.4,30.3,,,,,,,,,,,,,,,,,,,,,,,,
2026-07-30T19:12:35.755Z,24.649,24.66,0.0,1.4,0.0,0.0,0.0,0.0,0.0,0.0,0.0,0.0,1.0,0.0,0.0,0.0,9.0,4.0,0.0,0.0,0.0,0.0,0.0,0.0,0.0,0.0,2.0,12.0,1.0,12.14,5.01,2.51,1.49,0.0,0.0,0.0,35.300000000000004,0.0,0.2,0.0,-0.1,132.70000000000002,0.0,0.0,227.4,0.0,21.700000000000003,28.0,28.0,28.5,300.0,300.0,31.200000000000003,34.800000000000004,29.200000000000003,28.4,30.3,,,,,,,,,,,,,,,,,,,,,,,,
2026-07-30T19:12:35.765Z,24.659,24.672,0.0,1.4,0.0,0.0,0.0,0.0,0.0,0.0,0.0,0.0,1.0,0.0,0.0,0.0,9.0,4.0,0.0,0.0,0.0,0.0,0.0,0.0,0.0,0.0,2.0,12.0,1.0,12.14,5.01,2.51,1.49,0.0,0.0,0.0,35.0,0.0,-0.8,-0.6000000000000001,0.4,132.70000000000002,0.0,0.0,227.1,0.0,21.700000000000003,28.0,28.0,28.5,300.0,300.0,31.200000000000003,34.800000000000004,29.200000000000003,28.4,30.3,,,,,,,,,,,,,,,,,,,,,,,,
2026-07-30T19:12:35.778Z,24.672,24.684,0.0,1.4,0.0,0.0,0.0,0.0,0.0,0.0,0.0,0.0,1.0,0.0,0.0,0.0,9.0,4.0,0.0,0.0,0.0,0.0,0.0,0.0,0.0,0.0,3.0,12.0,1.0,12.17,5.01,2.51,1.49,0.0,0.0,0.0,34.7,0.0,-0.8,-1.7000000000000002,0.4,132.70000000000002,0.0,0.0,227.4,0.0,21.3,28.0,28.0,28.6,300.0,300.0,31.1,34.7,29.3,28.4,30.3,,,,,,,,,,,,,,,,,,,,,,,,
2026-07-30T19:12:35.789Z,24.683,24.696,0.0,1.4,0.0,0.0,0.0,0.0,0.0,0.0,0.0,0.0,1.0,0.0,0.0,0.0,9.0,4.0,0.0,0.0,0.0,0.0,0.0,0.0,0.0,0.0,4.0,12.0,1.0,12.17,5.01,2.51,1.49,0.0,0.1,0.0,34.5,0.0,-0.8,1.1,-1.3,132.70000000000002,0.0,0.0,227.4,0.0,21.3,28.0,28.0,28.6,300.0,300.0,31.1,34.7,29.3,28.4,30.3,,,,,,,,,,,,,,,,,,,,,,,,
2026-07-30T19:12:35.801Z,24.695,24.708,0.0,1.4,0.0,0.0,0.0,0.0,0.0,0.0,0.0,0.0,1.0,0.0,0.0,0.0,9.0,4.0,0.0,0.0,0.0,0.0,0.0,0.0,0.0,0.0,5.0,12.0,1.0,12.17,5.01,2.51,1.49,0.0,0.0,0.0,34.2,0.0,-0.2,-0.5,-0.1,132.70000000000002,0.0,0.0,227.4,0.0,21.3,28.0,28.0,28.6,300.0,300.0,31.1,34.7,29.3,28.4,30.3,,,,,,,,,,,,,,,,,,,,,,,,
2026-07-30T19:12:35.813Z,24.707,24.72,0.0,1.4,0.0,0.0,0.0,0.0,0.0,0.0,0.0,0.0,1.0,0.0,0.0,0.0,9.0,4.0,0.0,0.0,0.0,0.0,0.0,0.0,0.0,0.0,6.0,12.0,1.0,12.17,5.01,2.51,1.49,0.0,0.0,0.0,33.9,0.0,0.3,0.0,1.0,132.70000000000002,0.0,0.0,227.4,0.0,21.3,28.0,28.0,28.6,300.0,300.0,31.1,34.7,29.3,28.4,30.3,,,,,,,,,,,,,,,,,,,,,,,,
2026-07-30T19:12:35.825Z,24.719,24.732,0.0,1.4,0.0,0.0,0.0,0.0,0.0,0.0,0.0,0.0,1.0,0.0,0.0,0.0,9.0,4.0,0.0,0.0,0.0,0.0,0.0,0.0,0.0,0.0,1.0,12.0,1.0,12.17,5.01,2.51,1.49,0.0,0.0,0.0,33.7,0.0,-0.2,-0.5,0.4,132.70000000000002,0.0,0.0,227.4,0.0,21.3,28.0,28.0,28.6,300.0,300.0,31.1,34.7,29.3,28.4,30.3,,,,,,,,,,,,,,,,,,,,,,,,
2026-07-30T19:12:35.837Z,24.731,24.744,0.0,1.4,0.0,0.0,0.0,0.0,0.0,0.0,0.0,0.0,1.0,0.0,0.0,0.0,9.0,4.0,0.0,0.0,0.0,0.0,0.0,0.0,0.0,0.0,2.0,12.0,1.0,12.17,5.01,2.51,1.49,0.0,0.0,0.0,33.4,0.0,0.9,0.6000000000000001,-0.1,132.70000000000002,0.0,0.0,227.3,0.0,21.3,28.0,28.0,28.6,300.0,300.0,31.1,34.7,29.3,28.4,30.3,,,,,,,,,,,,,,,,,,,,,,,,
2026-07-30T19:12:35.849Z,24.743,24.756,0.0,1.4,0.0,0.0,0.0,0.0,0.0,0.0,0.0,0.0,1.0,0.0,0.0,0.0,9.0,4.0,0.0,0.0,0.0,0.0,0.0,0.0,0.0,0.0,4.0,12.0,1.0,12.17,5.01,2.51,1.49,-0.1,0.1,0.0,33.2,0.0,0.9,0.0,-0.1,132.70000000000002,0.0,0.0,227.3,0.0,21.3,28.0,28.0,28.6,300.0,300.0,31.1,34.7,29.3,28.4,30.3,,,,,,,,,,,,,,,,,,,,,,,,
2026-07-30T19:12:35.861Z,24.755,24.768,0.0,1.4,0.0,0.0,0.0,0.0,0.0,0.0,0.0,0.0,1.0,0.0,0.0,0.0,9.0,4.0,0.0,0.0,0.0,0.0,0.0,0.0,0.0,0.0,5.0,12.0,1.0,12.17,5.01,2.51,1.49,0.0,0.0,0.0,32.9,0.0,0.3,-0.5,-0.7000000000000001,132.70000000000002,0.0,0.0,227.3,0.0,21.3,28.0,28.0,28.6,300.0,300.0,31.1,34.7,29.3,28.4,30.3,,,,,,,,,,,,,,,,,,,,,,,,
2026-07-30T19:12:35.873Z,24.767,24.78,0.0,1.4,0.0,0.0,0.0,0.0,0.0,0.0,0.0,0.0,1.0,0.0,0.0,0.0,9.0,4.0,0.0,0.0,0.0,0.0,0.0,0.0,0.0,0.0,6.0,12.0,1.0,12.17,5.01,2.51,1.49,0.0,0.0,0.0,32.6,0.0,0.3,-0.4,-0.1,132.70000000000002,0.0,0.0,226.8,0.0,21.3,28.0,28.0,28.6,300.0,300.0,31.1,34.7,29.3,28.4,30.3,,,,,,,,,,,,,,,,,,,,,,,,
2026-07-30T19:12:35.885Z,24.779,24.792,0.0,1.4,0.0,0.0,0.0,0.0,0.0,0.0,0.0,0.0,1.0,0.0,0.0,0.0,9.0,4.0,0.0,0.0,0.0,0.0,0.0,0.0,0.0,0.0,2.0,12.0,1.0,12.15,5.01,2.5,1.49,0.0,0.0,0.0,32.4,0.0,-0.2,0.6000000000000001,-0.1,132.70000000000002,0.0,0.0,227.4,0.0,22.3,28.0,28.0,28.6,300.0,300.0,31.0,34.800000000000004,29.3,28.4,30.3,,,,,,,,,,,,,,,,,,,,,,,,
2026-07-30T19:12:35.898Z,24.792,24.804,0.0,1.4,0.0,0.0,0.0,0.0,0.0,0.0,0.0,0.0,1.0,0.0,0.0,0.0,9.0,4.0,0.0,0.0,0.0,0.0,0.0,0.0,0.0,0.0,3.0,12.0,1.0,12.15,5.01,2.5,1.49,0.0,0.0,0.0,32.2,0.0,-0.8,0.0,0.9,132.70000000000002,0.0,0.0,227.4,0.0,22.3,28.0,28.0,28.6,300.0,300.0,31.0,34.800000000000004,29.3,28.4,30.3,,,,,,,,,,,,,,,,,,,,,,,,
2026-07-30T19:12:35.909Z,24.803,24.816,0.0,1.4,0.0,0.0,0.0,0.0,0.0,0.0,0.0,0.0,1.0,0.0,0.0,0.0,9.0,4.0,0.0,0.0,0.0,0.0,0.0,0.0,0.0,0.0,3.0,12.0,1.0,12.15,5.01,2.5,1.49,0.0,0.0,0.0,31.9,0.0,-0.2,0.1,0.4,132.70000000000002,0.0,0.0,227.3,0.0,22.3,28.0,28.0,28.6,300.0,300.0,31.0,34.800000000000004,29.3,28.4,30.3,,,,,,,,,,,,,,,,,,,,,,,,
2026-07-30T19:12:35.921Z,24.815,24.828,0.0,1.4,0.0,0.0,0.0,0.0,0.0,0.0,0.0,0.0,1.0,0.0,0.0,0.0,9.0,4.0,0.0,0.0,0.0,0.0,0.0,0.0,0.0,0.0,4.0,12.0,1.0,12.15,5.01,2.5,1.49,0.0,0.0,0.0,31.700000000000003,0.0,0.3,-1.0,-0.7000000000000001,132.70000000000002,0.0,0.0,227.3,0.0,22.3,28.0,28.0,28.6,300.0,300.0,31.0,34.800000000000004,29.3,28.4,30.3,,,,,,,,,,,,,,,,,,,,,,,,
2026-07-30T19:12:35.933Z,24.827,24.84,0.0,1.4,0.0,0.0,0.0,0.0,0.0,0.0,0.0,0.0,1.0,0.0,0.0,0.0,9.0,4.0,0.0,0.0,0.0,0.0,0.0,0.0,0.0,0.0,5.0,12.0,1.0,12.15,5.01,2.5,1.49,0.0,0.0,0.0,31.4,0.0,-1.4,0.0,-0.1,132.70000000000002,0.0,0.0,227.3,0.0,22.3,28.0,28.0,28.6,300.0,300.0,31.0,34.800000000000004,29.3,28.4,30.3,,,,,,,,,,,,,,,,,,,,,,,,
2026-07-30T19:12:35.945Z,24.839,24.852,0.0,1.4,0.0,0.0,0.0,0.0,0.0,0.0,0.0,0.0,1.0,0.0,0.0,0.0,9.0,4.0,0.0,0.0,0.0,0.0,0.0,0.0,0.0,0.0,6.0,12.0,1.0,12.15,5.01,2.5,1.49,0.0,0.0,0.0,31.200000000000003,0.0,-0.2,0.1,-0.1,132.70000000000002,0.0,0.0,227.3,0.0,22.3,28.0,28.0,28.6,300.0,300.0,31.0,34.800000000000004,29.3,28.4,30.3,,,,,,,,,,,,,,,,,,,,,,,,
2026-07-30T19:12:35.957Z,24.851,24.864,0.0,1.4,0.0,0.0,0.0,0.0,0.0,0.0,0.0,0.0,1.0,0.0,0.0,0.0,9.0,4.0,0.0,0.0,0.0,0.0,0.0,0.0,0.0,0.0,1.0,12.0,1.0,12.15,5.01,2.5,1.49,0.0,0.0,0.0,30.9,0.0,0.3,-0.4,-0.1,132.70000000000002,0.0,0.0,227.3,0.0,22.3,28.0,28.0,28.6,300.0,300.0,31.0,34.800000000000004,29.3,28.4,30.3,,,,,,,,,,,,,,,,,,,,,,,,
2026-07-30T19:12:35.969Z,24.863,24.876,0.0,1.4,0.0,0.0,0.0,0.0,0.0,0.0,0.0,0.0,1.0,0.0,0.0,0.0,9.0,4.0,0.0,0.0,0.0,0.0,0.0,0.0,0.0,0.0,3.0,12.0,1.0,12.15,5.01,2.5,1.49,0.0,0.0,0.0,30.700000000000003,0.0,-0.8,-1.0,0.4,132.70000000000002,0.0,0.0,227.3,0.0,22.3,28.0,28.0,28.6,300.0,300.0,31.0,34.800000000000004,29.3,28.4,30.3,,,,,,,,,,,,,,,,,,,,,,,,
2026-07-30T19:12:35.982Z,24.876,24.888,0.0,1.4,0.0,0.0,0.0,0.0,0.0,0.0,0.0,0.0,1.0,0.0,0.0,0.0,9.0,4.0,0.0,0.0,0.0,0.0,0.0,0.0,0.0,0.0,4.0,12.0,1.0,12.17,5.01,2.51,1.49,0.0,0.0,0.0,30.4,0.0,0.9,0.1,-0.1,132.70000000000002,0.0,0.0,225.7,0.0,21.3,28.0,28.0,28.6,300.0,300.0,31.1,34.800000000000004,29.200000000000003,28.4,30.3,,,,,,,,,,,,,,,,,,,,,,,,
2026-07-30T19:12:35.993Z,24.887,24.9,0.0,1.4,0.0,0.0,0.0,0.0,0.0,0.0,0.0,0.0,1.0,0.0,0.0,0.0,9.0,4.0,0.0,0.0,0.0,0.0,0.0,0.0,0.0,0.0,5.0,12.0,1.0,12.17,5.01,2.51,1.49,0.0,0.0,0.0,30.200000000000003,0.0,0.3,1.3,0.0,132.70000000000002,0.0,0.0,227.4,0.0,21.3,28.0,28.0,28.6,300.0,300.0,31.1,34.800000000000004,29.200000000000003,28.4,30.3,,,,,,,,,,,,,,,,,,,,,,,,
2026-07-30T19:12:36.005Z,24.899,24.912,0.0,1.4,0.0,0.0,0.0,0.0,0.0,0.0,0.0,0.0,1.0,0.0,0.0,0.0,9.0,4.0,0.0,0.0,0.0,0.0,0.0,0.0,0.0,0.0,6.0,12.0,1.0,12.17,5.01,2.51,1.49,0.0,0.0,0.0,30.0,0.0,-0.2,0.1,1.6,132.70000000000002,0.0,0.0,227.3,0.0,21.3,28.0,28.0,28.6,300.0,300.0,31.1,34.800000000000004,29.200000000000003,28.4,30.3,,,,,,,,,,,,,,,,,,,,,,,,
2026-07-30T19:12:36.017Z,24.911,24.924,0.0,1.4,0.0,0.0,0.0,0.0,0.0,0.0,0.0,0.0,1.0,0.0,0.0,0.0,9.0,4.0,0.0,0.0,0.0,0.0,0.0,0.0,0.0,0.0,1.0,12.0,1.0,12.17,5.01,2.51,1.49,0.0,0.0,0.0,29.700000000000003,0.0,-0.2,-1.5,0.5,132.70000000000002,0.0,0.0,227.3,0.0,21.3,28.0,28.0,28.6,300.0,300.0,31.1,34.800000000000004,29.200000000000003,28.4,30.3,,,,,,,,,,,,,,,,,,,,,,,,
2026-07-30T19:12:36.030Z,24.924,24.936,0.0,1.4,0.0,0.0,0.0,0.0,0.0,0.0,0.0,0.0,1.0,0.0,0.0,0.0,9.0,4.0,0.0,0.0,0.0,0.0,0.0,0.0,0.0,0.0,2.0,12.0,1.0,12.17,5.01,2.51,1.49,0.0,0.0,0.0,29.5,0.0,-0.2,0.7000000000000001,1.0,132.70000000000002,0.0,0.0,227.3,0.0,21.3,28.0,28.0,28.6,300.0,300.0,31.1,34.800000000000004,29.200000000000003,28.4,30.3,,,,,,,,,,,,,,,,,,,,,,,,
2026-07-30T19:12:36.041Z,24.935,24.948,0.0,1.4,0.0,0.0,0.0,0.0,0.0,0.0,0.0,0.0,1.0,0.0,0.0,0.0,9.0,4.0,0.0,0.0,0.0,0.0,0.0,0.0,0.0,0.0,3.0,12.0,1.0,12.17,5.01,2.51,1.49,0.0,0.0,0.0,29.3,0.0,0.3,0.1,0.0,132.70000000000002,0.0,0.0,227.3,0.0,21.3,28.0,28.0,28.6,300.0,300.0,31.1,34.800000000000004,29.200000000000003,28.4,30.3,,,,,,,,,,,,,,,,,,,,,,,,
2026-07-30T19:12:36.053Z,24.947,24.96,0.0,1.4,0.0,0.0,0.0,0.0,0.0,0.0,0.0,0.0,1.0,0.0,0.0,0.0,9.0,4.0,0.0,0.0,0.0,0.0,0.0,0.0,0.0,0.0,4.0,12.0,1.0,12.17,5.01,2.51,1.49,0.0,0.0,0.0,29.0,0.0,0.3,-0.9,0.0,132.70000000000002,0.0,0.0,227.3,0.0,21.3,28.0,28.0,28.6,300.0,300.0,31.1,34.800000000000004,29.200000000000003,28.4,30.3,,,,,,,,,,,,,,,,,,,,,,,,
2026-07-30T19:12:36.065Z,24.959,24.972,0.0,1.4,0.0,0.0,0.0,0.0,0.0,0.0,0.0,0.0,1.0,0.0,0.0,0.0,9.0,4.0,0.0,0.0,0.0,0.0,0.0,0.0,0.0,0.0,5.0,12.0,1.0,12.17,5.01,2.51,1.49,0.0,0.0,0.0,28.8,0.0,1.0,0.8,0.5,132.70000000000002,0.0,0.0,227.4,0.0,21.3,28.0,28.0,28.6,300.0,300.0,31.1,34.800000000000004,29.200000000000003,28.4,30.3,,,,,,,,,,,,,,,,,,,,,,,,
2026-07-30T19:12:36.078Z,24.972,24.984,-0.1,1.4,0.0,0.0,0.0,0.0,0.0,0.0,0.0,0.0,1.0,0.0,0.0,0.0,9.0,4.0,0.0,0.0,0.0,0.0,0.0,0.0,0.0,0.0,6.0,12.0,1.0,12.17,5.01,2.51,1.49,0.0,0.0,0.0,28.6,0.0,0.4,1.3,0.6000000000000001,132.70000000000002,0.0,0.0,227.3,0.0,21.3,28.0,28.0,28.6,300.0,300.0,31.1,34.800000000000004,29.200000000000003,28.4,30.3,,,,,,,,,,,,,,,,,,,,,,,,
2026-07-30T19:12:36.090Z,24.984,24.996,-0.1,1.4,0.0,0.0,0.0,0.0,0.0,0.0,0.0,0.0,1.0,0.0,0.0,0.0,9.0,4.0,0.0,0.0,0.0,0.0,0.0,0.0,0.0,0.0,6.0,12.0,1.0,12.15,5.0200000000000005,2.5,1.49,0.0,0.0,0.0,28.3,0.0,-0.1,0.7000000000000001,-0.5,132.8,0.0,0.0,227.2,0.0,21.4,28.0,28.0,28.6,300.0,300.0,31.200000000000003,34.7,29.3,28.4,30.3,,,,,,,,,,,,,,,,,,,,,,,,
2026-07-30T19:12:36.101Z,24.995,25.008,-0.1,1.4,0.0,0.0,0.0,0.0,0.0,0.0,0.0,0.0,1.0,0.0,0.0,0.0,9.0,4.0,0.0,0.0,0.0,0.0,0.0,0.0,0.0,0.0,1.0,12.0,1.0,12.15,5.0200000000000005,2.5,1.49,0.0,0.0,0.0,28.1,0.0,-0.1,-0.9,-1.1,132.8,0.0,0.0,227.3,0.0,21.4,28.0,28.0,28.6,300.0,300.0,31.200000000000003,34.7,29.3,28.4,30.3,,,,,,,,,,,,,,,,,,,,,,,,
2026-07-30T19:12:36.113Z,25.007,25.02,-0.1,1.4,0.0,0.0,0.0,0.0,0.0,0.0,0.0,0.0,1.0,0.0,0.0,0.0,9.0,4.0,0.0,0.0,0.0,0.0,0.0,0.0,0.0,0.0,3.0,12.0,1.0,12.15,5.0200000000000005,2.5,1.49,0.0,0.1,0.0,27.8,0.0,0.4,0.7000000000000001,0.5,132.70000000000002,0.0,0.0,227.3,0.0,21.4,28.0,28.0,28.6,300.0,300.0,31.200000000000003,34.7,29.3,28.4,30.3,,,,,,,,,,,,,,,,,,,,,,,,
2026-07-30T19:12:36.125Z,25.019,25.032,-0.1,1.4,0.0,0.0,0.0,0.0,0.0,0.0,0.0,0.0,1.0,0.0,0.0,0.0,9.0,4.0,0.0,0.0,0.0,0.0,0.0,0.0,0.0,0.0,3.0,12.0,1.0,12.15,5.0200000000000005,2.5,1.49,0.0,0.0,0.0,27.6,0.0,-0.1,0.7000000000000001,0.5,132.70000000000002,0.0,0.0,227.5,0.0,21.4,28.0,28.0,28.6,300.0,300.0,31.200000000000003,34.7,29.3,28.4,30.3,,,,,,,,,,,,,,,,,,,,,,,,
2026-07-30T19:12:36.139Z,25.033,25.044,-0.1,1.4,0.0,0.0,0.0,0.0,0.0,0.0,0.0,0.0,1.0,0.0,0.0,0.0,9.0,4.0,0.0,0.0,0.0,0.0,0.0,0.0,0.0,0.0,4.0,12.0,1.0,12.15,5.0200000000000005,2.5,1.49,0.0,0.0,0.0,27.4,0.0,0.4,0.1,0.0,132.70000000000002,0.0,0.0,227.3,0.0,21.4,28.0,28.0,28.6,300.0,300.0,31.200000000000003,34.7,29.3,28.4,30.3,,,,,,,,,,,,,,,,,,,,,,,,
2026-07-30T19:12:36.149Z,25.043,25.056,-0.1,1.4,0.0,0.0,0.0,0.0,0.0,0.0,0.0,0.0,1.0,0.0,0.0,0.0,9.0,4.0,0.0,0.0,0.0,0.0,0.0,0.0,0.0,0.0,3.0,12.0,1.0,12.15,5.0200000000000005,2.5,1.49,0.0,0.0,0.0,27.200000000000003,0.0,1.0,0.1,1.1,132.70000000000002,0.0,0.0,227.3,0.0,21.4,28.0,28.0,28.6,300.0,300.0,31.200000000000003,34.7,29.3,28.4,30.3,,,,,,,,,,,,,,,,,,,,,,,,
2026-07-30T19:12:36.161Z,25.055,25.068,-0.1,1.4,0.0,0.0,0.0,0.0,0.0,0.0,0.0,0.0,1.0,0.0,0.0,0.0,9.0,4.0,0.0,0.0,0.0,0.0,0.0,0.0,0.0,0.0,4.0,12.0,1.0,12.15,5.0200000000000005,2.5,1.49,-0.1,0.1,0.0,27.0,0.0,-1.3,-0.3,-1.2000000000000002,132.70000000000002,0.0,0.0,227.3,0.0,21.4,28.0,28.0,28.6,300.0,300.0,31.200000000000003,34.7,29.3,28.4,30.3,,,,,,,,,,,,,,,,,,,,,,,,
2026-07-30T19:12:36.173Z,25.067,25.08,-0.1,1.4,0.0,0.0,0.0,0.0,0.0,0.0,0.0,0.0,1.0,0.0,0.0,0.0,9.0,4.0,0.0,0.0,0.0,0.0,0.0,0.0,0.0,0.0,6.0,12.0,1.0,12.15,5.0200000000000005,2.5,1.49,0.0,0.0,0.0,26.8,0.0,-0.6000000000000001,-0.3,-0.6000000000000001,132.70000000000002,0.0,0.0,227.3,0.0,21.4,28.0,28.0,28.6,300.0,300.0,31.200000000000003,34.7,29.3,28.4,30.3,,,,,,,,,,,,,,,,,,,,,,,,
2026-07-30T19:12:36.186Z,25.08,25.092,-0.1,1.4,0.0,0.0,0.0,0.0,0.0,0.0,0.0,0.0,1.0,0.0,0.0,0.0,9.0,4.0,0.0,0.0,0.0,0.0,0.0,0.0,0.0,0.0,1.0,12.0,1.0,12.2,5.01,2.5,1.49,0.0,0.0,0.0,26.5,0.0,0.4,0.7000000000000001,-0.1,132.70000000000002,0.0,0.0,226.8,0.0,21.3,28.0,28.0,28.6,300.0,300.0,31.200000000000003,34.7,29.3,28.4,30.3,,,,,,,,,,,,,,,,,,,,,,,,
2026-07-30T19:12:36.197Z,25.091,25.104,-0.1,1.4,0.0,0.0,0.0,0.0,0.0,0.0,0.0,0.0,1.0,0.0,0.0,0.0,9.0,4.0,0.0,0.0,0.0,0.0,0.0,0.0,0.0,0.0,2.0,12.0,1.0,12.2,5.01,2.5,1.49,0.0,0.0,0.0,26.4,0.0,1.0,0.1,-0.1,132.8,0.0,0.0,227.2,0.0,21.3,28.0,28.0,28.6,300.0,300.0,31.200000000000003,34.7,29.3,28.4,30.3,,,,,,,,,,,,,,,,,,,,,,,,
2026-07-30T19:12:36.209Z,25.103,25.116,0.0,1.4,0.0,0.0,0.0,0.0,0.0,0.0,0.0,0.0,1.0,0.0,0.0,0.0,9.0,4.0,0.0,0.0,0.0,0.0,0.0,0.0,0.0,0.0,3.0,12.0,1.0,12.2,5.01,2.5,1.49,0.0,0.0,0.0,26.1,0.0,0.4,-0.4,-0.1,132.8,0.0,0.0,227.3,0.0,21.3,28.0,28.0,28.6,300.0,300.0,31.200000000000003,34.7,29.3,28.4,30.3,,,,,,,,,,,,,,,,,,,,,,,,
2026-07-30T19:12:36.221Z,25.115,25.128,0.0,1.4,0.0,0.0,0.0,0.0,0.0,0.0,0.0,0.0,1.0,0.0,0.0,0.0,9.0,4.0,0.0,0.0,0.0,0.0,0.0,0.0,0.0,0.0,4.0,12.0,1.0,12.2,5.01,2.5,1.49,0.0,0.0,0.0,25.9,0.0,-0.1,0.1,0.0,132.8,0.0,0.0,227.3,0.0,21.3,28.0,28.0,28.6,300.0,300.0,31.200000000000003,34.7,29.3,28.4,30.3,,,,,,,,,,,,,,,,,,,,,,,,
2026-07-30T19:12:36.233Z,25.127,25.14,0.0,1.4,0.0,0.0,0.0,0.0,0.0,0.0,0.0,0.0,1.0,0.0,0.0,0.0,9.0,4.0,0.0,0.0,0.0,0.0,0.0,0.0,0.0,0.0,5.0,12.0,1.0,12.2,5.01,2.5,1.49,0.0,0.0,0.0,25.700000000000003,0.0,-0.1,0.7000000000000001,0.5,132.8,0.0,0.0,227.3,0.0,21.3,28.0,28.0,28.6,300.0,300.0,31.200000000000003,34.7,29.3,28.4,30.3,,,,,,,,,,,,,,,,,,,,,,,,
2026-07-30T19:12:36.246Z,25.14,25.152,0.0,1.4,0.0,0.0,0.0,0.0,0.0,0.0,0.0,0.0,1.0,0.0,0.0,0.0,9.0,4.0,0.0,0.0,0.0,0.0,0.0,0.0,0.0,0.0,6.0,12.0,1.0,12.2,5.01,2.5,1.49,0.0,0.0,0.0,25.5,0.0,0.4,0.7000000000000001,1.0,132.70000000000002,0.0,0.0,227.3,0.0,21.3,28.0,28.0,28.6,300.0,300.0,31.200000000000003,34.7,29.3,28.4,30.3,,,,,,,,,,,,,,,,,,,,,,,,
2026-07-30T19:12:36.257Z,25.151,25.164,0.0,1.4,0.0,0.0,0.0,0.0,0.0,0.0,0.0,0.0,1.0,0.0,0.0,0.0,9.0,4.0,0.0,0.0,0.0,0.0,0.0,0.0,0.0,0.0,6.0,12.0,1.0,12.2,5.01,2.5,1.49,0.0,0.0,0.0,25.200000000000003,0.0,0.4,-0.9,1.1,132.70000000000002,0.0,0.0,227.3,0.0,21.3,28.0,28.0,28.6,300.0,300.0,31.200000000000003,34.7,29.3,28.4,30.3,,,,,,,,,,,,,,,,,,,,,,,,
2026-07-30T19:12:36.269Z,25.163,25.176,0.0,1.4,0.0,0.0,0.0,0.0,0.0,0.0,0.0,0.0,1.0,0.0,0.0,0.0,9.0,4.0,0.0,0.0,0.0,0.0,0.0,0.0,0.0,0.0,1.0,12.0,1.0,12.2,5.01,2.5,1.49,0.0,0.0,0.0,25.0,0.0,0.4,0.7000000000000001,-0.1,132.70000000000002,0.0,0.0,227.4,0.0,21.3,28.0,28.0,28.6,300.0,300.0,31.200000000000003,34.7,29.3,28.4,30.3,,,,,,,,,,,,,,,,,,,,,,,,
2026-07-30T19:12:36.281Z,25.175,25.188,0.0,1.4,0.0,0.0,0.0,0.0,0.0,0.0,0.0,0.0,1.0,0.0,0.0,0.0,9.0,4.0,0.0,0.0,0.0,0.0,0.0,0.0,0.0,0.0,2.0,12.0,1.0,12.2,5.01,2.5,1.49,0.0,0.0,0.0,24.8,0.0,0.4,0.1,-0.6000000000000001,132.70000000000002,0.0,0.0,227.3,0.0,21.3,28.0,28.0,28.6,300.0,300.0,31.200000000000003,34.7,29.3,28.4,30.3,,,,,,,,,,,,,,,,,,,,,,,,
2026-07-30T19:12:36.293Z,25.187,25.2,0.0,1.4,0.0,0.0,0.0,0.0,0.0,0.0,0.0,0.0,1.0,0.0,0.0,0.0,9.0,4.0,0.0,0.0,0.0,0.0,0.0,0.0,0.0,0.0,3.0,12.0,1.0,12.15,5.01,2.5,1.49,0.0,0.0,0.0,24.6,0.0,-0.1,-0.4,-0.6000000000000001,132.8,0.0,0.0,226.1,0.0,21.700000000000003,28.1,28.1,28.6,300.0,300.0,31.200000000000003,34.7,29.3,28.4,30.3,,,,,,,,,,,,,,,,,,,,,,,,
2026-07-30T19:12:36.305Z,25.199,25.212,0.0,1.4,0.0,0.0,0.0,0.0,0.0,0.0,0.0,0.0,1.0,0.0,0.0,0.0,9.0,4.0,0.0,0.0,0.0,0.0,0.0,0.0,0.0,0.0,3.0,12.0,1.0,12.15,5.01,2.5,1.49,0.0,0.0,0.0,24.4,0.0,0.4,-0.4,1.7000000000000002,132.8,0.0,0.0,227.4,0.0,21.700000000000003,28.1,28.1,28.6,300.0,300.0,31.200000000000003,34.7,29.3,28.4,30.3,,,,,,,,,,,,,,,,,,,,,,,,
2026-07-30T19:12:36.317Z,25.211,25.224,-0.1,1.4,0.0,0.0,0.0,0.0,0.0,0.0,0.0,0.0,1.0,0.0,0.0,0.0,9.0,4.0,0.0,0.0,0.0,0.0,0.0,0.0,0.0,0.0,4.0,12.0,1.0,12.15,5.01,2.5,1.49,0.0,0.0,0.0,24.200000000000003,0.0,-0.7000000000000001,0.1,0.0,132.8,0.0,0.0,227.3,0.0,21.700000000000003,28.1,28.1,28.6,300.0,300.0,31.200000000000003,34.7,29.3,28.4,30.3,,,,,,,,,,,,,,,,,,,,,,,,
2026-07-30T19:12:36.329Z,25.223,25.236,-0.1,1.4,0.0,0.0,0.0,0.0,0.0,0.0,0.0,0.0,1.0,0.0,0.0,0.0,9.0,4.0,0.0,0.0,0.0,0.0,0.0,0.0,0.0,0.0,4.0,12.0,1.0,12.15,5.01,2.5,1.49,0.0,0.0,0.0,24.0,0.0,-0.7000000000000001,0.1,0.0,132.8,0.0,0.0,227.3,0.0,21.700000000000003,28.1,28.1,28.6,300.0,300.0,31.200000000000003,34.7,29.3,28.4,30.3,,,,,,,,,,,,,,,,,,,,,,,,
2026-07-30T19:12:36.341Z,25.235,25.248,-0.1,1.4,0.0,0.0,0.0,0.0,0.0,0.0,0.0,0.0,1.0,0.0,0.0,0.0,9.0,4.0,0.0,0.0,0.0,0.0,0.0,0.0,0.0,0.0,5.0,12.0,1.0,12.15,5.01,2.5,1.49,0.0,0.0,0.0,23.8,0.0,-0.2,0.7000000000000001,-0.1,132.70000000000002,0.0,0.0,227.3,0.0,21.700000000000003,28.1,28.1,28.6,300.0,300.0,31.200000000000003,34.7,29.3,28.4,30.3,,,,,,,,,,,,,,,,,,,,,,,,
2026-07-30T19:12:36.353Z,25.247,25.26,0.0,1.4,0.0,0.0,0.0,0.0,0.0,0.0,0.0,0.0,1.0,0.0,0.0,0.0,9.0,4.0,0.0,0.0,0.0,0.0,0.0,0.0,0.0,0.0,6.0,12.0,1.0,12.15,5.01,2.5,1.49,0.0,0.0,0.0,23.6,0.0,-0.1,0.7000000000000001,-0.7000000000000001,132.70000000000002,0.0,0.0,227.3,0.0,21.700000000000003,28.1,28.1,28.6,300.0,300.0,31.200000000000003,34.7,29.3,28.4,30.3,,,,,,,,,,,,,,,,,,,,,,,,
2026-07-30T19:12:36.366Z,25.26,25.272,-0.1,1.4,0.0,0.0,0.0,0.0,0.0,0.0,0.0,0.0,1.0,0.0,0.0,0.0,9.0,4.0,0.0,0.0,0.0,0.0,0.0,0.0,0.0,0.0,1.0,12.0,1.0,12.15,5.01,2.5,1.49,0.0,0.0,0.0,23.4,0.0,0.3,-0.4,-0.1,132.70000000000002,0.0,0.0,227.3,0.0,21.700000000000003,28.1,28.1,28.6,300.0,300.0,31.200000000000003,34.7,29.3,28.4,30.3,,,,,,,,,,,,,,,,,,,,,,,,
2026-07-30T19:12:36.377Z,25.271,25.284,0.0,1.4,0.0,0.0,0.0,0.0,0.0,0.0,0.0,0.0,1.0,0.0,0.0,0.0,9.0,4.0,0.0,0.0,0.0,0.0,0.0,0.0,0.0,0.0,2.0,12.0,1.0,12.15,5.01,2.5,1.49,0.0,0.1,0.0,23.200000000000003,0.0,-0.1,1.2000000000000002,-0.1,132.70000000000002,0.0,0.0,227.5,0.0,21.700000000000003,28.1,28.1,28.6,300.0,300.0,31.200000000000003,34.7,29.3,28.4,30.3,,,,,,,,,,,,,,,,,,,,,,,,
2026-07-30T19:12:36.390Z,25.284,25.296,0.0,1.4,0.0,0.0,0.0,0.0,0.0,0.0,0.0,0.0,1.0,0.0,0.0,0.0,9.0,4.0,0.0,0.0,0.0,0.0,0.0,0.0,0.0,0.0,4.0,12.0,1.0,12.15,5.0200000000000005,2.51,1.5,0.0,0.0,0.0,22.9,0.0,0.3,0.7000000000000001,1.1,132.70000000000002,0.0,0.0,227.4,0.0,21.4,28.1,28.1,28.6,300.0,300.0,31.1,34.800000000000004,29.200000000000003,28.4,30.3,,,,,,,,,,,,,,,,,,,,,,,,
2026-07-30T19:12:36.401Z,25.295,25.308,0.0,1.4,0.0,0.0,0.0,0.0,0.0,0.0,0.0,0.0,1.0,0.0,0.0,0.0,9.0,4.0,0.0,0.0,0.0,0.0,0.0,0.0,0.0,0.0,3.0,12.0,1.0,12.15,5.0200000000000005,2.51,1.5,0.0,0.0,0.0,22.8,0.0,0.3,0.7000000000000001,0.4,132.8,0.0,0.0,226.1,0.0,21.4,28.1,28.1,28.6,300.0,300.0,31.1,34.800000000000004,29.200000000000003,28.4,30.3,,,,,,,,,,,,,,,,,,,,,,,,
2026-07-30T19:12:36.413Z,25.307,25.32,0.0,1.4,0.0,0.0,0.0,0.0,0.0,0.0,0.0,0.0,1.0,0.0,0.0,0.0,9.0,4.0,0.0,0.0,0.0,0.0,0.0,0.0,0.0,0.0,4.0,12.0,1.0,12.15,5.0200000000000005,2.51,1.5,0.0,0.0,0.0,22.6,0.0,0.3,0.7000000000000001,0.0,132.8,0.0,0.0,227.5,0.0,21.4,28.1,28.1,28.6,300.0,300.0,31.1,34.800000000000004,29.200000000000003,28.4,30.3,,,,,,,,,,,,,,,,,,,,,,,,
2026-07-30T19:12:36.425Z,25.319,25.332,0.0,1.4,0.0,0.0,0.0,0.0,0.0,0.0,0.0,0.0,1.0,0.0,0.0,0.0,9.0,4.0,0.0,0.0,0.0,0.0,0.0,0.0,0.0,0.0,5.0,12.0,1.0,12.15,5.0200000000000005,2.51,1.5,0.0,0.0,0.0,22.4,0.0,0.3,1.3,0.0,132.8,0.0,0.0,227.3,0.0,21.4,28.1,28.1,28.6,300.0,300.0,31.1,34.800000000000004,29.200000000000003,28.4,30.3,,,,,,,,,,,,,,,,,,,,,,,,
2026-07-30T19:12:36.437Z,25.331,25.344,0.0,1.4,0.0,0.0,0.0,0.0,0.0,0.0,0.0,0.0,1.0,0.0,0.0,0.0,9.0,4.0,0.0,0.0,0.0,0.0,0.0,0.0,0.0,0.0,1.0,12.0,1.0,12.15,5.0200000000000005,2.51,1.5,0.0,0.0,0.0,22.200000000000003,0.0,-1.4,0.1,-1.2000000000000002,132.8,0.0,0.0,227.4,0.0,21.4,28.1,28.1,28.6,300.0,300.0,31.1,34.800000000000004,29.200000000000003,28.4,30.3,,,,,,,,,,,,,,,,,,,,,,,,
2026-07-30T19:12:36.449Z,25.343,25.356,0.0,1.4,0.0,0.0,0.0,0.0,0.0,0.0,0.0,0.0,1.0,0.0,0.0,0.0,9.0,4.0,0.0,0.0,0.0,0.0,0.0,0.0,0.0,0.0,2.0,12.0,1.0,12.15,5.0200000000000005,2.51,1.5,0.0,0.0,0.0,22.0,0.0,0.3,0.6000000000000001,0.4,132.70000000000002,0.0,0.0,227.4,0.0,21.4,28.1,28.1,28.6,300.0,300.0,31.1,34.800000000000004,29.200000000000003,28.4,30.3,,,,,,,,,,,,,,,,,,,,,,,,
2026-07-30T19:12:36.461Z,25.355,25.368,0.0,1.4,0.0,0.0,0.0,0.0,0.0,0.0,0.0,0.0,1.0,0.0,0.0,0.0,9.0,4.0,0.0,0.0,0.0,0.0,0.0,0.0,0.0,0.0,2.0,12.0,1.0,12.15,5.0200000000000005,2.51,1.5,0.0,0.0,0.0,21.8,0.0,-0.8,-1.6,-0.6000000000000001,132.70000000000002,0.0,0.0,227.3,0.0,21.4,28.1,28.1,28.6,300.0,300.0,31.1,34.800000000000004,29.200000000000003,28.4,30.3,,,,,,,,,,,,,,,,,,,,,,,,
2026-07-30T19:12:36.473Z,25.367,25.38,0.0,1.4,0.0,0.0,0.0,0.0,0.0,0.0,0.0,0.0,1.0,0.0,0.0,0.0,9.0,4.0,0.0,0.0,0.0,0.0,0.0,0.0,0.0,0.0,2.0,12.0,1.0,12.15,5.0200000000000005,2.51,1.5,0.0,0.0,0.0,21.6,0.0,-0.2,-0.4,-0.7000000000000001,132.70000000000002,0.0,0.0,227.3,0.0,21.4,28.1,28.1,28.6,300.0,300.0,31.1,34.800000000000004,29.200000000000003,28.4,30.3,,,,,,,,,,,,,,,,,,,,,,,,
2026-07-30T19:12:36.485Z,25.379,25.392,0.0,1.4,0.0,0.0,0.0,0.0,0.0,0.0,0.0,0.0,1.0,0.0,0.0,0.0,9.0,4.0,0.0,0.0,0.0,0.0,0.0,0.0,0.0,0.0,4.0,12.0,1.0,12.15,5.0200000000000005,2.51,1.5,0.0,0.0,0.0,21.4,0.0,0.3,-0.4,-0.7000000000000001,132.70000000000002,0.0,0.0,227.3,0.0,21.4,28.1,28.1,28.6,300.0,300.0,31.1,34.800000000000004,29.200000000000003,28.4,30.3,,,,,,,,,,,,,,,,,,,,,,,,
2026-07-30T19:12:36.497Z,25.391,25.404,-0.1,1.4,0.0,0.0,0.0,0.0,0.0,0.0,0.0,0.0,1.0,0.0,0.0,0.0,9.0,4.0,0.0,0.0,0.0,0.0,0.0,0.0,0.0,0.0,6.0,12.0,1.0,12.17,5.01,2.5,1.5,0.0,0.0,0.0,21.200000000000003,0.0,0.3,0.6000000000000001,1.6,132.70000000000002,0.0,0.0,227.0,0.0,21.4,28.1,28.1,28.6,300.0,300.0,31.1,34.800000000000004,29.200000000000003,28.4,30.3,,,,,,,,,,,,,,,,,,,,,,,,
2026-07-30T19:12:36.509Z,25.403,25.416,-0.1,1.4,0.0,0.0,0.0,0.0,0.0,0.0,0.0,0.0,1.0,0.0,0.0,0.0,9.0,4.0,0.0,0.0,0.0,0.0,0.0,0.0,0.0,0.0,1.0,12.0,1.0,12.17,5.01,2.5,1.5,0.0,0.0,0.0,21.1,0.0,-0.2,0.0,-0.6000000000000001,132.8,0.0,0.0,227.3,0.0,21.4,28.1,28.1,28.6,300.0,300.0,31.1,34.800000000000004,29.200000000000003,28.4,30.3,,,,,,,,,,,,,,,,,,,,,,,,
2026-07-30T19:12:36.521Z,25.415,25.428,-0.1,1.4,0.0,0.0,0.0,0.0,0.0,0.0,0.0,0.0,1.0,0.0,0.0,0.0,9.0,4.0,0.0,0.0,0.0,0.0,0.0,0.0,0.0,0.0,3.0,12.0,1.0,12.17,5.01,2.5,1.5,0.0,0.1,0.0,20.9,0.0,0.3,0.0,1.0,132.8,0.0,0.0,227.3,0.0,21.4,28.1,28.1,28.6,300.0,300.0,31.1,34.800000000000004,29.200000000000003,28.4,30.3,,,,,,,,,,,,,,,,,,,,,,,,
2026-07-30T19:12:36.533Z,25.427,25.44,-0.1,1.4,0.0,0.0,0.0,0.0,0.0,0.0,0.0,0.0,1.0,0.0,0.0,0.0,9.0,4.0,0.0,0.0,0.0,0.0,0.0,0.0,0.0,0.0,3.0,12.0,1.0,12.17,5.01,2.5,1.5,0.0,0.0,0.0,20.700000000000003,0.0,1.4,0.0,0.4,132.8,0.0,0.0,227.4,0.0,21.4,28.1,28.1,28.6,300.0,300.0,31.1,34.800000000000004,29.200000000000003,28.4,30.3,,,,,,,,,,,,,,,,,,,,,,,,
2026-07-30T19:12:36.545Z,25.439,25.452,-0.1,1.4,0.0,0.0,0.0,0.0,0.0,0.0,0.0,0.0,1.0,0.0,0.0,0.0,9.0,4.0,0.0,0.0,0.0,0.0,0.0,0.0,0.0,0.0,5.0,12.0,1.0,12.17,5.01,2.5,1.5,0.0,0.0,0.0,20.5,0.0,0.3,0.0,1.0,132.8,0.0,0.0,227.3,0.0,21.4,28.1,28.1,28.6,300.0,300.0,31.1,34.800000000000004,29.200000000000003,28.4,30.3,,,,,,,,,,,,,,,,,,,,,,,,
2026-07-30T19:12:36.557Z,25.451,25.464,-0.1,1.4,0.0,0.0,0.0,0.0,0.0,0.0,0.0,0.0,1.0,0.0,0.0,0.0,9.0,4.0,0.0,0.0,0.0,0.0,0.0,0.0,0.0,0.0,6.0,12.0,1.0,12.17,5.01,2.5,1.5,0.0,0.0,0.0,20.4,0.0,-0.7000000000000001,-0.5,0.5,132.8,0.0,0.0,227.2,0.0,21.4,28.1,28.1,28.6,300.0,300.0,31.1,34.800000000000004,29.200000000000003,28.4,30.3,,,,,,,,,,,,,,,,,,,,,,,,
2026-07-30T19:12:36.569Z,25.463,25.476,-0.1,1.4,0.0,0.0,0.0,0.0,0.0,0.0,0.0,0.0,1.0,0.0,0.0,0.0,9.0,4.0,0.0,0.0,0.0,0.0,0.0,0.0,0.0,0.0,1.0,12.0,1.0,12.17,5.01,2.5,1.5,0.0,0.0,0.0,20.200000000000003,0.0,0.9,0.0,-0.6000000000000001,132.8,0.0,0.0,227.3,0.0,21.4,28.1,28.1,28.6,300.0,300.0,31.1,34.800000000000004,29.200000000000003,28.4,30.3,,,,,,,,,,,,,,,,,,,,,,,,
2026-07-30T19:12:36.582Z,25.476,25.488,0.0,1.4,0.0,0.0,0.0,0.0,0.0,0.0,0.0,0.0,1.0,0.0,0.0,0.0,9.0,4.0,0.0,0.0,0.0,0.0,0.0,0.0,0.0,0.0,2.0,12.0,1.0,12.17,5.01,2.5,1.5,0.0,0.0,0.0,20.0,0.0,-0.7000000000000001,-1.1,-0.1,132.8,0.0,0.0,227.4,0.0,21.4,28.1,28.1,28.6,300.0,300.0,31.1,34.800000000000004,29.200000000000003,28.4,30.3,,,,,,,,,,,,,,,,,,,,,,,,
2026-07-30T19:12:36.594Z,25.488,25.5,0.0,1.4,0.0,0.0,0.0,0.0,0.0,0.0,0.0,0.0,1.0,0.0,0.0,0.0,9.0,4.0,0.0,0.0,0.0,0.0,0.0,0.0,0.0,0.0,4.0,12.0,1.0,12.18,5.01,2.5,1.49,0.0,0.0,0.0,19.8,0.0,-1.3,0.0,-1.3,132.8,0.0,0.0,227.3,0.0,21.3,28.1,28.1,28.6,300.0,300.0,31.0,34.800000000000004,29.200000000000003,28.4,30.3,,,,,,,,,,,,,,,,,,,,,,,,
2026-07-30T19:12:36.606Z,25.5,25.512,0.0,1.4,0.0,0.0,0.0,0.0,0.0,0.0,0.0,0.0,1.0,0.0,0.0,0.0,9.0,4.0,0.0,0.0,0.0,0.0,0.0,0.0,0.0,0.0,5.0,12.0,1.0,12.18,5.01,2.5,1.49,0.0,0.0,0.0,19.6,0.0,-0.2,-0.6000000000000001,-0.7000000000000001,132.8,0.0,0.0,226.1,0.0,21.3,28.1,28.1,28.6,300.0,300.0,31.0,34.800000000000004,29.200000000000003,28.4,30.3,,,,,,,,,,,,,,,,,,,,,,,,
2026-07-30T19:12:36.617Z,25.511,25.524,0.0,1.4,0.0,0.0,0.0,0.0,0.0,0.0,0.0,0.0,1.0,0.0,0.0,0.0,9.0,4.0,0.0,0.0,0.0,0.0,0.0,0.0,0.0,0.0,5.0,12.0,1.0,12.18,5.01,2.5,1.49,0.0,0.0,0.0,19.5,0.0,0.9,1.1,1.0,132.8,0.0,0.0,227.4,0.0,21.3,28.1,28.1,28.6,300.0,300.0,31.0,34.800000000000004,29.200000000000003,28.4,30.3,,,,,,,,,,,,,,,,,,,,,,,,
2026-07-30T19:12:36.629Z,25.523,25.536,0.0,1.4,0.0,0.0,0.0,0.0,0.0,0.0,0.0,0.0,1.0,0.0,0.0,0.0,9.0,4.0,0.0,0.0,0.0,0.0,0.0,0.0,0.0,0.0,6.0,12.0,1.0,12.18,5.01,2.5,1.49,0.0,0.1,0.0,19.3,0.0,0.3,0.0,0.4,132.8,0.0,0.0,227.4,0.0,21.3,28.1,28.1,28.6,300.0,300.0,31.0,34.800000000000004,29.200000000000003,28.4,30.3,,,,,,,,,,,,,,,,,,,,,,,,
2026-07-30T19:12:36.641Z,25.535,25.548,0.0,1.4,0.0,0.0,0.0,0.0,0.0,0.0,0.0,0.0,1.0,0.0,0.0,0.0,9.0,4.0,0.0,0.0,0.0,0.0,0.0,0.0,0.0,0.0,1.0,12.0,1.0,12.18,5.01,2.5,1.49,0.0,0.0,0.0,19.1,0.0,0.3,-0.5,0.4,132.8,0.0,0.0,227.3,0.0,21.3,28.1,28.1,28.6,300.0,300.0,31.0,34.800000000000004,29.200000000000003,28.4,30.3,,,,,,,,,,,,,,,,,,,,,,,,
2026-07-30T19:12:36.653Z,25.547,25.56,0.0,1.4,0.0,0.0,0.0,0.0,0.0,0.0,0.0,0.0,1.0,0.0,0.0,0.0,9.0,4.0,0.0,0.0,0.0,0.0,0.0,0.0,0.0,0.0,2.0,12.0,1.0,12.18,5.01,2.5,1.49,0.0,0.0,0.0,18.9,0.0,0.3,0.0,0.4,132.8,0.0,0.0,227.3,0.0,21.3,28.1,28.1,28.6,300.0,300.0,31.0,34.800000000000004,29.200000000000003,28.4,30.3,,,,,,,,,,,,,,,,,,,,,,,,
2026-07-30T19:12:36.665Z,25.559,25.572,0.0,1.4,0.0,0.0,0.0,0.0,0.0,0.0,0.0,0.0,1.0,0.0,0.0,0.0,9.0,4.0,0.0,0.0,0.0,0.0,0.0,0.0,0.0,0.0,3.0,12.0,1.0,12.18,5.01,2.5,1.49,0.0,0.0,0.0,18.8,0.0,0.3,0.0,0.4,132.8,0.0,0.0,227.4,0.0,21.3,28.1,28.1,28.6,300.0,300.0,31.0,34.800000000000004,29.200000000000003,28.4,30.3,,,,,,,,,,,,,,,,,,,,,,,,
2026-07-30T19:12:36.677Z,25.571,25.584,0.0,1.4,0.0,0.0,0.0,0.0,0.0,0.0,0.0,0.0,1.0,0.0,0.0,0.0,9.0,4.0,0.0,0.0,0.0,0.0,0.0,0.0,0.0,0.0,4.0,12.0,1.0,12.18,5.01,2.5,1.49,0.0,0.0,0.0,18.5,0.0,-0.2,0.6000000000000001,1.0,132.70000000000002,0.0,0.0,227.3,0.0,21.3,28.1,28.1,28.6,300.0,300.0,31.0,34.800000000000004,29.200000000000003,28.4,30.3,,,,,,,,,,,,,,,,,,,,,,,,
2026-07-30T19:12:36.689Z,25.583,25.596,0.0,1.4,0.0,0.0,0.0,0.0,0.0,0.0,0.0,0.0,1.0,0.0,0.0,0.0,9.0,4.0,0.0,0.0,0.0,0.0,0.0,0.0,0.0,0.0,6.0,12.0,1.0,12.18,5.01,2.5,1.49,0.0,0.0,0.0,18.4,0.0,-0.2,-0.5,-0.6000000000000001,132.70000000000002,0.0,0.0,227.3,0.0,21.3,28.1,28.1,28.6,300.0,300.0,31.0,34.800000000000004,29.200000000000003,28.4,30.3,,,,,,,,,,,,,,,,,,,,,,,,
2026-07-30T19:12:36.701Z,25.595,25.608,0.0,1.4,0.0,0.0,0.0,0.0,0.0,0.0,0.0,0.0,1.0,0.0,0.0,0.0,9.0,4.0,0.0,0.0,0.0,0.0,0.0,0.0,0.0,0.0,6.0,12.0,1.0,12.17,5.0200000000000005,2.51,1.49,0.0,0.0,0.0,18.3,0.0,0.3,-0.5,1.0,132.70000000000002,0.0,0.0,227.3,0.0,21.3,28.1,28.1,28.6,300.0,300.0,31.1,34.800000000000004,29.200000000000003,28.4,30.3,,,,,,,,,,,,,,,,,,,,,,,,
2026-07-30T19:12:36.713Z,25.607,25.62,0.0,1.4,0.0,0.0,0.0,0.0,0.0,0.0,0.0,0.0,1.0,0.0,0.0,0.0,9.0,4.0,0.0,0.0,0.0,0.0,0.0,0.0,0.0,0.0,1.0,12.0,1.0,12.17,5.0200000000000005,2.51,1.49,0.0,0.0,0.0,18.1,0.0,0.3,0.0,-0.6000000000000001,132.8,0.0,0.0,225.6,0.0,21.3,28.1,28.1,28.6,300.0,300.0,31.1,34.800000000000004,29.200000000000003,28.4,30.3,,,,,,,,,,,,,,,,,,,,,,,,
2026-07-30T19:12:36.725Z,25.619,25.632,0.0,1.4,0.0,0.0,0.0,0.0,0.0,0.0,0.0,0.0,1.0,0.0,0.0,0.0,9.0,4.0,0.0,0.0,0.0,0.0,0.0,0.0,0.0,0.0,2.0,12.0,1.0,12.17,5.0200000000000005,2.51,1.49,0.0,0.0,0.0,17.900000000000002,0.0,-0.2,0.0,0.4,132.8,0.0,0.0,227.4,0.0,21.3,28.1,28.1,28.6,300.0,300.0,31.1,34.800000000000004,29.200000000000003,28.4,30.3,,,,,,,,,,,,,,,,,,,,,,,,
2026-07-30T19:12:36.737Z,25.631,25.644,0.0,1.4,0.0,0.0,0.0,0.0,0.0,0.0,0.0,0.0,1.0,0.0,0.0,0.0,9.0,4.0,0.0,0.0,0.0,0.0,0.0,0.0,0.0,0.0,3.0,12.0,1.0,12.17,5.0200000000000005,2.51,1.49,0.0,0.0,0.0,17.7,0.0,-0.2,-0.5,-0.1,132.8,0.0,0.0,227.3,0.0,21.3,28.1,28.1,28.6,300.0,300.0,31.1,34.800000000000004,29.200000000000003,28.4,30.3,,,,,,,,,,,,,,,,,,,,,,,,
2026-07-30T19:12:36.749Z,25.643,25.656,-0.1,1.4,0.0,0.0,0.0,0.0,0.0,0.0,0.0,0.0,1.0,0.0,0.0,0.0,9.0,4.0,0.0,0.0,0.0,0.0,0.0,0.0,0.0,0.0,4.0,12.0,1.0,12.17,5.0200000000000005,2.51,1.49,0.0,0.1,0.0,17.5,0.0,-0.1,-1.7000000000000002,-1.3,132.8,0.0,0.0,227.3,0.0,21.3,28.1,28.1,28.6,300.0,300.0,31.1,34.800000000000004,29.200000000000003,28.4,30.3,,,,,,,,,,,,,,,,,,,,,,,,
2026-07-30T19:12:36.761Z,25.655,25.668,0.0,1.4,0.0,0.0,0.0,0.0,0.0,0.0,0.0,0.0,1.0,0.0,0.0,0.0,9.0,4.0,0.0,0.0,0.0,0.0,0.0,0.0,0.0,0.0,5.0,12.0,1.0,12.17,5.0200000000000005,2.51,1.49,0.0,0.0,0.0,17.400000000000002,0.0,0.4,1.1,1.5,132.8,0.0,0.0,227.3,0.0,21.3,28.1,28.1,28.6,300.0,300.0,31.1,34.800000000000004,29.200000000000003,28.4,30.3,,,,,,,,,,,,,,,,,,,,,,,,
2026-07-30T19:12:36.773Z,25.667,25.68,0.0,1.4,0.0,0.0,0.0,0.0,0.0,0.0,0.0,0.0,1.0,0.0,0.0,0.0,9.0,4.0,0.0,0.0,0.0,0.0,0.0,0.0,0.0,0.0,5.0,12.0,1.0,12.17,5.0200000000000005,2.51,1.49,0.0,0.0,0.0,17.3,0.0,0.3,0.0,-2.0,132.8,0.0,0.0,227.3,0.0,21.3,28.1,28.1,28.6,300.0,300.0,31.1,34.800000000000004,29.200000000000003,28.4,30.3,,,,,,,,,,,,,,,,,,,,,,,,
2026-07-30T19:12:36.785Z,25.679,25.692,0.0,1.4,0.0,0.0,0.0,0.0,0.0,0.0,0.0,0.0,1.0,0.0,0.0,0.0,9.0,4.0,0.0,0.0,0.0,0.0,0.0,0.0,0.0,0.0,6.0,12.0,1.0,12.17,5.0200000000000005,2.51,1.49,0.0,0.1,0.0,17.0,0.0,-0.1,-0.4,0.3,132.8,0.0,0.0,227.5,0.0,21.3,28.1,28.1,28.6,300.0,300.0,31.1,34.800000000000004,29.200000000000003,28.4,30.3,,,,,,,,,,,,,,,,,,,,,,,,
2026-07-30T19:12:36.798Z,25.692,25.704,0.0,1.4,0.0,0.0,0.0,0.0,0.0,0.0,0.0,0.0,1.0,0.0,0.0,0.0,9.0,4.0,0.0,0.0,0.0,0.0,0.0,0.0,0.0,0.0,6.0,12.0,1.0,12.17,5.01,2.51,1.49,0.0,0.0,0.0,16.900000000000002,0.0,0.3,0.6000000000000001,-0.2,132.8,0.0,0.0,227.3,0.0,21.4,28.1,28.1,28.700000000000003,300.0,300.0,31.0,34.7,29.200000000000003,28.4,30.3,,,,,,,,,,,,,,,,,,,,,,,,
2026-07-30T19:12:36.809Z,25.703,25.716,0.0,1.4,0.0,0.0,0.0,0.0,0.0,0.0,0.0,0.0,1.0,0.0,0.0,0.0,9.0,4.0,0.0,0.0,0.0,0.0,0.0,0.0,0.0,0.0,1.0,12.0,1.0,12.17,5.01,2.51,1.49,0.0,0.0,0.0,16.8,0.0,-0.2,0.0,0.9,132.8,0.0,0.0,227.3,0.0,21.4,28.1,28.1,28.700000000000003,300.0,300.0,31.0,34.7,29.200000000000003,28.4,30.3,,,,,,,,,,,,,,,,,,,,,,,,
2026-07-30T19:12:36.821Z,25.715,25.728,0.0,1.4,0.0,0.0,0.0,0.0,0.0,0.0,0.0,0.0,1.0,0.0,0.0,0.0,9.0,4.0,0.0,0.0,0.0,0.0,0.0,0.0,0.0,0.0,2.0,12.0,1.0,12.17,5.01,2.51,1.49,0.0,0.1,0.0,16.6,0.0,0.3,0.6000000000000001,0.9,132.8,0.0,0.0,227.3,0.0,21.4,28.1,28.1,28.700000000000003,300.0,300.0,31.0,34.7,29.200000000000003,28.4,30.3,,,,,,,,,,,,,,,,,,,,,,,,
2026-07-30T19:12:36.834Z,25.728,25.74,0.0,1.4,0.0,0.0,0.0,0.0,0.0,0.0,0.0,0.0,1.0,0.0,0.0,0.0,9.0,4.0,0.0,0.0,0.0,0.0,0.0,0.0,0.0,0.0,3.0,12.0,1.0,12.17,5.01,2.51,1.49,0.0,0.0,0.0,16.400000000000002,0.0,0.3,0.0,-0.8,132.8,0.0,0.0,227.3,0.0,21.4,28.1,28.1,28.700000000000003,300.0,300.0,31.0,34.7,29.200000000000003,28.4,30.3,,,,,,,,,,,,,,,,,,,,,,,,
2026-07-30T19:12:36.845Z,25.739,25.752,0.0,1.4,0.0,0.0,0.0,0.0,0.0,0.0,0.0,0.0,1.0,0.0,0.0,0.0,9.0,4.0,0.0,0.0,0.0,0.0,0.0,0.0,0.0,0.0,3.0,12.0,1.0,12.17,5.01,2.51,1.49,0.0,0.0,0.0,16.3,0.0,0.3,-0.5,-1.4,132.8,0.0,0.0,227.3,0.0,21.4,28.1,28.1,28.700000000000003,300.0,300.0,31.0,34.7,29.200000000000003,28.4,30.3,,,,,,,,,,,,,,,,,,,,,,,,
2026-07-30T19:12:36.857Z,25.751,25.764,0.0,1.4,0.0,0.0,0.0,0.0,0.0,0.0,0.0,0.0,1.0,0.0,0.0,0.0,9.0,4.0,0.0,0.0,0.0,0.0,0.0,0.0,0.0,0.0,5.0,12.0,1.0,12.17,5.01,2.51,1.49,0.0,0.0,0.0,16.1,0.0,0.3,0.0,0.9,132.8,0.0,0.0,227.3,0.0,21.4,28.1,28.1,28.700000000000003,300.0,300.0,31.0,34.7,29.200000000000003,28.4,30.3,,,,,,,,,,,,,,,,,,,,,,,,
2026-07-30T19:12:36.869Z,25.763,25.776,0.0,1.4,0.0,0.0,0.0,0.0,0.0,0.0,0.0,0.0,1.0,0.0,0.0,0.0,9.0,4.0,0.0,0.0,0.0,0.0,0.0,0.0,0.0,0.0,6.0,12.0,1.0,12.17,5.01,2.51,1.49,0.0,0.0,0.0,15.9,0.0,-0.2,0.0,-0.2,132.8,0.0,0.0,227.3,0.0,21.4,28.1,28.1,28.700000000000003,300.0,300.0,31.0,34.7,29.200000000000003,28.4,30.3,,,,,,,,,,,,,,,,,,,,,,,,
2026-07-30T19:12:36.881Z,25.775,25.788,0.0,1.4,0.0,0.0,0.0,0.0,0.0,0.0,0.0,0.0,1.0,0.0,0.0,0.0,9.0,4.0,0.0,0.0,0.0,0.0,0.0,0.0,0.0,0.0,1.0,12.0,1.0,12.17,5.01,2.51,1.49,0.0,0.0,0.0,15.8,0.0,-0.2,-0.4,-0.2,132.8,0.0,0.0,227.3,0.0,21.4,28.1,28.1,28.700000000000003,300.0,300.0,31.0,34.7,29.200000000000003,28.4,30.3,,,,,,,,,,,,,,,,,,,,,,,,
2026-07-30T19:12:36.893Z,25.787,25.8,0.0,1.4,0.0,0.0,0.0,0.0,0.0,0.0,0.0,0.0,1.0,0.0,0.0,0.0,9.0,4.0,0.0,0.0,0.0,0.0,0.0,0.0,0.0,0.0,1.0,12.0,1.0,12.17,5.01,2.51,1.49,0.0,0.0,0.0,15.7,0.0,-0.2,0.6000000000000001,0.8,132.70000000000002,0.0,0.0,227.3,0.0,21.4,28.1,28.1,28.700000000000003,300.0,300.0,31.0,34.7,29.200000000000003,28.4,30.3,,,,,,,,,,,,,,,,,,,,,,,,
2026-07-30T19:12:36.905Z,25.799,25.812,0.0,1.4,0.0,0.0,0.0,0.0,0.0,0.0,0.0,0.0,1.0,0.0,0.0,0.0,9.0,4.0,0.0,0.0,0.0,0.0,0.0,0.0,0.0,0.0,2.0,12.0,1.0,12.17,5.0200000000000005,2.51,1.49,0.0,0.0,0.0,15.5,0.0,-0.8,0.1,-1.4,132.70000000000002,0.0,0.0,227.3,0.0,21.8,28.1,28.1,28.700000000000003,300.0,300.0,31.0,34.7,29.200000000000003,28.4,30.3,,,,,,,,,,,,,,,,,,,,,,,,
2026-07-30T19:12:36.917Z,25.811,25.824,0.1,1.4,0.0,0.0,0.0,0.0,0.0,0.0,0.0,0.0,1.0,0.0,0.0,0.0,9.0,4.0,0.0,0.0,0.0,0.0,0.0,0.0,0.0,0.0,3.0,12.0,1.0,12.17,5.0200000000000005,2.51,1.49,0.0,0.0,0.0,15.3,0.0,-0.2,-0.4,-0.2,132.8,0.0,0.0,226.4,0.0,21.8,28.1,28.1,28.700000000000003,300.0,300.0,31.0,34.7,29.200000000000003,28.4,30.3,,,,,,,,,,,,,,,,,,,,,,,,
2026-07-30T19:12:36.929Z,25.823,25.836,0.0,1.4,0.0,0.0,0.0,0.0,0.0,0.0,0.0,0.0,1.0,0.0,0.0,0.0,9.0,4.0,0.0,0.0,0.0,0.0,0.0,0.0,0.0,0.0,4.0,12.0,1.0,12.17,5.0200000000000005,2.51,1.49,0.0,0.0,0.0,15.2,0.0,-0.2,0.1,-0.8,132.8,0.0,0.0,227.4,0.0,21.8,28.1,28.1,28.700000000000003,300.0,300.0,31.0,34.7,29.200000000000003,28.4,30.3,,,,,,,,,,,,,,,,,,,,,,,,
2026-07-30T19:12:36.941Z,25.835,25.848,0.0,1.4,0.0,0.0,0.0,0.0,0.0,0.0,0.0,0.0,1.0,0.0,0.0,0.0,9.0,4.0,0.0,0.0,0.0,0.0,0.0,0.0,0.0,0.0,4.0,12.0,1.0,12.17,5.0200000000000005,2.51,1.49,0.0,0.0,0.0,15.1,0.0,0.3,-1.0,-0.2,132.8,0.0,0.0,227.5,0.0,21.8,28.1,28.1,28.700000000000003,300.0,300.0,31.0,34.7,29.200000000000003,28.4,30.3,,,,,,,,,,,,,,,,,,,,,,,,
2026-07-30T19:12:36.953Z,25.847,25.86,0.0,1.4,0.0,0.0,0.0,0.0,0.0,0.0,0.0,0.0,1.0,0.0,0.0,0.0,9.0,4.0,0.0,0.0,0.0,0.0,0.0,0.0,0.0,0.0,5.0,12.0,1.0,12.17,5.0200000000000005,2.51,1.49,0.0,0.0,0.0,14.9,0.0,-0.2,0.7000000000000001,1.5,132.8,0.0,0.0,227.4,0.0,21.8,28.1,28.1,28.700000000000003,300.0,300.0,31.0,34.7,29.200000000000003,28.4,30.3,,,,,,,,,,,,,,,,,,,,,,,,
2026-07-30T19:12:36.965Z,25.859,25.872,0.0,1.4,0.0,0.0,0.0,0.0,0.0,0.0,0.0,0.0,1.0,0.0,0.0,0.0,9.0,4.0,0.0,0.0,0.0,0.0,0.0,0.0,0.0,0.0,6.0,12.0,1.0,12.17,5.0200000000000005,2.51,1.49,0.0,0.0,0.0,14.8,0.0,0.9,0.7000000000000001,0.3,132.8,0.0,0.0,227.2,0.0,21.8,28.1,28.1,28.700000000000003,300.0,300.0,31.0,34.7,29.200000000000003,28.4,30.3,,,,,,,,,,,,,,,,,,,,,,,,
2026-07-30T19:12:36.977Z,25.871,25.884,0.0,1.4,0.0,0.0,0.0,0.0,0.0,0.0,0.0,0.0,1.0,0.0,0.0,0.0,9.0,4.0,0.0,0.0,0.0,0.0,0.0,0.0,0.0,0.0,1.0,12.0,1.0,12.17,5.0200000000000005,2.51,1.49,0.0,0.0,0.0,14.6,0.0,-0.2,-1.0,-0.2,132.8,0.0,0.0,227.3,0.0,21.8,28.1,28.1,28.700000000000003,300.0,300.0,31.0,34.7,29.200000000000003,28.4,30.3,,,,,,,,,,,,,,,,,,,,,,,,
2026-07-30T19:12:36.989Z,25.883,25.896,0.0,1.4,0.0,0.0,0.0,0.0,0.0,0.0,0.0,0.0,1.0,0.0,0.0,0.0,9.0,4.0,0.0,0.0,0.0,0.0,0.0,0.0,0.0,0.0,1.0,12.0,1.0,12.17,5.0200000000000005,2.51,1.49,0.0,0.0,0.0,14.5,0.0,-0.8,-0.4,0.3,132.70000000000002,0.0,0.0,227.3,0.0,21.8,28.1,28.1,28.700000000000003,300.0,300.0,31.0,34.7,29.200000000000003,28.4,30.3,,,,,,,,,,,,,,,,,,,,,,,,
2026-07-30T19:12:37.003Z,25.897,25.908,0.0,1.4,0.0,0.0,0.0,0.0,0.0,0.0,0.0,0.0,1.0,0.0,0.0,0.0,9.0,4.0,0.0,0.0,0.0,0.0,0.0,0.0,0.0,0.0,2.0,12.0,1.0,12.13,5.01,2.5,1.49,0.0,0.0,0.0,14.3,0.0,-0.2,0.1,1.0,132.70000000000002,0.0,0.0,227.3,0.0,21.700000000000003,28.200000000000003,28.200000000000003,28.700000000000003,300.0,300.0,30.9,34.7,29.200000000000003,28.4,30.3,,,,,,,,,,,,,,,,,,,,,,,,
2026-07-30T19:12:37.013Z,25.907,25.92,0.0,1.4,0.0,0.0,0.0,0.0,0.0,0.0,0.0,0.0,1.0,0.0,0.0,0.0,9.0,4.0,0.0,0.0,0.0,0.0,0.0,0.0,0.0,0.0,2.0,12.0,1.0,12.13,5.01,2.5,1.49,0.0,0.0,0.0,14.2,0.0,-0.7000000000000001,0.1,-0.7000000000000001,132.70000000000002,0.0,0.0,227.3,0.0,21.700000000000003,28.200000000000003,28.200000000000003,28.700000000000003,300.0,300.0,30.9,34.7,29.200000000000003,28.4,30.3,,,,,,,,,,,,,,,,,,,,,,,,
2026-07-30T19:12:37.025Z,25.919,25.932,0.0,1.4,0.0,0.0,0.0,0.0,0.0,0.0,0.0,0.0,1.0,0.0,0.0,0.0,9.0,4.0,0.0,0.0,0.0,0.0,0.0,0.0,0.0,0.0,3.0,12.0,1.0,12.13,5.01,2.5,1.49,0.0,0.0,0.0,14.1,0.0,-0.7000000000000001,0.7000000000000001,0.4,132.8,0.0,0.0,226.5,0.0,21.700000000000003,28.200000000000003,28.200000000000003,28.700000000000003,300.0,300.0,30.9,34.7,29.200000000000003,28.4,30.3,,,,,,,,,,,,,,,,,,,,,,,,
2026-07-30T19:12:37.037Z,25.931,25.944,0.0,1.4,0.0,0.0,0.0,0.0,0.0,0.0,0.0,0.0,1.0,0.0,0.0,0.0,9.0,4.0,0.0,0.0,0.0,0.0,0.0,0.0,0.0,0.0,4.0,12.0,1.0,12.13,5.01,2.5,1.49,0.0,0.0,0.0,13.9,0.0,1.0,-0.3,0.5,132.8,0.0,0.0,227.4,0.0,21.700000000000003,28.200000000000003,28.200000000000003,28.700000000000003,300.0,300.0,30.9,34.7,29.200000000000003,28.4,30.3,,,,,,,,,,,,,,,,,,,,,,,,
2026-07-30T19:12:37.049Z,25.943,25.956,0.0,1.4,0.0,0.0,0.0,0.0,0.0,0.0,0.0,0.0,1.0,0.0,0.0,0.0,9.0,4.0,0.0,0.0,0.0,0.0,0.0,0.0,0.0,0.0,5.0,12.0,1.0,12.13,5.01,2.5,1.49,0.0,0.0,0.0,13.8,0.0,0.0,0.1,-1.2000000000000002,132.8,0.0,0.0,227.2,0.0,21.700000000000003,28.200000000000003,28.200000000000003,28.700000000000003,300.0,300.0,30.9,34.7,29.200000000000003,28.4,30.3,,,,,,,,,,,,,,,,,,,,,,,,
2026-07-30T19:12:37.061Z,25.955,25.968,0.0,1.4,0.0,0.0,0.0,0.0,0.0,0.0,0.0,0.0,1.0,0.0,0.0,0.0,9.0,4.0,0.0,0.0,0.0,0.0,0.0,0.0,0.0,0.0,6.0,12.0,1.0,12.13,5.01,2.5,1.49,0.0,0.0,0.0,13.6,0.0,0.4,0.2,0.0,132.8,0.0,0.0,227.3,0.0,21.700000000000003,28.200000000000003,28.200000000000003,28.700000000000003,300.0,300.0,30.9,34.7,29.200000000000003,28.4,30.3,,,,,,,,,,,,,,,,,,,,,,,,
2026-07-30T19:12:37.073Z,25.967,25.98,0.0,1.4,0.0,0.0,0.0,0.0,0.0,0.0,0.0,0.0,1.0,0.0,0.0,0.0,9.0,4.0,0.0,0.0,0.0,0.0,0.0,0.0,0.0,0.0,2.0,12.0,1.0,12.13,5.01,2.5,1.49,0.0,0.1,0.0,13.6,0.0,0.4,0.2,1.1,132.70000000000002,0.0,0.0,227.3,0.0,21.700000000000003,28.200000000000003,28.200000000000003,28.700000000000003,300.0,300.0,30.9,34.7,29.200000000000003,28.4,30.3,,,,,,,,,,,,,,,,,,,,,,,,
2026-07-30T19:12:37.087Z,25.981,25.992,0.0,1.4,0.0,0.0,0.0,0.0,0.0,0.0,0.0,0.0,1.0,0.0,0.0,0.0,9.0,4.0,0.0,0.0,0.0,0.0,0.0,0.0,0.0,0.0,3.0,12.0,1.0,12.13,5.01,2.5,1.49,0.0,0.0,0.0,13.4,0.0,-0.7000000000000001,-1.0,-1.2000000000000002,132.70000000000002,0.0,0.0,227.3,0.0,21.700000000000003,28.200000000000003,28.200000000000003,28.700000000000003,300.0,300.0,30.9,34.7,29.200000000000003,28.4,30.3,,,,,,,,,,,,,,,,,,,,,,,,
2026-07-30T19:12:37.097Z,25.991,26.004,0.0,1.4,0.0,0.0,0.0,0.0,0.0,0.0,0.0,0.0,1.0,0.0,0.0,0.0,9.0,4.0,0.0,0.0,0.0,0.0,0.0,0.0,0.0,0.0,4.0,12.0,1.0,12.13,5.01,2.5,1.49,0.0,0.0,0.0,13.3,0.0,-0.7000000000000001,0.7000000000000001,-1.2000000000000002,132.70000000000002,0.0,0.0,227.3,0.0,21.700000000000003,28.200000000000003,28.200000000000003,28.700000000000003,300.0,300.0,30.9,34.7,29.200000000000003,28.4,30.3,,,,,,,,,,,,,,,,,,,,,,,,
2026-07-30T19:12:37.109Z,26.003,26.016,0.0,1.4,0.0,0.0,0.0,0.0,0.0,0.0,0.0,0.0,1.0,0.0,0.0,0.0,9.0,4.0,0.0,0.0,0.0,0.0,0.0,0.0,0.0,0.0,5.0,12.0,1.0,12.17,5.0200000000000005,2.51,1.49,0.0,0.0,0.0,13.2,0.0,-0.7000000000000001,0.1,0.0,132.70000000000002,0.0,0.0,227.3,0.0,21.0,28.200000000000003,28.200000000000003,28.700000000000003,300.0,300.0,31.0,34.7,29.200000000000003,28.4,30.3,,,,,,,,,,,,,,,,,,,,,,,,
2026-07-30T19:12:37.121Z,26.015,26.028,0.0,1.4,0.0,0.0,0.0,0.0,0.0,0.0,0.0,0.0,1.0,0.0,0.0,0.0,9.0,4.0,0.0,0.0,0.0,0.0,0.0,0.0,0.0,0.0,6.0,12.0,1.0,12.17,5.0200000000000005,2.51,1.49,0.0,0.0,0.0,13.1,0.0,1.0,-0.4,1.1,132.70000000000002,0.0,0.0,227.3,0.0,21.0,28.200000000000003,28.200000000000003,28.700000000000003,300.0,300.0,31.0,34.7,29.200000000000003,28.4,30.3,,,,,,,,,,,,,,,,,,,,,,,,
2026-07-30T19:12:37.133Z,26.027,26.04,0.0,1.4,0.0,0.0,0.0,0.0,0.0,0.0,0.0,0.0,1.0,0.0,0.0,0.0,9.0,4.0,0.0,0.0,0.0,0.0,0.0,0.0,0.0,0.0,1.0,12.0,1.0,12.17,5.0200000000000005,2.51,1.49,0.0,0.0,0.0,12.9,0.0,-1.3,-2.7,-1.1,132.8,0.0,0.0,227.0,0.0,21.0,28.200000000000003,28.200000000000003,28.700000000000003,300.0,300.0,31.0,34.7,29.200000000000003,28.4,30.3,,,,,,,,,,,,,,,,,,,,,,,,
2026-07-30T19:12:37.145Z,26.039,26.052,0.0,1.4,0.0,0.0,0.0,0.0,0.0,0.0,0.0,0.0,1.0,0.0,0.0,0.0,9.0,4.0,0.0,0.0,0.0,0.0,0.0,0.0,0.0,0.0,3.0,12.0,1.0,12.17,5.0200000000000005,2.51,1.49,0.0,0.0,0.0,12.8,0.0,0.4,-0.4,-1.7000000000000002,132.8,0.0,0.0,227.5,0.0,21.0,28.200000000000003,28.200000000000003,28.700000000000003,300.0,300.0,31.0,34.7,29.200000000000003,28.4,30.3,,,,,,,,,,,,,,,,,,,,,,,,
2026-07-30T19:12:37.157Z,26.051,26.064,0.0,1.4,0.0,0.0,0.0,0.0,0.0,0.0,0.0,0.0,1.0,0.0,0.0,0.0,9.0,4.0,0.0,0.0,0.0,0.0,0.0,0.0,0.0,0.0,3.0,12.0,1.0,12.17,5.0200000000000005,2.51,1.49,0.0,0.0,0.0,12.6,0.0,-0.1,0.1,-0.5,132.8,0.0,0.0,227.3,0.0,21.0,28.200000000000003,28.200000000000003,28.700000000000003,300.0,300.0,31.0,34.7,29.200000000000003,28.4,30.3,,,,,,,,,,,,,,,,,,,,,,,,
2026-07-30T19:12:37.169Z,26.063,26.076,0.0,1.4,0.0,0.0,0.0,0.0,0.0,0.0,0.0,0.0,1.0,0.0,0.0,0.0,9.0,4.0,0.0,0.0,0.0,0.0,0.0,0.0,0.0,0.0,4.0,12.0,1.0,12.17,5.0200000000000005,2.51,1.49,0.0,0.0,0.0,12.6,0.0,0.4,-0.4,0.5,132.8,0.0,0.0,227.3,0.0,21.0,28.200000000000003,28.200000000000003,28.700000000000003,300.0,300.0,31.0,34.7,29.200000000000003,28.4,30.3,,,,,,,,,,,,,,,,,,,,,,,,
2026-07-30T19:12:37.181Z,26.075,26.088,0.0,1.4,0.0,0.0,0.0,0.0,0.0,0.0,0.0,0.0,1.0,0.0,0.0,0.0,9.0,4.0,0.0,0.0,0.0,0.0,0.0,0.0,0.0,0.0,5.0,12.0,1.0,12.17,5.0200000000000005,2.51,1.49,0.0,0.0,0.0,12.4,0.0,1.0,-0.4,-0.5,132.8,0.0,0.0,227.4,0.0,21.0,28.200000000000003,28.200000000000003,28.700000000000003,300.0,300.0,31.0,34.7,29.200000000000003,28.4,30.3,,,,,,,,,,,,,,,,,,,,,,,,
2026-07-30T19:12:37.193Z,26.087,26.1,0.0,1.4,0.0,0.0,0.0,0.0,0.0,0.0,0.0,0.0,1.0,0.0,0.0,0.0,9.0,4.0,0.0,0.0,0.0,0.0,0.0,0.0,0.0,0.0,6.0,12.0,1.0,12.17,5.0200000000000005,2.51,1.49,0.0,0.0,0.0,12.3,0.0,-0.1,0.7000000000000001,0.0,132.8,0.0,0.0,227.3,0.0,21.0,28.200000000000003,28.200000000000003,28.700000000000003,300.0,300.0,31.0,34.7,29.200000000000003,28.4,30.3,,,,,,,,,,,,,,,,,,,,,,,,
2026-07-30T19:12:37.206Z,26.1,26.112,0.0,1.4,0.0,0.0,0.0,0.0,0.0,0.0,0.0,0.0,1.0,0.0,0.0,0.0,9.0,4.0,0.0,0.0,0.0,0.0,0.0,0.0,0.0,0.0,1.0,12.0,1.0,12.17,5.01,2.51,1.49,0.0,0.0,0.0,12.2,0.0,0.4,-0.4,0.0,132.70000000000002,0.0,0.0,227.3,0.0,21.4,28.200000000000003,28.200000000000003,28.700000000000003,300.0,300.0,31.0,34.6,29.200000000000003,28.4,30.3,,,,,,,,,,,,,,,,,,,,,,,,
2026-07-30T19:12:37.217Z,26.111,26.124,0.0,1.4,0.0,0.0,0.0,0.0,0.0,0.0,0.0,0.0,1.0,0.0,0.0,0.0,9.0,4.0,0.0,0.0,0.0,0.0,0.0,0.0,0.0,0.0,2.0,12.0,1.0,12.17,5.01,2.51,1.49,0.0,0.0,0.0,12.1,0.0,-0.6000000000000001,-0.9,-0.5,132.70000000000002,0.0,0.0,227.3,0.0,21.4,28.200000000000003,28.200000000000003,28.700000000000003,300.0,300.0,31.0,34.6,29.200000000000003,28.4,30.3,,,,,,,,,,,,,,,,,,,,,,,,
2026-07-30T19:12:37.229Z,26.123,26.136,-0.1,1.4,0.0,0.0,0.0,0.0,0.0,0.0,0.0,0.0,1.0,0.0,0.0,0.0,9.0,4.0,0.0,0.0,0.0,0.0,0.0,0.0,0.0,0.0,3.0,12.0,1.0,12.17,5.01,2.51,1.49,0.0,0.0,0.0,11.9,0.0,1.1,0.8,0.6000000000000001,132.70000000000002,0.0,0.0,227.0,0.0,21.4,28.200000000000003,28.200000000000003,28.700000000000003,300.0,300.0,31.0,34.6,29.200000000000003,28.4,30.3,,,,,,,,,,,,,,,,,,,,,,,,
2026-07-30T19:12:37.242Z,26.136,26.148,-0.1,1.4,0.0,0.0,0.0,0.0,0.0,0.0,0.0,0.0,1.0,0.0,0.0,0.0,9.0,4.0,0.0,0.0,0.0,0.0,0.0,0.0,0.0,0.0,5.0,12.0,1.0,12.17,5.01,2.51,1.49,0.0,0.0,0.0,11.8,0.0,-0.6000000000000001,0.2,-0.5,132.8,0.0,0.0,227.2,0.0,21.4,28.200000000000003,28.200000000000003,28.700000000000003,300.0,300.0,31.0,34.6,29.200000000000003,28.4,30.3,,,,,,,,,,,,,,,,,,,,,,,,
2026-07-30T19:12:37.253Z,26.147,26.16,-0.1,1.4,0.0,0.0,0.0,0.0,0.0,0.0,0.0,0.0,1.0,0.0,0.0,0.0,9.0,4.0,0.0,0.0,0.0,0.0,0.0,0.0,0.0,0.0,6.0,12.0,1.0,12.17,5.01,2.51,1.49,0.0,0.0,0.0,11.7,0.0,0.0,2.0,1.2000000000000002,132.8,0.0,0.0,227.4,0.0,21.4,28.200000000000003,28.200000000000003,28.700000000000003,300.0,300.0,31.0,34.6,29.200000000000003,28.4,30.3,,,,,,,,,,,,,,,,,,,,,,,,
2026-07-30T19:12:37.265Z,26.159,26.172,-0.1,1.4,0.0,0.0,0.0,0.0,0.0,0.0,0.0,0.0,1.0,0.0,0.0,0.0,9.0,4.0,0.0,0.0,0.0,0.0,0.0,0.0,0.0,0.0,1.0,12.0,1.0,12.17,5.01,2.51,1.49,0.0,0.0,0.0,11.6,0.0,0.5,0.2,-0.5,132.70000000000002,0.0,0.0,227.4,0.0,21.4,28.200000000000003,28.200000000000003,28.700000000000003,300.0,300.0,31.0,34.6,29.200000000000003,28.4,30.3,,,,,,,,,,,,,,,,,,,,,,,,
2026-07-30T19:12:37.277Z,26.171,26.184,-0.1,1.4,0.0,0.0,0.0,0.0,0.0,0.0,0.0,0.0,1.0,0.0,0.0,0.0,9.0,4.0,0.0,0.0,0.0,0.0,0.0,0.0,0.0,0.0,2.0,12.0,1.0,12.17,5.01,2.51,1.49,0.0,0.0,0.0,11.5,0.0,0.5,-0.3,0.0,132.70000000000002,0.0,0.0,227.5,0.0,21.4,28.200000000000003,28.200000000000003,28.700000000000003,300.0,300.0,31.0,34.6,29.200000000000003,28.4,30.3,,,,,,,,,,,,,,,,,,,,,,,,
2026-07-30T19:12:37.289Z,26.183,26.196,-0.1,1.4,0.0,0.0,0.0,0.0,0.0,0.0,0.0,0.0,1.0,0.0,0.0,0.0,9.0,4.0,0.0,0.0,0.0,0.0,0.0,0.0,0.0,0.0,3.0,12.0,1.0,12.17,5.01,2.51,1.49,0.0,0.0,0.0,11.4,0.0,0.0,0.7000000000000001,0.0,132.70000000000002,0.0,0.0,227.3,0.0,21.4,28.200000000000003,28.200000000000003,28.700000000000003,300.0,300.0,31.0,34.6,29.200000000000003,28.4,30.3,,,,,,,,,,,,,,,,,,,,,,,,
2026-07-30T19:12:37.301Z,26.195,26.208,-0.1,1.4,0.0,0.0,0.0,0.0,0.0,0.0,0.0,0.0,1.0,0.0,0.0,0.0,9.0,4.0,0.0,0.0,0.0,0.0,0.0,0.0,0.0,0.0,4.0,12.0,1.0,12.17,5.01,2.51,1.49,0.0,0.0,0.0,11.3,0.0,-0.1,0.2,0.0,132.70000000000002,0.0,0.0,227.3,0.0,21.4,28.200000000000003,28.200000000000003,28.700000000000003,300.0,300.0,31.0,34.6,29.200000000000003,28.4,30.3,,,,,,,,,,,,,,,,,,,,,,,,
2026-07-30T19:12:37.313Z,26.207,26.22,-0.1,1.4,0.0,0.0,0.0,0.0,0.0,0.0,0.0,0.0,1.0,0.0,0.0,0.0,9.0,4.0,0.0,0.0,0.0,0.0,0.0,0.0,0.0,0.0,5.0,12.0,1.0,12.18,5.0200000000000005,2.5,1.49,0.0,0.0,0.0,11.1,0.0,0.4,-0.3,0.5,132.70000000000002,0.0,0.0,227.3,0.0,21.3,28.200000000000003,28.200000000000003,28.700000000000003,300.0,300.0,31.1,34.7,29.200000000000003,28.4,30.3,,,,,,,,,,,,,,,,,,,,,,,,
2026-07-30T19:12:37.325Z,26.219,26.232,-0.1,1.4,0.0,0.0,0.0,0.0,0.0,0.0,0.0,0.0,1.0,0.0,0.0,0.0,9.0,4.0,0.0,0.0,0.0,0.0,0.0,0.0,0.0,0.0,5.0,12.0,1.0,12.18,5.0200000000000005,2.5,1.49,0.0,0.1,0.0,11.0,0.0,0.4,-0.3,0.0,132.70000000000002,0.0,0.0,227.4,0.0,21.3,28.200000000000003,28.200000000000003,28.700000000000003,300.0,300.0,31.1,34.7,29.200000000000003,28.4,30.3,,,,,,,,,,,,,,,,,,,,,,,,
2026-07-30T19:12:37.337Z,26.231,26.244,-0.1,1.4,0.0,0.0,0.0,0.0,0.0,0.0,0.0,0.0,1.0,0.0,0.0,0.0,9.0,4.0,0.0,0.0,0.0,0.0,0.0,0.0,0.0,0.0,6.0,12.0,1.0,12.18,5.0200000000000005,2.5,1.49,0.0,0.0,0.0,10.9,0.0,0.4,0.8,-1.1,132.8,0.0,0.0,226.1,0.0,21.3,28.200000000000003,28.200000000000003,28.700000000000003,300.0,300.0,31.1,34.7,29.200000000000003,28.4,30.3,,,,,,,,,,,,,,,,,,,,,,,,
2026-07-30T19:12:37.349Z,26.243,26.256,-0.1,1.4,0.0,0.0,0.0,0.0,0.0,0.0,0.0,0.0,1.0,0.0,0.0,0.0,9.0,4.0,0.0,0.0,0.0,0.0,0.0,0.0,0.0,0.0,1.0,12.0,1.0,12.18,5.0200000000000005,2.5,1.49,0.0,0.0,0.0,10.9,0.0,-0.7000000000000001,0.2,1.1,132.8,0.0,0.0,227.5,0.0,21.3,28.200000000000003,28.200000000000003,28.700000000000003,300.0,300.0,31.1,34.7,29.200000000000003,28.4,30.3,,,,,,,,,,,,,,,,,,,,,,,,
2026-07-30T19:12:37.361Z,26.255,26.268,-0.1,1.4,0.0,0.0,0.0,0.0,0.0,0.0,0.0,0.0,1.0,0.0,0.0,0.0,9.0,4.0,0.0,0.0,0.0,0.0,0.0,0.0,0.0,0.0,2.0,12.0,1.0,12.18,5.0200000000000005,2.5,1.49,0.0,0.0,0.0,10.8,0.0,-0.2,0.8,1.1,132.8,0.0,0.0,227.3,0.0,21.3,28.200000000000003,28.200000000000003,28.700000000000003,300.0,300.0,31.1,34.7,29.200000000000003,28.4,30.3,,,,,,,,,,,,,,,,,,,,,,,,
2026-07-30T19:12:37.373Z,26.267,26.28,-0.2,1.4,0.0,0.0,0.0,0.0,0.0,0.0,0.0,0.0,1.0,0.0,0.0,0.0,9.0,4.0,0.0,0.0,0.0,0.0,0.0,0.0,0.0,0.0,3.0,12.0,1.0,12.18,5.0200000000000005,2.5,1.49,0.0,0.0,0.0,10.7,0.0,0.9,-0.3,1.1,132.8,0.0,0.0,227.3,0.0,21.3,28.200000000000003,28.200000000000003,28.700000000000003,300.0,300.0,31.1,34.7,29.200000000000003,28.4,30.3,,,,,,,,,,,,,,,,,,,,,,,,
2026-07-30T19:12:37.385Z,26.279,26.292,-0.1,1.4,0.0,0.0,0.0,0.0,0.0,0.0,0.0,0.0,1.0,0.0,0.0,0.0,9.0,4.0,0.0,0.0,0.0,0.0,0.0,0.0,0.0,0.0,4.0,12.0,1.0,12.18,5.0200000000000005,2.5,1.49,0.0,0.0,0.0,10.5,0.0,0.9,1.3,1.6,132.70000000000002,0.0,0.0,227.3,0.0,21.3,28.200000000000003,28.200000000000003,28.700000000000003,300.0,300.0,31.1,34.7,29.200000000000003,28.4,30.3,,,,,,,,,,,,,,,,,,,,,,,,
2026-07-30T19:12:37.399Z,26.293,26.304,-0.1,1.4,0.0,0.0,0.0,0.0,0.0,0.0,0.0,0.0,1.0,0.0,0.0,0.0,9.0,4.0,0.0,0.0,0.0,0.0,0.0,0.0,0.0,0.0,5.0,12.0,1.0,12.18,5.0200000000000005,2.5,1.49,-0.1,0.0,0.0,10.5,0.0,0.3,0.7000000000000001,-0.6000000000000001,132.70000000000002,0.0,0.0,227.3,0.0,21.3,28.200000000000003,28.200000000000003,28.700000000000003,300.0,300.0,31.1,34.7,29.200000000000003,28.4,30.3,,,,,,,,,,,,,,,,,,,,,,,,
2026-07-30T19:12:37.410Z,26.304,26.316,-0.1,1.4,0.0,0.0,0.0,0.0,0.0,0.0,0.0,0.0,1.0,0.0,0.0,0.0,9.0,4.0,0.0,0.0,0.0,0.0,0.0,0.0,0.0,0.0,5.0,12.0,1.0,12.15,5.0200000000000005,2.51,1.49,0.0,0.1,0.0,10.4,0.0,0.3,-0.4,-0.6000000000000001,132.70000000000002,0.0,0.0,227.3,0.0,21.4,28.200000000000003,28.200000000000003,28.700000000000003,300.0,300.0,31.1,34.800000000000004,29.200000000000003,28.4,30.3,,,,,,,,,,,,,,,,,,,,,,,,
2026-07-30T19:12:37.421Z,26.315,26.328,-0.1,1.4,0.0,0.0,0.0,0.0,0.0,0.0,0.0,0.0,1.0,0.0,0.0,0.0,9.0,4.0,0.0,0.0,0.0,0.0,0.0,0.0,0.0,0.0,6.0,12.0,1.0,12.15,5.0200000000000005,2.51,1.49,0.0,0.0,0.0,10.3,0.0,-0.2,-0.4,0.0,132.70000000000002,0.0,0.0,227.3,0.0,21.4,28.200000000000003,28.200000000000003,28.700000000000003,300.0,300.0,31.1,34.800000000000004,29.200000000000003,28.4,30.3,,,,,,,,,,,,,,,,,,,,,,,,
2026-07-30T19:12:37.434Z,26.328,26.34,-0.1,1.4,0.0,0.0,0.0,0.0,0.0,0.0,0.0,0.0,1.0,0.0,0.0,0.0,9.0,4.0,0.0,0.0,0.0,0.0,0.0,0.0,0.0,0.0,2.0,12.0,1.0,12.15,5.0200000000000005,2.51,1.49,0.0,0.0,0.0,10.2,0.0,0.3,0.1,-0.6000000000000001,132.70000000000002,0.0,0.0,227.5,0.0,21.4,28.200000000000003,28.200000000000003,28.700000000000003,300.0,300.0,31.1,34.800000000000004,29.200000000000003,28.4,30.3,,,,,,,,,,,,,,,,,,,,,,,,
2026-07-30T19:12:37.446Z,26.34,26.352,-0.1,1.4,0.0,0.0,0.0,0.0,0.0,0.0,0.0,0.0,1.0,0.0,0.0,0.0,9.0,4.0,0.0,0.0,0.0,0.0,0.0,0.0,0.0,0.0,3.0,12.0,1.0,12.15,5.0200000000000005,2.51,1.49,0.0,0.0,0.0,10.1,0.0,-0.2,-0.4,-0.6000000000000001,132.8,0.0,0.0,227.0,0.0,21.4,28.200000000000003,28.200000000000003,28.700000000000003,300.0,300.0,31.1,34.800000000000004,29.200000000000003,28.4,30.3,,,,,,,,,,,,,,,,,,,,,,,,
2026-07-30T19:12:37.457Z,26.351,26.364,-0.1,1.4,0.0,0.0,0.0,0.0,0.0,0.0,0.0,0.0,1.0,0.0,0.0,0.0,9.0,4.0,0.0,0.0,0.0,0.0,0.0,0.0,0.0,0.0,5.0,12.0,1.0,12.15,5.0200000000000005,2.51,1.49,0.0,0.0,0.0,9.9,0.0,0.9,0.0,1.6,132.70000000000002,0.0,0.0,227.4,0.0,21.4,28.200000000000003,28.200000000000003,28.700000000000003,300.0,300.0,31.1,34.800000000000004,29.200000000000003,28.4,30.3,,,,,,,,,,,,,,,,,,,,,,,,
2026-07-30T19:12:37.469Z,26.363,26.376,-0.1,1.4,0.0,0.0,0.0,0.0,0.0,0.0,0.0,0.0,1.0,0.0,0.0,0.0,9.0,4.0,0.0,0.0,0.0,0.0,0.0,0.0,0.0,0.0,6.0,12.0,1.0,12.15,5.0200000000000005,2.51,1.49,0.0,0.1,0.0,9.9,0.0,-0.2,-0.5,0.5,132.70000000000002,0.0,0.0,227.3,0.0,21.4,28.200000000000003,28.200000000000003,28.700000000000003,300.0,300.0,31.1,34.800000000000004,29.200000000000003,28.4,30.3,,,,,,,,,,,,,,,,,,,,,,,,
2026-07-30T19:12:37.481Z,26.375,26.388,-0.1,1.4,0.0,0.0,0.0,0.0,0.0,0.0,0.0,0.0,1.0,0.0,0.0,0.0,9.0,4.0,0.0,0.0,0.0,0.0,0.0,0.0,0.0,0.0,6.0,12.0,1.0,12.15,5.0200000000000005,2.51,1.49,0.0,0.0,0.0,9.8,0.0,0.3,0.0,0.5,132.70000000000002,0.0,0.0,227.4,0.0,21.4,28.200000000000003,28.200000000000003,28.700000000000003,300.0,300.0,31.1,34.800000000000004,29.200000000000003,28.4,30.3,,,,,,,,,,,,,,,,,,,,,,,,
2026-07-30T19:12:37.493Z,26.387,26.4,-0.1,1.4,0.0,0.0,0.0,0.0,0.0,0.0,0.0,0.0,1.0,0.0,0.0,0.0,9.0,4.0,0.0,0.0,0.0,0.0,0.0,0.0,0.0,0.0,1.0,12.0,1.0,12.15,5.0200000000000005,2.51,1.49,0.0,0.0,0.0,9.7,0.0,0.3,-0.5,0.0,132.70000000000002,0.0,0.0,227.3,0.0,21.4,28.200000000000003,28.200000000000003,28.700000000000003,300.0,300.0,31.1,34.800000000000004,29.200000000000003,28.4,30.3,,,,,,,,,,,,,,,,,,,,,,,,
2026-07-30T19:12:37.505Z,26.399,26.412,0.0,1.4,0.0,0.0,0.0,0.0,0.0,0.0,0.0,0.0,1.0,0.0,0.0,0.0,9.0,4.0,0.0,0.0,0.0,0.0,0.0,0.0,0.0,0.0,2.0,12.0,1.0,12.15,5.0200000000000005,2.51,1.49,0.0,0.0,0.0,9.7,0.0,-0.2,0.1,0.5,132.70000000000002,0.0,0.0,227.3,0.0,21.4,28.200000000000003,28.200000000000003,28.700000000000003,300.0,300.0,31.1,34.800000000000004,29.200000000000003,28.4,30.3,,,,,,,,,,,,,,,,,,,,,,,,
2026-07-30T19:12:37.517Z,26.411,26.424,-0.1,1.4,0.0,0.0,0.0,0.0,0.0,0.0,0.0,0.0,1.0,0.0,0.0,0.0,9.0,4.0,0.0,0.0,0.0,0.0,0.0,0.0,0.0,0.0,4.0,12.0,1.0,12.18,5.0200000000000005,2.5,1.49,0.0,0.0,0.0,9.4,0.0,-0.1,-0.4,-1.1,132.70000000000002,0.0,0.0,227.3,0.0,21.3,28.200000000000003,28.200000000000003,28.700000000000003,300.0,300.0,31.0,34.800000000000004,29.200000000000003,28.4,30.3,,,,,,,,,,,,,,,,,,,,,,,,
2026-07-30T19:12:37.529Z,26.423,26.436,-0.1,1.4,0.0,0.0,0.0,0.0,0.0,0.0,0.0,0.0,1.0,0.0,0.0,0.0,9.0,4.0,0.0,0.0,0.0,0.0,0.0,0.0,0.0,0.0,5.0,12.0,1.0,12.18,5.0200000000000005,2.5,1.49,0.0,0.0,0.0,9.4,0.0,-0.2,-1.0,-1.2000000000000002,132.70000000000002,0.0,0.0,227.4,0.0,21.3,28.200000000000003,28.200000000000003,28.700000000000003,300.0,300.0,31.0,34.800000000000004,29.200000000000003,28.4,30.3,,,,,,,,,,,,,,,,,,,,,,,,
2026-07-30T19:12:37.541Z,26.435,26.448,-0.1,1.4,0.0,0.0,0.0,0.0,0.0,0.0,0.0,0.0,1.0,0.0,0.0,0.0,9.0,4.0,0.0,0.0,0.0,0.0,0.0,0.0,0.0,0.0,6.0,12.0,1.0,12.18,5.0200000000000005,2.5,1.49,0.0,0.0,0.0,9.3,0.0,-0.8,0.1,0.0,132.70000000000002,0.0,0.0,227.1,0.0,21.3,28.200000000000003,28.200000000000003,28.700000000000003,300.0,300.0,31.0,34.800000000000004,29.200000000000003,28.4,30.3,,,,,,,,,,,,,,,,,,,,,,,,
2026-07-30T19:12:37.553Z,26.447,26.46,-0.1,1.4,0.0,0.0,0.0,0.0,0.0,0.0,0.0,0.0,1.0,0.0,0.0,0.0,9.0,4.0,0.0,0.0,0.0,0.0,0.0,0.0,0.0,0.0,1.0,12.0,1.0,12.18,5.0200000000000005,2.5,1.49,0.0,0.0,0.0,9.2,0.0,-0.8,-0.4,-0.6000000000000001,132.8,0.0,0.0,227.3,0.0,21.3,28.200000000000003,28.200000000000003,28.700000000000003,300.0,300.0,31.0,34.800000000000004,29.200000000000003,28.4,30.3,,,,,,,,,,,,,,,,,,,,,,,,
2026-07-30T19:12:37.565Z,26.459,26.472,-0.1,1.4,0.0,0.0,0.0,0.0,0.0,0.0,0.0,0.0,1.0,0.0,0.0,0.0,9.0,4.0,0.0,0.0,0.0,0.0,0.0,0.0,0.0,0.0,2.0,12.0,1.0,12.18,5.0200000000000005,2.5,1.49,0.0,0.0,0.0,9.2,0.0,0.9,-0.4,0.0,132.8,0.0,0.0,227.4,0.0,21.3,28.200000000000003,28.200000000000003,28.700000000000003,300.0,300.0,31.0,34.800000000000004,29.200000000000003,28.4,30.3,,,,,,,,,,,,,,,,,,,,,,,,
2026-07-30T19:12:37.577Z,26.471,26.484,-0.1,1.4,0.0,0.0,0.0,0.0,0.0,0.0,0.0,0.0,1.0,0.0,0.0,0.0,9.0,4.0,0.0,0.0,0.0,0.0,0.0,0.0,0.0,0.0,3.0,12.0,1.0,12.18,5.0200000000000005,2.5,1.49,0.0,0.0,0.0,9.1,0.0,-0.1,0.7000000000000001,-0.6000000000000001,132.8,0.0,0.0,227.3,0.0,21.3,28.200000000000003,28.200000000000003,28.700000000000003,300.0,300.0,31.0,34.800000000000004,29.200000000000003,28.4,30.3,,,,,,,,,,,,,,,,,,,,,,,,
2026-07-30T19:12:37.589Z,26.483,26.496,-0.1,1.4,0.0,0.0,0.0,0.0,0.0,0.0,0.0,0.0,1.0,0.0,0.0,0.0,9.0,4.0,0.0,0.0,0.0,0.0,0.0,0.0,0.0,0.0,4.0,12.0,1.0,12.18,5.0200000000000005,2.5,1.49,0.0,0.0,0.0,9.0,0.0,-0.7000000000000001,-0.4,0.0,132.70000000000002,0.0,0.0,227.3,0.0,21.3,28.200000000000003,28.200000000000003,28.700000000000003,300.0,300.0,31.0,34.800000000000004,29.200000000000003,28.4,30.3,,,,,,,,,,,,,,,,,,,,,,,,
2026-07-30T19:12:37.601Z,26.495,26.508,-0.1,1.4,0.0,0.0,0.0,0.0,0.0,0.0,0.0,0.0,1.0,0.0,0.0,0.0,9.0,4.0,0.0,0.0,0.0,0.0,0.0,0.0,0.0,0.0,5.0,12.0,1.0,12.18,5.0200000000000005,2.5,1.49,0.0,0.0,0.0,8.9,0.0,-0.1,-0.3,0.0,132.70000000000002,0.0,0.0,227.3,0.0,21.3,28.200000000000003,28.200000000000003,28.700000000000003,300.0,300.0,31.0,34.800000000000004,29.200000000000003,28.4,30.3,,,,,,,,,,,,,,,,,,,,,,,,
2026-07-30T19:12:37.614Z,26.508,26.52,-0.1,1.4,0.0,0.0,0.0,0.0,0.0,0.0,0.0,0.0,1.0,0.0,0.0,0.0,9.0,4.0,0.0,0.0,0.0,0.0,0.0,0.0,0.0,0.0,1.0,12.0,1.0,12.13,5.0200000000000005,2.51,1.49,0.0,0.0,0.0,8.8,0.0,0.4,-0.4,0.0,132.70000000000002,0.0,0.0,227.3,0.0,21.4,28.200000000000003,28.200000000000003,28.700000000000003,300.0,300.0,31.0,34.800000000000004,29.200000000000003,28.4,30.3,,,,,,,,,,,,,,,,,,,,,,,,
2026-07-30T19:12:37.625Z,26.519,26.532,-0.1,1.4,0.0,0.0,0.0,0.0,0.0,0.0,0.0,0.0,1.0,0.0,0.0,0.0,9.0,4.0,0.0,0.0,0.0,0.0,0.0,0.0,0.0,0.0,2.0,12.0,1.0,12.13,5.0200000000000005,2.51,1.49,0.0,0.0,0.0,8.700000000000001,0.0,-1.3,-0.4,-0.1,132.70000000000002,0.0,0.0,227.3,0.0,21.4,28.200000000000003,28.200000000000003,28.700000000000003,300.0,300.0,31.0,34.800000000000004,29.200000000000003,28.4,30.3,,,,,,,,,,,,,,,,,,,,,,,,
2026-07-30T19:12:37.639Z,26.533,26.544,-0.1,1.4,0.0,0.0,0.0,0.0,0.0,0.0,0.0,0.0,1.0,0.0,0.0,0.0,9.0,4.0,0.0,0.0,0.0,0.0,0.0,0.0,0.0,0.0,3.0,12.0,1.0,12.13,5.0200000000000005,2.51,1.49,0.0,0.0,0.0,8.700000000000001,0.0,-0.1,-0.3,-0.7000000000000001,132.70000000000002,0.0,0.0,227.3,0.0,21.4,28.200000000000003,28.200000000000003,28.700000000000003,300.0,300.0,31.0,34.800000000000004,29.200000000000003,28.4,30.3,,,,,,,,,,,,,,,,,,,,,,,,
2026-07-30T19:12:37.652Z,26.546,26.556,-0.1,1.4,0.0,0.0,0.0,0.0,0.0,0.0,0.0,0.0,1.0,0.0,0.0,0.0,9.0,4.0,0.0,0.0,0.0,0.0,0.0,0.0,0.0,0.0,4.0,12.0,1.0,12.13,5.0200000000000005,2.51,1.49,0.0,0.0,0.0,8.6,0.0,-0.1,-1.0,-0.7000000000000001,132.8,0.0,0.0,226.2,0.0,21.4,28.200000000000003,28.200000000000003,28.700000000000003,300.0,300.0,31.0,34.800000000000004,29.200000000000003,28.4,30.3,,,,,,,,,,,,,,,,,,,,,,,,
2026-07-30T19:12:37.661Z,26.555,26.568,-0.1,1.4,0.0,0.0,0.0,0.0,0.0,0.0,0.0,0.0,1.0,0.0,0.0,0.0,9.0,4.0,0.0,0.0,0.0,0.0,0.0,0.0,0.0,0.0,6.0,12.0,1.0,12.13,5.0200000000000005,2.51,1.49,0.0,0.0,0.0,8.5,0.0,-0.1,-0.4,1.6,132.8,0.0,0.0,227.4,0.0,21.4,28.200000000000003,28.200000000000003,28.700000000000003,300.0,300.0,31.0,34.800000000000004,29.200000000000003,28.4,30.3,,,,,,,,,,,,,,,,,,,,,,,,
2026-07-30T19:12:37.673Z,26.567,26.58,-0.1,1.4,0.0,0.0,0.0,0.0,0.0,0.0,0.0,0.0,1.0,0.0,0.0,0.0,9.0,4.0,0.0,0.0,0.0,0.0,0.0,0.0,0.0,0.0,1.0,12.0,1.0,12.13,5.0200000000000005,2.51,1.49,0.0,0.0,0.0,8.4,0.0,0.4,0.7000000000000001,0.0,132.8,0.0,0.0,227.3,0.0,21.4,28.200000000000003,28.200000000000003,28.700000000000003,300.0,300.0,31.0,34.800000000000004,29.200000000000003,28.4,30.3,,,,,,,,,,,,,,,,,,,,,,,,
