time,time_s,INV_Power_On_Timer,INV_Torque_Feedback,INV_Commanded_Torque,INV_Run_Fault_Hi,INV_Post_Fault_Hi,INV_Run_Fault_Lo,INV_Post_Fault_Lo,INV_Direction_Command,INV_Inverter_Enable_State,INV_Relay_3_Status,INV_Relay_4_Status,INV_Relay_2_Status,INV_Inverter_Run_Mode,INV_Inverter_Command_Mode,INV_Relay_1_Status,INV_Inverter_State,INV_VSM_State,INV_Inverter_Enable_Lockout,INV_Inverter_Discharge_State,INV_Relay_5_Status,INV_Relay_6_Status,INV_BMS_Active,INV_BMS_Torque_Limiting,INV_Max_Speed_Limiting,INV_Low_Speed_Limiting,INV_Rolling_Counter,INV_PWM_Frequency,INV_Start_Mode_Active,INV_Reference_Voltage_12_0,INV_Reference_Voltage_5_0,INV_Reference_Voltage_2_5,INV_Reference_Voltage_1_5,INV_VBC_Vq_Voltage,INV_VAB_Vd_Voltage,INV_Output_Voltage,INV_DC_Bus_Voltage,INV_DC_Bus_Current,INV_Phase_C_Current,INV_Phase_B_Current,INV_Phase_A_Current,INV_Delta_Resolver_Filtered,INV_Electrical_Output_Frequency,INV_Motor_Speed,INV_Motor_Angle_Electrical,INV_Torque_Shudder,INV_Motor_Temperature,INV_RTD5_Temperature,INV_RTD4_Temperature,INV_RTD3_Temperature,INV_RTD2_Temperature,INV_RTD1_Temperature,INV_Control_Board_Temperature,INV_Gate_Driver_Board,INV_Module_C,INV_Module_B,INV_Module_A,INV_Fast_Torque_Command,INV_Fast_Torque_Feedback,INV_Fast_Motor_Speed,INV_Fast_DC_Bus_Voltage,INV_Diag_Record,INV_Diag_Segment,INV_Diag_Gamma_Resolver,INV_Diag_Gamma_Observer,INV_Diag_Sin,INV_Diag_Cos,INV_Diag_Ia,INV_Diag_Ib,INV_Diag_Ic,INV_Diag_Vdc,INV_Diag_Iq_cmd,INV_Diag_Id_cmd,INV_Diag_Mod_Index,INV_Diag_FW_Output,INV_Diag_Vq_Cmd,INV_Diag_Vd_Cmd,INV_Diag_Vqs_Cmd,INV_Diag_12V,INV_Diag_Run_Faults_Lo,INV_Diag_Run_Faults_Hi
2026-08-21T01:26:24.604Z,0.0,0.012,-1.3,0.0,0.0,0.0,0.0,0.0,0.0,0.0,0.0,0.0,0.0,0.0,0.0,0.0,9.0,0.0,1.0,0.0,0.0,0.0,0.0,0.0,0.0,0.0,4.0,12.0,1.0,,,,,0.0,0.0,0.0,0.4,0.0,-7.5,-10.2,-8.5,-8.5,0.0,11.0,128.3,,,,,,,,,,,,,,,,,,,,,,,,,,,,,,,,,,,,
2026-08-21T01:26:24.616Z,0.012,0.024,-2.2,0.0,0.0,0.0,0.0,0.0,0.0,0.0,0.0,0.0,0.0,0.0,0.0,0.0,9.0,0.0,1.0,0.0,0.0,0.0,0.0,0.0,0.0,0.0,2.0,12.0,1.0,,,,,0.0,0.0,0.0,0.4,0.0,-6.9,-9.4,-8.9,-16.5,0.0,11.0,119.2,,,,,,,,,,,,,,,,,,,,,,,,,,,,,,,,,,,,
2026-08-21T01:26:24.628Z,0.024,0.036,-3.0,0.0,0.0,0.0,0.0,0.0,0.0,0.0,0.0,0.0,0.0,0.0,0.0,0.0,9.0,0.0,1.0,0.0,0.0,0.0,0.0,0.0,0.0,0.0,1.0,12.0,1.0,,,,,0.0,0.1,0.0,0.4,0.0,-6.9,-10.4,-9.3,-23.8,0.0,10.0,117.7,,,,,,,,,,,,,,,,,,,,,,,,,,,,,,,,,,,,
2026-08-21T01:26:24.640Z,0.036,0.048,-3.6,0.0,0.0,0.0,0.0,0.0,0.0,0.0,0.0,0.0,0.0,0.0,0.0,0.0,9.0,0.0,1.0,0.0,0.0,0.0,0.0,0.0,0.0,0.0,5.0,12.0,1.0,,,,,0.0,0.0,0.0,0.4,0.0,-7.5,-10.8,-9.2,-30.6,0.0,9.0,117.6,,,,,,,,,,,,,,,,,,,,,,,,,,,,,,,,,,,,
2026-08-21T01:26:24.652Z,0.048,0.06,-3.9,0.0,0.0,0.0,0.0,0.0,0.0,0.0,0.0,0.0,0.0,0.0,0.0,0.0,9.0,0.0,1.0,0.0,0.0,0.0,0.0,0.0,0.0,0.0,4.0,12.0,1.0,,,,,0.0,0.0,0.0,0.4,0.0,-7.0,-8.5,-8.0,-36.9,0.0,8.0,117.6,,,,,,,,,,,,,,,,,,,,,,,,,,,,,,,,,,,,
2026-08-21T01:26:24.664Z,0.06,0.072,-4.1000000000000005,0.0,0.0,0.0,0.0,0.0,0.0,0.0,0.0,0.0,0.0,0.0,0.0,0.0,9.0,0.0,1.0,0.0,0.0,0.0,0.0,0.0,0.0,0.0,2.0,12.0,1.0,,,,,0.0,0.0,0.0,0.4,0.0,-4.800000000000001,-8.4,-6.9,-42.8,0.0,8.0,117.5,,,,,,,,,,,,,,,,,,,,,,,,,,,,,,,,,,,,
2026-08-21T01:26:24.676Z,0.072,0.084,-4.2,0.0,0.0,0.0,0.0,0.0,0.0,0.0,0.0,0.0,0.0,0.0,0.0,0.0,9.0,0.0,1.0,0.0,0.0,0.0,0.0,0.0,0.0,0.0,6.0,12.0,1.0,,,,,0.0,0.1,0.0,0.4,0.0,-5.0,-6.7,-6.9,-48.2,0.0,7.0,117.6,,,,,,,,,,,,,,,,,,,,,,,,,,,,,,,,,,,,
2026-08-21T01:26:24.688Z,0.084,0.096,-4.2,0.0,0.0,0.0,0.0,0.0,0.0,0.0,0.0,0.0,0.0,0.0,0.0,0.0,9.0,0.0,1.0,0.0,0.0,0.0,0.0,0.0,0.0,0.0,5.0,12.0,1.0,,,,,0.0,0.0,0.0,0.4,0.0,-5.2,-6.7,-5.9,-53.2,0.0,7.0,117.5,,,,,,,,,,,,,,,,,,,,,,,,,,,,,,,,,,,,
2026-08-21T01:26:24.700Z,0.096,0.108,-4.2,2.9000000000000004,0.0,0.0,0.0,0.0,0.0,0.0,0.0,0.0,0.0,0.0,0.0,1.0,9.0,2.0,1.0,0.0,0.0,0.0,0.0,0.0,0.0,0.0,5.0,12.0,1.0,11.51,5.0200000000000005,2.51,1.49,0.0,0.1,0.0,0.4,0.0,-4.800000000000001,-6.800000000000001,-6.0,-57.900000000000006,0.0,6.0,117.5,0.0,18.4,0.0,0.0,0.9,295.8,295.8,19.5,1.2000000000000002,1.3,1.3,1.3,,,,,,,,,,,,,,,,,,,,,,,,
2026-08-21T01:26:24.712Z,0.108,0.12,-4.1000000000000005,2.9000000000000004,0.0,0.0,0.0,0.0,0.0,0.0,0.0,0.0,0.0,0.0,0.0,1.0,9.0,2.0,1.0,0.0,0.0,0.0,0.0,0.0,0.0,0.0,4.0,12.0,1.0,11.51,5.0200000000000005,2.51,1.49,0.0,0.0,0.0,0.4,0.0,-3.3000000000000003,-5.2,-4.4,-62.3,0.0,6.0,117.5,0.0,18.4,0.0,0.0,0.9,295.8,295.8,19.5,1.2000000000000002,1.3,1.3,1.3,,,,,,,,,,,,,,,,,,,,,,,,
2026-08-21T01:26:24.724Z,0.12,0.132,-3.9,2.9000000000000004,0.0,0.0,0.0,0.0,0.0,0.0,0.0,0.0,0.0,0.0,0.0,1.0,9.0,2.0,1.0,0.0,0.0,0.0,0.0,0.0,0.0,0.0,4.0,12.0,1.0,11.51,5.0200000000000005,2.51,1.49,0.0,0.0,0.0,0.4,0.0,-3.5,-5.4,-4.5,-66.3,0.0,5.0,117.5,0.0,18.4,0.0,0.0,0.9,295.8,295.8,19.5,1.2000000000000002,1.3,1.3,1.3,,,,,,,,,,,,,,,,,,,,,,,,
2026-08-21T01:26:24.736Z,0.132,0.144,-3.8,2.9000000000000004,0.0,0.0,0.0,0.0,0.0,0.0,0.0,0.0,0.0,0.0,0.0,1.0,9.0,2.0,1.0,0.0,0.0,0.0,0.0,0.0,0.0,0.0,6.0,12.0,1.0,11.51,5.0200000000000005,2.51,1.49,0.0,0.0,0.0,0.4,0.0,-3.2,-6.2,-5.300000000000001,-70.0,0.0,5.0,117.5,0.0,18.4,0.0,0.0,0.9,295.8,295.8,19.5,1.2000000000000002,1.3,1.3,1.3,,,,,,,,,,,,,,,,,,,,,,,,
2026-08-21T01:26:24.748Z,0.144,0.156,-3.6,2.9000000000000004,0.0,0.0,0.0,0.0,0.0,0.0,0.0,0.0,0.0,0.0,0.0,1.0,9.0,2.0,1.0,0.0,0.0,0.0,0.0,0.0,0.0,0.0,1.0,12.0,1.0,11.51,5.0200000000000005,2.51,1.49,0.0,0.0,0.0,0.4,0.0,-2.9000000000000004,-4.6000000000000005,-3.7,-73.5,0.0,5.0,117.5,0.0,18.4,0.0,0.0,0.9,295.8,295.8,19.5,1.2000000000000002,1.3,1.3,1.3,,,,,,,,,,,,,,,,,,,,,,,,
2026-08-21T01:26:24.761Z,0.157,0.168,-3.4000000000000004,2.9000000000000004,0.0,0.0,0.0,0.0,0.0,0.0,0.0,0.0,0.0,0.0,0.0,1.0,9.0,2.0,1.0,0.0,0.0,0.0,0.0,0.0,0.0,0.0,2.0,12.0,1.0,11.51,5.0200000000000005,2.51,1.49,0.0,0.0,0.0,0.4,0.0,-2.7,-4.3,-2.2,-76.7,0.0,4.0,117.5,0.0,18.4,0.0,0.0,0.9,295.8,295.8,19.5,1.2000000000000002,1.3,1.3,1.3,,,,,,,,,,,,,,,,,,,,,,,,
2026-08-21T01:26:24.773Z,0.169,0.18,-3.2,2.9000000000000004,0.0,0.0,0.0,0.0,0.0,0.0,0.0,0.0,0.0,0.0,0.0,1.0,9.0,2.0,1.0,0.0,0.0,0.0,0.0,0.0,0.0,0.0,3.0,12.0,1.0,11.51,5.0200000000000005,2.51,1.49,0.0,0.0,0.0,0.4,0.0,-2.5,-2.2,-3.1,-79.60000000000001,0.0,4.0,117.5,0.0,18.4,0.0,0.0,0.9,295.8,295.8,19.5,1.2000000000000002,1.3,1.3,1.3,,,,,,,,,,,,,,,,,,,,,,,,
2026-08-21T01:26:24.784Z,0.18,0.192,-3.0,2.9000000000000004,0.0,0.0,0.0,0.0,0.0,0.0,0.0,0.0,0.0,0.0,0.0,1.0,9.0,2.0,1.0,0.0,0.0,0.0,0.0,0.0,0.0,0.0,4.0,12.0,1.0,11.51,5.0200000000000005,2.51,1.49,0.0,0.0,0.0,0.4,0.0,-1.7000000000000002,-1.9,-1.7000000000000002,-82.4,0.0,4.0,117.5,0.0,18.4,0.0,0.0,0.9,295.8,295.8,19.5,1.2000000000000002,1.3,1.3,1.3,,,,,,,,,,,,,,,,,,,,,,,,
2026-08-21T01:26:24.797Z,0.193,0.204,-2.8000000000000003,2.9000000000000004,0.0,0.0,0.0,0.0,0.0,0.0,0.0,0.0,0.0,0.0,0.0,1.0,9.0,2.0,1.0,0.0,0.0,0.0,0.0,0.0,0.0,0.0,6.0,12.0,1.0,11.46,5.0200000000000005,2.51,1.49,0.0,0.1,0.0,0.4,0.0,-1.5,-2.8000000000000003,-3.2,-84.9,0.0,3.0,117.5,0.0,18.2,1.5,1.5,2.1,299.90000000000003,299.90000000000003,18.9,2.5,2.7,2.7,2.7,,,,,,,,,,,,,,,,,,,,,,,,
2026-08-21T01:26:24.808Z,0.204,0.216,-2.7,2.9000000000000004,0.0,0.0,0.0,0.0,0.0,0.0,0.0,0.0,0.0,0.0,0.0,1.0,9.0,2.0,1.0,0.0,0.0,0.0,0.0,0.0,0.0,0.0,6.0,12.0,1.0,11.46,5.0200000000000005,2.51,1.49,0.0,0.0,0.0,0.4,0.0,-1.9,-2.6,-3.0,-87.30000000000001,0.0,3.0,117.5,0.0,18.2,1.5,1.5,2.1,299.90000000000003,299.90000000000003,18.9,2.5,2.7,2.7,2.7,,,,,,,,,,,,,,,,,,,,,,,,
2026-08-21T01:26:24.820Z,0.216,0.228,-2.5,2.9000000000000004,0.0,0.0,0.0,0.0,0.0,0.0,0.0,0.0,0.0,0.0,0.0,1.0,9.0,2.0,1.0,0.0,0.0,0.0,0.0,0.0,0.0,0.0,1.0,12.0,1.0,11.46,5.0200000000000005,2.51,1.49,0.0,0.0,0.0,0.4,0.0,-4.1000000000000005,-4.1000000000000005,-3.9,-89.5,0.0,3.0,117.6,0.0,18.2,1.5,1.5,2.1,299.90000000000003,299.90000000000003,18.9,2.5,2.7,2.7,2.7,,,,,,,,,,,,,,,,,,,,,,,,
2026-08-21T01:26:24.833Z,0.229,0.24,-2.4000000000000004,2.9000000000000004,0.0,0.0,0.0,0.0,0.0,0.0,0.0,0.0,0.0,0.0,0.0,1.0,9.0,2.0,1.0,0.0,0.0,0.0,0.0,0.0,0.0,0.0,2.0,12.0,1.0,11.46,5.0200000000000005,2.51,1.49,-0.1,0.0,0.0,0.4,0.0,-2.2,-3.3000000000000003,-2.0,-91.5,0.0,3.0,117.5,0.0,18.2,1.5,1.5,2.1,299.90000000000003,299.90000000000003,18.9,2.5,2.7,2.7,2.7,,,,,,,,,,,,,,,,,,,,,,,,
2026-08-21T01:26:24.845Z,0.241,0.252,-2.2,2.9000000000000004,0.0,0.0,0.0,0.0,0.0,0.0,0.0,0.0,0.0,0.0,0.0,1.0,9.0,2.0,1.0,0.0,0.0,0.0,0.0,0.0,0.0,0.0,3.0,12.0,1.0,11.46,5.0200000000000005,2.51,1.49,0.0,0.0,0.0,0.4,0.0,-2.6,-3.1,-3.0,-93.4,0.0,3.0,117.5,0.0,18.2,1.5,1.5,2.1,299.90000000000003,299.90000000000003,18.9,2.5,2.7,2.7,2.7,,,,,,,,,,,,,,,,,,,,,,,,
2026-08-21T01:26:24.861Z,0.257,0.264,-2.0,2.9000000000000004,0.0,0.0,0.0,0.0,0.0,0.0,0.0,0.0,0.0,0.0,0.0,1.0,9.0,2.0,1.0,0.0,0.0,0.0,0.0,0.0,0.0,0.0,4.0,12.0,1.0,11.46,5.0200000000000005,2.51,1.49,0.0,0.0,0.0,0.4,0.0,-1.9,-3.5,-4.6000000000000005,-95.2,0.0,2.0,117.5,0.0,18.2,1.5,1.5,2.1,299.90000000000003,299.90000000000003,18.9,2.5,2.7,2.7,2.7,,,,,,,,,,,,,,,,,,,,,,,,
2026-08-21T01:26:24.868Z,0.264,0.276,-1.9,2.9000000000000004,0.0,0.0,0.0,0.0,0.0,0.0,0.0,0.0,0.0,0.0,0.0,1.0,9.0,2.0,1.0,0.0,0.0,0.0,0.0,0.0,0.0,0.0,2.0,12.0,1.0,11.46,5.0200000000000005,2.51,1.49,0.0,0.0,0.0,0.4,0.0,-1.7000000000000002,-2.7,-1.5,-96.8,0.0,2.0,117.5,0.0,18.2,1.5,1.5,2.1,299.90000000000003,299.90000000000003,18.9,2.5,2.7,2.7,2.7,,,,,,,,,,,,,,,,,,,,,,,,
2026-08-21T01:26:24.880Z,0.276,0.288,-1.8,2.9000000000000004,0.0,0.0,0.0,0.0,0.0,0.0,0.0,0.0,0.0,0.0,0.0,1.0,9.0,2.0,1.0,0.0,0.0,0.0,0.0,0.0,0.0,0.0,3.0,12.0,1.0,11.46,5.0200000000000005,2.51,1.49,0.0,0.0,0.0,0.4,0.0,-1.0,-2.0,-2.6,-98.3,0.0,2.0,117.5,0.0,18.2,1.5,1.5,2.1,299.90000000000003,299.90000000000003,18.9,2.5,2.7,2.7,2.7,,,,,,,,,,,,,,,,,,,,,,,,
2026-08-21T01:26:24.892Z,0.288,0.3,-1.6,2.9000000000000004,0.0,0.0,0.0,0.0,0.0,0.0,0.0,0.0,0.0,0.0,0.0,1.0,9.0,2.0,1.0,0.0,0.0,0.0,0.0,0.0,0.0,0.0,4.0,12.0,1.0,11.46,5.0200000000000005,2.51,1.49,0.0,0.1,0.0,0.4,0.0,-0.3,-1.4,-0.1,-99.7,0.0,2.0,117.5,0.0,18.2,1.5,1.5,2.1,299.90000000000003,299.90000000000003,18.9,2.5,2.7,2.7,2.7,,,,,,,,,,,,,,,,,,,,,,,,
2026-08-21T01:26:24.904Z,0.3,0.312,-1.5,2.9000000000000004,0.0,0.0,0.0,0.0,0.0,0.0,0.0,0.0,0.0,0.0,0.0,1.0,9.0,2.0,1.0,0.0,0.0,0.0,0.0,0.0,0.0,0.0,5.0,12.0,1.0,11.48,5.01,2.51,1.49,0.0,0.0,0.0,0.4,0.0,-0.8,-2.4000000000000004,-1.2000000000000002,-101.0,0.0,2.0,117.5,0.0,18.2,1.5,1.5,1.9,300.0,300.0,18.8,3.9,4.0,4.0,4.0,,,,,,,,,,,,,,,,,,,,,,,,
2026-08-21T01:26:24.916Z,0.312,0.324,-1.4,2.9000000000000004,0.0,0.0,0.0,0.0,0.0,0.0,0.0,0.0,0.0,0.0,0.0,1.0,9.0,2.0,1.0,0.0,0.0,0.0,0.0,0.0,0.0,0.0,6.0,12.0,1.0,11.48,5.01,2.51,1.49,0.0,0.0,0.0,0.4,0.0,-1.3,-2.2,-2.9000000000000004,-102.2,0.0,2.0,117.6,0.0,18.2,1.5,1.5,1.9,300.0,300.0,18.8,3.9,4.0,4.0,4.0,,,,,,,,,,,,,,,,,,,,,,,,
2026-08-21T01:26:24.928Z,0.324,0.336,-1.3,2.9000000000000004,0.0,0.0,0.0,0.0,0.0,0.0,0.0,0.0,0.0,0.0,0.0,1.0,9.0,2.0,1.0,0.0,0.0,0.0,0.0,0.0,0.0,0.0,1.0,12.0,1.0,11.48,5.01,2.51,1.49,0.0,0.0,0.0,0.5,0.0,-1.2000000000000002,-1.5,-1.6,-103.3,0.0,1.0,117.5,0.0,18.2,1.5,1.5,1.9,300.0,300.0,18.8,3.9,4.0,4.0,4.0,,,,,,,,,,,,,,,,,,,,,,,,
2026-08-21T01:26:24.940Z,0.336,0.348,-1.2000000000000002,2.9000000000000004,0.0,0.0,0.0,0.0,0.0,0.0,0.0,0.0,0.0,0.0,0.0,1.0,9.0,2.0,1.0,0.0,0.0,0.0,0.0,0.0,0.0,0.0,3.0,12.0,1.0,11.48,5.01,2.51,1.49,0.0,0.0,0.0,0.4,0.0,-1.8,-0.9,-0.9,-104.3,0.0,1.0,117.5,0.0,18.2,1.5,1.5,1.9,300.0,300.0,18.8,3.9,4.0,4.0,4.0,,,,,,,,,,,,,,,,,,,,,,,,
2026-08-21T01:26:24.953Z,0.349,0.36,-1.1,2.9000000000000004,0.0,0.0,0.0,0.0,0.0,0.0,0.0,0.0,0.0,0.0,0.0,1.0,9.0,2.0,1.0,0.0,0.0,0.0,0.0,0.0,0.0,0.0,4.0,12.0,1.0,11.48,5.01,2.51,1.49,0.0,0.0,0.0,0.4,0.0,-0.5,-1.4,-1.4,-105.3,0.0,1.0,117.5,0.0,18.2,1.5,1.5,1.9,300.0,300.0,18.8,3.9,4.0,4.0,4.0,,,,,,,,,,,,,,,,,,,,,,,,
2026-08-21T01:26:24.964Z,0.36,0.372,-1.1,2.9000000000000004,0.0,0.0,0.0,0.0,0.0,0.0,0.0,0.0,0.0,0.0,0.0,1.0,9.0,2.0,1.0,0.0,0.0,0.0,0.0,0.0,0.0,0.0,5.0,12.0,1.0,11.48,5.01,2.51,1.49,0.0,0.1,0.0,0.4,0.0,-0.4,-1.2000000000000002,-1.3,-106.2,0.0,1.0,117.5,0.0,18.2,1.5,1.5,1.9,300.0,300.0,18.8,3.9,4.0,4.0,4.0,,,,,,,,,,,,,,,,,,,,,,,,
2026-08-21T01:26:24.976Z,0.372,0.384,-1.0,2.9000000000000004,0.0,0.0,0.0,0.0,0.0,0.0,0.0,0.0,0.0,0.0,0.0,1.0,9.0,2.0,1.0,0.0,0.0,0.0,0.0,0.0,0.0,0.0,6.0,12.0,1.0,11.48,5.01,2.51,1.49,0.0,0.0,0.0,0.4,0.0,-0.3,-1.7000000000000002,0.6000000000000001,-107.0,0.0,1.0,117.5,0.0,18.2,1.5,1.5,1.9,300.0,300.0,18.8,3.9,4.0,4.0,4.0,,,,,,,,,,,,,,,,,,,,,,,,
2026-08-21T01:26:24.988Z,0.384,0.396,-0.9,2.9000000000000004,0.0,0.0,0.0,0.0,0.0,0.0,0.0,0.0,0.0,0.0,0.0,1.0,9.0,2.0,1.0,0.0,0.0,0.0,0.0,0.0,0.0,0.0,1.0,12.0,1.0,11.48,5.01,2.51,1.49,0.0,0.0,0.0,0.4,0.0,-0.3,-0.5,-1.6,-107.8,0.0,1.0,117.5,0.0,18.2,1.5,1.5,1.9,300.0,300.0,18.8,3.9,4.0,4.0,4.0,,,,,,,,,,,,,,,,,,,,,,,,
2026-08-21T01:26:25.002Z,0.398,0.408,-0.8,2.9000000000000004,0.0,0.0,0.0,0.0,0.0,0.0,0.0,0.0,0.0,0.0,0.0,1.0,9.0,2.0,1.0,0.0,0.0,0.0,0.0,0.0,0.0,0.0,3.0,12.0,1.0,11.5,5.01,2.51,1.49,0.0,0.0,0.0,0.4,0.0,-0.8,-0.9,0.1,-108.5,0.0,1.0,117.5,0.0,18.2,1.5,1.5,1.8,300.0,300.0,18.7,5.2,5.4,5.4,5.4,,,,,,,,,,,,,,,,,,,,,,,,
2026-08-21T01:26:25.012Z,0.408,0.42,-0.8,2.9000000000000004,0.0,0.0,0.0,0.0,0.0,0.0,0.0,0.0,0.0,0.0,0.0,1.0,9.0,2.0,1.0,0.0,0.0,0.0,0.0,0.0,0.0,0.0,4.0,12.0,1.0,11.5,5.01,2.51,1.49,0.0,0.0,0.0,0.4,0.0,-0.2,0.2,0.8,-109.1,0.0,1.0,117.6,0.0,18.2,1.5,1.5,1.8,300.0,300.0,18.7,5.2,5.4,5.4,5.4,,,,,,,,,,,,,,,,,,,,,,,,
2026-08-21T01:26:25.024Z,0.42,0.432,-0.7000000000000001,2.9000000000000004,0.0,0.0,0.0,0.0,0.0,0.0,0.0,0.0,0.0,0.0,0.0,1.0,9.0,2.0,1.0,0.0,0.0,0.0,0.0,0.0,0.0,0.0,6.0,12.0,1.0,11.5,5.01,2.51,1.49,0.0,0.0,0.0,0.4,0.0,-0.1,-0.2,-1.4,-109.7,0.0,1.0,117.5,0.0,18.2,1.5,1.5,1.8,300.0,300.0,18.7,5.2,5.4,5.4,5.4,,,,,,,,,,,,,,,,,,,,,,,,
2026-08-21T01:26:25.036Z,0.432,0.444,-0.6000000000000001,2.9000000000000004,0.0,0.0,0.0,0.0,0.0,0.0,0.0,0.0,0.0,0.0,0.0,1.0,9.0,2.0,1.0,0.0,0.0,0.0,0.0,0.0,0.0,0.0,1.0,12.0,1.0,11.5,5.01,2.51,1.49,0.0,0.0,0.0,0.4,0.0,-0.6000000000000001,0.3,-3.1,-110.3,0.0,1.0,117.5,0.0,18.2,1.5,1.5,1.8,300.0,300.0,18.7,5.2,5.4,5.4,5.4,,,,,,,,,,,,,,,,,,,,,,,,
2026-08-21T01:26:25.057Z,0.453,0.456,-0.6000000000000001,2.9000000000000004,0.0,0.0,0.0,0.0,0.0,0.0,0.0,0.0,0.0,0.0,0.0,1.0,9.0,2.0,1.0,0.0,0.0,0.0,0.0,0.0,0.0,0.0,2.0,12.0,1.0,11.5,5.01,2.51,1.49,0.0,0.0,0.0,0.4,0.0,-0.6000000000000001,-0.7000000000000001,-0.2,-110.8,0.0,1.0,117.5,0.0,18.2,1.5,1.5,1.8,300.0,300.0,18.7,5.2,5.4,5.4,5.4,,,,,,,,,,,,,,,,,,,,,,,,
2026-08-21T01:26:25.060Z,0.456,0.468,-0.5,2.9000000000000004,0.0,0.0,0.0,0.0,0.0,0.0,0.0,0.0,0.0,0.0,0.0,1.0,9.0,2.0,1.0,0.0,0.0,0.0,0.0,0.0,0.0,0.0,3.0,12.0,1.0,11.5,5.01,2.51,1.49,0.0,0.0,0.0,0.4,0.0,-0.6000000000000001,-0.1,-1.3,-111.3,0.0,1.0,117.5,0.0,18.2,1.5,1.5,1.8,300.0,300.0,18.7,5.2,5.4,5.4,5.4,,,,,,,,,,,,,,,,,,,,,,,,
2026-08-21T01:26:25.072Z,0.468,0.48,-0.5,2.9000000000000004,0.0,0.0,0.0,0.0,0.0,0.0,0.0,0.0,0.0,0.0,0.0,1.0,9.0,2.0,1.0,0.0,0.0,0.0,0.0,0.0,0.0,0.0,4.0,12.0,1.0,11.5,5.01,2.51,1.49,0.0,0.0,0.0,0.4,0.0,0.5,-1.2000000000000002,-1.2000000000000002,-111.7,0.0,1.0,117.5,0.0,18.2,1.5,1.5,1.8,300.0,300.0,18.7,5.2,5.4,5.4,5.4,,,,,,,,,,,,,,,,,,,,,,,,
2026-08-21T01:26:25.084Z,0.48,0.492,-0.4,2.9000000000000004,0.0,0.0,0.0,0.0,0.0,0.0,0.0,0.0,0.0,0.0,0.0,1.0,9.0,2.0,1.0,0.0,0.0,0.0,0.0,0.0,0.0,0.0,5.0,12.0,1.0,11.5,5.01,2.51,1.49,0.0,0.0,0.0,0.4,0.0,0.5,-0.1,0.4,-112.2,0.0,1.0,117.5,0.0,18.2,1.5,1.5,1.8,300.0,300.0,18.7,5.2,5.4,5.4,5.4,,,,,,,,,,,,,,,,,,,,,,,,
2026-08-21T01:26:25.096Z,0.492,0.504,-0.4,2.9000000000000004,0.0,0.0,0.0,0.0,0.0,0.0,0.0,0.0,0.0,0.0,0.0,1.0,9.0,2.0,1.0,0.0,0.0,0.0,0.0,0.0,0.0,0.0,6.0,12.0,1.0,11.5,5.01,2.51,1.49,0.0,0.0,0.0,0.5,0.0,-1.2000000000000002,0.4,1.0,-112.6,0.0,1.0,117.5,0.0,18.2,1.5,1.5,1.8,300.0,300.0,18.7,5.2,5.4,5.4,5.4,,,,,,,,,,,,,,,,,,,,,,,,
2026-08-21T01:26:25.108Z,0.504,0.516,-0.4,2.9000000000000004,0.0,0.0,0.0,0.0,0.0,0.0,0.0,0.0,0.0,0.0,0.0,1.0,9.0,2.0,1.0,0.0,0.0,0.0,0.0,0.0,0.0,0.0,2.0,12.0,1.0,11.5,5.01,2.51,1.49,0.0,0.0,0.0,0.4,0.0,0.5,-0.6000000000000001,0.0,-112.9,0.0,0.0,117.5,0.0,18.3,1.6,1.6,1.8,300.0,300.0,18.8,6.6000000000000005,6.800000000000001,6.800000000000001,6.800000000000001,,,,,,,,,,,,,,,,,,,,,,,,
2026-08-21T01:26:25.120Z,0.516,0.528,-0.4,2.9000000000000004,0.0,0.0,0.0,0.0,0.0,0.0,0.0,0.0,0.0,0.0,0.0,1.0,9.0,2.0,1.0,0.0,0.0,0.0,0.0,0.0,0.0,0.0,3.0,12.0,1.0,11.5,5.01,2.51,1.49,0.0,0.0,0.0,0.4,0.0,-0.5,-0.6000000000000001,0.5,-113.2,0.0,0.0,117.5,0.0,18.3,1.6,1.6,1.8,300.0,300.0,18.8,6.6000000000000005,6.800000000000001,6.800000000000001,6.800000000000001,,,,,,,,,,,,,,,,,,,,,,,,
2026-08-21T01:26:25.132Z,0.528,0.54,-0.3,2.9000000000000004,0.0,0.0,0.0,0.0,0.0,0.0,0.0,0.0,0.0,0.0,0.0,1.0,9.0,2.0,1.0,0.0,0.0,0.0,0.0,0.0,0.0,0.0,5.0,12.0,1.0,11.5,5.01,2.51,1.49,0.0,0.0,0.0,0.4,0.0,-1.1,-0.6000000000000001,-1.2000000000000002,-113.6,0.0,0.0,117.5,0.0,18.3,1.6,1.6,1.8,300.0,300.0,18.8,6.6000000000000005,6.800000000000001,6.800000000000001,6.800000000000001,,,,,,,,,,,,,,,,,,,,,,,,
2026-08-21T01:26:25.144Z,0.54,0.552,-0.3,2.9000000000000004,0.0,0.0,0.0,0.0,0.0,0.0,0.0,0.0,0.0,0.0,0.0,1.0,9.0,2.0,1.0,0.0,0.0,0.0,0.0,0.0,0.0,0.0,6.0,12.0,1.0,11.5,5.01,2.51,1.49,0.0,0.0,0.0,0.4,0.0,0.0,-0.6000000000000001,-1.7000000000000002,-113.8,0.0,0.0,117.5,0.0,18.3,1.6,1.6,1.8,300.0,300.0,18.8,6.6000000000000005,6.800000000000001,6.800000000000001,6.800000000000001,,,,,,,,,,,,,,,,,,,,,,,,
2026-08-21T01:26:25.156Z,0.552,0.5640000000000001,-0.3,2.9000000000000004,0.0,0.0,0.0,0.0,0.0,0.0,0.0,0.0,0.0,0.0,0.0,1.0,9.0,2.0,1.0,0.0,0.0,0.0,0.0,0.0,0.0,0.0,1.0,12.0,1.0,11.5,5.01,2.51,1.49,0.0,0.0,0.0,0.4,0.0,0.1,-0.5,-0.5,-114.1,0.0,0.0,117.5,0.0,18.3,1.6,1.6,1.8,300.0,300.0,18.8,6.6000000000000005,6.800000000000001,6.800000000000001,6.800000000000001,,,,,,,,,,,,,,,,,,,,,,,,
2026-08-21T01:26:25.175Z,0.571,0.5760000000000001,-0.3,2.9000000000000004,0.0,0.0,0.0,0.0,0.0,0.0,0.0,0.0,0.0,0.0,0.0,1.0,9.0,2.0,1.0,0.0,0.0,0.0,0.0,0.0,0.0,0.0,1.0,12.0,1.0,11.5,5.01,2.51,1.49,0.0,0.0,0.0,0.4,0.0,0.7000000000000001,0.1,-0.4,-114.4,0.0,0.0,117.5,0.0,18.3,1.6,1.6,1.8,300.0,300.0,18.8,6.6000000000000005,6.800000000000001,6.800000000000001,6.800000000000001,,,,,,,,,,,,,,,,,,,,,,,,
2026-08-21T01:26:25.180Z,0.576,0.588,-0.2,2.9000000000000004,0.0,0.0,0.0,0.0,0.0,0.0,0.0,0.0,0.0,0.0,0.0,1.0,9.0,2.0,1.0,0.0,0.0,0.0,0.0,0.0,0.0,0.0,5.0,12.0,1.0,11.5,5.01,2.51,1.49,0.0,0.0,0.0,0.4,0.0,0.1,-1.0,0.1,-114.6,0.0,0.0,117.5,0.0,18.3,1.6,1.6,1.8,300.0,300.0,18.8,6.6000000000000005,6.800000000000001,6.800000000000001,6.800000000000001,,,,,,,,,,,,,,,,,,,,,,,,
2026-08-21T01:26:25.192Z,0.588,0.6,-0.2,2.9000000000000004,0.0,0.0,0.0,0.0,0.0,0.0,0.0,0.0,0.0,0.0,0.0,1.0,9.0,2.0,1.0,0.0,0.0,0.0,0.0,0.0,0.0,0.0,6.0,12.0,1.0,11.5,5.01,2.51,1.49,0.0,0.0,0.0,0.4,0.0,-0.9,-0.4,-0.9,-114.8,0.0,0.0,117.5,0.0,18.3,1.6,1.6,1.8,300.0,300.0,18.8,6.6000000000000005,6.800000000000001,6.800000000000001,6.800000000000001,,,,,,,,,,,,,,,,,,,,,,,,
2026-08-21T01:26:25.205Z,0.601,0.612,-0.2,2.9000000000000004,0.0,0.0,0.0,0.0,0.0,0.0,0.0,0.0,0.0,0.0,0.0,1.0,9.0,2.0,1.0,0.0,0.0,0.0,0.0,0.0,0.0,0.0,1.0,12.0,1.0,11.51,5.01,2.51,1.5,0.0,0.0,0.0,0.4,0.0,-0.4,0.2,0.2,-115.0,0.0,0.0,117.5,0.0,18.2,1.7000000000000002,1.7000000000000002,1.8,300.0,300.0,18.9,8.0,8.1,8.1,8.1,,,,,,,,,,,,,,,,,,,,,,,,
2026-08-21T01:26:25.216Z,0.612,0.624,-0.2,2.9000000000000004,0.0,0.0,0.0,0.0,0.0,0.0,0.0,0.0,0.0,0.0,0.0,1.0,9.0,2.0,1.0,0.0,0.0,0.0,0.0,0.0,0.0,0.0,2.0,12.0,1.0,11.51,5.01,2.51,1.5,0.0,0.0,0.0,0.4,0.0,-0.3,-0.8,-0.8,-115.2,0.0,0.0,117.5,0.0,18.2,1.7000000000000002,1.7000000000000002,1.8,300.0,300.0,18.9,8.0,8.1,8.1,8.1,,,,,,,,,,,,,,,,,,,,,,,,
2026-08-21T01:26:25.228Z,0.624,0.636,-0.2,2.9000000000000004,0.0,0.0,0.0,0.0,0.0,0.0,0.0,0.0,0.0,0.0,0.0,1.0,9.0,2.0,1.0,0.0,0.0,0.0,0.0,0.0,0.0,0.0,3.0,12.0,1.0,11.51,5.01,2.51,1.5,0.0,0.0,0.0,0.4,0.0,0.2,-0.3,-0.2,-115.3,0.0,0.0,117.5,0.0,18.2,1.7000000000000002,1.7000000000000002,1.8,300.0,300.0,18.9,8.0,8.1,8.1,8.1,,,,,,,,,,,,,,,,,,,,,,,,
2026-08-21T01:26:25.240Z,0.636,0.648,-0.1,2.9000000000000004,0.0,0.0,0.0,0.0,0.0,0.0,0.0,0.0,0.0,0.0,0.0,1.0,9.0,2.0,1.0,0.0,0.0,0.0,0.0,0.0,0.0,0.0,5.0,12.0,1.0,11.51,5.01,2.51,1.5,0.0,0.0,0.0,0.4,0.0,-0.8,-0.3,0.4,-115.5,0.0,0.0,117.5,0.0,18.2,1.7000000000000002,1.7000000000000002,1.8,300.0,300.0,18.9,8.0,8.1,8.1,8.1,,,,,,,,,,,,,,,,,,,,,,,,
2026-08-21T01:26:25.252Z,0.648,0.66,-0.2,2.9000000000000004,0.0,0.0,0.0,0.0,0.0,0.0,0.0,0.0,0.0,0.0,0.0,1.0,9.0,2.0,1.0,0.0,0.0,0.0,0.0,0.0,0.0,0.0,6.0,12.0,1.0,11.51,5.01,2.51,1.5,0.0,0.0,0.0,0.4,0.0,-0.3,0.8,-0.7000000000000001,-115.6,0.0,0.0,117.5,0.0,18.2,1.7000000000000002,1.7000000000000002,1.8,300.0,300.0,18.9,8.0,8.1,8.1,8.1,,,,,,,,,,,,,,,,,,,,,,,,
2026-08-21T01:26:25.264Z,0.66,0.672,-0.1,2.9000000000000004,0.0,0.0,0.0,0.0,0.0,0.0,0.0,0.0,0.0,0.0,0.0,1.0,9.0,2.0,1.0,0.0,0.0,0.0,0.0,0.0,0.0,0.0,1.0,12.0,1.0,11.51,5.01,2.51,1.5,0.0,0.0,0.0,0.4,0.0,-0.8,0.8,0.4,-115.8,0.0,0.0,117.5,0.0,18.2,1.7000000000000002,1.7000000000000002,1.8,300.0,300.0,18.9,8.0,8.1,8.1,8.1,,,,,,,,,,,,,,,,,,,,,,,,
2026-08-21T01:26:25.276Z,0.672,0.684,-0.1,2.9000000000000004,0.0,0.0,0.0,0.0,0.0,0.0,0.0,0.0,0.0,0.0,0.0,1.0,9.0,2.0,1.0,0.0,0.0,0.0,0.0,0.0,0.0,0.0,2.0,12.0,1.0,11.51,5.01,2.51,1.5,0.0,0.1,0.0,0.4,0.0,0.8,-0.8,-0.6000000000000001,-115.9,0.0,0.0,117.5,0.0,18.2,1.7000000000000002,1.7000000000000002,1.8,300.0,300.0,18.9,8.0,8.1,8.1,8.1,,,,,,,,,,,,,,,,,,,,,,,,
2026-08-21T01:26:25.288Z,0.684,0.6960000000000001,-0.1,2.9000000000000004,0.0,0.0,0.0,0.0,0.0,0.0,0.0,0.0,0.0,0.0,0.0,1.0,9.0,2.0,1.0,0.0,0.0,0.0,0.0,0.0,0.0,0.0,2.0,12.0,1.0,11.51,5.01,2.51,1.5,0.0,0.0,0.0,0.4,0.0,-0.8,-0.2,-0.1,-116.0,0.0,0.0,117.5,0.0,18.2,1.7000000000000002,1.7000000000000002,1.8,300.0,300.0,18.9,8.0,8.1,8.1,8.1,,,,,,,,,,,,,,,,,,,,,,,,
2026-08-21T01:26:25.300Z,0.696,0.708,-0.1,2.9000000000000004,0.0,0.0,0.0,0.0,0.0,0.0,0.0,0.0,0.0,0.0,0.0,1.0,9.0,2.0,1.0,0.0,0.0,0.0,0.0,0.0,0.0,0.0,3.0,12.0,1.0,11.51,5.01,2.51,1.5,0.0,0.0,0.0,0.4,0.0,-0.8,0.9,-0.1,-116.1,0.0,0.0,117.5,0.0,18.2,1.7000000000000002,1.7000000000000002,1.8,300.0,300.0,18.9,8.0,8.1,8.1,8.1,,,,,,,,,,,,,,,,,,,,,,,,
2026-08-21T01:26:25.313Z,0.709,0.72,-0.1,2.9000000000000004,0.0,0.0,0.0,0.0,0.0,0.0,0.0,0.0,0.0,0.0,0.0,1.0,9.0,2.0,1.0,0.0,0.0,0.0,0.0,0.0,0.0,0.0,4.0,12.0,1.0,11.48,5.01,2.51,1.49,0.0,0.0,0.0,0.4,0.0,-0.2,0.3,0.4,-116.2,0.0,0.0,117.4,0.0,18.3,1.8,1.8,1.9,300.0,300.0,19.1,9.3,9.5,9.5,9.5,,,,,,,,,,,,,,,,,,,,,,,,
2026-08-21T01:26:25.324Z,0.72,0.732,0.0,2.9000000000000004,0.0,0.0,0.0,0.0,0.0,0.0,0.0,0.0,0.0,0.0,0.0,1.0,9.0,2.0,1.0,0.0,0.0,0.0,0.0,0.0,0.0,0.0,5.0,12.0,1.0,11.48,5.01,2.51,1.49,0.0,0.0,0.0,0.4,0.0,-0.8,-1.4,-0.7000000000000001,-116.3,0.0,0.0,117.6,0.0,18.3,1.8,1.8,1.9,300.0,300.0,19.1,9.3,9.5,9.5,9.5,,,,,,,,,,,,,,,,,,,,,,,,
2026-08-21T01:26:25.336Z,0.732,0.744,-0.1,2.9000000000000004,0.0,0.0,0.0,0.0,0.0,0.0,0.0,0.0,0.0,0.0,0.0,1.0,9.0,2.0,1.0,0.0,0.0,0.0,0.0,0.0,0.0,0.0,6.0,12.0,1.0,11.48,5.01,2.51,1.49,0.0,0.0,0.0,0.4,0.0,0.2,-0.2,-1.3,-116.4,0.0,0.0,117.6,0.0,18.3,1.8,1.8,1.9,300.0,300.0,19.1,9.3,9.5,9.5,9.5,,,,,,,,,,,,,,,,,,,,,,,,
2026-08-21T01:26:25.348Z,0.744,0.756,-0.1,2.9000000000000004,0.0,0.0,0.0,0.0,0.0,0.0,0.0,0.0,0.0,0.0,0.0,1.0,9.0,2.0,1.0,0.0,0.0,0.0,0.0,0.0,0.0,0.0,2.0,12.0,1.0,11.48,5.01,2.51,1.49,0.0,0.0,0.0,0.4,0.0,-0.2,-0.7000000000000001,-0.1,-116.5,0.0,0.0,117.5,0.0,18.3,1.8,1.8,1.9,300.0,300.0,19.1,9.3,9.5,9.5,9.5,,,,,,,,,,,,,,,,,,,,,,,,
2026-08-21T01:26:25.360Z,0.756,0.768,0.0,2.9000000000000004,0.0,0.0,0.0,0.0,0.0,0.0,0.0,0.0,0.0,0.0,0.0,1.0,9.0,2.0,1.0,0.0,0.0,0.0,0.0,0.0,0.0,0.0,3.0,12.0,1.0,11.48,5.01,2.51,1.49,0.0,0.0,0.0,0.4,0.0,-0.8,0.9,-0.2,-116.5,0.0,0.0,117.5,0.0,18.3,1.8,1.8,1.9,300.0,300.0,19.1,9.3,9.5,9.5,9.5,,,,,,,,,,,,,,,,,,,,,,,,
2026-08-21T01:26:25.373Z,0.769,0.78,0.0,2.9000000000000004,0.0,0.0,0.0,0.0,0.0,0.0,0.0,0.0,0.0,0.0,0.0,1.0,9.0,2.0,1.0,0.0,0.0,0.0,0.0,0.0,0.0,0.0,3.0,12.0,1.0,11.48,5.01,2.51,1.49,0.0,0.0,0.0,0.4,0.0,-0.2,-0.7000000000000001,0.9,-116.6,0.0,0.0,117.5,0.0,18.3,1.8,1.8,1.9,300.0,300.0,19.1,9.3,9.5,9.5,9.5,,,,,,,,,,,,,,,,,,,,,,,,
2026-08-21T01:26:25.385Z,0.781,0.792,0.0,2.9000000000000004,0.0,0.0,0.0,0.0,0.0,0.0,0.0,0.0,0.0,0.0,0.0,1.0,9.0,2.0,1.0,0.0,0.0,0.0,0.0,0.0,0.0,0.0,4.0,12.0,1.0,11.48,5.01,2.51,1.49,0.0,0.0,0.0,0.4,0.0,0.3,0.3,1.4,-116.7,0.0,0.0,117.5,0.0,18.3,1.8,1.8,1.9,300.0,300.0,19.1,9.3,9.5,9.5,9.5,,,,,,,,,,,,,,,,,,,,,,,,
2026-08-21T01:26:25.397Z,0.793,0.804,0.0,2.9000000000000004,0.0,0.0,0.0,0.0,0.0,0.0,0.0,0.0,0.0,0.0,0.0,1.0,9.0,2.0,1.0,0.0,0.0,0.0,0.0,0.0,0.0,0.0,5.0,12.0,1.0,11.48,5.01,2.51,1.49,0.0,0.0,0.0,0.4,0.0,0.3,0.4,-0.8,-116.7,0.0,0.0,117.5,0.0,18.3,1.8,1.8,1.9,300.0,300.0,19.1,9.3,9.5,9.5,9.5,,,,,,,,,,,,,,,,,,,,,,,,
2026-08-21T01:26:25.409Z,0.805,0.8160000000000001,0.0,2.9000000000000004,0.0,0.0,0.0,0.0,0.0,0.0,0.0,0.0,0.0,0.0,0.0,1.0,9.0,2.0,1.0,0.0,0.0,0.0,0.0,0.0,0.0,0.0,6.0,12.0,1.0,11.5,5.0200000000000005,2.51,1.49,0.0,0.1,0.0,0.4,0.0,-0.2,-0.6000000000000001,-1.9,-116.8,0.0,0.0,117.4,0.0,17.900000000000002,1.9,1.9,2.0,300.0,300.0,19.200000000000003,10.7,10.8,10.8,10.8,,,,,,,,,,,,,,,,,,,,,,,,
2026-08-21T01:26:25.421Z,0.817,0.8280000000000001,0.0,2.9000000000000004,0.0,0.0,0.0,0.0,0.0,0.0,0.0,0.0,0.0,0.0,0.0,1.0,9.0,2.0,1.0,0.0,0.0,0.0,0.0,0.0,0.0,0.0,1.0,12.0,1.0,11.5,5.0200000000000005,2.51,1.49,0.0,0.0,0.0,0.4,0.0,0.3,-0.1,0.4,-116.8,0.0,0.0,117.6,0.0,17.900000000000002,1.9,1.9,2.0,300.0,300.0,19.200000000000003,10.7,10.8,10.8,10.8,,,,,,,,,,,,,,,,,,,,,,,,
2026-08-21T01:26:25.432Z,0.828,0.84,0.0,2.9000000000000004,0.0,0.0,0.0,0.0,0.0,0.0,0.0,0.0,0.0,0.0,0.0,1.0,9.0,2.0,1.0,0.0,0.0,0.0,0.0,0.0,0.0,0.0,2.0,12.0,1.0,11.5,5.0200000000000005,2.51,1.49,0.0,0.0,0.0,0.4,0.0,0.3,1.0,1.1,-116.9,0.0,0.0,117.5,0.0,17.900000000000002,1.9,1.9,2.0,300.0,300.0,19.200000000000003,10.7,10.8,10.8,10.8,,,,,,,,,,,,,,,,,,,,,,,,
2026-08-21T01:26:25.444Z,0.84,0.852,0.0,2.9000000000000004,0.0,0.0,0.0,0.0,0.0,0.0,0.0,0.0,0.0,0.0,0.0,1.0,9.0,2.0,1.0,0.0,0.0,0.0,0.0,0.0,0.0,0.0,3.0,12.0,1.0,11.5,5.0200000000000005,2.51,1.49,0.0,0.0,0.0,0.4,0.0,0.3,1.6,1.1,-116.9,0.0,0.0,117.5,0.0,17.900000000000002,1.9,1.9,2.0,300.0,300.0,19.200000000000003,10.7,10.8,10.8,10.8,,,,,,,,,,,,,,,,,,,,,,,,
2026-08-21T01:26:25.456Z,0.852,0.864,0.0,2.9000000000000004,0.0,0.0,0.0,0.0,0.0,0.0,0.0,0.0,0.0,0.0,0.0,1.0,9.0,2.0,1.0,0.0,0.0,0.0,0.0,0.0,0.0,0.0,3.0,12.0,1.0,11.5,5.0200000000000005,2.51,1.49,0.0,0.1,0.0,0.4,0.0,-0.2,0.0,-0.6000000000000001,-117.0,0.0,0.0,117.5,0.0,17.900000000000002,1.9,1.9,2.0,300.0,300.0,19.200000000000003,10.7,10.8,10.8,10.8,,,,,,,,,,,,,,,,,,,,,,,,
2026-08-21T01:26:25.469Z,0.865,0.876,0.0,2.9000000000000004,0.0,0.0,0.0,0.0,0.0,0.0,0.0,0.0,0.0,0.0,0.0,1.0,9.0,2.0,1.0,0.0,0.0,0.0,0.0,0.0,0.0,0.0,4.0,12.0,1.0,11.5,5.0200000000000005,2.51,1.49,0.0,0.0,0.0,0.4,0.0,-0.2,-1.2000000000000002,-1.2000000000000002,-117.0,0.0,0.0,117.5,0.0,17.900000000000002,1.9,1.9,2.0,300.0,300.0,19.200000000000003,10.7,10.8,10.8,10.8,,,,,,,,,,,,,,,,,,,,,,,,
2026-08-21T01:26:25.491Z,0.887,0.888,0.0,2.9000000000000004,0.0,0.0,0.0,0.0,0.0,0.0,0.0,0.0,0.0,0.0,0.0,1.0,9.0,2.0,1.0,0.0,0.0,0.0,0.0,0.0,0.0,0.0,4.0,12.0,1.0,11.5,5.0200000000000005,2.51,1.49,0.0,0.0,0.0,0.4,0.0,0.9,0.5,0.0,-117.0,0.0,0.0,117.5,0.0,17.900000000000002,1.9,1.9,2.0,300.0,300.0,19.200000000000003,10.7,10.8,10.8,10.8,,,,,,,,,,,,,,,,,,,,,,,,
2026-08-21T01:26:25.494Z,0.89,0.9,0.0,2.9000000000000004,0.0,0.0,0.0,0.0,0.0,0.0,0.0,0.0,0.0,0.0,0.0,1.0,9.0,2.0,1.0,0.0,0.0,0.0,0.0,0.0,0.0,0.0,2.0,12.0,1.0,11.5,5.0200000000000005,2.51,1.49,0.0,0.0,0.0,0.4,0.0,0.3,0.5,0.0,-117.1,0.0,0.0,117.5,0.0,17.900000000000002,1.9,1.9,2.0,300.0,300.0,19.200000000000003,10.7,10.8,10.8,10.8,,,,,,,,,,,,,,,,,,,,,,,,
2026-08-21T01:26:25.504Z,0.9,0.912,0.0,2.9000000000000004,0.0,0.0,0.0,0.0,0.0,0.0,0.0,0.0,0.0,0.0,0.0,1.0,9.0,2.0,1.0,0.0,0.0,0.0,0.0,0.0,0.0,0.0,1.0,12.0,1.0,11.5,5.0200000000000005,2.51,1.49,0.0,0.0,0.0,0.4,0.0,-0.1,-0.5,1.1,-117.1,0.0,0.0,117.5,0.0,17.900000000000002,1.9,1.9,2.0,300.0,300.0,19.200000000000003,10.7,10.8,10.8,10.8,,,,,,,,,,,,,,,,,,,,,,,,
2026-08-21T01:26:25.516Z,0.912,0.924,0.0,2.9000000000000004,0.0,0.0,0.0,0.0,0.0,0.0,0.0,0.0,0.0,0.0,0.0,1.0,9.0,2.0,1.0,0.0,0.0,0.0,0.0,0.0,0.0,0.0,2.0,12.0,1.0,11.5,5.01,2.5,1.49,0.0,0.0,0.0,0.4,0.0,0.9,-0.6000000000000001,-1.1,-117.1,0.0,0.0,117.5,0.0,18.1,2.0,2.0,2.2,300.0,300.0,19.200000000000003,12.0,12.2,12.2,12.2,,,,,,,,,,,,,,,,,,,,,,,,
2026-08-21T01:26:25.528Z,0.924,0.936,0.0,2.9000000000000004,0.0,0.0,0.0,0.0,0.0,0.0,0.0,0.0,0.0,0.0,0.0,1.0,9.0,2.0,1.0,0.0,0.0,0.0,0.0,0.0,0.0,0.0,4.0,12.0,1.0,11.5,5.01,2.5,1.49,0.0,0.1,0.0,0.4,0.0,0.3,0.0,-0.5,-117.2,0.0,0.0,117.5,0.0,18.1,2.0,2.0,2.2,300.0,300.0,19.200000000000003,12.0,12.2,12.2,12.2,,,,,,,,,,,,,,,,,,,,,,,,
2026-08-21T01:26:25.540Z,0.936,0.948,0.0,2.9000000000000004,0.0,0.0,0.0,0.0,0.0,0.0,0.0,0.0,0.0,0.0,0.0,1.0,9.0,2.0,1.0,0.0,0.0,0.0,0.0,0.0,0.0,0.0,5.0,12.0,1.0,11.5,5.01,2.5,1.49,0.0,0.0,0.0,0.4,0.0,0.9,0.5,0.5,-117.2,0.0,0.0,117.5,0.0,18.1,2.0,2.0,2.2,300.0,300.0,19.200000000000003,12.0,12.2,12.2,12.2,,,,,,,,,,,,,,,,,,,,,,,,
2026-08-21T01:26:25.552Z,0.948,0.96,0.0,2.9000000000000004,0.0,0.0,0.0,0.0,0.0,0.0,0.0,0.0,0.0,0.0,0.0,1.0,9.0,2.0,1.0,0.0,0.0,0.0,0.0,0.0,0.0,0.0,1.0,12.0,1.0,11.5,5.01,2.5,1.49,0.0,0.0,0.0,0.4,0.0,-0.2,-0.6000000000000001,0.0,-117.2,0.0,0.0,117.5,0.0,18.1,2.0,2.0,2.2,300.0,300.0,19.200000000000003,12.0,12.2,12.2,12.2,,,,,,,,,,,,,,,,,,,,,,,,
2026-08-21T01:26:25.564Z,0.96,0.972,0.0,2.9000000000000004,0.0,0.0,0.0,0.0,0.0,0.0,0.0,0.0,0.0,0.0,0.0,1.0,9.0,2.0,1.0,0.0,0.0,0.0,0.0,0.0,0.0,0.0,2.0,12.0,1.0,11.5,5.01,2.5,1.49,0.0,0.0,0.0,0.4,0.0,0.9,0.5,1.1,-117.2,0.0,0.0,117.5,0.0,18.1,2.0,2.0,2.2,300.0,300.0,19.200000000000003,12.0,12.2,12.2,12.2,,,,,,,,,,,,,,,,,,,,,,,,
2026-08-21T01:26:25.576Z,0.972,0.984,0.0,2.9000000000000004,0.0,0.0,0.0,0.0,0.0,0.0,0.0,0.0,0.0,0.0,0.0,1.0,9.0,2.0,1.0,0.0,0.0,0.0,0.0,0.0,0.0,0.0,3.0,12.0,1.0,11.5,5.01,2.5,1.49,0.0,0.0,0.0,0.4,0.0,0.3,0.0,-0.5,-117.3,0.0,0.0,117.5,0.0,18.1,2.0,2.0,2.2,300.0,300.0,19.200000000000003,12.0,12.2,12.2,12.2,,,,,,,,,,,,,,,,,,,,,,,,
2026-08-21T01:26:25.588Z,0.984,0.996,0.0,2.9000000000000004,0.0,0.0,0.0,0.0,0.0,0.0,0.0,0.0,0.0,0.0,0.0,1.0,9.0,2.0,1.0,0.0,0.0,0.0,0.0,0.0,0.0,0.0,4.0,12.0,1.0,11.5,5.01,2.5,1.49,0.0,0.0,0.0,0.4,0.0,0.9,0.0,-0.6000000000000001,-117.3,0.0,0.0,117.5,0.0,18.1,2.0,2.0,2.2,300.0,300.0,19.200000000000003,12.0,12.2,12.2,12.2,,,,,,,,,,,,,,,,,,,,,,,,
2026-08-21T01:26:25.600Z,0.996,1.008,0.0,2.9000000000000004,0.0,0.0,0.0,0.0,0.0,0.0,0.0,0.0,0.0,0.0,0.0,1.0,9.0,2.0,1.0,0.0,0.0,0.0,0.0,0.0,0.0,0.0,5.0,12.0,1.0,11.5,5.01,2.5,1.49,0.0,0.0,0.0,0.4,0.0,-0.2,0.0,-0.6000000000000001,-117.3,0.0,0.0,117.5,0.0,18.1,2.0,2.0,2.2,300.0,300.0,19.200000000000003,12.0,12.2,12.2,12.2,,,,,,,,,,,,,,,,,,,,,,,,
2026-08-21T01:26:25.613Z,1.009,1.02,0.0,2.9000000000000004,0.0,0.0,0.0,0.0,0.0,0.0,0.0,0.0,0.0,0.0,0.0,1.0,9.0,2.0,1.0,0.0,0.0,0.0,0.0,0.0,0.0,0.0,6.0,12.0,1.0,11.48,5.01,2.5,1.49,0.0,0.0,0.0,0.4,0.0,-0.2,0.5,0.0,-117.3,0.0,0.0,117.5,0.0,18.3,2.1,2.1,2.3000000000000003,300.0,300.0,19.3,13.4,13.6,13.6,13.6,,,,,,,,,,,,,,,,,,,,,,,,
2026-08-21T01:26:25.624Z,1.02,1.032,0.0,2.9000000000000004,0.0,0.0,0.0,0.0,0.0,0.0,0.0,0.0,0.0,0.0,0.0,1.0,9.0,2.0,1.0,0.0,0.0,0.0,0.0,0.0,0.0,0.0,1.0,12.0,1.0,11.48,5.01,2.5,1.49,0.0,0.0,0.0,0.4,0.0,-0.8,-0.6000000000000001,-0.6000000000000001,-117.3,0.0,0.0,117.6,0.0,18.3,2.1,2.1,2.3000000000000003,300.0,300.0,19.3,13.4,13.6,13.6,13.6,,,,,,,,,,,,,,,,,,,,,,,,
2026-08-21T01:26:25.636Z,1.032,1.044,0.0,2.9000000000000004,0.0,0.0,0.0,0.0,0.0,0.0,0.0,0.0,0.0,0.0,0.0,1.0,9.0,2.0,1.0,0.0,0.0,0.0,0.0,0.0,0.0,0.0,3.0,12.0,1.0,11.48,5.01,2.5,1.49,0.0,0.0,0.0,0.4,0.0,-0.2,1.0,1.0,-117.3,0.0,0.0,117.5,0.0,18.3,2.1,2.1,2.3000000000000003,300.0,300.0,19.3,13.4,13.6,13.6,13.6,,,,,,,,,,,,,,,,,,,,,,,,
2026-08-21T01:26:25.648Z,1.044,1.056,0.0,2.9000000000000004,0.0,0.0,0.0,0.0,0.0,0.0,0.0,0.0,0.0,0.0,0.0,1.0,9.0,2.0,1.0,0.0,0.0,0.0,0.0,0.0,0.0,0.0,4.0,12.0,1.0,11.48,5.01,2.5,1.49,0.0,0.1,0.0,0.4,0.0,0.9,-0.1,-0.1,-117.3,0.0,0.0,117.5,0.0,18.3,2.1,2.1,2.3000000000000003,300.0,300.0,19.3,13.4,13.6,13.6,13.6,,,,,,,,,,,,,,,,,,,,,,,,
2026-08-21T01:26:25.660Z,1.056,1.068,0.0,2.9000000000000004,0.0,0.0,0.0,0.0,0.0,0.0,0.0,0.0,0.0,0.0,0.0,1.0,9.0,2.0,1.0,0.0,0.0,0.0,0.0,0.0,0.0,0.0,5.0,12.0,1.0,11.48,5.01,2.5,1.49,0.0,0.1,0.0,0.4,0.0,-0.7000000000000001,-1.3,-0.6000000000000001,-117.3,0.0,0.0,117.5,0.0,18.3,2.1,2.1,2.3000000000000003,300.0,300.0,19.3,13.4,13.6,13.6,13.6,,,,,,,,,,,,,,,,,,,,,,,,
2026-08-21T01:26:25.672Z,1.068,1.08,0.0,2.9000000000000004,0.0,0.0,0.0,0.0,0.0,0.0,0.0,0.0,0.0,0.0,0.0,1.0,9.0,2.0,1.0,0.0,0.0,0.0,0.0,0.0,0.0,0.0,6.0,12.0,1.0,11.48,5.01,2.5,1.49,0.0,0.0,0.0,0.5,0.0,-0.2,0.3,-0.1,-117.4,0.0,0.0,117.5,0.0,18.3,2.1,2.1,2.3000000000000003,300.0,300.0,19.3,13.4,13.6,13.6,13.6,,,,,,,,,,,,,,,,,,,,,,,,
2026-08-21T01:26:25.684Z,1.08,1.092,0.0,2.9000000000000004,0.0,0.0,0.0,0.0,0.0,0.0,0.0,0.0,0.0,0.0,0.0,1.0,9.0,2.0,1.0,0.0,0.0,0.0,0.0,0.0,0.0,0.0,1.0,12.0,1.0,11.48,5.01,2.5,1.49,0.0,0.0,0.0,0.4,0.0,0.3,-0.2,-0.7000000000000001,-117.4,0.0,0.0,117.5,0.0,18.3,2.1,2.1,2.3000000000000003,300.0,300.0,19.3,13.4,13.6,13.6,13.6,,,,,,,,,,,,,,,,,,,,,,,,
2026-08-21T01:26:25.696Z,1.092,1.104,0.0,2.9000000000000004,0.0,0.0,0.0,0.0,0.0,0.0,0.0,0.0,0.0,0.0,0.0,1.0,9.0,2.0,1.0,0.0,0.0,0.0,0.0,0.0,0.0,0.0,2.0,12.0,1.0,11.48,5.01,2.5,1.49,0.0,0.0,0.0,0.4,0.0,-0.1,-0.7000000000000001,1.6,-117.4,0.0,0.0,117.6,0.0,18.3,2.1,2.1,2.3000000000000003,300.0,300.0,19.3,13.4,13.6,13.6,13.6,,,,,,,,,,,,,,,,,,,,,,,,
2026-08-21T01:26:25.709Z,1.105,1.116,0.0,2.9000000000000004,0.0,0.0,0.0,0.0,0.0,0.0,0.0,0.0,0.0,0.0,0.0,1.0,9.0,2.0,1.0,0.0,0.0,0.0,0.0,0.0,0.0,0.0,3.0,12.0,1.0,11.48,5.01,2.5,1.49,0.0,0.0,0.0,0.4,0.0,0.4,-1.3,-0.6000000000000001,-117.4,0.0,0.0,117.5,0.0,18.3,2.1,2.1,2.3000000000000003,300.0,300.0,19.3,13.4,13.6,13.6,13.6,,,,,,,,,,,,,,,,,,,,,,,,
2026-08-21T01:26:25.720Z,1.116,1.128,0.0,2.9000000000000004,0.0,0.0,0.0,0.0,0.0,0.0,0.0,0.0,0.0,0.0,0.0,1.0,9.0,2.0,1.0,0.0,0.0,0.0,0.0,0.0,0.0,0.0,4.0,12.0,1.0,11.48,5.01,2.51,1.49,0.0,0.0,0.0,0.4,0.0,-0.7000000000000001,0.3,-1.2000000000000002,-117.4,0.0,0.0,117.5,0.0,19.0,2.3000000000000003,2.3000000000000003,2.4000000000000004,300.0,300.0,19.5,14.8,14.9,14.9,14.9,,,,,,,,,,,,,,,,,,,,,,,,
2026-08-21T01:26:25.732Z,1.128,1.14,0.0,2.9000000000000004,0.0,0.0,0.0,0.0,0.0,0.0,0.0,0.0,0.0,0.0,0.0,1.0,9.0,2.0,1.0,0.0,0.0,0.0,0.0,0.0,0.0,0.0,5.0,12.0,1.0,11.48,5.01,2.51,1.49,0.0,0.0,0.0,0.5,0.0,-0.1,0.3,0.4,-117.4,0.0,0.0,117.6,0.0,19.0,2.3000000000000003,2.3000000000000003,2.4000000000000004,300.0,300.0,19.5,14.8,14.9,14.9,14.9,,,,,,,,,,,,,,,,,,,,,,,,
2026-08-21T01:26:25.744Z,1.14,1.152,0.0,2.9000000000000004,0.0,0.0,0.0,0.0,0.0,0.0,0.0,0.0,0.0,0.0,0.0,1.0,9.0,2.0,1.0,0.0,0.0,0.0,0.0,0.0,0.0,0.0,6.0,12.0,1.0,11.48,5.01,2.51,1.49,0.0,0.0,0.0,0.4,0.0,-0.7000000000000001,-0.7000000000000001,-0.6000000000000001,-117.4,0.0,0.0,117.5,0.0,19.0,2.3000000000000003,2.3000000000000003,2.4000000000000004,300.0,300.0,19.5,14.8,14.9,14.9,14.9,,,,,,,,,,,,,,,,,,,,,,,,
2026-08-21T01:26:25.756Z,1.152,1.164,0.0,2.9000000000000004,0.0,0.0,0.0,0.0,0.0,0.0,0.0,0.0,0.0,0.0,0.0,1.0,9.0,2.0,1.0,0.0,0.0,0.0,0.0,0.0,0.0,0.0,1.0,12.0,1.0,11.48,5.01,2.51,1.49,0.0,0.1,0.0,0.4,0.0,0.4,-0.1,0.0,-117.4,0.0,0.0,117.5,0.0,19.0,2.3000000000000003,2.3000000000000003,2.4000000000000004,300.0,300.0,19.5,14.8,14.9,14.9,14.9,,,,,,,,,,,,,,,,,,,,,,,,
2026-08-21T01:26:25.768Z,1.164,1.176,0.0,2.9000000000000004,0.0,0.0,0.0,0.0,0.0,0.0,0.0,0.0,0.0,0.0,0.0,1.0,9.0,2.0,1.0,0.0,0.0,0.0,0.0,0.0,0.0,0.0,3.0,12.0,1.0,11.48,5.01,2.51,1.49,0.0,0.0,0.0,0.4,0.0,-0.1,-0.1,-1.8,-117.4,0.0,0.0,117.5,0.0,19.0,2.3000000000000003,2.3000000000000003,2.4000000000000004,300.0,300.0,19.5,14.8,14.9,14.9,14.9,,,,,,,,,,,,,,,,,,,,,,,,
2026-08-21T01:26:25.780Z,1.176,1.188,0.0,2.9000000000000004,0.0,0.0,0.0,0.0,0.0,0.0,0.0,0.0,0.0,0.0,0.0,1.0,9.0,2.0,1.0,0.0,0.0,0.0,0.0,0.0,0.0,0.0,4.0,12.0,1.0,11.48,5.01,2.51,1.49,0.0,0.0,0.0,0.4,0.0,0.4,-0.7000000000000001,-1.2000000000000002,-117.4,0.0,0.0,117.5,0.0,19.0,2.3000000000000003,2.3000000000000003,2.4000000000000004,300.0,300.0,19.5,14.8,14.9,14.9,14.9,,,,,,,,,,,,,,,,,,,,,,,,
2026-08-21T01:26:25.801Z,1.197,1.2,0.0,2.9000000000000004,0.0,0.0,0.0,0.0,0.0,0.0,0.0,0.0,0.0,0.0,0.0,1.0,9.0,2.0,1.0,0.0,0.0,0.0,0.0,0.0,0.0,0.0,5.0,12.0,1.0,11.48,5.01,2.51,1.49,0.0,0.0,0.0,0.4,0.0,-0.7000000000000001,0.9,1.1,-117.4,0.0,0.0,117.5,0.0,19.0,2.3000000000000003,2.3000000000000003,2.4000000000000004,300.0,300.0,19.5,14.8,14.9,14.9,14.9,,,,,,,,,,,,,,,,,,,,,,,,
2026-08-21T01:26:25.805Z,1.201,1.212,0.0,2.9000000000000004,0.0,0.0,0.0,0.0,0.0,0.0,0.0,0.0,0.0,0.0,0.0,1.0,9.0,2.0,1.0,0.0,0.0,0.0,0.0,0.0,0.0,0.0,4.0,12.0,1.0,11.48,5.01,2.51,1.49,0.0,0.1,0.0,0.4,0.0,0.4,-0.7000000000000001,0.5,-117.4,0.0,0.0,117.4,0.0,19.0,2.3000000000000003,2.3000000000000003,2.4000000000000004,300.0,300.0,19.5,14.8,14.9,14.9,14.9,,,,,,,,,,,,,,,,,,,,,,,,
2026-08-21T01:26:25.817Z,1.213,1.224,0.0,2.9000000000000004,0.0,0.0,0.0,0.0,0.0,0.0,0.0,0.0,0.0,0.0,0.0,1.0,9.0,2.0,1.0,0.0,0.0,0.0,0.0,0.0,0.0,0.0,2.0,12.0,1.0,11.5,5.01,2.51,1.49,0.0,0.0,0.0,0.4,0.0,0.4,0.9,1.1,-117.4,0.0,0.0,117.6,0.0,18.4,2.4000000000000004,2.4000000000000004,2.6,300.0,300.0,19.5,16.1,16.3,16.3,16.3,,,,,,,,,,,,,,,,,,,,,,,,
2026-08-21T01:26:25.828Z,1.224,1.236,0.0,2.9000000000000004,0.0,0.0,0.0,0.0,0.0,0.0,0.0,0.0,0.0,0.0,0.0,1.0,9.0,2.0,1.0,0.0,0.0,0.0,0.0,0.0,0.0,0.0,3.0,12.0,1.0,11.5,5.01,2.51,1.49,0.0,0.0,0.0,0.4,0.0,-0.1,0.9,-0.7000000000000001,-117.4,0.0,0.0,117.5,0.0,18.4,2.4000000000000004,2.4000000000000004,2.6,300.0,300.0,19.5,16.1,16.3,16.3,16.3,,,,,,,,,,,,,,,,,,,,,,,,
2026-08-21T01:26:25.840Z,1.236,1.248,0.0,2.9000000000000004,0.0,0.0,0.0,0.0,0.0,0.0,0.0,0.0,0.0,0.0,0.0,1.0,9.0,2.0,1.0,0.0,0.0,0.0,0.0,0.0,0.0,0.0,4.0,12.0,1.0,11.5,5.01,2.51,1.49,0.0,0.0,0.0,0.4,0.0,-0.1,0.3,-0.7000000000000001,-117.4,0.0,0.0,117.5,0.0,18.4,2.4000000000000004,2.4000000000000004,2.6,300.0,300.0,19.5,16.1,16.3,16.3,16.3,,,,,,,,,,,,,,,,,,,,,,,,
2026-08-21T01:26:25.853Z,1.249,1.26,0.0,2.9000000000000004,0.0,0.0,0.0,0.0,0.0,0.0,0.0,0.0,0.0,0.0,0.0,1.0,9.0,2.0,1.0,0.0,0.0,0.0,0.0,0.0,0.0,0.0,5.0,12.0,1.0,11.5,5.01,2.51,1.49,0.0,0.0,0.0,0.4,0.0,0.3,-0.8,-0.1,-117.4,0.0,0.0,117.5,0.0,18.4,2.4000000000000004,2.4000000000000004,2.6,300.0,300.0,19.5,16.1,16.3,16.3,16.3,,,,,,,,,,,,,,,,,,,,,,,,
2026-08-21T01:26:25.864Z,1.26,1.272,0.0,2.9000000000000004,0.0,0.0,0.0,0.0,0.0,0.0,0.0,0.0,0.0,0.0,0.0,1.0,9.0,2.0,1.0,0.0,0.0,0.0,0.0,0.0,0.0,0.0,6.0,12.0,1.0,11.5,5.01,2.51,1.49,0.0,0.0,0.0,0.4,0.0,-0.7000000000000001,1.5,-0.7000000000000001,-117.4,0.0,0.0,117.5,0.0,18.4,2.4000000000000004,2.4000000000000004,2.6,300.0,300.0,19.5,16.1,16.3,16.3,16.3,,,,,,,,,,,,,,,,,,,,,,,,
2026-08-21T01:26:25.877Z,1.273,1.284,0.0,2.9000000000000004,0.0,0.0,0.0,0.0,0.0,0.0,0.0,0.0,0.0,0.0,0.0,1.0,9.0,2.0,1.0,0.0,0.0,0.0,0.0,0.0,0.0,0.0,1.0,12.0,1.0,11.5,5.01,2.51,1.49,0.0,0.0,0.0,0.4,0.0,0.9,1.5,2.2,-117.4,0.0,0.0,117.5,0.0,18.4,2.4000000000000004,2.4000000000000004,2.6,300.0,300.0,19.5,16.1,16.3,16.3,16.3,,,,,,,,,,,,,,,,,,,,,,,,
2026-08-21T01:26:25.889Z,1.285,1.296,0.0,2.9000000000000004,0.0,0.0,0.0,0.0,0.0,0.0,0.0,0.0,0.0,0.0,0.0,1.0,9.0,2.0,1.0,0.0,0.0,0.0,0.0,0.0,0.0,0.0,2.0,12.0,1.0,11.5,5.01,2.51,1.49,0.0,0.0,0.0,0.4,0.0,-0.1,-0.1,-0.6000000000000001,-117.5,0.0,0.0,117.5,0.0,18.4,2.4000000000000004,2.4000000000000004,2.6,300.0,300.0,19.5,16.1,16.3,16.3,16.3,,,,,,,,,,,,,,,,,,,,,,,,
2026-08-21T01:26:25.900Z,1.296,1.308,0.0,2.9000000000000004,0.0,0.0,0.0,0.0,0.0,0.0,0.0,0.0,0.0,0.0,0.0,1.0,9.0,2.0,1.0,0.0,0.0,0.0,0.0,0.0,0.0,0.0,3.0,12.0,1.0,11.5,5.01,2.51,1.49,0.0,0.0,0.0,0.4,0.0,0.4,-0.7000000000000001,-1.7000000000000002,-117.4,0.0,0.0,117.4,0.0,18.4,2.4000000000000004,2.4000000000000004,2.6,300.0,300.0,19.5,16.1,16.3,16.3,16.3,,,,,,,,,,,,,,,,,,,,,,,,
2026-08-21T01:26:25.912Z,1.308,1.32,0.0,2.9000000000000004,0.0,0.0,0.0,0.0,0.0,0.0,0.0,0.0,0.0,0.0,0.0,1.0,9.0,2.0,1.0,0.0,0.0,0.0,0.0,0.0,0.0,0.0,5.0,12.0,1.0,11.5,5.01,2.51,1.49,0.0,0.0,0.0,0.4,0.0,0.3,0.4,0.5,-117.4,0.0,0.0,117.5,0.0,18.4,2.4000000000000004,2.4000000000000004,2.6,300.0,300.0,19.5,16.1,16.3,16.3,16.3,,,,,,,,,,,,,,,,,,,,,,,,
2026-08-21T01:26:25.924Z,1.32,1.332,0.0,2.9000000000000004,0.0,0.0,0.0,0.0,0.0,0.0,0.0,0.0,0.0,0.0,0.0,1.0,9.0,2.0,1.0,0.0,0.0,0.0,0.0,0.0,0.0,0.0,5.0,12.0,1.0,11.47,5.01,2.5,1.5,0.0,0.0,0.0,0.4,0.0,-0.7000000000000001,-0.7000000000000001,-0.6000000000000001,-117.4,0.0,0.0,117.6,0.0,18.2,2.6,2.6,2.8000000000000003,300.0,300.0,19.6,17.5,17.6,17.6,17.6,,,,,,,,,,,,,,,,,,,,,,,,
2026-08-21T01:26:25.937Z,1.333,1.344,0.0,2.9000000000000004,0.0,0.0,0.0,0.0,0.0,0.0,0.0,0.0,0.0,0.0,0.0,1.0,9.0,2.0,1.0,0.0,0.0,0.0,0.0,0.0,0.0,0.0,6.0,12.0,1.0,11.47,5.01,2.5,1.5,-0.1,0.1,0.0,0.4,0.0,-0.1,-0.7000000000000001,-0.6000000000000001,-117.4,0.0,0.0,117.5,0.0,18.2,2.6,2.6,2.8000000000000003,300.0,300.0,19.6,17.5,17.6,17.6,17.6,,,,,,,,,,,,,,,,,,,,,,,,
2026-08-21T01:26:25.948Z,1.344,1.356,0.0,2.9000000000000004,0.0,0.0,0.0,0.0,0.0,0.0,0.0,0.0,0.0,0.0,0.0,1.0,9.0,2.0,1.0,0.0,0.0,0.0,0.0,0.0,0.0,0.0,1.0,12.0,1.0,11.47,5.01,2.5,1.5,0.0,0.1,0.0,0.4,0.0,-0.1,-1.2000000000000002,-1.2000000000000002,-117.5,0.0,0.0,117.5,0.0,18.2,2.6,2.6,2.8000000000000003,300.0,300.0,19.6,17.5,17.6,17.6,17.6,,,,,,,,,,,,,,,,,,,,,,,,
2026-08-21T01:26:25.960Z,1.356,1.368,0.0,2.9000000000000004,0.0,0.0,0.0,0.0,0.0,0.0,0.0,0.0,0.0,0.0,0.0,1.0,9.0,2.0,1.0,0.0,0.0,0.0,0.0,0.0,0.0,0.0,2.0,12.0,1.0,11.47,5.01,2.5,1.5,0.0,0.0,0.0,0.4,0.0,0.4,0.0,1.1,-117.5,0.0,0.0,117.5,0.0,18.2,2.6,2.6,2.8000000000000003,300.0,300.0,19.6,17.5,17.6,17.6,17.6,,,,,,,,,,,,,,,,,,,,,,,,
2026-08-21T01:26:25.972Z,1.368,1.38,0.0,2.9000000000000004,0.0,0.0,0.0,0.0,0.0,0.0,0.0,0.0,0.0,0.0,0.0,1.0,9.0,2.0,1.0,0.0,0.0,0.0,0.0,0.0,0.0,0.0,3.0,12.0,1.0,11.47,5.01,2.5,1.5,0.0,0.0,0.0,0.4,0.0,0.0,0.5,0.6000000000000001,-117.5,0.0,0.0,117.5,0.0,18.2,2.6,2.6,2.8000000000000003,300.0,300.0,19.6,17.5,17.6,17.6,17.6,,,,,,,,,,,,,,,,,,,,,,,,
2026-08-21T01:26:25.984Z,1.38,1.392,0.0,2.9000000000000004,0.0,0.0,0.0,0.0,0.0,0.0,0.0,0.0,0.0,0.0,0.0,1.0,9.0,2.0,1.0,0.0,0.0,0.0,0.0,0.0,0.0,0.0,4.0,12.0,1.0,11.47,5.01,2.5,1.5,0.0,0.0,0.0,0.4,0.0,0.5,0.0,0.6000000000000001,-117.5,0.0,0.0,117.5,0.0,18.2,2.6,2.6,2.8000000000000003,300.0,300.0,19.6,17.5,17.6,17.6,17.6,,,,,,,,,,,,,,,,,,,,,,,,
2026-08-21T01:26:25.996Z,1.392,1.404,0.0,2.9000000000000004,0.0,0.0,0.0,0.0,0.0,0.0,0.0,0.0,0.0,0.0,0.0,1.0,9.0,2.0,1.0,0.0,0.0,0.0,0.0,0.0,0.0,0.0,5.0,12.0,1.0,11.47,5.01,2.5,1.5,0.0,0.0,0.0,0.4,0.0,1.0,0.0,0.6000000000000001,-117.5,0.0,0.0,117.5,0.0,18.2,2.6,2.6,2.8000000000000003,300.0,300.0,19.6,17.5,17.6,17.6,17.6,,,,,,,,,,,,,,,,,,,,,,,,
2026-08-21T01:26:26.008Z,1.404,1.416,0.0,2.9000000000000004,0.0,0.0,0.0,0.0,0.0,0.0,0.0,0.0,0.0,0.0,0.0,1.0,9.0,2.0,1.0,0.0,0.0,0.0,0.0,0.0,0.0,0.0,6.0,12.0,1.0,11.47,5.01,2.5,1.5,0.0,0.0,0.0,0.4,0.0,1.0,0.5,0.0,-117.5,0.0,0.0,117.5,0.0,18.2,2.6,2.6,2.8000000000000003,300.0,300.0,19.6,17.5,17.6,17.6,17.6,,,,,,,,,,,,,,,,,,,,,,,,
2026-08-21T01:26:26.022Z,1.418,1.428,0.0,2.9000000000000004,0.0,0.0,0.0,0.0,0.0,0.0,0.0,0.0,0.0,0.0,0.0,1.0,9.0,2.0,1.0,0.0,0.0,0.0,0.0,0.0,0.0,0.0,2.0,12.0,1.0,11.51,5.01,2.5,1.49,0.0,0.0,0.0,0.4,0.0,0.4,0.5,0.0,-117.5,0.0,0.0,117.5,0.0,18.3,2.8000000000000003,2.8000000000000003,3.0,300.0,300.0,19.700000000000003,18.8,18.9,18.6,19.0,,,,,,,,,,,,,,,,,,,,,,,,
2026-08-21T01:26:26.032Z,1.428,1.44,0.0,2.9000000000000004,0.0,0.0,0.0,0.0,0.0,0.0,0.0,0.0,0.0,0.0,0.0,1.0,9.0,2.0,1.0,0.0,0.0,0.0,0.0,0.0,0.0,0.0,3.0,12.0,1.0,11.51,5.01,2.5,1.49,0.0,0.0,0.0,0.4,0.0,0.0,1.1,1.2000000000000002,-117.5,0.0,0.0,117.5,0.0,18.3,2.8000000000000003,2.8000000000000003,3.0,300.0,300.0,19.700000000000003,18.8,18.9,18.6,19.0,,,,,,,,,,,,,,,,,,,,,,,,
2026-08-21T01:26:26.044Z,1.44,1.452,0.0,2.9000000000000004,0.0,0.0,0.0,0.0,0.0,0.0,0.0,0.0,0.0,0.0,0.0,1.0,9.0,2.0,1.0,0.0,0.0,0.0,0.0,0.0,0.0,0.0,4.0,12.0,1.0,11.51,5.01,2.5,1.49,0.0,0.0,0.0,0.4,0.0,0.0,-0.5,0.1,-117.5,0.0,0.0,117.5,0.0,18.3,2.8000000000000003,2.8000000000000003,3.0,300.0,300.0,19.700000000000003,18.8,18.9,18.6,19.0,,,,,,,,,,,,,,,,,,,,,,,,
2026-08-21T01:26:26.056Z,1.452,1.464,0.0,2.9000000000000004,0.0,0.0,0.0,0.0,0.0,0.0,0.0,0.0,0.0,0.0,0.0,1.0,9.0,2.0,1.0,0.0,0.0,0.0,0.0,0.0,0.0,0.0,5.0,12.0,1.0,11.51,5.01,2.5,1.49,0.0,0.0,0.0,0.4,0.0,-0.6000000000000001,0.0,0.6000000000000001,-117.5,0.0,0.0,117.4,0.0,18.3,2.8000000000000003,2.8000000000000003,3.0,300.0,300.0,19.700000000000003,18.8,18.9,18.6,19.0,,,,,,,,,,,,,,,,,,,,,,,,
2026-08-21T01:26:26.068Z,1.464,1.476,0.0,2.9000000000000004,0.0,0.0,0.0,0.0,0.0,0.0,0.0,0.0,0.0,0.0,0.0,1.0,9.0,2.0,1.0,0.0,0.0,0.0,0.0,0.0,0.0,0.0,6.0,12.0,1.0,11.51,5.01,2.5,1.49,0.0,0.0,0.0,0.4,0.0,0.5,0.5,0.0,-117.5,0.0,0.0,117.5,0.0,18.3,2.8000000000000003,2.8000000000000003,3.0,300.0,300.0,19.700000000000003,18.8,18.9,18.6,19.0,,,,,,,,,,,,,,,,,,,,,,,,
2026-08-21T01:26:26.080Z,1.476,1.488,0.0,2.9000000000000004,0.0,0.0,0.0,0.0,0.0,0.0,0.0,0.0,0.0,0.0,0.0,1.0,9.0,2.0,1.0,0.0,0.0,0.0,0.0,0.0,0.0,0.0,1.0,12.0,1.0,11.51,5.01,2.5,1.49,0.0,0.0,0.0,0.4,0.0,0.5,0.0,0.0,-117.5,0.0,0.0,117.6,0.0,18.3,2.8000000000000003,2.8000000000000003,3.0,300.0,300.0,19.700000000000003,18.8,18.9,18.6,19.0,,,,,,,,,,,,,,,,,,,,,,,,
2026-08-21T01:26:26.093Z,1.489,1.5,0.0,2.9000000000000004,0.0,0.0,0.0,0.0,0.0,0.0,0.0,0.0,0.0,0.0,0.0,1.0,9.0,2.0,1.0,0.0,0.0,0.0,0.0,0.0,0.0,0.0,2.0,12.0,1.0,11.51,5.01,2.5,1.49,0.0,0.0,0.0,0.4,0.0,-0.6000000000000001,-0.5,1.1,-117.5,0.0,0.0,117.5,0.0,18.3,2.8000000000000003,2.8000000000000003,3.0,300.0,300.0,19.700000000000003,18.8,18.9,18.6,19.0,,,,,,,,,,,,,,,,,,,,,,,,
2026-08-21T01:26:26.111Z,1.507,1.512,0.0,2.9000000000000004,0.0,0.0,0.0,0.0,0.0,0.0,0.0,0.0,0.0,0.0,0.0,1.0,9.0,2.0,1.0,0.0,0.0,0.0,0.0,0.0,0.0,0.0,3.0,12.0,1.0,11.51,5.01,2.5,1.49,0.0,0.0,0.0,0.4,0.0,0.5,0.0,-0.6000000000000001,-117.5,0.0,0.0,117.5,0.0,18.3,2.8000000000000003,2.8000000000000003,3.0,300.0,300.0,19.700000000000003,18.8,18.9,18.6,19.0,,,,,,,,,,,,,,,,,,,,,,,,
2026-08-21T01:26:26.118Z,1.514,1.524,0.0,2.9000000000000004,0.0,0.0,0.0,0.0,0.0,0.0,0.0,0.0,0.0,0.0,0.0,1.0,9.0,2.0,1.0,0.0,0.0,0.0,0.0,0.0,0.0,0.0,2.0,12.0,1.0,11.51,5.01,2.5,1.49,0.0,0.0,0.0,0.4,0.0,-0.1,2.3000000000000003,2.2,-117.5,0.0,0.0,117.5,0.0,18.3,2.8000000000000003,2.8000000000000003,3.0,300.0,300.0,19.700000000000003,18.8,18.9,18.6,19.0,,,,,,,,,,,,,,,,,,,,,,,,
2026-08-21T01:26:26.128Z,1.524,1.536,0.0,2.9000000000000004,0.0,0.0,0.0,0.0,0.0,0.0,0.0,0.0,0.0,0.0,0.0,1.0,9.0,2.0,1.0,0.0,0.0,0.0,0.0,0.0,0.0,0.0,6.0,12.0,1.0,11.52,5.01,2.51,1.49,0.0,0.0,0.0,0.4,0.0,0.4,0.0,0.0,-117.5,0.0,0.0,117.5,0.0,18.1,3.0,3.0,3.2,300.0,300.0,19.700000000000003,20.200000000000003,19.700000000000003,19.1,20.200000000000003,,,,,,,,,,,,,,,,,,,,,,,,
2026-08-21T01:26:26.140Z,1.536,1.548,0.0,2.9000000000000004,0.0,0.0,0.0,0.0,0.0,0.0,0.0,0.0,0.0,0.0,0.0,1.0,9.0,2.0,1.0,0.0,0.0,0.0,0.0,0.0,0.0,0.0,1.0,12.0,1.0,11.52,5.01,2.51,1.49,0.0,0.0,0.0,0.4,0.0,1.0,1.2000000000000002,1.0,-117.5,0.0,0.0,117.5,0.0,18.1,3.0,3.0,3.2,300.0,300.0,19.700000000000003,20.200000000000003,19.700000000000003,19.1,20.200000000000003,,,,,,,,,,,,,,,,,,,,,,,,
2026-08-21T01:26:26.152Z,1.548,1.56,0.0,2.9000000000000004,0.0,0.0,0.0,0.0,0.0,0.0,0.0,0.0,0.0,0.0,0.0,1.0,9.0,2.0,1.0,0.0,0.0,0.0,0.0,0.0,0.0,0.0,1.0,12.0,1.0,11.52,5.01,2.51,1.49,0.0,0.0,0.0,0.4,0.0,0.4,0.6000000000000001,-0.7000000000000001,-117.5,0.0,0.0,117.5,0.0,18.1,3.0,3.0,3.2,300.0,300.0,19.700000000000003,20.200000000000003,19.700000000000003,19.1,20.200000000000003,,,,,,,,,,,,,,,,,,,,,,,,
2026-08-21T01:26:26.164Z,1.56,1.572,0.0,2.9000000000000004,0.0,0.0,0.0,0.0,0.0,0.0,0.0,0.0,0.0,0.0,0.0,1.0,9.0,2.0,1.0,0.0,0.0,0.0,0.0,0.0,0.0,0.0,3.0,12.0,1.0,11.52,5.01,2.51,1.49,0.0,0.0,0.0,0.4,0.0,-0.7000000000000001,0.0,1.0,-117.5,0.0,0.0,117.5,0.0,18.1,3.0,3.0,3.2,300.0,300.0,19.700000000000003,20.200000000000003,19.700000000000003,19.1,20.200000000000003,,,,,,,,,,,,,,,,,,,,,,,,
2026-08-21T01:26:26.176Z,1.572,1.584,0.0,2.9000000000000004,0.0,0.0,0.0,0.0,0.0,0.0,0.0,0.0,0.0,0.0,0.0,1.0,9.0,2.0,1.0,0.0,0.0,0.0,0.0,0.0,0.0,0.0,4.0,12.0,1.0,11.52,5.01,2.51,1.49,0.0,0.1,0.0,0.4,0.0,-0.1,-0.5,-0.1,-117.5,0.0,0.0,117.5,0.0,18.1,3.0,3.0,3.2,300.0,300.0,19.700000000000003,20.200000000000003,19.700000000000003,19.1,20.200000000000003,,,,,,,,,,,,,,,,,,,,,,,,
2026-08-21T01:26:26.188Z,1.584,1.596,0.0,2.9000000000000004,0.0,0.0,0.0,0.0,0.0,0.0,0.0,0.0,0.0,0.0,0.0,1.0,9.0,2.0,1.0,0.0,0.0,0.0,0.0,0.0,0.0,0.0,5.0,12.0,1.0,11.52,5.01,2.51,1.49,0.0,0.0,0.0,0.4,0.0,-1.3,-0.5,0.4,-117.5,0.0,0.0,117.5,0.0,18.1,3.0,3.0,3.2,300.0,300.0,19.700000000000003,20.200000000000003,19.700000000000003,19.1,20.200000000000003,,,,,,,,,,,,,,,,,,,,,,,,
2026-08-21T01:26:26.200Z,1.596,1.608,0.0,2.9000000000000004,0.0,0.0,0.0,0.0,0.0,0.0,0.0,0.0,0.0,0.0,0.0,1.0,9.0,2.0,1.0,0.0,0.0,0.0,0.0,0.0,0.0,0.0,6.0,12.0,1.0,11.52,5.01,2.51,1.49,0.0,0.0,0.0,0.4,0.0,0.4,0.6000000000000001,-0.7000000000000001,-117.5,0.0,0.0,117.5,0.0,18.1,3.0,3.0,3.2,300.0,300.0,19.700000000000003,20.200000000000003,19.700000000000003,19.1,20.200000000000003,,,,,,,,,,,,,,,,,,,,,,,,
2026-08-21T01:26:26.212Z,1.608,1.62,0.0,2.9000000000000004,0.0,0.0,0.0,0.0,0.0,0.0,0.0,0.0,0.0,0.0,0.0,1.0,9.0,2.0,1.0,0.0,0.0,0.0,0.0,0.0,0.0,0.0,2.0,12.0,1.0,11.52,5.01,2.51,1.49,0.0,0.0,0.0,0.4,0.0,1.0,0.6000000000000001,1.5,-117.5,0.0,0.0,117.5,0.0,18.1,3.0,3.0,3.2,300.0,300.0,19.700000000000003,20.200000000000003,19.700000000000003,19.1,20.200000000000003,,,,,,,,,,,,,,,,,,,,,,,,
2026-08-21T01:26:26.225Z,1.621,1.632,0.0,2.9000000000000004,0.0,0.0,0.0,0.0,0.0,0.0,0.0,0.0,0.0,0.0,0.0,1.0,9.0,2.0,1.0,0.0,0.0,0.0,0.0,0.0,0.0,0.0,3.0,12.0,1.0,11.51,5.01,2.5,1.49,0.0,0.0,0.0,0.4,0.0,0.4,-0.5,-0.1,-117.5,0.0,0.0,117.4,0.0,18.2,3.3000000000000003,3.3000000000000003,3.4000000000000004,300.0,300.0,19.700000000000003,21.200000000000003,20.0,19.4,20.8,,,,,,,,,,,,,,,,,,,,,,,,
2026-08-21T01:26:26.236Z,1.632,1.644,0.0,2.9000000000000004,0.0,0.0,0.0,0.0,0.0,0.0,0.0,0.0,0.0,0.0,0.0,1.0,9.0,2.0,1.0,0.0,0.0,0.0,0.0,0.0,0.0,0.0,3.0,12.0,1.0,11.51,5.01,2.5,1.49,0.0,0.0,0.0,0.4,0.0,-0.7000000000000001,0.0,-0.1,-117.5,0.0,0.0,117.6,0.0,18.2,3.3000000000000003,3.3000000000000003,3.4000000000000004,300.0,300.0,19.700000000000003,21.200000000000003,20.0,19.4,20.8,,,,,,,,,,,,,,,,,,,,,,,,
2026-08-21T01:26:26.248Z,1.644,1.656,0.0,2.9000000000000004,0.0,0.0,0.0,0.0,0.0,0.0,0.0,0.0,0.0,0.0,0.0,1.0,9.0,2.0,1.0,0.0,0.0,0.0,0.0,0.0,0.0,0.0,4.0,12.0,1.0,11.51,5.01,2.5,1.49,0.0,0.0,0.0,0.4,0.0,-0.1,1.2000000000000002,-1.3,-117.5,0.0,0.0,117.5,0.0,18.2,3.3000000000000003,3.3000000000000003,3.4000000000000004,300.0,300.0,19.700000000000003,21.200000000000003,20.0,19.4,20.8,,,,,,,,,,,,,,,,,,,,,,,,
2026-08-21T01:26:26.260Z,1.656,1.668,0.0,2.9000000000000004,0.0,0.0,0.0,0.0,0.0,0.0,0.0,0.0,0.0,0.0,0.0,1.0,9.0,2.0,1.0,0.0,0.0,0.0,0.0,0.0,0.0,0.0,4.0,12.0,1.0,11.51,5.01,2.5,1.49,0.0,0.0,0.0,0.5,0.0,0.4,1.2000000000000002,-0.1,-117.5,0.0,0.0,117.5,0.0,18.2,3.3000000000000003,3.3000000000000003,3.4000000000000004,300.0,300.0,19.700000000000003,21.200000000000003,20.0,19.4,20.8,,,,,,,,,,,,,,,,,,,,,,,,
2026-08-21T01:26:26.272Z,1.668,1.68,0.0,2.9000000000000004,0.0,0.0,0.0,0.0,0.0,0.0,0.0,0.0,0.0,0.0,0.0,1.0,9.0,2.0,1.0,0.0,0.0,0.0,0.0,0.0,0.0,0.0,5.0,12.0,1.0,11.51,5.01,2.5,1.49,0.0,0.0,0.0,0.4,0.0,-0.1,-1.0,-1.2000000000000002,-117.5,0.0,0.0,117.4,0.0,18.2,3.3000000000000003,3.3000000000000003,3.4000000000000004,300.0,300.0,19.700000000000003,21.200000000000003,20.0,19.4,20.8,,,,,,,,,,,,,,,,,,,,,,,,
2026-08-21T01:26:26.285Z,1.681,1.692,0.0,2.9000000000000004,0.0,0.0,0.0,0.0,0.0,0.0,0.0,0.0,0.0,0.0,0.0,1.0,9.0,2.0,1.0,0.0,0.0,0.0,0.0,0.0,0.0,0.0,6.0,12.0,1.0,11.51,5.01,2.5,1.49,0.0,0.0,0.0,0.4,0.0,-0.1,0.0,2.2,-117.5,0.0,0.0,117.6,0.0,18.2,3.3000000000000003,3.3000000000000003,3.4000000000000004,300.0,300.0,19.700000000000003,21.200000000000003,20.0,19.4,20.8,,,,,,,,,,,,,,,,,,,,,,,,
2026-08-21T01:26:26.297Z,1.693,1.704,0.0,2.9000000000000004,0.0,0.0,0.0,0.0,0.0,0.0,0.0,0.0,0.0,0.0,0.0,1.0,9.0,2.0,1.0,0.0,0.0,0.0,0.0,0.0,0.0,0.0,1.0,12.0,1.0,11.51,5.01,2.5,1.49,0.0,0.0,0.0,0.4,0.0,0.4,0.1,-0.6000000000000001,-117.5,0.0,0.0,117.5,0.0,18.2,3.3000000000000003,3.3000000000000003,3.4000000000000004,300.0,300.0,19.700000000000003,21.200000000000003,20.0,19.4,20.8,,,,,,,,,,,,,,,,,,,,,,,,
2026-08-21T01:26:26.309Z,1.705,1.716,0.0,2.9000000000000004,0.0,0.0,0.0,0.0,0.0,0.0,0.0,0.0,0.0,0.0,0.0,1.0,9.0,2.0,1.0,0.0,0.0,0.0,0.0,0.0,0.0,0.0,2.0,12.0,1.0,11.51,5.01,2.5,1.49,0.0,0.0,0.0,0.4,0.0,0.0,1.2000000000000002,0.4,-117.5,0.0,0.0,117.5,0.0,18.2,3.3000000000000003,3.3000000000000003,3.4000000000000004,300.0,300.0,19.700000000000003,21.200000000000003,20.0,19.4,20.8,,,,,,,,,,,,,,,,,,,,,,,,
2026-08-21T01:26:26.320Z,1.716,1.728,0.0,2.9000000000000004,0.0,0.0,0.0,0.0,0.0,0.0,0.0,0.0,0.0,0.0,0.0,1.0,9.0,2.0,1.0,0.0,0.0,0.0,0.0,0.0,0.0,0.0,3.0,12.0,1.0,11.51,5.01,2.5,1.49,0.0,0.0,0.0,0.4,0.0,-1.2000000000000002,-1.1,-1.3,-117.5,0.0,0.0,117.6,0.0,18.2,3.3000000000000003,3.3000000000000003,3.4000000000000004,300.0,300.0,19.700000000000003,21.200000000000003,20.0,19.4,20.8,,,,,,,,,,,,,,,,,,,,,,,,
2026-08-21T01:26:26.333Z,1.729,1.74,0.0,2.9000000000000004,0.0,0.0,0.0,0.0,0.0,0.0,0.0,0.0,0.0,0.0,0.0,1.0,9.0,2.0,1.0,0.0,0.0,0.0,0.0,0.0,0.0,0.0,4.0,12.0,1.0,11.51,5.01,2.5,1.49,0.0,0.0,0.0,0.5,0.0,0.4,0.0,-0.6000000000000001,-117.5,0.0,0.0,117.6,0.0,18.3,3.5,3.5,3.6,300.0,300.0,19.8,21.700000000000003,20.200000000000003,19.5,21.200000000000003,,,,,,,,,,,,,,,,,,,,,,,,
2026-08-21T01:26:26.344Z,1.74,1.752,0.0,2.9000000000000004,0.0,0.0,0.0,0.0,0.0,0.0,0.0,0.0,0.0,0.0,0.0,1.0,9.0,2.0,1.0,0.0,0.0,0.0,0.0,0.0,0.0,0.0,5.0,12.0,1.0,11.51,5.01,2.5,1.49,0.0,0.0,0.0,0.4,0.0,0.0,0.6000000000000001,1.0,-117.5,0.0,0.0,117.4,0.0,18.3,3.5,3.5,3.6,300.0,300.0,19.8,21.700000000000003,20.200000000000003,19.5,21.200000000000003,,,,,,,,,,,,,,,,,,,,,,,,
2026-08-21T01:26:26.356Z,1.752,1.764,0.0,2.9000000000000004,0.0,0.0,0.0,0.0,0.0,0.0,0.0,0.0,0.0,0.0,0.0,1.0,9.0,2.0,1.0,0.0,0.0,0.0,0.0,0.0,0.0,0.0,6.0,12.0,1.0,11.51,5.01,2.5,1.49,0.0,0.0,0.0,0.4,0.0,0.0,0.0,-0.1,-117.5,0.0,0.0,117.5,0.0,18.3,3.5,3.5,3.6,300.0,300.0,19.8,21.700000000000003,20.200000000000003,19.5,21.200000000000003,,,,,,,,,,,,,,,,,,,,,,,,
2026-08-21T01:26:26.368Z,1.764,1.776,0.0,2.9000000000000004,0.0,0.0,0.0,0.0,0.0,0.0,0.0,0.0,0.0,0.0,0.0,1.0,9.0,2.0,1.0,0.0,0.0,0.0,0.0,0.0,0.0,0.0,1.0,12.0,1.0,11.51,5.01,2.5,1.49,0.0,0.0,0.0,0.4,0.0,1.0,-0.5,1.6,-117.5,0.0,0.0,117.6,0.0,18.3,3.5,3.5,3.6,300.0,300.0,19.8,21.700000000000003,20.200000000000003,19.5,21.200000000000003,,,,,,,,,,,,,,,,,,,,,,,,
2026-08-21T01:26:26.381Z,1.777,1.788,0.0,2.9000000000000004,0.0,0.0,0.0,0.0,0.0,0.0,0.0,0.0,0.0,0.0,0.0,1.0,9.0,2.0,1.0,0.0,0.0,0.0,0.0,0.0,0.0,0.0,2.0,12.0,1.0,11.51,5.01,2.5,1.49,0.0,0.0,0.0,0.4,0.0,-0.1,0.0,-1.3,-117.5,0.0,0.0,117.5,0.0,18.3,3.5,3.5,3.6,300.0,300.0,19.8,21.700000000000003,20.200000000000003,19.5,21.200000000000003,,,,,,,,,,,,,,,,,,,,,,,,
2026-08-21T01:26:26.393Z,1.789,1.8,0.0,2.9000000000000004,0.0,0.0,0.0,0.0,0.0,0.0,0.0,0.0,0.0,0.0,0.0,1.0,9.0,2.0,1.0,0.0,0.0,0.0,0.0,0.0,0.0,0.0,3.0,12.0,1.0,11.51,5.01,2.5,1.49,0.0,0.0,0.0,0.5,0.0,0.4,1.1,-0.1,-117.5,0.0,0.0,117.5,0.0,18.3,3.5,3.5,3.6,300.0,300.0,19.8,21.700000000000003,20.200000000000003,19.5,21.200000000000003,,,,,,,,,,,,,,,,,,,,,,,,
2026-08-21T01:26:26.411Z,1.807,1.812,0.0,2.9000000000000004,0.0,0.0,0.0,0.0,0.0,0.0,0.0,0.0,0.0,0.0,0.0,1.0,9.0,2.0,1.0,0.0,0.0,0.0,0.0,0.0,0.0,0.0,4.0,12.0,1.0,11.51,5.01,2.5,1.49,0.0,0.0,0.0,0.4,0.0,0.4,0.5,-0.1,-117.5,0.0,0.0,117.5,0.0,18.3,3.5,3.5,3.6,300.0,300.0,19.8,21.700000000000003,20.200000000000003,19.5,21.200000000000003,,,,,,,,,,,,,,,,,,,,,,,,
2026-08-21T01:26:26.425Z,1.821,1.824,0.0,2.9000000000000004,0.0,0.0,0.0,0.0,0.0,0.0,0.0,0.0,0.0,0.0,0.0,1.0,9.0,2.0,1.0,0.0,0.0,0.0,0.0,0.0,0.0,0.0,5.0,12.0,1.0,11.51,5.01,2.5,1.49,0.0,0.0,0.0,0.4,0.0,-0.1,0.0,-1.2000000000000002,-117.5,0.0,0.0,117.6,0.0,18.3,3.5,3.5,3.6,300.0,300.0,19.8,21.700000000000003,20.200000000000003,19.5,21.200000000000003,,,,,,,,,,,,,,,,,,,,,,,,
2026-08-21T01:26:26.435Z,1.831,1.836,0.0,2.9000000000000004,0.0,0.0,0.0,0.0,0.0,0.0,0.0,0.0,0.0,0.0,0.0,1.0,9.0,2.0,1.0,0.0,0.0,0.0,0.0,0.0,0.0,0.0,5.0,12.0,1.0,11.48,5.01,2.51,1.49,0.0,0.1,0.0,0.4,0.0,0.4,0.0,1.0,-117.5,0.0,0.0,117.5,0.0,18.4,3.7,3.7,3.8,300.0,300.0,19.8,22.0,20.3,19.5,21.4,,,,,,,,,,,,,,,,,,,,,,,,
2026-08-21T01:26:26.441Z,1.837,1.848,0.0,2.9000000000000004,0.0,0.0,0.0,0.0,0.0,0.0,0.0,0.0,0.0,0.0,0.0,1.0,9.0,2.0,1.0,0.0,0.0,0.0,0.0,0.0,0.0,0.0,2.0,12.0,1.0,11.48,5.01,2.51,1.49,0.0,0.1,0.0,0.4,0.0,-0.1,-0.6000000000000001,-0.6000000000000001,-117.5,0.0,0.0,117.5,0.0,18.4,3.7,3.7,3.8,300.0,300.0,19.8,22.0,20.3,19.5,21.4,,,,,,,,,,,,,,,,,,,,,,,,
2026-08-21T01:26:26.452Z,1.848,1.86,0.0,2.9000000000000004,0.0,0.0,0.0,0.0,0.0,0.0,0.0,0.0,0.0,0.0,0.0,1.0,9.0,2.0,1.0,0.0,0.0,0.0,0.0,0.0,0.0,0.0,2.0,12.0,1.0,11.48,5.01,2.51,1.49,0.0,0.0,0.0,0.4,0.0,0.4,0.5,1.1,-117.5,0.0,0.0,117.5,0.0,18.4,3.7,3.7,3.8,300.0,300.0,19.8,22.0,20.3,19.5,21.4,,,,,,,,,,,,,,,,,,,,,,,,
2026-08-21T01:26:26.464Z,1.86,1.872,0.0,2.9000000000000004,0.0,0.0,0.0,0.0,0.0,0.0,0.0,0.0,0.0,0.0,0.0,1.0,9.0,2.0,1.0,0.0,0.0,0.0,0.0,0.0,0.0,0.0,4.0,12.0,1.0,11.48,5.01,2.51,1.49,0.0,0.0,0.0,0.4,0.0,0.4,0.5,0.0,-117.5,0.0,0.0,117.5,0.0,18.4,3.7,3.7,3.8,300.0,300.0,19.8,22.0,20.3,19.5,21.4,,,,,,,,,,,,,,,,,,,,,,,,
2026-08-21T01:26:26.476Z,1.872,1.884,0.0,2.9000000000000004,0.0,0.0,0.0,0.0,0.0,0.0,0.0,0.0,0.0,0.0,0.0,1.0,9.0,2.0,1.0,0.0,0.0,0.0,0.0,0.0,0.0,0.0,5.0,12.0,1.0,11.48,5.01,2.51,1.49,0.0,0.0,0.0,0.4,0.0,-0.7000000000000001,-0.6000000000000001,-0.6000000000000001,-117.5,0.0,0.0,117.5,0.0,18.4,3.7,3.7,3.8,300.0,300.0,19.8,22.0,20.3,19.5,21.4,,,,,,,,,,,,,,,,,,,,,,,,
2026-08-21T01:26:26.489Z,1.885,1.896,0.0,2.9000000000000004,0.0,0.0,0.0,0.0,0.0,0.0,0.0,0.0,0.0,0.0,0.0,1.0,9.0,2.0,1.0,0.0,0.0,0.0,0.0,0.0,0.0,0.0,5.0,12.0,1.0,11.48,5.01,2.51,1.49,0.0,0.0,0.0,0.4,0.0,0.4,-0.6000000000000001,0.4,-117.5,0.0,0.0,117.4,0.0,18.4,3.7,3.7,3.8,300.0,300.0,19.8,22.0,20.3,19.5,21.4,,,,,,,,,,,,,,,,,,,,,,,,
2026-08-21T01:26:26.500Z,1.896,1.908,0.0,2.9000000000000004,0.0,0.0,0.0,0.0,0.0,0.0,0.0,0.0,0.0,0.0,0.0,1.0,9.0,2.0,1.0,0.0,0.0,0.0,0.0,0.0,0.0,0.0,6.0,12.0,1.0,11.48,5.01,2.51,1.49,0.0,0.1,0.0,0.4,0.0,0.4,0.0,-0.6000000000000001,-117.5,0.0,0.0,117.5,0.0,18.4,3.7,3.7,3.8,300.0,300.0,19.8,22.0,20.3,19.5,21.4,,,,,,,,,,,,,,,,,,,,,,,,
2026-08-21T01:26:26.513Z,1.909,1.92,0.0,2.9000000000000004,0.0,0.0,0.0,0.0,0.0,0.0,0.0,0.0,0.0,0.0,0.0,1.0,9.0,2.0,1.0,0.0,0.0,0.0,0.0,0.0,0.0,0.0,1.0,12.0,1.0,11.48,5.01,2.51,1.49,0.0,0.0,0.0,0.4,0.0,0.3,-0.5,-1.2000000000000002,-117.5,0.0,0.0,117.5,0.0,18.4,3.7,3.7,3.8,300.0,300.0,19.8,22.0,20.3,19.5,21.4,,,,,,,,,,,,,,,,,,,,,,,,
2026-08-21T01:26:26.524Z,1.92,1.932,0.0,2.9000000000000004,0.0,0.0,0.0,0.0,0.0,0.0,0.0,0.0,0.0,0.0,0.0,1.0,9.0,2.0,1.0,0.0,0.0,0.0,0.0,0.0,0.0,0.0,2.0,12.0,1.0,11.48,5.01,2.51,1.49,0.0,0.0,0.0,0.5,0.0,0.4,0.5,-0.6000000000000001,-117.5,0.0,0.0,117.6,0.0,18.4,3.7,3.7,3.8,300.0,300.0,19.8,22.0,20.3,19.5,21.4,,,,,,,,,,,,,,,,,,,,,,,,
2026-08-21T01:26:26.537Z,1.933,1.944,0.0,2.9000000000000004,0.0,0.0,0.0,0.0,0.0,0.0,0.0,0.0,0.0,0.0,0.0,1.0,9.0,2.0,1.0,0.0,0.0,0.0,0.0,0.0,0.0,0.0,3.0,12.0,1.0,11.5,5.01,2.51,1.49,0.0,0.0,0.0,0.5,0.0,-0.1,0.0,0.0,-117.5,0.0,0.0,117.5,0.0,18.2,3.9,3.9,4.1000000000000005,300.0,300.0,19.8,22.200000000000003,20.3,19.6,21.4,,,,,,,,,,,,,,,,,,,,,,,,
2026-08-21T01:26:26.548Z,1.944,1.956,0.0,2.9000000000000004,0.0,0.0,0.0,0.0,0.0,0.0,0.0,0.0,0.0,0.0,0.0,1.0,9.0,2.0,1.0,0.0,0.0,0.0,0.0,0.0,0.0,0.0,4.0,12.0,1.0,11.5,5.01,2.51,1.49,0.0,0.0,0.0,0.4,0.0,0.4,0.0,1.1,-117.5,0.0,0.0,117.5,0.0,18.2,3.9,3.9,4.1000000000000005,300.0,300.0,19.8,22.200000000000003,20.3,19.6,21.4,,,,,,,,,,,,,,,,,,,,,,,,
2026-08-21T01:26:26.561Z,1.957,1.968,0.0,2.9000000000000004,0.0,0.0,0.0,0.0,0.0,0.0,0.0,0.0,0.0,0.0,0.0,1.0,9.0,2.0,1.0,0.0,0.0,0.0,0.0,0.0,0.0,0.0,5.0,12.0,1.0,11.5,5.01,2.51,1.49,0.0,0.0,0.0,0.4,0.0,0.4,1.1,0.0,-117.5,0.0,0.0,117.5,0.0,18.2,3.9,3.9,4.1000000000000005,300.0,300.0,19.8,22.200000000000003,20.3,19.6,21.4,,,,,,,,,,,,,,,,,,,,,,,,
2026-08-21T01:26:26.572Z,1.968,1.98,0.0,2.9000000000000004,0.0,0.0,0.0,0.0,0.0,0.0,0.0,0.0,0.0,0.0,0.0,1.0,9.0,2.0,1.0,0.0,0.0,0.0,0.0,0.0,0.0,0.0,6.0,12.0,1.0,11.5,5.01,2.51,1.49,0.0,0.0,0.0,0.4,0.0,0.3,1.1,2.2,-117.5,0.0,0.0,117.6,0.0,18.2,3.9,3.9,4.1000000000000005,300.0,300.0,19.8,22.200000000000003,20.3,19.6,21.4,,,,,,,,,,,,,,,,,,,,,,,,
2026-08-21T01:26:26.584Z,1.98,1.992,0.0,2.9000000000000004,0.0,0.0,0.0,0.0,0.0,0.0,0.0,0.0,0.0,0.0,0.0,1.0,9.0,2.0,1.0,0.0,0.0,0.0,0.0,0.0,0.0,0.0,1.0,12.0,1.0,11.5,5.01,2.51,1.49,0.0,0.0,0.0,0.4,0.0,1.0,0.0,0.5,-117.5,0.0,0.0,117.5,0.0,18.2,3.9,3.9,4.1000000000000005,300.0,300.0,19.8,22.200000000000003,20.3,19.6,21.4,,,,,,,,,,,,,,,,,,,,,,,,
2026-08-21T01:26:26.596Z,1.992,2.004,0.0,2.9000000000000004,0.0,0.0,0.0,0.0,0.0,0.0,0.0,0.0,0.0,0.0,0.0,1.0,9.0,2.0,1.0,0.0,0.0,0.0,0.0,0.0,0.0,0.0,3.0,12.0,1.0,11.5,5.01,2.51,1.49,0.0,0.0,0.0,0.4,0.0,-0.1,-0.6000000000000001,-0.6000000000000001,-117.5,0.0,0.0,117.5,0.0,18.2,3.9,3.9,4.1000000000000005,300.0,300.0,19.8,22.200000000000003,20.3,19.6,21.4,,,,,,,,,,,,,,,,,,,,,,,,
2026-08-21T01:26:26.609Z,2.005,2.016,0.0,2.9000000000000004,0.0,0.0,0.0,0.0,0.0,0.0,0.0,0.0,0.0,0.0,0.0,1.0,9.0,2.0,1.0,0.0,0.0,0.0,0.0,0.0,0.0,0.0,3.0,12.0,1.0,11.5,5.01,2.51,1.49,0.0,0.0,0.0,0.4,0.0,-0.7000000000000001,0.0,0.6000000000000001,-117.5,0.0,0.0,117.4,0.0,18.2,3.9,3.9,4.1000000000000005,300.0,300.0,19.8,22.200000000000003,20.3,19.6,21.4,,,,,,,,,,,,,,,,,,,,,,,,
2026-08-21T01:26:26.620Z,2.016,2.028,0.0,2.9000000000000004,0.0,0.0,0.0,0.0,0.0,0.0,0.0,0.0,0.0,0.0,0.0,1.0,9.0,2.0,1.0,0.0,0.0,0.0,0.0,0.0,0.0,0.0,4.0,12.0,1.0,11.5,5.01,2.51,1.49,0.0,0.0,0.0,0.5,0.0,0.3,0.0,-1.1,-117.5,0.0,0.0,117.6,0.0,18.2,3.9,3.9,4.1000000000000005,300.0,300.0,19.8,22.200000000000003,20.3,19.6,21.4,,,,,,,,,,,,,,,,,,,,,,,,
2026-08-21T01:26:26.634Z,2.03,2.04,0.0,2.9000000000000004,0.0,0.0,0.0,0.0,0.0,0.0,0.0,0.0,0.0,0.0,0.0,1.0,9.0,2.0,1.0,0.0,0.0,0.0,0.0,0.0,0.0,0.0,5.0,12.0,1.0,11.47,5.01,2.5,1.5,0.0,0.0,0.0,0.4,0.0,0.3,0.0,-0.6000000000000001,-117.5,0.0,0.0,117.5,0.0,18.2,4.1000000000000005,4.1000000000000005,4.3,300.0,300.0,19.9,22.3,20.4,19.6,21.5,,,,,,,,,,,,,,,,,,,,,,,,
2026-08-21T01:26:26.644Z,2.04,2.052,0.0,2.9000000000000004,0.0,0.0,0.0,0.0,0.0,0.0,0.0,0.0,0.0,0.0,0.0,1.0,9.0,2.0,1.0,0.0,0.0,0.0,0.0,0.0,0.0,0.0,6.0,12.0,1.0,11.47,5.01,2.5,1.5,0.0,0.0,0.0,0.4,0.0,0.9,1.7000000000000002,1.1,-117.5,0.0,0.0,117.5,0.0,18.2,4.1000000000000005,4.1000000000000005,4.3,300.0,300.0,19.9,22.3,20.4,19.6,21.5,,,,,,,,,,,,,,,,,,,,,,,,
2026-08-21T01:26:26.657Z,2.053,2.064,0.0,2.9000000000000004,0.0,0.0,0.0,0.0,0.0,0.0,0.0,0.0,0.0,0.0,0.0,1.0,9.0,2.0,1.0,0.0,0.0,0.0,0.0,0.0,0.0,0.0,1.0,12.0,1.0,11.47,5.01,2.5,1.5,0.0,0.0,0.0,0.4,0.0,-0.7000000000000001,0.0,1.1,-117.5,0.0,0.0,117.5,0.0,18.2,4.1000000000000005,4.1000000000000005,4.3,300.0,300.0,19.9,22.3,20.4,19.6,21.5,,,,,,,,,,,,,,,,,,,,,,,,
2026-08-21T01:26:26.668Z,2.064,2.076,0.0,2.9000000000000004,0.0,0.0,0.0,0.0,0.0,0.0,0.0,0.0,0.0,0.0,0.0,1.0,9.0,2.0,1.0,0.0,0.0,0.0,0.0,0.0,0.0,0.0,2.0,12.0,1.0,11.47,5.01,2.5,1.5,0.0,0.0,0.0,0.4,0.0,-0.1,0.5,0.5,-117.5,0.0,0.0,117.5,0.0,18.2,4.1000000000000005,4.1000000000000005,4.3,300.0,300.0,19.9,22.3,20.4,19.6,21.5,,,,,,,,,,,,,,,,,,,,,,,,
2026-08-21T01:26:26.681Z,2.077,2.088,0.0,2.9000000000000004,0.0,0.0,0.0,0.0,0.0,0.0,0.0,0.0,0.0,0.0,0.0,1.0,9.0,2.0,1.0,0.0,0.0,0.0,0.0,0.0,0.0,0.0,3.0,12.0,1.0,11.47,5.01,2.5,1.5,0.0,0.0,0.0,0.4,0.0,-0.1,0.0,0.5,-117.5,0.0,0.0,117.4,0.0,18.2,4.1000000000000005,4.1000000000000005,4.3,300.0,300.0,19.9,22.3,20.4,19.6,21.5,,,,,,,,,,,,,,,,,,,,,,,,
2026-08-21T01:26:26.692Z,2.088,2.1,0.0,2.9000000000000004,0.0,0.0,0.0,0.0,0.0,0.0,0.0,0.0,0.0,0.0,0.0,1.0,9.0,2.0,1.0,0.0,0.0,0.0,0.0,0.0,0.0,0.0,4.0,12.0,1.0,11.47,5.01,2.5,1.5,0.0,0.0,0.0,0.4,0.0,-0.7000000000000001,-0.5,-1.7000000000000002,-117.5,0.0,0.0,117.6,0.0,18.2,4.1000000000000005,4.1000000000000005,4.3,300.0,300.0,19.9,22.3,20.4,19.6,21.5,,,,,,,,,,,,,,,,,,,,,,,,
2026-08-21T01:26:26.705Z,2.101,2.112,0.0,2.9000000000000004,0.0,0.0,0.0,0.0,0.0,0.0,0.0,0.0,0.0,0.0,0.0,1.0,9.0,2.0,1.0,0.0,0.0,0.0,0.0,0.0,0.0,0.0,4.0,12.0,1.0,11.47,5.01,2.5,1.5,0.0,0.0,0.0,0.4,0.0,1.0,0.0,0.5,-117.5,0.0,0.0,117.5,0.0,18.2,4.1000000000000005,4.1000000000000005,4.3,300.0,300.0,19.9,22.3,20.4,19.6,21.5,,,,,,,,,,,,,,,,,,,,,,,,
2026-08-21T01:26:26.716Z,2.112,2.124,0.0,2.9000000000000004,0.0,0.0,0.0,0.0,0.0,0.0,0.0,0.0,0.0,0.0,0.0,1.0,9.0,2.0,1.0,0.0,0.0,0.0,0.0,0.0,0.0,0.0,5.0,12.0,1.0,11.47,5.01,2.5,1.5,0.0,0.0,0.0,0.4,0.0,-0.1,0.5,-0.1,-117.5,0.0,0.0,117.5,0.0,18.2,4.1000000000000005,4.1000000000000005,4.3,300.0,300.0,19.9,22.3,20.4,19.6,21.5,,,,,,,,,,,,,,,,,,,,,,,,
2026-08-21T01:26:26.730Z,2.126,2.136,0.0,2.9000000000000004,0.0,0.0,0.0,0.0,0.0,0.0,0.0,0.0,0.0,0.0,0.0,1.0,9.0,2.0,1.0,0.0,0.0,0.0,0.0,0.0,0.0,0.0,6.0,12.0,1.0,11.47,5.01,2.5,1.5,0.0,0.0,0.0,0.4,0.0,-0.7000000000000001,-0.5,-0.6000000000000001,-117.5,0.0,0.0,117.6,0.0,18.2,4.1000000000000005,4.1000000000000005,4.3,300.0,300.0,19.9,22.3,20.4,19.6,21.5,,,,,,,,,,,,,,,,,,,,,,,,
2026-08-21T01:26:26.754Z,2.15,2.148,0.0,2.9000000000000004,0.0,0.0,0.0,0.0,0.0,0.0,0.0,0.0,0.0,0.0,0.0,1.0,9.0,2.0,1.0,0.0,0.0,0.0,0.0,0.0,0.0,0.0,1.0,12.0,1.0,11.5,5.0200000000000005,2.51,1.49,0.0,0.0,0.0,0.4,0.0,-0.1,0.5,1.0,-117.5,0.0,0.0,117.5,0.0,18.2,4.3,4.3,4.5,300.0,300.0,19.9,22.4,20.4,19.6,21.5,,,,,,,,,,,,,,,,,,,,,,,,
2026-08-21T01:26:26.755Z,2.151,2.16,0.0,2.9000000000000004,0.0,0.0,0.0,0.0,0.0,0.0,0.0,0.0,0.0,0.0,0.0,1.0,9.0,2.0,1.0,0.0,0.0,0.0,0.0,0.0,0.0,0.0,4.0,12.0,1.0,11.5,5.0200000000000005,2.51,1.49,0.0,0.1,0.0,0.4,0.0,-0.1,-0.6000000000000001,-1.2000000000000002,-117.5,0.0,0.0,117.4,0.0,18.2,4.3,4.3,4.5,300.0,300.0,19.9,22.4,20.4,19.6,21.5,,,,,,,,,,,,,,,,,,,,,,,,
2026-08-21T01:26:26.764Z,2.16,2.172,0.0,2.9000000000000004,0.0,0.0,0.0,0.0,0.0,0.0,0.0,0.0,0.0,0.0,0.0,1.0,9.0,2.0,1.0,0.0,0.0,0.0,0.0,0.0,0.0,0.0,1.0,12.0,1.0,11.5,5.0200000000000005,2.51,1.49,0.0,0.0,0.0,0.4,0.0,-0.1,-1.2000000000000002,-0.6000000000000001,-117.5,0.0,0.0,117.6,0.0,18.2,4.3,4.3,4.5,300.0,300.0,19.9,22.4,20.4,19.6,21.5,,,,,,,,,,,,,,,,,,,,,,,,
2026-08-21T01:26:26.776Z,2.172,2.184,0.0,2.9000000000000004,0.0,0.0,0.0,0.0,0.0,0.0,0.0,0.0,0.0,0.0,0.0,1.0,9.0,2.0,1.0,0.0,0.0,0.0,0.0,0.0,0.0,0.0,3.0,12.0,1.0,11.5,5.0200000000000005,2.51,1.49,0.0,0.1,0.0,0.4,0.0,-0.1,0.0,-0.1,-117.5,0.0,0.0,117.5,0.0,18.2,4.3,4.3,4.5,300.0,300.0,19.9,22.4,20.4,19.6,21.5,,,,,,,,,,,,,,,,,,,,,,,,
2026-08-21T01:26:26.788Z,2.184,2.196,0.0,2.9000000000000004,0.0,0.0,0.0,0.0,0.0,0.0,0.0,0.0,0.0,0.0,0.0,1.0,9.0,2.0,1.0,0.0,0.0,0.0,0.0,0.0,0.0,0.0,4.0,12.0,1.0,11.5,5.0200000000000005,2.51,1.49,0.0,0.0,0.0,0.4,0.0,0.4,0.4,0.0,-117.5,0.0,0.0,117.5,0.0,18.2,4.3,4.3,4.5,300.0,300.0,19.9,22.4,20.4,19.6,21.5,,,,,,,,,,,,,,,,,,,,,,,,
2026-08-21T01:26:26.800Z,2.196,2.208,0.0,2.9000000000000004,0.0,0.0,0.0,0.0,0.0,0.0,0.0,0.0,0.0,0.0,0.0,1.0,9.0,2.0,1.0,0.0,0.0,0.0,0.0,0.0,0.0,0.0,5.0,12.0,1.0,11.5,5.0200000000000005,2.51,1.49,0.0,0.0,0.0,0.4,0.0,-0.7000000000000001,-1.2000000000000002,0.5,-117.5,0.0,0.0,117.5,0.0,18.2,4.3,4.3,4.5,300.0,300.0,19.9,22.4,20.4,19.6,21.5,,,,,,,,,,,,,,,,,,,,,,,,
2026-08-21T01:26:26.812Z,2.208,2.22,0.0,2.9000000000000004,0.0,0.0,0.0,0.0,0.0,0.0,0.0,0.0,0.0,0.0,0.0,1.0,9.0,2.0,1.0,0.0,0.0,0.0,0.0,0.0,0.0,0.0,6.0,12.0,1.0,11.5,5.0200000000000005,2.51,1.49,0.0,0.0,0.0,0.4,0.0,0.4,0.0,0.5,-117.5,0.0,0.0,117.5,0.0,18.2,4.3,4.3,4.5,300.0,300.0,19.9,22.4,20.4,19.6,21.5,,,,,,,,,,,,,,,,,,,,,,,,
2026-08-21T01:26:26.824Z,2.22,2.232,0.0,2.9000000000000004,0.0,0.0,0.0,0.0,0.0,0.0,0.0,0.0,0.0,0.0,0.0,1.0,9.0,2.0,1.0,0.0,0.0,0.0,0.0,0.0,0.0,0.0,1.0,12.0,1.0,11.5,5.0200000000000005,2.51,1.49,0.0,0.1,0.0,0.4,0.0,-0.1,0.5,0.5,-117.5,0.0,0.0,117.5,0.0,18.2,4.3,4.3,4.5,300.0,300.0,19.9,22.4,20.4,19.6,21.5,,,,,,,,,,,,,,,,,,,,,,,,
2026-08-21T01:26:26.837Z,2.233,2.244,0.0,2.9000000000000004,0.0,0.0,0.0,0.0,0.0,0.0,0.0,0.0,0.0,0.0,0.0,1.0,9.0,2.0,1.0,0.0,0.0,0.0,0.0,0.0,0.0,0.0,3.0,12.0,1.0,11.5,5.01,2.5,1.49,0.0,0.0,0.0,0.4,0.0,-0.1,0.0,1.0,-117.5,0.0,0.0,117.5,0.0,18.7,4.5,4.5,4.7,300.0,300.0,20.0,22.4,20.4,19.6,21.5,,,,,,,,,,,,,,,,,,,,,,,,
2026-08-21T01:26:26.848Z,2.244,2.256,0.0,2.9000000000000004,0.0,0.0,0.0,0.0,0.0,0.0,0.0,0.0,0.0,0.0,0.0,1.0,9.0,2.0,1.0,0.0,0.0,0.0,0.0,0.0,0.0,0.0,4.0,12.0,1.0,11.5,5.01,2.5,1.49,0.0,0.0,0.0,0.4,0.0,-0.1,-0.6000000000000001,0.0,-117.5,0.0,0.0,117.5,0.0,18.7,4.5,4.5,4.7,300.0,300.0,20.0,22.4,20.4,19.6,21.5,,,,,,,,,,,,,,,,,,,,,,,,
2026-08-21T01:26:26.860Z,2.256,2.268,0.0,2.9000000000000004,0.0,0.0,0.0,0.0,0.0,0.0,0.0,0.0,0.0,0.0,0.0,1.0,9.0,2.0,1.0,0.0,0.0,0.0,0.0,0.0,0.0,0.0,5.0,12.0,1.0,11.5,5.01,2.5,1.49,0.0,0.1,0.0,0.4,0.0,0.4,-0.6000000000000001,1.1,-117.5,0.0,0.0,117.5,0.0,18.7,4.5,4.5,4.7,300.0,300.0,20.0,22.4,20.4,19.6,21.5,,,,,,,,,,,,,,,,,,,,,,,,
2026-08-21T01:26:26.872Z,2.268,2.28,0.0,2.9000000000000004,0.0,0.0,0.0,0.0,0.0,0.0,0.0,0.0,0.0,0.0,0.0,1.0,9.0,2.0,1.0,0.0,0.0,0.0,0.0,0.0,0.0,0.0,1.0,12.0,1.0,11.5,5.01,2.5,1.49,0.0,0.0,0.0,0.4,0.0,-0.1,0.0,-0.6000000000000001,-117.5,0.0,0.0,117.5,0.0,18.7,4.5,4.5,4.7,300.0,300.0,20.0,22.4,20.4,19.6,21.5,,,,,,,,,,,,,,,,,,,,,,,,
2026-08-21T01:26:26.884Z,2.28,2.2920000000000003,0.0,2.9000000000000004,0.0,0.0,0.0,0.0,0.0,0.0,0.0,0.0,0.0,0.0,0.0,1.0,9.0,2.0,1.0,0.0,0.0,0.0,0.0,0.0,0.0,0.0,2.0,12.0,1.0,11.5,5.01,2.5,1.49,0.0,0.0,0.0,0.4,0.0,-0.1,0.0,-1.2000000000000002,-117.5,0.0,0.0,117.6,0.0,18.7,4.5,4.5,4.7,300.0,300.0,20.0,22.4,20.4,19.6,21.5,,,,,,,,,,,,,,,,,,,,,,,,
2026-08-21T01:26:26.896Z,2.292,2.3040000000000003,0.0,2.9000000000000004,0.0,0.0,0.0,0.0,0.0,0.0,0.0,0.0,0.0,0.0,0.0,1.0,9.0,2.0,1.0,0.0,0.0,0.0,0.0,0.0,0.0,0.0,4.0,12.0,1.0,11.5,5.01,2.5,1.49,0.0,0.0,0.0,0.4,0.0,-0.1,0.4,1.7000000000000002,-117.5,0.0,0.0,117.5,0.0,18.7,4.5,4.5,4.7,300.0,300.0,20.0,22.4,20.4,19.6,21.5,,,,,,,,,,,,,,,,,,,,,,,,
2026-08-21T01:26:26.908Z,2.304,2.316,0.0,2.9000000000000004,0.0,0.0,0.0,0.0,0.0,0.0,0.0,0.0,0.0,0.0,0.0,1.0,9.0,2.0,1.0,0.0,0.0,0.0,0.0,0.0,0.0,0.0,5.0,12.0,1.0,11.5,5.01,2.5,1.49,0.0,0.0,0.0,0.4,0.0,-0.1,-1.2000000000000002,-1.1,-117.5,0.0,0.0,117.5,0.0,18.7,4.5,4.5,4.7,300.0,300.0,20.0,22.4,20.4,19.6,21.5,,,,,,,,,,,,,,,,,,,,,,,,
2026-08-21T01:26:26.920Z,2.316,2.328,0.0,2.9000000000000004,0.0,0.0,0.0,0.0,0.0,0.0,0.0,0.0,0.0,0.0,0.0,1.0,9.0,2.0,1.0,0.0,0.0,0.0,0.0,0.0,0.0,0.0,6.0,12.0,1.0,11.5,5.01,2.5,1.49,0.0,0.0,0.0,0.4,0.0,0.3,-0.6000000000000001,-0.6000000000000001,-117.5,0.0,0.0,117.5,0.0,18.7,4.5,4.5,4.7,300.0,300.0,20.0,22.4,20.4,19.6,21.5,,,,,,,,,,,,,,,,,,,,,,,,
2026-08-21T01:26:26.932Z,2.328,2.34,0.0,2.9000000000000004,0.0,0.0,0.0,0.0,0.0,0.0,0.0,0.0,0.0,0.0,0.0,1.0,9.0,2.0,1.0,0.0,0.0,0.0,0.0,0.0,0.0,0.0,1.0,12.0,1.0,11.5,5.01,2.5,1.49,0.0,0.0,0.0,0.4,0.0,-0.1,-0.7000000000000001,-1.2000000000000002,-117.5,0.0,0.0,117.5,0.0,18.7,4.5,4.5,4.7,300.0,300.0,20.0,22.4,20.4,19.6,21.5,,,,,,,,,,,,,,,,,,,,,,,,
2026-08-21T01:26:26.944Z,2.34,2.352,0.0,2.9000000000000004,0.0,0.0,0.0,0.0,0.0,0.0,0.0,0.0,0.0,0.0,0.0,1.0,9.0,2.0,1.0,0.0,0.0,0.0,0.0,0.0,0.0,0.0,2.0,12.0,1.0,11.52,5.01,2.51,1.49,0.0,0.0,0.0,0.4,0.0,-0.8,-1.3,-1.2000000000000002,-117.5,0.0,0.0,117.5,0.0,18.3,4.7,4.7,4.9,300.0,300.0,20.0,22.4,20.4,19.6,21.5,,,,,,,,,,,,,,,,,,,,,,,,
2026-08-21T01:26:26.956Z,2.352,2.364,0.0,2.9000000000000004,0.0,0.0,0.0,0.0,0.0,0.0,0.0,0.0,0.0,0.0,0.0,1.0,9.0,2.0,1.0,0.0,0.0,0.0,0.0,0.0,0.0,0.0,3.0,12.0,1.0,11.52,5.01,2.51,1.49,0.0,0.1,0.0,0.4,0.0,-0.2,-0.1,0.0,-117.5,0.0,0.0,117.5,0.0,18.3,4.7,4.7,4.9,300.0,300.0,20.0,22.4,20.4,19.6,21.5,,,,,,,,,,,,,,,,,,,,,,,,
2026-08-21T01:26:26.968Z,2.364,2.376,0.0,2.9000000000000004,0.0,0.0,0.0,0.0,0.0,0.0,0.0,0.0,0.0,0.0,0.0,1.0,9.0,2.0,1.0,0.0,0.0,0.0,0.0,0.0,0.0,0.0,4.0,12.0,1.0,11.52,5.01,2.51,1.49,0.0,0.0,0.0,0.5,0.0,0.4,-0.1,0.5,-117.5,0.0,0.0,117.5,0.0,18.3,4.7,4.7,4.9,300.0,300.0,20.0,22.4,20.4,19.6,21.5,,,,,,,,,,,,,,,,,,,,,,,,
2026-08-21T01:26:26.980Z,2.376,2.388,0.0,2.9000000000000004,0.0,0.0,0.0,0.0,0.0,0.0,0.0,0.0,0.0,0.0,0.0,1.0,9.0,2.0,1.0,0.0,0.0,0.0,0.0,0.0,0.0,0.0,5.0,12.0,1.0,11.52,5.01,2.51,1.49,0.0,0.0,0.0,0.4,0.0,-0.7000000000000001,-0.1,0.0,-117.5,0.0,0.0,117.5,0.0,18.3,4.7,4.7,4.9,300.0,300.0,20.0,22.4,20.4,19.6,21.5,,,,,,,,,,,,,,,,,,,,,,,,
2026-08-21T01:26:26.992Z,2.388,2.4,0.0,2.9000000000000004,0.0,0.0,0.0,0.0,0.0,0.0,0.0,0.0,0.0,0.0,0.0,1.0,9.0,2.0,1.0,0.0,0.0,0.0,0.0,0.0,0.0,0.0,6.0,12.0,1.0,11.52,5.01,2.51,1.49,0.0,0.0,0.0,0.4,0.0,0.4,-0.1,0.5,-117.5,0.0,0.0,117.4,0.0,18.3,4.7,4.7,4.9,300.0,300.0,20.0,22.4,20.4,19.6,21.5,,,,,,,,,,,,,,,,,,,,,,,,
2026-08-21T01:26:27.004Z,2.4,2.412,0.0,2.9000000000000004,0.0,0.0,0.0,0.0,0.0,0.0,0.0,0.0,0.0,0.0,0.0,1.0,9.0,2.0,1.0,0.0,0.0,0.0,0.0,0.0,0.0,0.0,1.0,12.0,1.0,11.52,5.01,2.51,1.49,0.0,0.0,0.0,0.4,0.0,0.4,-0.7000000000000001,0.0,-117.5,0.0,0.0,117.5,0.0,18.3,4.7,4.7,4.9,300.0,300.0,20.0,22.4,20.4,19.6,21.5,,,,,,,,,,,,,,,,,,,,,,,,
2026-08-21T01:26:27.016Z,2.412,2.424,0.0,2.9000000000000004,0.0,0.0,0.0,0.0,0.0,0.0,0.0,0.0,0.0,0.0,0.0,1.0,9.0,2.0,1.0,0.0,0.0,0.0,0.0,0.0,0.0,0.0,3.0,12.0,1.0,11.52,5.01,2.51,1.49,0.0,0.0,0.0,0.4,0.0,-0.1,0.0,0.0,-117.5,0.0,0.0,117.5,0.0,18.3,4.7,4.7,4.9,300.0,300.0,20.0,22.4,20.4,19.6,21.5,,,,,,,,,,,,,,,,,,,,,,,,
2026-08-21T01:26:27.028Z,2.424,2.436,0.0,2.9000000000000004,0.0,0.0,0.0,0.0,0.0,0.0,0.0,0.0,0.0,0.0,0.0,1.0,9.0,2.0,1.0,0.0,0.0,0.0,0.0,0.0,0.0,0.0,4.0,12.0,1.0,11.52,5.01,2.51,1.49,0.0,0.0,0.0,0.4,0.0,-1.2000000000000002,0.0,0.0,-117.5,0.0,0.0,117.6,0.0,18.3,4.7,4.7,4.9,300.0,300.0,20.0,22.4,20.4,19.6,21.5,,,,,,,,,,,,,,,,,,,,,,,,
2026-08-21T01:26:27.045Z,2.441,2.448,0.0,2.9000000000000004,0.0,0.0,0.0,0.0,0.0,0.0,0.0,0.0,0.0,0.0,0.0,1.0,9.0,2.0,1.0,0.0,0.0,0.0,0.0,0.0,0.0,0.0,5.0,12.0,1.0,11.54,5.01,2.5,1.5,0.0,0.0,0.0,0.4,0.0,0.4,0.0,0.0,-117.5,0.0,0.0,117.5,0.0,17.900000000000002,4.9,4.9,5.1000000000000005,300.0,300.0,20.1,22.4,20.4,19.6,21.5,,,,,,,,,,,,,,,,,,,,,,,,
2026-08-21T01:26:27.057Z,2.453,2.46,0.0,2.9000000000000004,0.0,0.0,0.0,0.0,0.0,0.0,0.0,0.0,0.0,0.0,0.0,1.0,9.0,2.0,1.0,0.0,0.0,0.0,0.0,0.0,0.0,0.0,5.0,12.0,1.0,11.54,5.01,2.5,1.5,0.0,0.0,0.0,0.4,0.0,-1.3,-0.6000000000000001,-1.1,-117.5,0.0,0.0,117.5,0.0,17.900000000000002,4.9,4.9,5.1000000000000005,300.0,300.0,20.1,22.4,20.4,19.6,21.5,,,,,,,,,,,,,,,,,,,,,,,,
2026-08-21T01:26:27.064Z,2.46,2.472,0.0,2.9000000000000004,0.0,0.0,0.0,0.0,0.0,0.0,0.0,0.0,0.0,0.0,0.0,1.0,9.0,2.0,1.0,0.0,0.0,0.0,0.0,0.0,0.0,0.0,3.0,12.0,1.0,11.54,5.01,2.5,1.5,0.0,0.0,0.0,0.4,0.0,-0.7000000000000001,0.0,0.6000000000000001,-117.5,0.0,0.0,117.5,0.0,17.900000000000002,4.9,4.9,5.1000000000000005,300.0,300.0,20.1,22.4,20.4,19.6,21.5,,,,,,,,,,,,,,,,,,,,,,,,
2026-08-21T01:26:27.076Z,2.472,2.484,0.0,2.9000000000000004,0.0,0.0,0.0,0.0,0.0,0.0,0.0,0.0,0.0,0.0,0.0,1.0,9.0,2.0,1.0,0.0,0.0,0.0,0.0,0.0,0.0,0.0,1.0,12.0,1.0,11.54,5.01,2.5,1.5,0.0,0.0,0.0,0.4,0.0,-0.7000000000000001,0.4,0.0,-117.5,0.0,0.0,117.5,0.0,17.900000000000002,4.9,4.9,5.1000000000000005,300.0,300.0,20.1,22.4,20.4,19.6,21.5,,,,,,,,,,,,,,,,,,,,,,,,
2026-08-21T01:26:27.088Z,2.484,2.496,0.0,2.9000000000000004,0.0,0.0,0.0,0.0,0.0,0.0,0.0,0.0,0.0,0.0,0.0,1.0,9.0,2.0,1.0,0.0,0.0,0.0,0.0,0.0,0.0,0.0,3.0,12.0,1.0,11.54,5.01,2.5,1.5,0.0,0.0,0.0,0.4,0.0,0.4,-0.6000000000000001,-0.5,-117.5,0.0,0.0,117.5,0.0,17.900000000000002,4.9,4.9,5.1000000000000005,300.0,300.0,20.1,22.4,20.4,19.6,21.5,,,,,,,,,,,,,,,,,,,,,,,,
2026-08-21T01:26:27.100Z,2.496,2.508,0.0,2.9000000000000004,0.0,0.0,0.0,0.0,0.0,0.0,0.0,0.0,0.0,0.0,0.0,1.0,9.0,2.0,1.0,0.0,0.0,0.0,0.0,0.0,0.0,0.0,4.0,12.0,1.0,11.54,5.01,2.5,1.5,0.0,0.0,0.0,0.5,0.0,0.4,-0.5,0.0,-117.5,0.0,0.0,117.5,0.0,17.900000000000002,4.9,4.9,5.1000000000000005,300.0,300.0,20.1,22.4,20.4,19.6,21.5,,,,,,,,,,,,,,,,,,,,,,,,
2026-08-21T01:26:27.112Z,2.508,2.52,0.0,2.9000000000000004,0.0,0.0,0.0,0.0,0.0,0.0,0.0,0.0,0.0,0.0,0.0,1.0,9.0,2.0,1.0,0.0,0.0,0.0,0.0,0.0,0.0,0.0,4.0,12.0,1.0,11.54,5.01,2.5,1.5,0.0,0.0,0.0,0.4,0.0,0.4,0.0,-0.5,-117.5,0.0,0.0,117.4,0.0,17.900000000000002,4.9,4.9,5.1000000000000005,300.0,300.0,20.1,22.4,20.4,19.6,21.5,,,,,,,,,,,,,,,,,,,,,,,,
2026-08-21T01:26:27.124Z,2.52,2.532,0.0,2.9000000000000004,0.0,0.0,0.0,0.0,0.0,0.0,0.0,0.0,0.0,0.0,0.0,1.0,9.0,2.0,1.0,0.0,0.0,0.0,0.0,0.0,0.0,0.0,5.0,12.0,1.0,11.54,5.01,2.5,1.5,0.0,0.0,0.0,0.4,0.0,-0.1,0.0,0.6000000000000001,-117.5,0.0,0.0,117.6,0.0,17.900000000000002,4.9,4.9,5.1000000000000005,300.0,300.0,20.1,22.4,20.4,19.6,21.5,,,,,,,,,,,,,,,,,,,,,,,,
2026-08-21T01:26:27.136Z,2.532,2.544,0.0,2.9000000000000004,0.0,0.0,0.0,0.0,0.0,0.0,0.0,0.0,0.0,0.0,0.0,1.0,9.0,2.0,1.0,0.0,0.0,0.0,0.0,0.0,0.0,0.0,1.0,12.0,1.0,11.54,5.01,2.5,1.5,0.0,0.0,0.0,0.4,0.0,0.4,0.0,0.0,-117.5,0.0,0.0,117.6,0.0,17.900000000000002,4.9,4.9,5.1000000000000005,300.0,300.0,20.1,22.4,20.4,19.6,21.5,,,,,,,,,,,,,,,,,,,,,,,,
2026-08-21T01:26:27.149Z,2.545,2.556,0.0,2.9000000000000004,0.0,0.0,0.0,0.0,0.0,0.0,0.0,0.0,0.0,0.0,0.0,1.0,9.0,2.0,1.0,0.0,0.0,0.0,0.0,0.0,0.0,0.0,2.0,12.0,1.0,11.46,5.01,2.51,1.49,0.0,0.0,0.0,0.4,0.0,-0.1,-0.6000000000000001,0.5,-117.5,0.0,0.0,117.5,0.0,18.3,5.1000000000000005,5.1000000000000005,5.300000000000001,300.0,300.0,20.200000000000003,22.5,20.4,19.6,21.5,,,,,,,,,,,,,,,,,,,,,,,,
2026-08-21T01:26:27.160Z,2.556,2.568,0.0,2.9000000000000004,0.0,0.0,0.0,0.0,0.0,0.0,0.0,0.0,0.0,0.0,0.0,1.0,9.0,2.0,1.0,0.0,0.0,0.0,0.0,0.0,0.0,0.0,3.0,12.0,1.0,11.46,5.01,2.51,1.49,0.0,0.0,0.0,0.4,0.0,-1.3,0.0,-1.2000000000000002,-117.5,0.0,0.0,117.5,0.0,18.3,5.1000000000000005,5.1000000000000005,5.300000000000001,300.0,300.0,20.200000000000003,22.5,20.4,19.6,21.5,,,,,,,,,,,,,,,,,,,,,,,,
2026-08-21T01:26:27.172Z,2.568,2.58,0.0,2.9000000000000004,0.0,0.0,0.0,0.0,0.0,0.0,0.0,0.0,0.0,0.0,0.0,1.0,9.0,2.0,1.0,0.0,0.0,0.0,0.0,0.0,0.0,0.0,4.0,12.0,1.0,11.46,5.01,2.51,1.49,-0.1,0.0,0.0,0.4,0.0,0.9,1.1,0.4,-117.5,0.0,0.0,117.4,0.0,18.3,5.1000000000000005,5.1000000000000005,5.300000000000001,300.0,300.0,20.200000000000003,22.5,20.4,19.6,21.5,,,,,,,,,,,,,,,,,,,,,,,,
2026-08-21T01:26:27.184Z,2.58,2.592,0.0,2.9000000000000004,0.0,0.0,0.0,0.0,0.0,0.0,0.0,0.0,0.0,0.0,0.0,1.0,9.0,2.0,1.0,0.0,0.0,0.0,0.0,0.0,0.0,0.0,5.0,12.0,1.0,11.46,5.01,2.51,1.49,0.0,0.0,0.0,0.4,0.0,-1.3,-0.6000000000000001,0.0,-117.5,0.0,0.0,117.5,0.0,18.3,5.1000000000000005,5.1000000000000005,5.300000000000001,300.0,300.0,20.200000000000003,22.5,20.4,19.6,21.5,,,,,,,,,,,,,,,,,,,,,,,,
2026-08-21T01:26:27.196Z,2.592,2.604,0.0,2.9000000000000004,0.0,0.0,0.0,0.0,0.0,0.0,0.0,0.0,0.0,0.0,0.0,1.0,9.0,2.0,1.0,0.0,0.0,0.0,0.0,0.0,0.0,0.0,1.0,12.0,1.0,11.46,5.01,2.51,1.49,0.0,0.0,0.0,0.5,0.0,-0.1,-0.6000000000000001,-0.7000000000000001,-117.5,0.0,0.0,117.5,0.0,18.3,5.1000000000000005,5.1000000000000005,5.300000000000001,300.0,300.0,20.200000000000003,22.5,20.4,19.6,21.5,,,,,,,,,,,,,,,,,,,,,,,,
2026-08-21T01:26:27.208Z,2.604,2.616,0.0,2.9000000000000004,0.0,0.0,0.0,0.0,0.0,0.0,0.0,0.0,0.0,0.0,0.0,1.0,9.0,2.0,1.0,0.0,0.0,0.0,0.0,0.0,0.0,0.0,2.0,12.0,1.0,11.46,5.01,2.51,1.49,0.0,0.0,0.0,0.4,0.0,-1.3,0.4,-0.7000000000000001,-117.5,0.0,0.0,117.4,0.0,18.3,5.1000000000000005,5.1000000000000005,5.300000000000001,300.0,300.0,20.200000000000003,22.5,20.4,19.6,21.5,,,,,,,,,,,,,,,,,,,,,,,,
2026-08-21T01:26:27.220Z,2.616,2.628,0.0,2.9000000000000004,0.0,0.0,0.0,0.0,0.0,0.0,0.0,0.0,0.0,0.0,0.0,1.0,9.0,2.0,1.0,0.0,0.0,0.0,0.0,0.0,0.0,0.0,3.0,12.0,1.0,11.46,5.01,2.51,1.49,0.0,0.0,0.0,0.4,0.0,0.4,-0.1,-0.7000000000000001,-117.5,0.0,0.0,117.6,0.0,18.3,5.1000000000000005,5.1000000000000005,5.300000000000001,300.0,300.0,20.200000000000003,22.5,20.4,19.6,21.5,,,,,,,,,,,,,,,,,,,,,,,,
2026-08-21T01:26:27.232Z,2.628,2.64,0.0,2.9000000000000004,0.0,0.0,0.0,0.0,0.0,0.0,0.0,0.0,0.0,0.0,0.0,1.0,9.0,2.0,1.0,0.0,0.0,0.0,0.0,0.0,0.0,0.0,4.0,12.0,1.0,11.46,5.01,2.51,1.49,0.0,0.0,0.0,0.4,0.0,-0.1,-0.1,-0.1,-117.5,0.0,0.0,117.5,0.0,18.3,5.1000000000000005,5.1000000000000005,5.300000000000001,300.0,300.0,20.200000000000003,22.5,20.4,19.6,21.5,,,,,,,,,,,,,,,,,,,,,,,,
2026-08-21T01:26:27.245Z,2.641,2.652,0.0,2.9000000000000004,0.0,0.0,0.0,0.0,0.0,0.0,0.0,0.0,0.0,0.0,0.0,1.0,9.0,2.0,1.0,0.0,0.0,0.0,0.0,0.0,0.0,0.0,5.0,12.0,1.0,11.5,5.01,2.51,1.49,0.0,0.0,0.0,0.4,0.0,-0.1,-0.6000000000000001,-0.1,-117.5,0.0,0.0,117.5,0.0,18.2,5.300000000000001,5.300000000000001,5.5,300.0,300.0,20.200000000000003,22.5,20.4,19.6,21.5,,,,,,,,,,,,,,,,,,,,,,,,
2026-08-21T01:26:27.256Z,2.652,2.664,0.0,2.9000000000000004,0.0,0.0,0.0,0.0,0.0,0.0,0.0,0.0,0.0,0.0,0.0,1.0,9.0,2.0,1.0,0.0,0.0,0.0,0.0,0.0,0.0,0.0,6.0,12.0,1.0,11.5,5.01,2.51,1.49,0.0,0.0,0.0,0.4,0.0,0.0,0.4,0.4,-117.5,0.0,0.0,117.5,0.0,18.2,5.300000000000001,5.300000000000001,5.5,300.0,300.0,20.200000000000003,22.5,20.4,19.6,21.5,,,,,,,,,,,,,,,,,,,,,,,,
2026-08-21T01:26:27.268Z,2.664,2.676,0.0,2.9000000000000004,0.0,0.0,0.0,0.0,0.0,0.0,0.0,0.0,0.0,0.0,0.0,1.0,9.0,2.0,1.0,0.0,0.0,0.0,0.0,0.0,0.0,0.0,2.0,12.0,1.0,11.5,5.01,2.51,1.49,0.0,0.0,0.0,0.4,0.0,0.0,0.0,-0.6000000000000001,-117.5,0.0,0.0,117.5,0.0,18.2,5.300000000000001,5.300000000000001,5.5,300.0,300.0,20.200000000000003,22.5,20.4,19.6,21.5,,,,,,,,,,,,,,,,,,,,,,,,
2026-08-21T01:26:27.280Z,2.676,2.688,0.0,2.9000000000000004,0.0,0.0,0.0,0.0,0.0,0.0,0.0,0.0,0.0,0.0,0.0,1.0,9.0,2.0,1.0,0.0,0.0,0.0,0.0,0.0,0.0,0.0,2.0,12.0,1.0,11.5,5.01,2.51,1.49,0.0,0.0,0.0,0.4,0.0,-0.6000000000000001,0.0,-0.6000000000000001,-117.5,0.0,0.0,117.5,0.0,18.2,5.300000000000001,5.300000000000001,5.5,300.0,300.0,20.200000000000003,22.5,20.4,19.6,21.5,,,,,,,,,,,,,,,,,,,,,,,,
2026-08-21T01:26:27.292Z,2.688,2.7,0.0,2.9000000000000004,0.0,0.0,0.0,0.0,0.0,0.0,0.0,0.0,0.0,0.0,0.0,1.0,9.0,2.0,1.0,0.0,0.0,0.0,0.0,0.0,0.0,0.0,4.0,12.0,1.0,11.5,5.01,2.51,1.49,0.0,0.0,0.0,0.5,0.0,-0.6000000000000001,-1.2000000000000002,-0.6000000000000001,-117.5,0.0,0.0,117.4,0.0,18.2,5.300000000000001,5.300000000000001,5.5,300.0,300.0,20.200000000000003,22.5,20.4,19.6,21.5,,,,,,,,,,,,,,,,,,,,,,,,
2026-08-21T01:26:27.304Z,2.7,2.712,0.0,2.9000000000000004,0.0,0.0,0.0,0.0,0.0,0.0,0.0,0.0,0.0,0.0,0.0,1.0,9.0,2.0,1.0,0.0,0.0,0.0,0.0,0.0,0.0,0.0,5.0,12.0,1.0,11.5,5.01,2.51,1.49,0.0,0.0,0.0,0.4,0.0,-0.6000000000000001,-0.1,-1.2000000000000002,-117.5,0.0,0.0,117.6,0.0,18.2,5.300000000000001,5.300000000000001,5.5,300.0,300.0,20.200000000000003,22.5,20.4,19.6,21.5,,,,,,,,,,,,,,,,,,,,,,,,
2026-08-21T01:26:27.316Z,2.712,2.724,0.0,2.9000000000000004,0.0,0.0,0.0,0.0,0.0,0.0,0.0,0.0,0.0,0.0,0.0,1.0,9.0,2.0,1.0,0.0,0.0,0.0,0.0,0.0,0.0,0.0,6.0,12.0,1.0,11.5,5.01,2.51,1.49,0.0,0.0,0.0,0.4,0.0,1.1,1.0,0.4,-117.5,0.0,0.0,117.5,0.0,18.2,5.300000000000001,5.300000000000001,5.5,300.0,300.0,20.200000000000003,22.5,20.4,19.6,21.5,,,,,,,,,,,,,,,,,,,,,,,,
2026-08-21T01:26:27.328Z,2.724,2.736,0.0,2.9000000000000004,0.0,0.0,0.0,0.0,0.0,0.0,0.0,0.0,0.0,0.0,0.0,1.0,9.0,2.0,1.0,0.0,0.0,0.0,0.0,0.0,0.0,0.0,1.0,12.0,1.0,11.5,5.01,2.51,1.49,0.0,0.0,0.0,0.4,0.0,-0.6000000000000001,-0.7000000000000001,-0.7000000000000001,-117.5,0.0,0.0,117.6,0.0,18.2,5.300000000000001,5.300000000000001,5.5,300.0,300.0,20.200000000000003,22.5,20.4,19.6,21.5,,,,,,,,,,,,,,,,,,,,,,,,
2026-08-21T01:26:27.340Z,2.736,2.748,0.0,2.9000000000000004,0.0,0.0,0.0,0.0,0.0,0.0,0.0,0.0,0.0,0.0,0.0,1.0,9.0,2.0,1.0,0.0,0.0,0.0,0.0,0.0,0.0,0.0,2.0,12.0,1.0,11.5,5.01,2.51,1.49,0.0,0.0,0.0,0.4,0.0,-0.6000000000000001,-1.8,-0.1,-117.5,0.0,0.0,117.5,0.0,18.2,5.300000000000001,5.300000000000001,5.5,300.0,300.0,20.200000000000003,22.5,20.4,19.6,21.5,,,,,,,,,,,,,,,,,,,,,,,,
2026-08-21T01:26:27.355Z,2.751,2.76,0.0,2.9000000000000004,0.0,0.0,0.0,0.0,0.0,0.0,0.0,0.0,0.0,0.0,0.0,1.0,9.0,2.0,1.0,0.0,0.0,0.0,0.0,0.0,0.0,0.0,4.0,12.0,1.0,11.5,5.01,2.51,1.49,0.0,0.1,0.0,0.4,0.0,-0.6000000000000001,0.0,-1.2000000000000002,-117.5,0.0,0.0,117.5,0.0,18.4,5.5,5.5,5.7,300.0,300.0,20.200000000000003,22.5,20.4,19.6,21.5,,,,,,,,,,,,,,,,,,,,,,,,
2026-08-21T01:26:27.375Z,2.771,2.772,0.0,2.9000000000000004,0.0,0.0,0.0,0.0,0.0,0.0,0.0,0.0,0.0,0.0,0.0,1.0,9.0,2.0,1.0,0.0,0.0,0.0,0.0,0.0,0.0,0.0,3.0,12.0,1.0,11.5,5.01,2.51,1.49,0.0,0.0,0.0,0.4,0.0,-0.1,0.0,-0.6000000000000001,-117.5,0.0,0.0,117.5,0.0,18.4,5.5,5.5,5.7,300.0,300.0,20.200000000000003,22.5,20.4,19.6,21.5,,,,,,,,,,,,,,,,,,,,,,,,
2026-08-21T01:26:27.379Z,2.775,2.7840000000000003,0.0,2.9000000000000004,0.0,0.0,0.0,0.0,0.0,0.0,0.0,0.0,0.0,0.0,0.0,1.0,9.0,2.0,1.0,0.0,0.0,0.0,0.0,0.0,0.0,0.0,1.0,12.0,1.0,11.5,5.01,2.51,1.49,0.0,0.0,0.0,0.5,0.0,1.0,-0.6000000000000001,-1.2000000000000002,-117.5,0.0,0.0,117.5,0.0,18.4,5.5,5.5,5.7,300.0,300.0,20.200000000000003,22.5,20.4,19.6,21.5,,,,,,,,,,,,,,,,,,,,,,,,
2026-08-21T01:26:27.388Z,2.784,2.7960000000000003,0.0,2.9000000000000004,0.0,0.0,0.0,0.0,0.0,0.0,0.0,0.0,0.0,0.0,0.0,1.0,9.0,2.0,1.0,0.0,0.0,0.0,0.0,0.0,0.0,0.0,1.0,12.0,1.0,11.5,5.01,2.51,1.49,0.0,0.0,0.0,0.4,0.0,-0.1,-0.6000000000000001,-0.6000000000000001,-117.5,0.0,0.0,117.5,0.0,18.4,5.5,5.5,5.7,300.0,300.0,20.200000000000003,22.5,20.4,19.6,21.5,,,,,,,,,,,,,,,,,,,,,,,,
2026-08-21T01:26:27.400Z,2.796,2.8080000000000003,0.0,2.9000000000000004,0.0,0.0,0.0,0.0,0.0,0.0,0.0,0.0,0.0,0.0,0.0,1.0,9.0,2.0,1.0,0.0,0.0,0.0,0.0,0.0,0.0,0.0,3.0,12.0,1.0,11.5,5.01,2.51,1.49,0.0,0.1,0.0,0.4,0.0,-0.1,-1.2000000000000002,0.5,-117.5,0.0,0.0,117.5,0.0,18.4,5.5,5.5,5.7,300.0,300.0,20.200000000000003,22.5,20.4,19.6,21.5,,,,,,,,,,,,,,,,,,,,,,,,
2026-08-21T01:26:27.412Z,2.808,2.82,0.0,2.9000000000000004,0.0,0.0,0.0,0.0,0.0,0.0,0.0,0.0,0.0,0.0,0.0,1.0,9.0,2.0,1.0,0.0,0.0,0.0,0.0,0.0,0.0,0.0,4.0,12.0,1.0,11.5,5.01,2.51,1.49,0.0,0.0,0.0,0.4,0.0,-0.1,0.0,0.4,-117.5,0.0,0.0,117.4,0.0,18.4,5.5,5.5,5.7,300.0,300.0,20.200000000000003,22.5,20.4,19.6,21.5,,,,,,,,,,,,,,,,,,,,,,,,
2026-08-21T01:26:27.424Z,2.82,2.832,0.0,2.9000000000000004,0.0,0.0,0.0,0.0,0.0,0.0,0.0,0.0,0.0,0.0,0.0,1.0,9.0,2.0,1.0,0.0,0.0,0.0,0.0,0.0,0.0,0.0,5.0,12.0,1.0,11.5,5.01,2.51,1.49,0.0,0.0,0.0,0.4,0.0,-0.1,-0.6000000000000001,-0.2,-117.5,0.0,0.0,117.5,0.0,18.4,5.5,5.5,5.7,300.0,300.0,20.200000000000003,22.5,20.4,19.6,21.5,,,,,,,,,,,,,,,,,,,,,,,,
2026-08-21T01:26:27.436Z,2.832,2.844,0.0,2.9000000000000004,0.0,0.0,0.0,0.0,0.0,0.0,0.0,0.0,0.0,0.0,0.0,1.0,9.0,2.0,1.0,0.0,0.0,0.0,0.0,0.0,0.0,0.0,1.0,12.0,1.0,11.5,5.01,2.51,1.49,0.0,0.0,0.0,0.4,0.0,1.0,-0.6000000000000001,0.4,-117.5,0.0,0.0,117.6,0.0,18.4,5.5,5.5,5.7,300.0,300.0,20.200000000000003,22.5,20.4,19.6,21.5,,,,,,,,,,,,,,,,,,,,,,,,
2026-08-21T01:26:27.449Z,2.845,2.856,0.0,2.9000000000000004,0.0,0.0,0.0,0.0,0.0,0.0,0.0,0.0,0.0,0.0,0.0,1.0,9.0,2.0,1.0,0.0,0.0,0.0,0.0,0.0,0.0,0.0,2.0,12.0,1.0,11.56,5.01,2.5,1.49,0.0,0.0,0.0,0.4,0.0,-0.6000000000000001,1.1,-0.1,-117.5,0.0,0.0,117.5,0.0,18.1,5.7,5.7,5.9,300.0,300.0,20.200000000000003,22.6,20.4,19.6,21.5,,,,,,,,,,,,,,,,,,,,,,,,
2026-08-21T01:26:27.461Z,2.857,2.868,0.0,2.9000000000000004,0.0,0.0,0.0,0.0,0.0,0.0,0.0,0.0,0.0,0.0,0.0,1.0,9.0,2.0,1.0,0.0,0.0,0.0,0.0,0.0,0.0,0.0,3.0,12.0,1.0,11.56,5.01,2.5,1.49,0.0,0.1,0.0,0.4,0.0,-0.6000000000000001,0.5,-0.7000000000000001,-117.5,0.0,0.0,117.5,0.0,18.1,5.7,5.7,5.9,300.0,300.0,20.200000000000003,22.6,20.4,19.6,21.5,,,,,,,,,,,,,,,,,,,,,,,,
2026-08-21T01:26:27.472Z,2.868,2.88,0.0,2.9000000000000004,0.0,0.0,0.0,0.0,0.0,0.0,0.0,0.0,0.0,0.0,0.0,1.0,9.0,2.0,1.0,0.0,0.0,0.0,0.0,0.0,0.0,0.0,4.0,12.0,1.0,11.56,5.01,2.5,1.49,0.0,0.0,0.0,0.4,0.0,1.1,1.1,1.0,-117.5,0.0,0.0,117.5,0.0,18.1,5.7,5.7,5.9,300.0,300.0,20.200000000000003,22.6,20.4,19.6,21.5,,,,,,,,,,,,,,,,,,,,,,,,
2026-08-21T01:26:27.485Z,2.881,2.892,0.0,2.9000000000000004,0.0,0.0,0.0,0.0,0.0,0.0,0.0,0.0,0.0,0.0,0.0,1.0,9.0,2.0,1.0,0.0,0.0,0.0,0.0,0.0,0.0,0.0,5.0,12.0,1.0,11.56,5.01,2.5,1.49,0.0,0.0,0.0,0.4,0.0,0.5,-1.2000000000000002,-0.1,-117.5,0.0,0.0,117.5,0.0,18.1,5.7,5.7,5.9,300.0,300.0,20.200000000000003,22.6,20.4,19.6,21.5,,,,,,,,,,,,,,,,,,,,,,,,
2026-08-21T01:26:27.496Z,2.892,2.904,0.0,2.9000000000000004,0.0,0.0,0.0,0.0,0.0,0.0,0.0,0.0,0.0,0.0,0.0,1.0,9.0,2.0,1.0,0.0,0.0,0.0,0.0,0.0,0.0,0.0,6.0,12.0,1.0,11.56,5.01,2.5,1.49,0.0,0.1,0.0,0.4,0.0,1.1,0.0,-0.6000000000000001,-117.5,0.0,0.0,117.6,0.0,18.1,5.7,5.7,5.9,300.0,300.0,20.200000000000003,22.6,20.4,19.6,21.5,,,,,,,,,,,,,,,,,,,,,,,,
2026-08-21T01:26:27.508Z,2.904,2.916,0.0,2.9000000000000004,0.0,0.0,0.0,0.0,0.0,0.0,0.0,0.0,0.0,0.0,0.0,1.0,9.0,2.0,1.0,0.0,0.0,0.0,0.0,0.0,0.0,0.0,2.0,12.0,1.0,11.56,5.01,2.5,1.49,0.0,0.1,0.0,0.4,0.0,0.0,0.0,-0.6000000000000001,-117.5,0.0,0.0,117.4,0.0,18.1,5.7,5.7,5.9,300.0,300.0,20.200000000000003,22.6,20.4,19.6,21.5,,,,,,,,,,,,,,,,,,,,,,,,
2026-08-21T01:26:27.520Z,2.916,2.928,0.0,2.9000000000000004,0.0,0.0,0.0,0.0,0.0,0.0,0.0,0.0,0.0,0.0,0.0,1.0,9.0,2.0,1.0,0.0,0.0,0.0,0.0,0.0,0.0,0.0,3.0,12.0,1.0,11.56,5.01,2.5,1.49,0.0,0.0,0.0,0.5,0.0,0.0,0.5,-0.1,-117.5,0.0,0.0,117.6,0.0,18.1,5.7,5.7,5.9,300.0,300.0,20.200000000000003,22.6,20.4,19.6,21.5,,,,,,,,,,,,,,,,,,,,,,,,
2026-08-21T01:26:27.532Z,2.928,2.94,0.0,2.9000000000000004,0.0,0.0,0.0,0.0,0.0,0.0,0.0,0.0,0.0,0.0,0.0,1.0,9.0,2.0,1.0,0.0,0.0,0.0,0.0,0.0,0.0,0.0,4.0,12.0,1.0,11.56,5.01,2.5,1.49,0.0,0.0,0.0,0.4,0.0,0.0,-0.6000000000000001,1.0,-117.5,0.0,0.0,117.5,0.0,18.1,5.7,5.7,5.9,300.0,300.0,20.200000000000003,22.6,20.4,19.6,21.5,,,,,,,,,,,,,,,,,,,,,,,,
2026-08-21T01:26:27.544Z,2.94,2.952,0.0,2.9000000000000004,0.0,0.0,0.0,0.0,0.0,0.0,0.0,0.0,0.0,0.0,0.0,1.0,9.0,2.0,1.0,0.0,0.0,0.0,0.0,0.0,0.0,0.0,5.0,12.0,1.0,11.56,5.01,2.5,1.49,0.0,0.0,0.0,0.4,0.0,0.0,0.0,-0.1,-117.5,0.0,0.0,117.5,0.0,18.1,5.7,5.7,5.9,300.0,300.0,20.200000000000003,22.6,20.4,19.6,21.5,,,,,,,,,,,,,,,,,,,,,,,,
2026-08-21T01:26:27.557Z,2.953,2.964,0.0,2.9000000000000004,0.0,0.0,0.0,0.0,0.0,0.0,0.0,0.0,0.0,0.0,0.0,1.0,9.0,2.0,1.0,0.0,0.0,0.0,0.0,0.0,0.0,0.0,6.0,12.0,1.0,11.51,5.01,2.51,1.49,0.0,0.0,0.0,0.4,0.0,0.4,0.0,0.0,-117.5,0.0,0.0,117.5,0.0,18.4,5.9,5.9,6.0,300.0,300.0,20.200000000000003,22.700000000000003,20.4,19.6,21.5,,,,,,,,,,,,,,,,,,,,,,,,
2026-08-21T01:26:27.568Z,2.964,2.976,0.0,2.9000000000000004,0.0,0.0,0.0,0.0,0.0,0.0,0.0,0.0,0.0,0.0,0.0,1.0,9.0,2.0,1.0,0.0,0.0,0.0,0.0,0.0,0.0,0.0,2.0,12.0,1.0,11.51,5.01,2.51,1.49,0.0,0.1,0.0,0.5,0.0,0.4,0.5,0.0,-117.5,0.0,0.0,117.5,0.0,18.4,5.9,5.9,6.0,300.0,300.0,20.200000000000003,22.700000000000003,20.4,19.6,21.5,,,,,,,,,,,,,,,,,,,,,,,,
2026-08-21T01:26:27.581Z,2.977,2.988,0.0,2.9000000000000004,0.0,0.0,0.0,0.0,0.0,0.0,0.0,0.0,0.0,0.0,0.0,1.0,9.0,2.0,1.0,0.0,0.0,0.0,0.0,0.0,0.0,0.0,3.0,12.0,1.0,11.51,5.01,2.51,1.49,0.0,0.0,0.0,0.4,0.0,-0.1,-0.5,1.0,-117.5,0.0,0.0,117.5,0.0,18.4,5.9,5.9,6.0,300.0,300.0,20.200000000000003,22.700000000000003,20.4,19.6,21.5,,,,,,,,,,,,,,,,,,,,,,,,
2026-08-21T01:26:27.592Z,2.988,3.0,0.0,2.9000000000000004,0.0,0.0,0.0,0.0,0.0,0.0,0.0,0.0,0.0,0.0,0.0,1.0,9.0,2.0,1.0,0.0,0.0,0.0,0.0,0.0,0.0,0.0,4.0,12.0,1.0,11.51,5.01,2.51,1.49,0.0,0.0,0.0,0.4,0.0,-0.1,0.5,2.1,-117.5,0.0,0.0,117.5,0.0,18.4,5.9,5.9,6.0,300.0,300.0,20.200000000000003,22.700000000000003,20.4,19.6,21.5,,,,,,,,,,,,,,,,,,,,,,,,
2026-08-21T01:26:27.604Z,3.0,3.012,0.0,2.9000000000000004,0.0,0.0,0.0,0.0,0.0,0.0,0.0,0.0,0.0,0.0,0.0,1.0,9.0,2.0,1.0,0.0,0.0,0.0,0.0,0.0,0.0,0.0,5.0,12.0,1.0,11.51,5.01,2.51,1.49,0.0,0.1,0.0,0.4,0.0,-0.7000000000000001,-1.2000000000000002,-1.9,-117.5,0.0,0.0,117.5,0.0,18.4,5.9,5.9,6.0,300.0,300.0,20.200000000000003,22.700000000000003,20.4,19.6,21.5,,,,,,,,,,,,,,,,,,,,,,,,
2026-08-21T01:26:27.616Z,3.012,3.024,0.0,2.9000000000000004,0.0,0.0,0.0,0.0,0.0,0.0,0.0,0.0,0.0,0.0,0.0,1.0,9.0,2.0,1.0,0.0,0.0,0.0,0.0,0.0,0.0,0.0,1.0,12.0,1.0,11.51,5.01,2.51,1.49,0.0,0.0,0.0,0.4,0.0,0.3,-1.2000000000000002,0.9,-117.5,0.0,0.0,117.6,0.0,18.4,5.9,5.9,6.0,300.0,300.0,20.200000000000003,22.700000000000003,20.4,19.6,21.5,,,,,,,,,,,,,,,,,,,,,,,,
2026-08-21T01:26:27.628Z,3.024,3.036,0.0,2.9000000000000004,0.0,0.0,0.0,0.0,0.0,0.0,0.0,0.0,0.0,0.0,0.0,1.0,9.0,2.0,1.0,0.0,0.0,0.0,0.0,0.0,0.0,0.0,2.0,12.0,1.0,11.51,5.01,2.51,1.49,0.0,0.0,0.0,0.4,0.0,0.4,0.0,-2.5,-117.5,0.0,0.0,117.5,0.0,18.4,5.9,5.9,6.0,300.0,300.0,20.200000000000003,22.700000000000003,20.4,19.6,21.5,,,,,,,,,,,,,,,,,,,,,,,,
2026-08-21T01:26:27.640Z,3.036,3.048,0.0,2.9000000000000004,0.0,0.0,0.0,0.0,0.0,0.0,0.0,0.0,0.0,0.0,0.0,1.0,9.0,2.0,1.0,0.0,0.0,0.0,0.0,0.0,0.0,0.0,3.0,12.0,1.0,11.51,5.01,2.51,1.49,0.0,0.1,0.0,0.4,0.0,-0.7000000000000001,0.0,0.9,-117.5,0.0,0.0,117.5,0.0,18.4,5.9,5.9,6.0,300.0,300.0,20.200000000000003,22.700000000000003,20.4,19.6,21.5,,,,,,,,,,,,,,,,,,,,,,,,
2026-08-21T01:26:27.653Z,3.049,3.06,0.0,2.9000000000000004,0.0,0.0,0.0,0.0,0.0,0.0,0.0,0.0,0.0,0.0,0.0,1.0,9.0,2.0,1.0,0.0,0.0,0.0,0.0,0.0,0.0,0.0,4.0,12.0,1.0,11.48,5.0200000000000005,2.51,1.49,0.0,0.0,0.0,0.4,0.0,0.4,0.5,2.1,-117.5,0.0,0.0,117.5,0.0,18.4,6.1000000000000005,6.1000000000000005,6.2,300.0,300.0,20.200000000000003,22.700000000000003,20.4,19.6,21.5,,,,,,,,,,,,,,,,,,,,,,,,
2026-08-21T01:26:27.664Z,3.06,3.072,0.0,2.9000000000000004,0.0,0.0,0.0,0.0,0.0,0.0,0.0,0.0,0.0,0.0,0.0,1.0,9.0,2.0,1.0,0.0,0.0,0.0,0.0,0.0,0.0,0.0,5.0,12.0,1.0,11.48,5.0200000000000005,2.51,1.49,0.0,0.0,0.0,0.4,0.0,-0.1,-0.7000000000000001,1.0,-117.5,0.0,0.0,117.5,0.0,18.4,6.1000000000000005,6.1000000000000005,6.2,300.0,300.0,20.200000000000003,22.700000000000003,20.4,19.6,21.5,,,,,,,,,,,,,,,,,,,,,,,,
2026-08-21T01:26:27.687Z,3.083,3.084,0.0,2.9000000000000004,0.0,0.0,0.0,0.0,0.0,0.0,0.0,0.0,0.0,0.0,0.0,1.0,9.0,2.0,1.0,0.0,0.0,0.0,0.0,0.0,0.0,0.0,1.0,12.0,1.0,11.48,5.0200000000000005,2.51,1.49,0.0,0.0,0.0,0.4,0.0,-0.1,-0.7000000000000001,-0.7000000000000001,-117.5,0.0,0.0,117.5,0.0,18.4,6.1000000000000005,6.1000000000000005,6.2,300.0,300.0,20.200000000000003,22.700000000000003,20.4,19.6,21.5,,,,,,,,,,,,,,,,,,,,,,,,
2026-08-21T01:26:27.692Z,3.088,3.096,0.0,2.9000000000000004,0.0,0.0,0.0,0.0,0.0,0.0,0.0,0.0,0.0,0.0,0.0,1.0,9.0,2.0,1.0,0.0,0.0,0.0,0.0,0.0,0.0,0.0,5.0,12.0,1.0,11.48,5.0200000000000005,2.51,1.49,0.0,0.0,0.0,0.4,0.0,1.0,0.4,-1.3,-117.5,0.0,0.0,117.5,0.0,18.4,6.1000000000000005,6.1000000000000005,6.2,300.0,300.0,20.200000000000003,22.700000000000003,20.4,19.6,21.5,,,,,,,,,,,,,,,,,,,,,,,,
2026-08-21T01:26:27.700Z,3.096,3.108,0.0,2.9000000000000004,0.0,0.0,0.0,0.0,0.0,0.0,0.0,0.0,0.0,0.0,0.0,1.0,9.0,2.0,1.0,0.0,0.0,0.0,0.0,0.0,0.0,0.0,4.0,12.0,1.0,11.48,5.0200000000000005,2.51,1.49,0.0,0.0,0.0,0.4,0.0,-0.1,-0.1,-0.1,-117.5,0.0,0.0,117.4,0.0,18.4,6.1000000000000005,6.1000000000000005,6.2,300.0,300.0,20.200000000000003,22.700000000000003,20.4,19.6,21.5,,,,,,,,,,,,,,,,,,,,,,,,
2026-08-21T01:26:27.712Z,3.108,3.12,0.0,2.9000000000000004,0.0,0.0,0.0,0.0,0.0,0.0,0.0,0.0,0.0,0.0,0.0,1.0,9.0,2.0,1.0,0.0,0.0,0.0,0.0,0.0,0.0,0.0,6.0,12.0,1.0,11.48,5.0200000000000005,2.51,1.49,0.0,0.0,0.0,0.4,0.0,-0.1,-0.6000000000000001,-0.1,-117.5,0.0,0.0,117.4,0.0,18.4,6.1000000000000005,6.1000000000000005,6.2,300.0,300.0,20.200000000000003,22.700000000000003,20.4,19.6,21.5,,,,,,,,,,,,,,,,,,,,,,,,
2026-08-21T01:26:27.724Z,3.12,3.132,0.0,2.9000000000000004,0.0,0.0,0.0,0.0,0.0,0.0,0.0,0.0,0.0,0.0,0.0,1.0,9.0,2.0,1.0,0.0,0.0,0.0,0.0,0.0,0.0,0.0,1.0,12.0,1.0,11.48,5.0200000000000005,2.51,1.49,0.0,0.0,0.0,0.4,0.0,-0.7000000000000001,-0.6000000000000001,0.4,-117.5,0.0,0.0,117.6,0.0,18.4,6.1000000000000005,6.1000000000000005,6.2,300.0,300.0,20.200000000000003,22.700000000000003,20.4,19.6,21.5,,,,,,,,,,,,,,,,,,,,,,,,
2026-08-21T01:26:27.736Z,3.132,3.144,0.0,2.9000000000000004,0.0,0.0,0.0,0.0,0.0,0.0,0.0,0.0,0.0,0.0,0.0,1.0,9.0,2.0,1.0,0.0,0.0,0.0,0.0,0.0,0.0,0.0,2.0,12.0,1.0,11.48,5.0200000000000005,2.51,1.49,0.0,0.0,0.0,0.4,0.0,-0.7000000000000001,0.0,-0.1,-117.5,0.0,0.0,117.6,0.0,18.4,6.1000000000000005,6.1000000000000005,6.2,300.0,300.0,20.200000000000003,22.700000000000003,20.4,19.6,21.5,,,,,,,,,,,,,,,,,,,,,,,,
2026-08-21T01:26:27.748Z,3.144,3.156,0.0,2.9000000000000004,0.0,0.0,0.0,0.0,0.0,0.0,0.0,0.0,0.0,0.0,0.0,1.0,9.0,2.0,1.0,0.0,0.0,0.0,0.0,0.0,0.0,0.0,3.0,12.0,1.0,11.48,5.0200000000000005,2.51,1.49,0.0,0.0,0.0,0.4,0.0,0.4,0.0,-0.1,-117.5,0.0,0.0,117.5,0.0,18.4,6.1000000000000005,6.1000000000000005,6.2,300.0,300.0,20.200000000000003,22.700000000000003,20.4,19.6,21.5,,,,,,,,,,,,,,,,,,,,,,,,
2026-08-21T01:26:27.760Z,3.156,3.168,0.0,2.9000000000000004,0.0,32.0,0.0,0.0,0.0,0.0,0.0,0.0,0.0,0.0,0.0,0.0,9.0,7.0,1.0,0.0,0.0,0.0,0.0,0.0,0.0,0.0,4.0,12.0,1.0,11.46,5.01,2.5,1.5,0.0,0.0,0.0,0.4,0.0,-0.1,0.0,0.4,-117.5,0.0,0.0,117.5,0.0,18.2,6.300000000000001,6.300000000000001,6.4,300.0,300.0,20.3,22.700000000000003,20.4,19.6,21.5,,,,,,,,,,,,,,,,,,,,,,,,
2026-08-21T01:26:27.772Z,3.168,3.18,0.0,2.9000000000000004,0.0,32.0,0.0,0.0,0.0,0.0,0.0,0.0,0.0,0.0,0.0,0.0,9.0,7.0,1.0,0.0,0.0,0.0,0.0,0.0,0.0,0.0,6.0,12.0,1.0,11.46,5.01,2.5,1.5,0.0,0.0,0.0,0.4,0.0,-0.1,-1.2000000000000002,1.0,-117.5,0.0,0.0,117.5,0.0,18.2,6.300000000000001,6.300000000000001,6.4,300.0,300.0,20.3,22.700000000000003,20.4,19.6,21.5,,,,,,,,,,,,,,,,,,,,,,,,
2026-08-21T01:26:27.785Z,3.181,3.192,0.0,2.9000000000000004,0.0,32.0,0.0,0.0,0.0,0.0,0.0,0.0,0.0,0.0,0.0,0.0,9.0,7.0,1.0,0.0,0.0,0.0,0.0,0.0,0.0,0.0,1.0,12.0,1.0,11.46,5.01,2.5,1.5,0.0,0.0,0.0,0.4,0.0,-0.7000000000000001,0.4,0.4,-117.5,0.0,0.0,117.6,0.0,18.2,6.300000000000001,6.300000000000001,6.4,300.0,300.0,20.3,22.700000000000003,20.4,19.6,21.5,,,,,,,,,,,,,,,,,,,,,,,,
2026-08-21T01:26:27.796Z,3.192,3.204,0.0,2.9000000000000004,0.0,32.0,0.0,0.0,0.0,0.0,0.0,0.0,0.0,0.0,0.0,0.0,9.0,7.0,1.0,0.0,0.0,0.0,0.0,0.0,0.0,0.0,2.0,12.0,1.0,11.46,5.01,2.5,1.5,0.0,0.0,0.0,0.4,0.0,0.4,0.4,-0.1,-117.5,0.0,0.0,117.4,0.0,18.2,6.300000000000001,6.300000000000001,6.4,300.0,300.0,20.3,22.700000000000003,20.4,19.6,21.5,,,,,,,,,,,,,,,,,,,,,,,,
2026-08-21T01:26:27.808Z,3.204,3.216,0.0,2.9000000000000004,0.0,32.0,0.0,0.0,0.0,0.0,0.0,0.0,0.0,0.0,0.0,0.0,9.0,7.0,1.0,0.0,0.0,0.0,0.0,0.0,0.0,0.0,4.0,12.0,1.0,11.46,5.01,2.5,1.5,0.0,0.0,0.0,0.4,0.0,-0.1,-1.3,-0.7000000000000001,-117.5,0.0,0.0,117.4,0.0,18.2,6.300000000000001,6.300000000000001,6.4,300.0,300.0,20.3,22.700000000000003,20.4,19.6,21.5,,,,,,,,,,,,,,,,,,,,,,,,
2026-08-21T01:26:27.820Z,3.216,3.228,0.0,2.9000000000000004,0.0,32.0,0.0,0.0,0.0,0.0,0.0,0.0,0.0,0.0,0.0,0.0,9.0,7.0,1.0,0.0,0.0,0.0,0.0,0.0,0.0,0.0,5.0,12.0,1.0,11.46,5.01,2.5,1.5,0.0,0.0,0.0,0.4,0.0,-0.1,-0.7000000000000001,-0.1,-117.5,0.0,0.0,117.6,0.0,18.2,6.300000000000001,6.300000000000001,6.4,300.0,300.0,20.3,22.700000000000003,20.4,19.6,21.5,,,,,,,,,,,,,,,,,,,,,,,,
2026-08-21T01:26:27.832Z,3.228,3.24,0.0,2.9000000000000004,0.0,32.0,0.0,0.0,0.0,0.0,0.0,0.0,0.0,0.0,0.0,0.0,9.0,7.0,1.0,0.0,0.0,0.0,0.0,0.0,0.0,0.0,6.0,12.0,1.0,11.46,5.01,2.5,1.5,0.0,0.0,0.0,0.5,0.0,-0.2,-0.7000000000000001,-0.7000000000000001,-117.5,0.0,0.0,117.5,0.0,18.2,6.300000000000001,6.300000000000001,6.4,300.0,300.0,20.3,22.700000000000003,20.4,19.6,21.5,,,,,,,,,,,,,,,,,,,,,,,,
2026-08-21T01:26:27.844Z,3.24,3.252,0.0,2.9000000000000004,0.0,32.0,0.0,0.0,0.0,0.0,0.0,0.0,0.0,0.0,0.0,0.0,9.0,7.0,1.0,0.0,0.0,0.0,0.0,0.0,0.0,0.0,1.0,12.0,1.0,11.46,5.01,2.5,1.5,0.0,0.0,0.0,0.4,0.0,0.3,1.0,1.0,-117.5,0.0,0.0,117.5,0.0,18.2,6.300000000000001,6.300000000000001,6.4,300.0,300.0,20.3,22.700000000000003,20.4,19.6,21.5,,,,,,,,,,,,,,,,,,,,,,,,
2026-08-21T01:26:27.857Z,3.253,3.264,0.0,2.9000000000000004,0.0,32.0,0.0,0.0,0.0,0.0,0.0,0.0,0.0,0.0,0.0,0.0,9.0,7.0,1.0,0.0,0.0,0.0,0.0,0.0,0.0,0.0,2.0,12.0,1.0,11.54,5.01,2.51,1.49,0.0,0.0,0.0,0.4,0.0,-0.7000000000000001,-0.7000000000000001,-1.3,-117.5,0.0,0.0,117.6,0.0,18.1,6.4,6.4,6.6000000000000005,300.0,300.0,20.200000000000003,22.700000000000003,20.4,19.6,21.5,,,,,,,,,,,,,,,,,,,,,,,,
2026-08-21T01:26:27.869Z,3.265,3.276,0.0,2.9000000000000004,0.0,32.0,0.0,0.0,0.0,0.0,0.0,0.0,0.0,0.0,0.0,0.0,9.0,7.0,1.0,0.0,0.0,0.0,0.0,0.0,0.0,0.0,3.0,12.0,1.0,11.54,5.01,2.51,1.49,0.0,0.0,0.0,0.4,0.0,-0.2,-1.9,-0.2,-117.5,0.0,0.0,117.5,0.0,18.1,6.4,6.4,6.6000000000000005,300.0,300.0,20.200000000000003,22.700000000000003,20.4,19.6,21.5,,,,,,,,,,,,,,,,,,,,,,,,
2026-08-21T01:26:27.879Z,3.275,3.2880000000000003,0.0,2.9000000000000004,0.0,32.0,0.0,0.0,0.0,0.0,0.0,0.0,0.0,0.0,0.0,0.0,9.0,7.0,1.0,0.0,0.0,0.0,0.0,0.0,0.0,0.0,4.0,12.0,1.0,11.54,5.01,2.51,1.49,0.0,0.1,0.0,0.4,0.0,-0.2,0.4,2.1,-117.5,0.0,0.0,117.4,0.0,18.1,6.4,6.4,6.6000000000000005,300.0,300.0,20.200000000000003,22.700000000000003,20.4,19.6,21.5,,,,,,,,,,,,,,,,,,,,,,,,
2026-08-21T01:26:27.892Z,3.288,3.3000000000000003,0.0,2.9000000000000004,0.0,32.0,0.0,0.0,0.0,0.0,0.0,0.0,0.0,0.0,0.0,0.0,9.0,7.0,1.0,0.0,0.0,0.0,0.0,0.0,0.0,0.0,5.0,12.0,1.0,11.54,5.01,2.51,1.49,0.0,0.0,0.0,0.5,0.0,-0.8,1.0,-1.9,-117.5,0.0,0.0,117.6,0.0,18.1,6.4,6.4,6.6000000000000005,300.0,300.0,20.200000000000003,22.700000000000003,20.4,19.6,21.5,,,,,,,,,,,,,,,,,,,,,,,,
2026-08-21T01:26:27.904Z,3.3,3.3120000000000003,0.0,2.9000000000000004,0.0,32.0,0.0,0.0,0.0,0.0,0.0,0.0,0.0,0.0,0.0,0.0,9.0,7.0,1.0,0.0,0.0,0.0,0.0,0.0,0.0,0.0,1.0,12.0,1.0,11.54,5.01,2.51,1.49,0.0,0.0,0.0,0.4,0.0,0.3,0.4,1.4,-117.5,0.0,0.0,117.5,0.0,18.1,6.4,6.4,6.6000000000000005,300.0,300.0,20.200000000000003,22.700000000000003,20.4,19.6,21.5,,,,,,,,,,,,,,,,,,,,,,,,
2026-08-21T01:26:27.916Z,3.312,3.3240000000000003,0.0,2.9000000000000004,0.0,32.0,0.0,0.0,0.0,0.0,0.0,0.0,0.0,0.0,0.0,0.0,9.0,7.0,1.0,0.0,0.0,0.0,0.0,0.0,0.0,0.0,2.0,12.0,1.0,11.54,5.01,2.51,1.49,0.0,0.0,0.0,0.4,0.0,0.9,-0.7000000000000001,0.8,-117.5,0.0,0.0,117.5,0.0,18.1,6.4,6.4,6.6000000000000005,300.0,300.0,20.200000000000003,22.700000000000003,20.4,19.6,21.5,,,,,,,,,,,,,,,,,,,,,,,,
2026-08-21T01:26:27.929Z,3.325,3.336,0.0,2.9000000000000004,0.0,32.0,0.0,0.0,0.0,0.0,0.0,0.0,0.0,0.0,0.0,0.0,9.0,7.0,1.0,0.0,0.0,0.0,0.0,0.0,0.0,0.0,3.0,12.0,1.0,11.54,5.01,2.51,1.49,0.0,0.0,0.0,0.4,0.0,0.3,-0.1,-0.2,-117.5,0.0,0.0,117.6,0.0,18.1,6.4,6.4,6.6000000000000005,300.0,300.0,20.200000000000003,22.700000000000003,20.4,19.6,21.5,,,,,,,,,,,,,,,,,,,,,,,,
2026-08-21T01:26:27.940Z,3.336,3.348,0.0,2.9000000000000004,0.0,32.0,0.0,0.0,0.0,0.0,0.0,0.0,0.0,0.0,0.0,0.0,9.0,7.0,1.0,0.0,0.0,0.0,0.0,0.0,0.0,0.0,4.0,12.0,1.0,11.54,5.01,2.51,1.49,0.0,0.0,0.0,0.4,0.0,-0.2,1.6,0.8,-117.5,0.0,0.0,117.5,0.0,18.1,6.4,6.4,6.6000000000000005,300.0,300.0,20.200000000000003,22.700000000000003,20.4,19.6,21.5,,,,,,,,,,,,,,,,,,,,,,,,
2026-08-21T01:26:27.952Z,3.348,3.36,0.0,2.9000000000000004,0.0,32.0,0.0,0.0,0.0,0.0,0.0,0.0,0.0,0.0,0.0,0.0,9.0,7.0,1.0,0.0,0.0,0.0,0.0,0.0,0.0,0.0,6.0,12.0,1.0,11.54,5.01,2.51,1.49,0.0,0.0,0.0,0.4,0.0,0.3,0.4,0.3,-117.5,0.0,0.0,117.4,0.0,18.1,6.4,6.4,6.6000000000000005,300.0,300.0,20.200000000000003,22.700000000000003,20.4,19.6,21.5,,,,,,,,,,,,,,,,,,,,,,,,
2026-08-21T01:26:27.964Z,3.36,3.372,0.0,2.9000000000000004,0.0,32.0,0.0,0.0,0.0,0.0,0.0,0.0,0.0,0.0,0.0,0.0,9.0,7.0,1.0,0.0,0.0,0.0,0.0,0.0,0.0,0.0,1.0,12.0,1.0,11.5,5.01,2.51,1.49,0.0,0.0,0.0,0.4,0.0,-0.7000000000000001,0.0,0.9,-117.5,0.0,0.0,117.6,0.0,18.1,6.6000000000000005,6.6000000000000005,6.800000000000001,300.0,300.0,20.200000000000003,22.700000000000003,20.4,19.6,21.5,,,,,,,,,,,,,,,,,,,,,,,,
2026-08-21T01:26:27.977Z,3.373,3.384,0.0,2.9000000000000004,0.0,32.0,0.0,0.0,0.0,0.0,0.0,0.0,0.0,0.0,0.0,0.0,9.0,7.0,1.0,0.0,0.0,0.0,0.0,0.0,0.0,0.0,2.0,12.0,1.0,11.5,5.01,2.51,1.49,0.0,0.0,0.0,0.4,0.0,0.9,0.5,0.3,-117.5,0.0,0.0,117.5,0.0,18.1,6.6000000000000005,6.6000000000000005,6.800000000000001,300.0,300.0,20.200000000000003,22.700000000000003,20.4,19.6,21.5,,,,,,,,,,,,,,,,,,,,,,,,
2026-08-21T01:26:27.999Z,3.395,3.396,0.0,2.9000000000000004,0.0,32.0,0.0,0.0,0.0,0.0,0.0,0.0,0.0,0.0,0.0,0.0,9.0,7.0,1.0,0.0,0.0,0.0,0.0,0.0,0.0,0.0,2.0,12.0,1.0,11.5,5.01,2.51,1.49,0.0,0.0,0.0,0.4,0.0,0.4,1.1,1.6,-117.5,0.0,0.0,117.5,0.0,18.1,6.6000000000000005,6.6000000000000005,6.800000000000001,300.0,300.0,20.200000000000003,22.700000000000003,20.4,19.6,21.5,,,,,,,,,,,,,,,,,,,,,,,,
2026-08-21T01:26:28.000Z,3.396,3.408,0.0,2.9000000000000004,0.0,32.0,0.0,0.0,0.0,0.0,0.0,0.0,0.0,0.0,0.0,0.0,9.0,7.0,1.0,0.0,0.0,0.0,0.0,0.0,0.0,0.0,5.0,12.0,1.0,11.5,5.01,2.51,1.49,0.0,0.0,0.0,0.4,0.0,-0.1,1.1,0.4,-117.5,0.0,0.0,117.5,0.0,18.1,6.6000000000000005,6.6000000000000005,6.800000000000001,300.0,300.0,20.200000000000003,22.700000000000003,20.4,19.6,21.5,,,,,,,,,,,,,,,,,,,,,,,,
2026-08-21T01:26:28.012Z,3.408,3.42,0.0,2.9000000000000004,0.0,32.0,0.0,0.0,0.0,0.0,0.0,0.0,0.0,0.0,0.0,0.0,9.0,7.0,1.0,0.0,0.0,0.0,0.0,0.0,0.0,0.0,4.0,12.0,1.0,11.5,5.01,2.51,1.49,0.0,0.0,0.0,0.4,0.0,-0.1,-1.2000000000000002,-0.7000000000000001,-117.5,0.0,0.0,117.5,0.0,18.1,6.6000000000000005,6.6000000000000005,6.800000000000001,300.0,300.0,20.200000000000003,22.700000000000003,20.4,19.6,21.5,,,,,,,,,,,,,,,,,,,,,,,,
2026-08-21T01:26:28.024Z,3.42,3.432,0.0,2.9000000000000004,0.0,32.0,0.0,0.0,0.0,0.0,0.0,0.0,0.0,0.0,0.0,0.0,9.0,7.0,1.0,0.0,0.0,0.0,0.0,0.0,0.0,0.0,4.0,12.0,1.0,11.5,5.01,2.51,1.49,0.0,0.0,0.0,0.4,0.0,0.3,-0.1,0.4,-117.5,0.0,0.0,117.5,0.0,18.1,6.6000000000000005,6.6000000000000005,6.800000000000001,300.0,300.0,20.200000000000003,22.700000000000003,20.4,19.6,21.5,,,,,,,,,,,,,,,,,,,,,,,,
2026-08-21T01:26:28.036Z,3.432,3.444,0.0,2.9000000000000004,0.0,32.0,0.0,0.0,0.0,0.0,0.0,0.0,0.0,0.0,0.0,0.0,9.0,7.0,1.0,0.0,0.0,0.0,0.0,0.0,0.0,0.0,6.0,12.0,1.0,11.5,5.01,2.51,1.49,0.0,0.0,0.0,0.4,0.0,0.9,0.4,0.4,-117.5,0.0,0.0,117.5,0.0,18.1,6.6000000000000005,6.6000000000000005,6.800000000000001,300.0,300.0,20.200000000000003,22.700000000000003,20.4,19.6,21.5,,,,,,,,,,,,,,,,,,,,,,,,
2026-08-21T01:26:28.048Z,3.444,3.456,0.0,2.9000000000000004,0.0,32.0,0.0,0.0,0.0,0.0,0.0,0.0,0.0,0.0,0.0,0.0,9.0,7.0,1.0,0.0,0.0,0.0,0.0,0.0,0.0,0.0,1.0,12.0,1.0,11.5,5.01,2.51,1.49,0.0,0.1,0.0,0.4,0.0,-0.1,0.0,0.0,-117.5,0.0,0.0,117.5,0.0,18.1,6.6000000000000005,6.6000000000000005,6.800000000000001,300.0,300.0,20.200000000000003,22.700000000000003,20.4,19.6,21.5,,,,,,,,,,,,,,,,,,,,,,,,
2026-08-21T01:26:28.061Z,3.457,3.468,0.0,2.9000000000000004,0.0,32.0,0.0,0.0,0.0,0.0,0.0,0.0,0.0,0.0,0.0,0.0,9.0,7.0,1.0,0.0,0.0,0.0,0.0,0.0,0.0,0.0,2.0,12.0,1.0,11.51,5.01,2.51,1.49,0.0,0.0,0.0,0.4,0.0,-0.7000000000000001,0.0,0.0,-117.5,0.0,0.0,117.5,0.0,18.3,6.800000000000001,6.800000000000001,6.9,300.0,300.0,20.200000000000003,22.700000000000003,20.4,19.6,21.5,,,,,,,,,,,,,,,,,,,,,,,,
2026-08-21T01:26:28.072Z,3.468,3.48,0.0,2.9000000000000004,0.0,32.0,0.0,0.0,0.0,0.0,0.0,0.0,0.0,0.0,0.0,0.0,9.0,7.0,1.0,0.0,0.0,0.0,0.0,0.0,0.0,0.0,4.0,12.0,1.0,11.51,5.01,2.51,1.49,0.0,0.0,0.0,0.4,0.0,-0.1,0.5,1.1,-117.5,0.0,0.0,117.6,0.0,18.3,6.800000000000001,6.800000000000001,6.9,300.0,300.0,20.200000000000003,22.700000000000003,20.4,19.6,21.5,,,,,,,,,,,,,,,,,,,,,,,,
2026-08-21T01:26:28.084Z,3.48,3.492,0.0,2.9000000000000004,0.0,32.0,0.0,0.0,0.0,0.0,0.0,0.0,0.0,0.0,0.0,0.0,9.0,7.0,1.0,0.0,0.0,0.0,0.0,0.0,0.0,0.0,5.0,12.0,1.0,11.51,5.01,2.51,1.49,0.0,0.0,0.0,0.4,0.0,0.4,0.0,1.1,-117.5,0.0,0.0,117.5,0.0,18.3,6.800000000000001,6.800000000000001,6.9,300.0,300.0,20.200000000000003,22.700000000000003,20.4,19.6,21.5,,,,,,,,,,,,,,,,,,,,,,,,
2026-08-21T01:26:28.096Z,3.492,3.504,0.0,2.9000000000000004,0.0,32.0,0.0,0.0,0.0,0.0,0.0,0.0,0.0,0.0,0.0,0.0,9.0,7.0,1.0,0.0,0.0,0.0,0.0,0.0,0.0,0.0,6.0,12.0,1.0,11.51,5.01,2.51,1.49,0.0,0.0,0.0,0.4,0.0,0.5,0.5,-0.5,-117.5,0.0,0.0,117.5,0.0,18.3,6.800000000000001,6.800000000000001,6.9,300.0,300.0,20.200000000000003,22.700000000000003,20.4,19.6,21.5,,,,,,,,,,,,,,,,,,,,,,,,
2026-08-21T01:26:28.108Z,3.504,3.516,0.0,2.9000000000000004,0.0,32.0,0.0,0.0,0.0,0.0,0.0,0.0,0.0,0.0,0.0,0.0,9.0,7.0,1.0,0.0,0.0,0.0,0.0,0.0,0.0,0.0,2.0,12.0,1.0,11.51,5.01,2.51,1.49,0.0,0.0,0.0,0.4,0.0,0.5,-1.2000000000000002,-0.5,-117.5,0.0,0.0,117.5,0.0,18.3,6.800000000000001,6.800000000000001,6.9,300.0,300.0,20.200000000000003,22.700000000000003,20.4,19.6,21.5,,,,,,,,,,,,,,,,,,,,,,,,
2026-08-21T01:26:28.120Z,3.516,3.528,0.0,2.9000000000000004,0.0,32.0,0.0,0.0,0.0,0.0,0.0,0.0,0.0,0.0,0.0,0.0,9.0,7.0,1.0,0.0,0.0,0.0,0.0,0.0,0.0,0.0,3.0,12.0,1.0,11.51,5.01,2.51,1.49,0.0,0.0,0.0,0.4,0.0,-0.6000000000000001,0.0,-0.5,-117.5,0.0,0.0,117.4,0.0,18.3,6.800000000000001,6.800000000000001,6.9,300.0,300.0,20.200000000000003,22.700000000000003,20.4,19.6,21.5,,,,,,,,,,,,,,,,,,,,,,,,
2026-08-21T01:26:28.132Z,3.528,3.54,0.0,2.9000000000000004,0.0,32.0,0.0,0.0,0.0,0.0,0.0,0.0,0.0,0.0,0.0,0.0,9.0,7.0,1.0,0.0,0.0,0.0,0.0,0.0,0.0,0.0,4.0,12.0,1.0,11.51,5.01,2.51,1.49,0.0,0.0,0.0,0.4,0.0,-1.2000000000000002,-0.6000000000000001,-1.1,-117.5,0.0,0.0,117.6,0.0,18.3,6.800000000000001,6.800000000000001,6.9,300.0,300.0,20.200000000000003,22.700000000000003,20.4,19.6,21.5,,,,,,,,,,,,,,,,,,,,,,,,
2026-08-21T01:26:28.144Z,3.54,3.552,0.0,2.9000000000000004,0.0,32.0,0.0,0.0,0.0,0.0,0.0,0.0,0.0,0.0,0.0,0.0,9.0,7.0,1.0,0.0,0.0,0.0,0.0,0.0,0.0,0.0,5.0,12.0,1.0,11.51,5.01,2.51,1.49,0.0,0.0,0.0,0.4,0.0,1.1,0.4,1.6,-117.5,0.0,0.0,117.5,0.0,18.3,6.800000000000001,6.800000000000001,6.9,300.0,300.0,20.200000000000003,22.700000000000003,20.4,19.6,21.5,,,,,,,,,,,,,,,,,,,,,,,,
2026-08-21T01:26:28.156Z,3.552,3.564,0.0,2.9000000000000004,0.0,32.0,0.0,0.0,0.0,0.0,0.0,0.0,0.0,0.0,0.0,0.0,9.0,7.0,1.0,0.0,0.0,0.0,0.0,0.0,0.0,0.0,6.0,12.0,1.0,11.51,5.01,2.51,1.49,0.0,0.0,0.0,0.4,0.0,0.0,-1.2000000000000002,-0.6000000000000001,-117.5,0.0,0.0,117.5,0.0,18.3,6.800000000000001,6.800000000000001,6.9,300.0,300.0,20.200000000000003,22.700000000000003,20.4,19.6,21.5,,,,,,,,,,,,,,,,,,,,,,,,
2026-08-21T01:26:28.169Z,3.565,3.576,0.0,2.9000000000000004,0.0,32.0,0.0,0.0,0.0,0.0,0.0,0.0,0.0,0.0,0.0,0.0,9.0,7.0,1.0,0.0,0.0,0.0,0.0,0.0,0.0,0.0,1.0,12.0,1.0,11.51,5.01,2.5,1.5,0.0,0.0,0.0,0.4,0.0,-1.8,-0.6000000000000001,-1.2000000000000002,-117.5,0.0,0.0,117.5,0.0,18.4,7.0,7.0,7.1000000000000005,300.0,300.0,20.4,22.8,20.4,19.6,21.5,,,,,,,,,,,,,,,,,,,,,,,,
2026-08-21T01:26:28.181Z,3.577,3.588,0.0,2.9000000000000004,0.0,32.0,0.0,0.0,0.0,0.0,0.0,0.0,0.0,0.0,0.0,0.0,9.0,7.0,1.0,0.0,0.0,0.0,0.0,0.0,0.0,0.0,2.0,12.0,1.0,11.51,5.01,2.5,1.5,-0.1,0.1,0.0,0.4,0.0,-0.6000000000000001,0.4,-0.6000000000000001,-117.5,0.0,0.0,117.5,0.0,18.4,7.0,7.0,7.1000000000000005,300.0,300.0,20.4,22.8,20.4,19.6,21.5,,,,,,,,,,,,,,,,,,,,,,,,
2026-08-21T01:26:28.192Z,3.588,3.6,0.0,2.9000000000000004,0.0,32.0,0.0,0.0,0.0,0.0,0.0,0.0,0.0,0.0,0.0,0.0,9.0,7.0,1.0,0.0,0.0,0.0,0.0,0.0,0.0,0.0,3.0,12.0,1.0,11.51,5.01,2.5,1.5,0.0,0.0,0.0,0.4,0.0,0.0,1.0,-0.1,-117.5,0.0,0.0,117.5,0.0,18.4,7.0,7.0,7.1000000000000005,300.0,300.0,20.4,22.8,20.4,19.6,21.5,,,,,,,,,,,,,,,,,,,,,,,,
2026-08-21T01:26:28.203Z,3.599,3.612,0.0,2.9000000000000004,0.0,32.0,0.0,0.0,0.0,0.0,0.0,0.0,0.0,0.0,0.0,0.0,9.0,7.0,1.0,0.0,0.0,0.0,0.0,0.0,0.0,0.0,4.0,12.0,1.0,11.51,5.01,2.5,1.5,0.0,0.0,0.0,0.4,0.0,0.0,-1.2000000000000002,1.0,-117.5,0.0,0.0,117.5,0.0,18.4,7.0,7.0,7.1000000000000005,300.0,300.0,20.4,22.8,20.4,19.6,21.5,,,,,,,,,,,,,,,,,,,,,,,,
2026-08-21T01:26:28.216Z,3.612,3.624,0.0,2.9000000000000004,0.0,32.0,0.0,0.0,0.0,0.0,0.0,0.0,0.0,0.0,0.0,0.0,9.0,7.0,1.0,0.0,0.0,0.0,0.0,0.0,0.0,0.0,6.0,12.0,1.0,11.51,5.01,2.5,1.5,0.0,0.0,0.0,0.4,0.0,0.5,0.4,1.0,-117.5,0.0,0.0,117.4,0.0,18.4,7.0,7.0,7.1000000000000005,300.0,300.0,20.4,22.8,20.4,19.6,21.5,,,,,,,,,,,,,,,,,,,,,,,,
2026-08-21T01:26:28.228Z,3.624,3.636,0.0,2.9000000000000004,0.0,32.0,0.0,0.0,0.0,0.0,0.0,0.0,0.0,0.0,0.0,0.0,9.0,7.0,1.0,0.0,0.0,0.0,0.0,0.0,0.0,0.0,1.0,12.0,1.0,11.51,5.01,2.5,1.5,0.0,0.0,0.0,0.5,0.0,0.0,-0.1,-0.6000000000000001,-117.5,0.0,0.0,117.6,0.0,18.4,7.0,7.0,7.1000000000000005,300.0,300.0,20.4,22.8,20.4,19.6,21.5,,,,,,,,,,,,,,,,,,,,,,,,
2026-08-21T01:26:28.241Z,3.637,3.648,0.0,2.9000000000000004,0.0,32.0,0.0,0.0,0.0,0.0,0.0,0.0,0.0,0.0,0.0,0.0,9.0,7.0,1.0,0.0,0.0,0.0,0.0,0.0,0.0,0.0,2.0,12.0,1.0,11.51,5.01,2.5,1.5,0.0,0.0,0.0,0.4,0.0,0.0,-0.1,-0.6000000000000001,-117.5,0.0,0.0,117.5,0.0,18.4,7.0,7.0,7.1000000000000005,300.0,300.0,20.4,22.8,20.4,19.6,21.5,,,,,,,,,,,,,,,,,,,,,,,,
2026-08-21T01:26:28.252Z,3.648,3.66,0.0,2.9000000000000004,0.0,32.0,0.0,0.0,0.0,0.0,0.0,0.0,0.0,0.0,0.0,0.0,9.0,7.0,1.0,0.0,0.0,0.0,0.0,0.0,0.0,0.0,3.0,12.0,1.0,11.51,5.01,2.5,1.5,0.0,0.0,0.0,0.4,0.0,0.0,-1.2000000000000002,-1.2000000000000002,-117.5,0.0,0.0,117.5,0.0,18.4,7.0,7.0,7.1000000000000005,300.0,300.0,20.4,22.8,20.4,19.6,21.5,,,,,,,,,,,,,,,,,,,,,,,,
2026-08-21T01:26:28.265Z,3.661,3.672,0.0,2.9000000000000004,0.0,32.0,0.0,0.0,0.0,0.0,0.0,0.0,0.0,0.0,0.0,0.0,9.0,7.0,1.0,0.0,0.0,0.0,0.0,0.0,0.0,0.0,5.0,12.0,1.0,11.51,5.01,2.5,1.49,0.0,0.0,0.0,0.4,0.0,0.5,-0.6000000000000001,0.0,-117.5,0.0,0.0,117.5,0.0,18.3,7.1000000000000005,7.1000000000000005,7.300000000000001,300.0,300.0,20.5,22.9,20.4,19.6,21.5,,,,,,,,,,,,,,,,,,,,,,,,
2026-08-21T01:26:28.276Z,3.672,3.684,0.0,2.9000000000000004,0.0,32.0,0.0,0.0,0.0,0.0,0.0,0.0,0.0,0.0,0.0,0.0,9.0,7.0,1.0,0.0,0.0,0.0,0.0,0.0,0.0,0.0,6.0,12.0,1.0,11.51,5.01,2.5,1.49,0.0,0.0,0.0,0.4,0.0,0.0,1.1,1.1,-117.5,0.0,0.0,117.5,0.0,18.3,7.1000000000000005,7.1000000000000005,7.300000000000001,300.0,300.0,20.5,22.9,20.4,19.6,21.5,,,,,,,,,,,,,,,,,,,,,,,,
2026-08-21T01:26:28.288Z,3.684,3.696,0.0,2.9000000000000004,0.0,32.0,0.0,0.0,0.0,0.0,0.0,0.0,0.0,0.0,0.0,0.0,9.0,7.0,1.0,0.0,0.0,0.0,0.0,0.0,0.0,0.0,1.0,12.0,1.0,11.51,5.01,2.5,1.49,0.0,0.0,0.0,0.4,0.0,-0.6000000000000001,-0.6000000000000001,0.0,-117.5,0.0,0.0,117.5,0.0,18.3,7.1000000000000005,7.1000000000000005,7.300000000000001,300.0,300.0,20.5,22.9,20.4,19.6,21.5,,,,,,,,,,,,,,,,,,,,,,,,
2026-08-21T01:26:28.306Z,3.702,3.708,0.0,2.9000000000000004,0.0,32.0,0.0,0.0,0.0,0.0,0.0,0.0,0.0,0.0,0.0,0.0,9.0,7.0,1.0,0.0,0.0,0.0,0.0,0.0,0.0,0.0,2.0,12.0,1.0,11.51,5.01,2.5,1.49,0.0,0.0,0.0,0.4,0.0,0.4,-1.1,-0.6000000000000001,-117.5,0.0,0.0,117.5,0.0,18.3,7.1000000000000005,7.1000000000000005,7.300000000000001,300.0,300.0,20.5,22.9,20.4,19.6,21.5,,,,,,,,,,,,,,,,,,,,,,,,
2026-08-21T01:26:28.319Z,3.715,3.72,0.0,2.9000000000000004,0.0,32.0,0.0,0.0,0.0,0.0,0.0,0.0,0.0,0.0,0.0,0.0,9.0,7.0,1.0,0.0,0.0,0.0,0.0,0.0,0.0,0.0,2.0,12.0,1.0,11.51,5.01,2.5,1.49,0.0,0.0,0.0,0.4,0.0,1.0,0.6000000000000001,0.0,-117.5,0.0,0.0,117.4,0.0,18.3,7.1000000000000005,7.1000000000000005,7.300000000000001,300.0,300.0,20.5,22.9,20.4,19.6,21.5,,,,,,,,,,,,,,,,,,,,,,,,
2026-08-21T01:26:28.327Z,3.723,3.732,0.0,2.9000000000000004,0.0,32.0,0.0,0.0,0.0,0.0,0.0,0.0,0.0,0.0,0.0,0.0,9.0,7.0,1.0,0.0,0.0,0.0,0.0,0.0,0.0,0.0,5.0,12.0,1.0,11.51,5.01,2.5,1.49,0.0,0.0,0.0,0.4,0.0,-0.6000000000000001,0.0,0.0,-117.5,0.0,0.0,117.5,0.0,18.3,7.1000000000000005,7.1000000000000005,7.300000000000001,300.0,300.0,20.5,22.9,20.4,19.6,21.5,,,,,,,,,,,,,,,,,,,,,,,,
2026-08-21T01:26:28.336Z,3.732,3.744,0.0,2.9000000000000004,0.0,32.0,0.0,0.0,0.0,0.0,0.0,0.0,0.0,0.0,0.0,0.0,9.0,7.0,1.0,0.0,0.0,0.0,0.0,0.0,0.0,0.0,4.0,12.0,1.0,11.51,5.01,2.5,1.49,0.0,0.0,0.0,0.4,0.0,0.0,0.5,1.7000000000000002,-117.5,0.0,0.0,117.6,0.0,18.3,7.1000000000000005,7.1000000000000005,7.300000000000001,300.0,300.0,20.5,22.9,20.4,19.6,21.5,,,,,,,,,,,,,,,,,,,,,,,,
2026-08-21T01:26:28.348Z,3.744,3.756,0.0,2.9000000000000004,0.0,32.0,0.0,0.0,0.0,0.0,0.0,0.0,0.0,0.0,0.0,0.0,9.0,7.0,1.0,0.0,0.0,0.0,0.0,0.0,0.0,0.0,5.0,12.0,1.0,11.51,5.01,2.5,1.49,0.0,0.0,0.0,0.4,0.0,0.5,-1.1,-0.6000000000000001,-117.5,0.0,0.0,117.5,0.0,18.3,7.1000000000000005,7.1000000000000005,7.300000000000001,300.0,300.0,20.5,22.9,20.4,19.6,21.5,,,,,,,,,,,,,,,,,,,,,,,,
2026-08-21T01:26:28.360Z,3.756,3.768,0.0,2.9000000000000004,0.0,32.0,0.0,0.0,0.0,0.0,0.0,0.0,0.0,0.0,0.0,0.0,9.0,7.0,1.0,0.0,0.0,0.0,0.0,0.0,0.0,0.0,6.0,12.0,1.0,11.51,5.01,2.5,1.49,0.0,0.0,0.0,0.4,0.0,0.0,0.5,-0.6000000000000001,-117.5,0.0,0.0,117.5,0.0,18.3,7.1000000000000005,7.1000000000000005,7.300000000000001,300.0,300.0,20.5,22.9,20.4,19.6,21.5,,,,,,,,,,,,,,,,,,,,,,,,
2026-08-21T01:26:28.372Z,3.768,3.78,0.0,2.9000000000000004,0.0,32.0,0.0,0.0,0.0,0.0,0.0,0.0,0.0,0.0,0.0,0.0,9.0,7.0,1.0,0.0,0.0,0.0,0.0,0.0,0.0,0.0,1.0,12.0,1.0,11.51,5.0200000000000005,2.51,1.5,0.0,0.0,0.0,0.4,0.0,0.0,1.1,0.0,-117.5,0.0,0.0,117.5,0.0,17.900000000000002,7.300000000000001,7.300000000000001,7.5,300.0,300.0,20.3,22.9,20.4,19.6,21.5,,,,,,,,,,,,,,,,,,,,,,,,
2026-08-21T01:26:28.384Z,3.78,3.792,0.0,2.9000000000000004,0.0,32.0,0.0,0.0,0.0,0.0,0.0,0.0,0.0,0.0,0.0,0.0,9.0,7.0,1.0,0.0,0.0,0.0,0.0,0.0,0.0,0.0,2.0,12.0,1.0,11.51,5.0200000000000005,2.51,1.5,0.0,0.0,0.0,0.4,0.0,-0.6000000000000001,-0.5,-0.6000000000000001,-117.5,0.0,0.0,117.6,0.0,17.900000000000002,7.300000000000001,7.300000000000001,7.5,300.0,300.0,20.3,22.9,20.4,19.6,21.5,,,,,,,,,,,,,,,,,,,,,,,,
2026-08-21T01:26:28.396Z,3.792,3.804,0.0,2.9000000000000004,0.0,32.0,0.0,0.0,0.0,0.0,0.0,0.0,0.0,0.0,0.0,0.0,9.0,7.0,1.0,0.0,0.0,0.0,0.0,0.0,0.0,0.0,3.0,12.0,1.0,11.51,5.0200000000000005,2.51,1.5,0.0,0.0,0.0,0.4,0.0,-0.6000000000000001,-0.5,0.0,-117.5,0.0,0.0,117.5,0.0,17.900000000000002,7.300000000000001,7.300000000000001,7.5,300.0,300.0,20.3,22.9,20.4,19.6,21.5,,,,,,,,,,,,,,,,,,,,,,,,
2026-08-21T01:26:28.408Z,3.804,3.816,0.0,2.9000000000000004,0.0,32.0,0.0,0.0,0.0,0.0,0.0,0.0,0.0,0.0,0.0,0.0,9.0,7.0,1.0,0.0,0.0,0.0,0.0,0.0,0.0,0.0,4.0,12.0,1.0,11.51,5.0200000000000005,2.51,1.5,0.0,0.0,0.0,0.4,0.0,0.0,0.6000000000000001,0.0,-117.5,0.0,0.0,117.5,0.0,17.900000000000002,7.300000000000001,7.300000000000001,7.5,300.0,300.0,20.3,22.9,20.4,19.6,21.5,,,,,,,,,,,,,,,,,,,,,,,,
2026-08-21T01:26:28.420Z,3.816,3.828,0.0,2.9000000000000004,0.0,32.0,0.0,0.0,0.0,0.0,0.0,0.0,0.0,0.0,0.0,0.0,9.0,7.0,1.0,0.0,0.0,0.0,0.0,0.0,0.0,0.0,5.0,12.0,1.0,11.51,5.0200000000000005,2.51,1.5,0.0,0.0,0.0,0.4,0.0,1.1,0.6000000000000001,0.0,-117.5,0.0,0.0,117.5,0.0,17.900000000000002,7.300000000000001,7.300000000000001,7.5,300.0,300.0,20.3,22.9,20.4,19.6,21.5,,,,,,,,,,,,,,,,,,,,,,,,
2026-08-21T01:26:28.432Z,3.828,3.84,0.0,2.9000000000000004,0.0,32.0,0.0,0.0,0.0,0.0,0.0,0.0,0.0,0.0,0.0,0.0,9.0,7.0,1.0,0.0,0.0,0.0,0.0,0.0,0.0,0.0,1.0,12.0,1.0,11.51,5.0200000000000005,2.51,1.5,0.0,0.0,0.0,0.4,0.0,0.0,-0.4,0.5,-117.5,0.0,0.0,117.5,0.0,17.900000000000002,7.300000000000001,7.300000000000001,7.5,300.0,300.0,20.3,22.9,20.4,19.6,21.5,,,,,,,,,,,,,,,,,,,,,,,,
2026-08-21T01:26:28.444Z,3.84,3.852,0.0,2.9000000000000004,0.0,32.0,0.0,0.0,0.0,0.0,0.0,0.0,0.0,0.0,0.0,0.0,9.0,7.0,1.0,0.0,0.0,0.0,0.0,0.0,0.0,0.0,2.0,12.0,1.0,11.51,5.0200000000000005,2.51,1.5,0.0,0.0,0.0,0.4,0.0,0.5,-0.5,-0.6000000000000001,-117.5,0.0,0.0,117.5,0.0,17.900000000000002,7.300000000000001,7.300000000000001,7.5,300.0,300.0,20.3,22.9,20.4,19.6,21.5,,,,,,,,,,,,,,,,,,,,,,,,
2026-08-21T01:26:28.456Z,3.852,3.864,0.0,2.9000000000000004,0.0,32.0,0.0,0.0,0.0,0.0,0.0,0.0,0.0,0.0,0.0,0.0,9.0,7.0,1.0,0.0,0.0,0.0,0.0,0.0,0.0,0.0,3.0,12.0,1.0,11.51,5.0200000000000005,2.51,1.5,-0.1,0.0,0.0,0.4,0.0,0.0,0.5,1.6,-117.5,0.0,0.0,117.5,0.0,17.900000000000002,7.300000000000001,7.300000000000001,7.5,300.0,300.0,20.3,22.9,20.4,19.6,21.5,,,,,,,,,,,,,,,,,,,,,,,,
2026-08-21T01:26:28.470Z,3.866,3.876,0.0,2.9000000000000004,0.0,32.0,0.0,0.0,0.0,0.0,0.0,0.0,0.0,0.0,0.0,0.0,9.0,7.0,1.0,0.0,0.0,0.0,0.0,0.0,0.0,0.0,4.0,12.0,1.0,11.52,5.01,2.5,1.49,0.0,0.0,0.0,0.4,0.0,0.0,0.6000000000000001,-0.6000000000000001,-117.5,0.0,0.0,117.5,0.0,18.4,7.5,7.5,7.6,300.0,300.0,20.4,22.9,20.4,19.6,21.5,,,,,,,,,,,,,,,,,,,,,,,,
2026-08-21T01:26:28.480Z,3.876,3.888,0.0,2.9000000000000004,0.0,32.0,0.0,0.0,0.0,0.0,0.0,0.0,0.0,0.0,0.0,0.0,9.0,7.0,1.0,0.0,0.0,0.0,0.0,0.0,0.0,0.0,5.0,12.0,1.0,11.52,5.01,2.5,1.49,0.0,0.0,0.0,0.4,0.0,0.4,0.0,-0.1,-117.5,0.0,0.0,117.5,0.0,18.4,7.5,7.5,7.6,300.0,300.0,20.4,22.9,20.4,19.6,21.5,,,,,,,,,,,,,,,,,,,,,,,,
2026-08-21T01:26:28.492Z,3.888,3.9,0.0,2.9000000000000004,0.0,32.0,0.0,0.0,0.0,0.0,0.0,0.0,0.0,0.0,0.0,0.0,9.0,7.0,1.0,0.0,0.0,0.0,0.0,0.0,0.0,0.0,6.0,12.0,1.0,11.52,5.01,2.5,1.49,0.0,0.0,0.0,0.4,0.0,-0.6000000000000001,-0.5,-0.1,-117.5,0.0,0.0,117.5,0.0,18.4,7.5,7.5,7.6,300.0,300.0,20.4,22.9,20.4,19.6,21.5,,,,,,,,,,,,,,,,,,,,,,,,
2026-08-21T01:26:28.504Z,3.9,3.912,0.0,2.9000000000000004,0.0,32.0,0.0,0.0,0.0,0.0,0.0,0.0,0.0,0.0,0.0,0.0,9.0,7.0,1.0,0.0,0.0,0.0,0.0,0.0,0.0,0.0,2.0,12.0,1.0,11.52,5.01,2.5,1.49,0.0,0.0,0.0,0.5,0.0,-0.1,0.0,1.0,-117.5,0.0,0.0,117.5,0.0,18.4,7.5,7.5,7.6,300.0,300.0,20.4,22.9,20.4,19.6,21.5,,,,,,,,,,,,,,,,,,,,,,,,
2026-08-21T01:26:28.516Z,3.912,3.924,0.0,2.9000000000000004,0.0,32.0,0.0,0.0,0.0,0.0,0.0,0.0,0.0,0.0,0.0,0.0,9.0,7.0,1.0,0.0,0.0,0.0,0.0,0.0,0.0,0.0,3.0,12.0,1.0,11.52,5.01,2.5,1.49,0.0,0.0,0.0,0.4,0.0,1.6,1.7000000000000002,0.5,-117.5,0.0,0.0,117.5,0.0,18.4,7.5,7.5,7.6,300.0,300.0,20.4,22.9,20.4,19.6,21.5,,,,,,,,,,,,,,,,,,,,,,,,
2026-08-21T01:26:28.528Z,3.924,3.936,0.0,2.9000000000000004,0.0,32.0,0.0,0.0,0.0,0.0,0.0,0.0,0.0,0.0,0.0,0.0,9.0,7.0,1.0,0.0,0.0,0.0,0.0,0.0,0.0,0.0,4.0,12.0,1.0,11.52,5.01,2.5,1.49,0.0,0.0,0.0,0.4,0.0,-1.2000000000000002,0.0,-0.6000000000000001,-117.5,0.0,0.0,117.6,0.0,18.4,7.5,7.5,7.6,300.0,300.0,20.4,22.9,20.4,19.6,21.5,,,,,,,,,,,,,,,,,,,,,,,,
2026-08-21T01:26:28.540Z,3.936,3.948,0.0,2.9000000000000004,0.0,32.0,0.0,0.0,0.0,0.0,0.0,0.0,0.0,0.0,0.0,0.0,9.0,7.0,1.0,0.0,0.0,0.0,0.0,0.0,0.0,0.0,5.0,12.0,1.0,11.52,5.01,2.5,1.49,0.0,0.0,0.0,0.4,0.0,0.4,0.0,0.0,-117.5,0.0,0.0,117.5,0.0,18.4,7.5,7.5,7.6,300.0,300.0,20.4,22.9,20.4,19.6,21.5,,,,,,,,,,,,,,,,,,,,,,,,
2026-08-21T01:26:28.552Z,3.948,3.96,0.0,2.9000000000000004,0.0,32.0,0.0,0.0,0.0,0.0,0.0,0.0,0.0,0.0,0.0,0.0,9.0,7.0,1.0,0.0,0.0,0.0,0.0,0.0,0.0,0.0,6.0,12.0,1.0,11.52,5.01,2.5,1.49,0.0,0.0,0.0,0.4,0.0,0.4,1.1,0.5,-117.5,0.0,0.0,117.6,0.0,18.4,7.5,7.5,7.6,300.0,300.0,20.4,22.9,20.4,19.6,21.5,,,,,,,,,,,,,,,,,,,,,,,,
2026-08-21T01:26:28.564Z,3.96,3.972,0.0,2.9000000000000004,0.0,32.0,0.0,0.0,0.0,0.0,0.0,0.0,0.0,0.0,0.0,0.0,9.0,7.0,1.0,0.0,0.0,0.0,0.0,0.0,0.0,0.0,1.0,12.0,1.0,11.52,5.01,2.5,1.49,0.0,0.0,0.0,0.4,0.0,-0.1,0.5,0.0,-117.5,0.0,0.0,117.5,0.0,18.4,7.5,7.5,7.6,300.0,300.0,20.4,22.9,20.4,19.6,21.5,,,,,,,,,,,,,,,,,,,,,,,,
2026-08-21T01:26:28.576Z,3.972,3.984,0.0,2.9000000000000004,0.0,32.0,0.0,0.0,0.0,0.0,0.0,0.0,0.0,0.0,0.0,0.0,9.0,7.0,1.0,0.0,0.0,0.0,0.0,0.0,0.0,0.0,3.0,12.0,1.0,11.54,5.0200000000000005,2.5,1.49,0.0,0.0,0.0,0.5,0.0,-0.1,0.5,-1.1,-117.5,0.0,0.0,117.5,0.0,17.400000000000002,7.6,7.6,7.800000000000001,300.0,300.0,20.4,22.9,20.4,19.6,21.5,,,,,,,,,,,,,,,,,,,,,,,,
2026-08-21T01:26:28.588Z,3.984,3.996,0.0,2.9000000000000004,0.0,32.0,0.0,0.0,0.0,0.0,0.0,0.0,0.0,0.0,0.0,0.0,9.0,7.0,1.0,0.0,0.0,0.0,0.0,0.0,0.0,0.0,4.0,12.0,1.0,11.54,5.0200000000000005,2.5,1.49,0.0,0.0,0.0,0.4,0.0,-0.6000000000000001,-0.6000000000000001,-1.7000000000000002,-117.5,0.0,0.0,117.6,0.0,17.400000000000002,7.6,7.6,7.800000000000001,300.0,300.0,20.4,22.9,20.4,19.6,21.5,,,,,,,,,,,,,,,,,,,,,,,,
2026-08-21T01:26:28.600Z,3.996,4.008,0.0,2.9000000000000004,0.0,32.0,0.0,0.0,0.0,0.0,0.0,0.0,0.0,0.0,0.0,0.0,9.0,7.0,1.0,0.0,0.0,0.0,0.0,0.0,0.0,0.0,5.0,12.0,1.0,11.54,5.0200000000000005,2.5,1.49,0.0,0.0,0.0,0.4,0.0,0.4,0.5,0.0,-117.5,0.0,0.0,117.5,0.0,17.400000000000002,7.6,7.6,7.800000000000001,300.0,300.0,20.4,22.9,20.4,19.6,21.5,,,,,,,,,,,,,,,,,,,,,,,,
2026-08-21T01:26:28.612Z,4.008,4.0200000000000005,0.0,2.9000000000000004,0.0,32.0,0.0,0.0,0.0,0.0,0.0,0.0,0.0,0.0,0.0,0.0,9.0,7.0,1.0,0.0,0.0,0.0,0.0,0.0,0.0,0.0,6.0,12.0,1.0,11.54,5.0200000000000005,2.5,1.49,0.0,0.0,0.0,0.4,0.0,0.4,1.1,0.5,-117.5,0.0,0.0,117.4,0.0,17.400000000000002,7.6,7.6,7.800000000000001,300.0,300.0,20.4,22.9,20.4,19.6,21.5,,,,,,,,,,,,,,,,,,,,,,,,
2026-08-21T01:26:28.631Z,4.027,4.032,0.0,2.9000000000000004,0.0,32.0,0.0,0.0,0.0,0.0,0.0,0.0,0.0,0.0,0.0,0.0,9.0,7.0,1.0,0.0,0.0,0.0,0.0,0.0,0.0,0.0,6.0,12.0,1.0,11.54,5.0200000000000005,2.5,1.49,0.0,0.0,0.0,0.4,0.0,-0.1,0.0,-0.6000000000000001,-117.5,0.0,0.0,117.6,0.0,17.400000000000002,7.6,7.6,7.800000000000001,300.0,300.0,20.4,22.9,20.4,19.6,21.5,,,,,,,,,,,,,,,,,,,,,,,,
2026-08-21T01:26:28.638Z,4.034,4.0440000000000005,0.0,2.9000000000000004,0.0,32.0,0.0,0.0,0.0,0.0,0.0,0.0,0.0,0.0,0.0,0.0,9.0,7.0,1.0,0.0,0.0,0.0,0.0,0.0,0.0,0.0,3.0,12.0,1.0,11.54,5.0200000000000005,2.5,1.49,0.0,0.0,0.0,0.4,0.0,-0.1,0.5,2.3000000000000003,-117.5,0.0,0.0,117.5,0.0,17.400000000000002,7.6,7.6,7.800000000000001,300.0,300.0,20.4,22.9,20.4,19.6,21.5,,,,,,,,,,,,,,,,,,,,,,,,
2026-08-21T01:26:28.648Z,4.044,4.056,0.0,2.9000000000000004,0.0,32.0,0.0,0.0,0.0,0.0,0.0,0.0,0.0,0.0,0.0,0.0,9.0,7.0,1.0,0.0,0.0,0.0,0.0,0.0,0.0,0.0,1.0,12.0,1.0,11.54,5.0200000000000005,2.5,1.49,0.0,0.1,0.0,0.4,0.0,0.4,0.5,2.3000000000000003,-117.5,0.0,0.0,117.4,0.0,17.400000000000002,7.6,7.6,7.800000000000001,300.0,300.0,20.4,22.9,20.4,19.6,21.5,,,,,,,,,,,,,,,,,,,,,,,,
2026-08-21T01:26:28.660Z,4.056,4.0680000000000005,0.0,2.9000000000000004,0.0,32.0,0.0,0.0,0.0,0.0,0.0,0.0,0.0,0.0,0.0,0.0,9.0,7.0,1.0,0.0,0.0,0.0,0.0,0.0,0.0,0.0,2.0,12.0,1.0,11.54,5.0200000000000005,2.5,1.49,0.0,0.0,0.0,0.4,0.0,-0.1,0.0,1.1,-117.5,0.0,0.0,117.6,0.0,17.400000000000002,7.6,7.6,7.800000000000001,300.0,300.0,20.4,22.9,20.4,19.6,21.5,,,,,,,,,,,,,,,,,,,,,,,,
2026-08-21T01:26:28.673Z,4.069,4.08,0.0,2.9000000000000004,0.0,32.0,0.0,0.0,0.0,0.0,0.0,0.0,0.0,0.0,0.0,0.0,9.0,7.0,1.0,0.0,0.0,0.0,0.0,0.0,0.0,0.0,3.0,12.0,1.0,11.48,5.01,2.51,1.49,0.0,0.0,0.0,0.4,0.0,-0.7000000000000001,0.5,0.5,-117.5,0.0,0.0,117.5,0.0,18.3,7.800000000000001,7.800000000000001,8.0,300.0,300.0,20.5,23.0,20.4,19.6,21.5,,,,,,,,,,,,,,,,,,,,,,,,
2026-08-21T01:26:28.684Z,4.08,4.0920000000000005,0.0,2.9000000000000004,0.0,32.0,0.0,0.0,0.0,0.0,0.0,0.0,0.0,0.0,0.0,0.0,9.0,7.0,1.0,0.0,0.0,0.0,0.0,0.0,0.0,0.0,5.0,12.0,1.0,11.48,5.01,2.51,1.49,0.0,0.0,0.0,0.4,0.0,-0.1,-0.6000000000000001,0.4,-117.5,0.0,0.0,117.5,0.0,18.3,7.800000000000001,7.800000000000001,8.0,300.0,300.0,20.5,23.0,20.4,19.6,21.5,,,,,,,,,,,,,,,,,,,,,,,,
2026-08-21T01:26:28.696Z,4.092,4.104,0.0,2.9000000000000004,0.0,32.0,0.0,0.0,0.0,0.0,0.0,0.0,0.0,0.0,0.0,0.0,9.0,7.0,1.0,0.0,0.0,0.0,0.0,0.0,0.0,0.0,6.0,12.0,1.0,11.48,5.01,2.51,1.49,0.0,0.0,0.0,0.4,0.0,-0.1,1.1,1.0,-117.5,0.0,0.0,117.5,0.0,18.3,7.800000000000001,7.800000000000001,8.0,300.0,300.0,20.5,23.0,20.4,19.6,21.5,,,,,,,,,,,,,,,,,,,,,,,,
2026-08-21T01:26:28.708Z,4.104,4.116,0.0,2.9000000000000004,0.0,32.0,0.0,0.0,0.0,0.0,0.0,0.0,0.0,0.0,0.0,0.0,9.0,7.0,1.0,0.0,0.0,0.0,0.0,0.0,0.0,0.0,1.0,12.0,1.0,11.48,5.01,2.51,1.49,0.0,0.0,0.0,0.4,0.0,-0.1,-0.6000000000000001,-1.2000000000000002,-117.5,0.0,0.0,117.4,0.0,18.3,7.800000000000001,7.800000000000001,8.0,300.0,300.0,20.5,23.0,20.4,19.6,21.5,,,,,,,,,,,,,,,,,,,,,,,,
2026-08-21T01:26:28.720Z,4.116,4.128,0.0,2.9000000000000004,0.0,32.0,0.0,0.0,0.0,0.0,0.0,0.0,0.0,0.0,0.0,0.0,9.0,7.0,1.0,0.0,0.0,0.0,0.0,0.0,0.0,0.0,2.0,12.0,1.0,11.48,5.01,2.51,1.49,0.0,0.0,0.0,0.4,0.0,-0.7000000000000001,0.0,0.4,-117.5,0.0,0.0,117.6,0.0,18.3,7.800000000000001,7.800000000000001,8.0,300.0,300.0,20.5,23.0,20.4,19.6,21.5,,,,,,,,,,,,,,,,,,,,,,,,
2026-08-21T01:26:28.732Z,4.128,4.14,0.0,2.9000000000000004,0.0,32.0,0.0,0.0,0.0,0.0,0.0,0.0,0.0,0.0,0.0,0.0,9.0,7.0,1.0,0.0,0.0,0.0,0.0,0.0,0.0,0.0,3.0,12.0,1.0,11.48,5.01,2.51,1.49,0.0,0.1,0.0,0.4,0.0,0.3,0.0,-0.8,-117.5,0.0,0.0,117.5,0.0,18.3,7.800000000000001,7.800000000000001,8.0,300.0,300.0,20.5,23.0,20.4,19.6,21.5,,,,,,,,,,,,,,,,,,,,,,,,
2026-08-21T01:26:28.744Z,4.14,4.152,0.0,2.9000000000000004,0.0,32.0,0.0,0.0,0.0,0.0,0.0,0.0,0.0,0.0,0.0,0.0,9.0,7.0,1.0,0.0,0.0,0.0,0.0,0.0,0.0,0.0,4.0,12.0,1.0,11.48,5.01,2.51,1.49,0.0,0.0,0.0,0.4,0.0,-0.1,1.1,-0.2,-117.5,0.0,0.0,117.5,0.0,18.3,7.800000000000001,7.800000000000001,8.0,300.0,300.0,20.5,23.0,20.4,19.6,21.5,,,,,,,,,,,,,,,,,,,,,,,,
2026-08-21T01:26:28.756Z,4.152,4.164,0.0,2.9000000000000004,0.0,32.0,0.0,0.0,0.0,0.0,0.0,0.0,0.0,0.0,0.0,0.0,9.0,7.0,1.0,0.0,0.0,0.0,0.0,0.0,0.0,0.0,5.0,12.0,1.0,11.48,5.01,2.51,1.49,0.0,0.0,0.0,0.4,0.0,-0.1,0.0,0.3,-117.5,0.0,0.0,117.5,0.0,18.3,7.800000000000001,7.800000000000001,8.0,300.0,300.0,20.5,23.0,20.4,19.6,21.5,,,,,,,,,,,,,,,,,,,,,,,,
2026-08-21T01:26:28.768Z,4.164,4.176,0.0,2.9000000000000004,0.0,32.0,0.0,0.0,0.0,0.0,0.0,1.0,0.0,0.0,0.0,0.0,9.0,7.0,1.0,0.0,0.0,0.0,0.0,0.0,0.0,0.0,6.0,12.0,1.0,11.48,5.01,2.51,1.49,0.0,0.0,0.0,0.4,0.0,0.3,1.1,1.5,-117.5,0.0,0.0,117.5,0.0,18.3,7.800000000000001,7.800000000000001,8.0,300.0,300.0,20.5,23.0,20.4,19.6,21.5,,,,,,,,,,,,,,,,,,,,,,,,
2026-08-21T01:26:28.780Z,4.176,4.188,0.0,2.9000000000000004,0.0,32.0,0.0,0.0,0.0,0.0,0.0,1.0,0.0,0.0,0.0,0.0,9.0,7.0,1.0,0.0,0.0,0.0,0.0,0.0,0.0,0.0,1.0,12.0,1.0,11.51,5.01,2.51,1.5,0.0,0.0,0.0,0.4,0.0,-0.1,-1.1,0.3,-117.5,0.0,0.0,117.5,0.0,18.4,8.0,8.0,8.1,300.0,300.0,20.4,23.0,20.4,19.6,21.5,,,,,,,,,,,,,,,,,,,,,,,,
2026-08-21T01:26:28.792Z,4.188,4.2,0.0,2.9000000000000004,0.0,32.0,0.0,0.0,0.0,0.0,0.0,1.0,0.0,0.0,0.0,0.0,9.0,7.0,1.0,0.0,0.0,0.0,0.0,0.0,0.0,0.0,3.0,12.0,1.0,11.51,5.01,2.51,1.5,0.0,0.0,0.0,0.4,0.0,-0.2,-0.5,-0.7000000000000001,-117.5,0.0,0.0,117.5,0.0,18.4,8.0,8.0,8.1,300.0,300.0,20.4,23.0,20.4,19.6,21.5,,,,,,,,,,,,,,,,,,,,,,,,
2026-08-21T01:26:28.804Z,4.2,4.212,0.0,2.9000000000000004,0.0,32.0,0.0,0.0,0.0,0.0,0.0,1.0,0.0,0.0,0.0,0.0,9.0,7.0,1.0,0.0,0.0,0.0,0.0,0.0,0.0,0.0,4.0,12.0,1.0,11.51,5.01,2.51,1.5,0.0,0.0,0.0,0.4,0.0,0.3,0.5,0.9,-117.5,0.0,0.0,117.4,0.0,18.4,8.0,8.0,8.1,300.0,300.0,20.4,23.0,20.4,19.6,21.5,,,,,,,,,,,,,,,,,,,,,,,,
2026-08-21T01:26:28.816Z,4.212,4.224,0.0,2.9000000000000004,0.0,32.0,0.0,0.0,0.0,0.0,0.0,1.0,0.0,0.0,0.0,0.0,9.0,7.0,1.0,0.0,0.0,0.0,0.0,0.0,0.0,0.0,5.0,12.0,1.0,11.51,5.01,2.51,1.5,0.0,0.0,0.0,0.4,0.0,0.8,0.0,-0.7000000000000001,-117.4,0.0,0.0,117.4,0.0,18.4,8.0,8.0,8.1,300.0,300.0,20.4,23.0,20.4,19.6,21.5,,,,,,,,,,,,,,,,,,,,,,,,
2026-08-21T01:26:28.828Z,4.224,4.236,0.0,2.9000000000000004,0.0,32.0,0.0,0.0,0.0,0.0,0.0,1.0,0.0,0.0,0.0,0.0,9.0,7.0,1.0,0.0,0.0,0.0,0.0,0.0,0.0,0.0,6.0,12.0,1.0,11.51,5.01,2.51,1.5,0.0,0.1,0.0,0.4,0.0,0.2,0.5,0.9,-117.4,0.0,0.0,117.4,0.0,18.4,8.0,8.0,8.1,300.0,300.0,20.4,23.0,20.4,19.6,21.5,,,,,,,,,,,,,,,,,,,,,,,,
2026-08-21T01:26:28.840Z,4.236,4.248,0.0,2.9000000000000004,0.0,32.0,0.0,0.0,0.0,0.0,0.0,1.0,0.0,0.0,0.0,0.0,9.0,7.0,1.0,0.0,0.0,0.0,0.0,0.0,0.0,0.0,1.0,12.0,1.0,11.51,5.01,2.51,1.5,0.0,0.0,0.0,0.4,0.0,0.2,0.0,-0.2,-117.4,0.0,0.0,117.6,0.0,18.4,8.0,8.0,8.1,300.0,300.0,20.4,23.0,20.4,19.6,21.5,,,,,,,,,,,,,,,,,,,,,,,,
2026-08-21T01:26:28.852Z,4.248,4.26,0.0,2.9000000000000004,0.0,32.0,0.0,0.0,0.0,0.0,0.0,1.0,0.0,0.0,0.0,0.0,9.0,7.0,1.0,0.0,0.0,0.0,0.0,0.0,0.0,0.0,2.0,12.0,1.0,11.51,5.01,2.51,1.5,0.0,0.1,0.0,0.4,0.0,-0.2,-0.1,-0.2,-117.4,0.0,0.0,117.6,0.0,18.4,8.0,8.0,8.1,300.0,300.0,20.4,23.0,20.4,19.6,21.5,,,,,,,,,,,,,,,,,,,,,,,,
2026-08-21T01:26:28.864Z,4.26,4.272,0.0,2.9000000000000004,0.0,32.0,0.0,0.0,0.0,0.0,0.0,1.0,0.0,0.0,0.0,0.0,9.0,7.0,1.0,0.0,0.0,0.0,0.0,0.0,0.0,0.0,3.0,12.0,1.0,11.51,5.01,2.51,1.5,0.0,0.0,0.0,0.4,0.0,-0.3,-0.1,2.1,-117.4,0.0,0.0,117.5,0.0,18.4,8.0,8.0,8.1,300.0,300.0,20.4,23.0,20.4,19.6,21.5,,,,,,,,,,,,,,,,,,,,,,,,
2026-08-21T01:26:28.877Z,4.273,4.284,0.0,2.9000000000000004,0.0,32.0,0.0,0.0,0.0,0.0,0.0,1.0,0.0,0.0,0.0,0.0,9.0,7.0,1.0,0.0,0.0,0.0,0.0,0.0,0.0,0.0,4.0,12.0,1.0,11.5,5.01,2.5,1.49,0.0,0.0,0.0,0.4,0.0,-0.8,0.4,-0.8,-117.5,0.0,0.0,117.5,0.0,18.3,8.1,8.1,8.3,300.0,300.0,20.5,23.0,20.4,19.6,21.5,,,,,,,,,,,,,,,,,,,,,,,,
2026-08-21T01:26:28.888Z,4.284,4.296,0.0,2.9000000000000004,0.0,32.0,0.0,0.0,0.0,0.0,0.0,1.0,0.0,0.0,0.0,0.0,9.0,7.0,1.0,0.0,0.0,0.0,0.0,0.0,0.0,0.0,6.0,12.0,1.0,11.5,5.01,2.5,1.49,0.0,0.0,0.0,0.4,0.0,0.2,-0.1,-0.3,-117.5,0.0,0.0,117.5,0.0,18.3,8.1,8.1,8.3,300.0,300.0,20.5,23.0,20.4,19.6,21.5,,,,,,,,,,,,,,,,,,,,,,,,
2026-08-21T01:26:28.900Z,4.296,4.308,0.0,2.9000000000000004,0.0,32.0,0.0,0.0,0.0,0.0,0.0,1.0,0.0,0.0,0.0,0.0,9.0,7.0,1.0,0.0,0.0,0.0,0.0,0.0,0.0,0.0,1.0,12.0,1.0,11.5,5.01,2.5,1.49,0.0,0.0,0.0,0.4,0.0,0.2,-0.1,-2.0,-117.5,0.0,0.0,117.5,0.0,18.3,8.1,8.1,8.3,300.0,300.0,20.5,23.0,20.4,19.6,21.5,,,,,,,,,,,,,,,,,,,,,,,,
2026-08-21T01:26:28.912Z,4.308,4.32,0.0,2.9000000000000004,0.0,32.0,0.0,0.0,0.0,0.0,0.0,1.0,0.0,0.0,0.0,0.0,9.0,7.0,1.0,0.0,0.0,0.0,0.0,0.0,0.0,0.0,3.0,12.0,1.0,11.5,5.01,2.5,1.49,0.0,0.0,0.0,0.4,0.0,-0.9,-0.7000000000000001,0.2,-117.5,0.0,0.0,117.6,0.0,18.3,8.1,8.1,8.3,300.0,300.0,20.5,23.0,20.4,19.6,21.5,,,,,,,,,,,,,,,,,,,,,,,,
2026-08-21T01:26:28.924Z,4.32,4.332,0.0,2.9000000000000004,0.0,32.0,0.0,0.0,0.0,0.0,0.0,1.0,0.0,0.0,0.0,0.0,9.0,7.0,1.0,0.0,0.0,0.0,0.0,0.0,0.0,0.0,4.0,12.0,1.0,11.5,5.01,2.5,1.49,0.0,0.0,0.0,0.4,0.0,-0.3,-1.2000000000000002,0.2,-117.5,0.0,0.0,117.6,0.0,18.3,8.1,8.1,8.3,300.0,300.0,20.5,23.0,20.4,19.6,21.5,,,,,,,,,,,,,,,,,,,,,,,,
2026-08-21T01:26:28.939Z,4.335,4.344,0.0,2.9000000000000004,0.0,32.0,0.0,0.0,0.0,0.0,0.0,1.0,0.0,0.0,0.0,0.0,9.0,7.0,1.0,0.0,0.0,0.0,0.0,0.0,0.0,0.0,4.0,12.0,1.0,11.5,5.01,2.5,1.49,0.0,0.0,0.0,0.4,0.0,-0.3,-0.7000000000000001,-1.4,-117.5,0.0,0.0,117.5,0.0,18.3,8.1,8.1,8.3,300.0,300.0,20.5,23.0,20.4,19.6,21.5,,,,,,,,,,,,,,,,,,,,,,,,
2026-08-21T01:26:28.949Z,4.345,4.356,0.0,2.9000000000000004,0.0,32.0,0.0,0.0,0.0,0.0,0.0,1.0,0.0,0.0,0.0,0.0,9.0,7.0,1.0,0.0,0.0,0.0,0.0,0.0,0.0,0.0,3.0,12.0,1.0,11.5,5.01,2.5,1.49,0.0,0.0,0.0,0.4,0.0,-0.9,-0.6000000000000001,-0.2,-117.5,0.0,0.0,117.5,0.0,18.3,8.1,8.1,8.3,300.0,300.0,20.5,23.0,20.4,19.6,21.5,,,,,,,,,,,,,,,,,,,,,,,,
2026-08-21T01:26:28.960Z,4.356,4.368,0.0,2.9000000000000004,0.0,32.0,0.0,0.0,0.0,0.0,0.0,1.0,0.0,0.0,0.0,0.0,9.0,7.0,1.0,0.0,0.0,0.0,0.0,0.0,0.0,0.0,1.0,12.0,1.0,11.5,5.01,2.5,1.49,0.0,0.0,0.0,0.4,0.0,0.2,-0.7000000000000001,-0.8,-117.5,0.0,0.0,117.5,0.0,18.3,8.1,8.1,8.3,300.0,300.0,20.5,23.0,20.4,19.6,21.5,,,,,,,,,,,,,,,,,,,,,,,,
2026-08-21T01:26:28.972Z,4.368,4.38,0.0,2.9000000000000004,0.0,32.0,0.0,0.0,0.0,0.0,0.0,1.0,0.0,0.0,0.0,0.0,9.0,7.0,1.0,0.0,0.0,0.0,0.0,0.0,0.0,0.0,2.0,12.0,1.0,11.5,5.01,2.5,1.49,0.0,0.0,0.0,0.4,0.0,0.3,-0.1,0.9,-117.5,0.0,0.0,117.5,0.0,18.3,8.1,8.1,8.3,300.0,300.0,20.5,23.0,20.4,19.6,21.5,,,,,,,,,,,,,,,,,,,,,,,,
2026-08-21T01:26:28.984Z,4.38,4.392,0.0,2.9000000000000004,0.0,32.0,0.0,0.0,0.0,0.0,0.0,1.0,0.0,0.0,0.0,0.0,9.0,7.0,1.0,0.0,0.0,0.0,0.0,0.0,0.0,0.0,3.0,12.0,1.0,11.48,5.0200000000000005,2.51,1.49,0.0,0.0,0.0,0.4,0.0,-0.2,0.4,-0.2,-117.5,0.0,0.0,117.4,0.0,18.1,8.3,8.3,8.4,300.0,300.0,20.4,23.0,20.4,19.6,21.5,,,,,,,,,,,,,,,,,,,,,,,,
2026-08-21T01:26:28.996Z,4.392,4.404,0.0,2.9000000000000004,0.0,32.0,0.0,0.0,0.0,0.0,0.0,1.0,0.0,0.0,0.0,0.0,9.0,7.0,1.0,0.0,0.0,0.0,0.0,0.0,0.0,0.0,5.0,12.0,1.0,11.48,5.0200000000000005,2.51,1.49,0.0,0.0,0.0,0.4,0.0,-0.2,0.4,0.9,-117.5,0.0,0.0,117.6,0.0,18.1,8.3,8.3,8.4,300.0,300.0,20.4,23.0,20.4,19.6,21.5,,,,,,,,,,,,,,,,,,,,,,,,
2026-08-21T01:26:29.008Z,4.404,4.416,0.0,2.9000000000000004,0.0,32.0,0.0,0.0,0.0,0.0,0.0,1.0,0.0,0.0,0.0,0.0,9.0,7.0,1.0,0.0,0.0,0.0,0.0,0.0,0.0,0.0,6.0,12.0,1.0,11.48,5.0200000000000005,2.51,1.49,0.0,0.0,0.0,0.4,0.0,0.2,0.4,1.5,-117.5,0.0,0.0,117.4,0.0,18.1,8.3,8.3,8.4,300.0,300.0,20.4,23.0,20.4,19.6,21.5,,,,,,,,,,,,,,,,,,,,,,,,
2026-08-21T01:26:29.020Z,4.416,4.428,0.0,2.9000000000000004,0.0,32.0,0.0,0.0,0.0,0.0,0.0,1.0,0.0,0.0,0.0,0.0,9.0,7.0,1.0,0.0,0.0,0.0,0.0,0.0,0.0,0.0,2.0,12.0,1.0,11.48,5.0200000000000005,2.51,1.49,0.0,0.0,0.0,0.4,0.0,0.2,-0.1,-0.1,-117.5,0.0,0.0,117.6,0.0,18.1,8.3,8.3,8.4,300.0,300.0,20.4,23.0,20.4,19.6,21.5,,,,,,,,,,,,,,,,,,,,,,,,
2026-08-21T01:26:29.032Z,4.428,4.44,0.0,2.9000000000000004,0.0,32.0,0.0,0.0,0.0,0.0,0.0,1.0,0.0,0.0,0.0,0.0,9.0,7.0,1.0,0.0,0.0,0.0,0.0,0.0,0.0,0.0,3.0,12.0,1.0,11.48,5.0200000000000005,2.51,1.49,0.0,0.0,0.0,0.4,0.0,-0.2,-0.6000000000000001,0.0,-117.5,0.0,0.0,117.5,0.0,18.1,8.3,8.3,8.4,300.0,300.0,20.4,23.0,20.4,19.6,21.5,,,,,,,,,,,,,,,,,,,,,,,,
2026-08-21T01:26:29.044Z,4.44,4.452,0.0,2.9000000000000004,0.0,32.0,0.0,0.0,0.0,0.0,0.0,1.0,0.0,0.0,0.0,0.0,9.0,7.0,1.0,0.0,0.0,0.0,0.0,0.0,0.0,0.0,4.0,12.0,1.0,11.48,5.0200000000000005,2.51,1.49,0.0,0.0,0.0,0.4,0.0,-0.8,0.0,0.5,-117.5,0.0,0.0,117.5,0.0,18.1,8.3,8.3,8.4,300.0,300.0,20.4,23.0,20.4,19.6,21.5,,,,,,,,,,,,,,,,,,,,,,,,
2026-08-21T01:26:29.056Z,4.452,4.464,0.0,2.9000000000000004,0.0,32.0,0.0,0.0,0.0,0.0,0.0,1.0,0.0,0.0,0.0,0.0,9.0,7.0,1.0,0.0,0.0,0.0,0.0,0.0,0.0,0.0,4.0,12.0,1.0,11.48,5.0200000000000005,2.51,1.49,0.0,0.0,0.0,0.4,0.0,0.3,-0.5,0.5,-117.5,0.0,0.0,117.5,0.0,18.1,8.3,8.3,8.4,300.0,300.0,20.4,23.0,20.4,19.6,21.5,,,,,,,,,,,,,,,,,,,,,,,,
2026-08-21T01:26:29.068Z,4.464,4.476,0.0,2.9000000000000004,0.0,32.0,0.0,0.0,0.0,0.0,0.0,1.0,0.0,0.0,0.0,0.0,9.0,7.0,1.0,0.0,0.0,0.0,0.0,0.0,0.0,0.0,6.0,12.0,1.0,11.48,5.0200000000000005,2.51,1.49,0.0,0.0,0.0,0.4,0.0,-0.2,0.0,0.5,-117.5,0.0,0.0,117.4,0.0,18.1,8.3,8.3,8.4,300.0,300.0,20.4,23.0,20.4,19.6,21.5,,,,,,,,,,,,,,,,,,,,,,,,
2026-08-21T01:26:29.081Z,4.477,4.488,0.0,2.9000000000000004,0.0,32.0,0.0,0.0,0.0,0.0,0.0,1.0,0.0,0.0,0.0,0.0,9.0,7.0,1.0,0.0,0.0,0.0,0.0,0.0,0.0,0.0,1.0,12.0,1.0,10.43,5.0200000000000005,2.51,1.49,0.0,0.0,0.0,0.5,0.0,0.3,0.5,-0.6000000000000001,-117.5,0.0,0.0,117.5,0.0,17.900000000000002,8.4,8.4,8.6,300.0,300.0,20.4,23.0,20.4,19.6,21.5,,,,,,,,,,,,,,,,,,,,,,,,
