time,time_s,INV_Power_On_Timer,INV_Torque_Feedback,INV_Commanded_Torque,INV_Run_Fault_Hi,INV_Post_Fault_Hi,INV_Run_Fault_Lo,INV_Post_Fault_Lo,INV_Direction_Command,INV_Inverter_Enable_State,INV_Relay_3_Status,INV_Relay_4_Status,INV_Relay_2_Status,INV_Inverter_Run_Mode,INV_Inverter_Command_Mode,INV_Relay_1_Status,INV_Inverter_State,INV_VSM_State,INV_Inverter_Enable_Lockout,INV_Inverter_Discharge_State,INV_Relay_5_Status,INV_Relay_6_Status,INV_BMS_Active,INV_BMS_Torque_Limiting,INV_Max_Speed_Limiting,INV_Low_Speed_Limiting,INV_Rolling_Counter,INV_PWM_Frequency,INV_Start_Mode_Active,INV_Reference_Voltage_12_0,INV_Reference_Voltage_5_0,INV_Reference_Voltage_2_5,INV_Reference_Voltage_1_5,INV_VBC_Vq_Voltage,INV_VAB_Vd_Voltage,INV_Output_Voltage,INV_DC_Bus_Voltage,INV_DC_Bus_Current,INV_Phase_C_Current,INV_Phase_B_Current,INV_Phase_A_Current,INV_Delta_Resolver_Filtered,INV_Electrical_Output_Frequency,INV_Motor_Speed,INV_Motor_Angle_Electrical,INV_Torque_Shudder,INV_Motor_Temperature,INV_RTD5_Temperature,INV_RTD4_Temperature,INV_RTD3_Temperature,INV_RTD2_Temperature,INV_RTD1_Temperature,INV_Control_Board_Temperature,INV_Gate_Driver_Board,INV_Module_C,INV_Module_B,INV_Module_A,INV_Fast_Torque_Command,INV_Fast_Torque_Feedback,INV_Fast_Motor_Speed,INV_Fast_DC_Bus_Voltage,INV_Diag_Record,INV_Diag_Segment,INV_Diag_Gamma_Resolver,INV_Diag_Gamma_Observer,INV_Diag_Sin,INV_Diag_Cos,INV_Diag_Ia,INV_Diag_Ib,INV_Diag_Ic,INV_Diag_Vdc,INV_Diag_Iq_cmd,INV_Diag_Id_cmd,INV_Diag_Mod_Index,INV_Diag_FW_Output,INV_Diag_Vq_Cmd,INV_Diag_Vd_Cmd,INV_Diag_Vqs_Cmd,INV_Diag_12V,INV_Diag_Run_Faults_Lo,INV_Diag_Run_Faults_Hi
2026-08-06T15:22:09.835Z,0.0,0.012,-2.0,0.0,0.0,0.0,0.0,0.0,0.0,0.0,0.0,0.0,0.0,0.0,0.0,0.0,9.0,0.0,1.0,0.0,0.0,0.0,0.0,0.0,0.0,0.0,3.0,12.0,1.0,,,,,0.0,0.0,0.0,0.4,0.0,-8.700000000000001,-12.0,-11.4,-6.800000000000001,0.0,9.0,101.8,,,,,,,,,,,,,,,,,,,,,,,,,,,,,,,,,,,,
2026-08-06T15:22:09.847Z,0.012,0.024,-3.6,0.0,0.0,0.0,0.0,0.0,0.0,0.0,0.0,0.0,0.0,0.0,0.0,0.0,9.0,0.0,1.0,0.0,0.0,0.0,0.0,0.0,0.0,0.0,2.0,12.0,1.0,,,,,0.0,0.0,0.0,0.4,0.0,-8.1,-10.6,-8.9,-13.1,0.0,9.0,95.0,,,,,,,,,,,,,,,,,,,,,,,,,,,,,,,,,,,,
2026-08-06T15:22:09.859Z,0.024,0.036,-4.800000000000001,0.0,0.0,0.0,0.0,0.0,0.0,0.0,0.0,0.0,0.0,0.0,0.0,0.0,9.0,0.0,1.0,0.0,0.0,0.0,0.0,0.0,0.0,0.0,6.0,12.0,1.0,,,,,0.0,0.0,0.0,0.4,0.0,-6.9,-9.8,-8.8,-18.9,0.0,8.0,93.7,,,,,,,,,,,,,,,,,,,,,,,,,,,,,,,,,,,,
2026-08-06T15:22:09.871Z,0.036,0.048,-5.7,0.0,0.0,0.0,0.0,0.0,0.0,0.0,0.0,0.0,0.0,0.0,0.0,0.0,9.0,0.0,1.0,0.0,0.0,0.0,0.0,0.0,0.0,0.0,4.0,12.0,1.0,,,,,0.0,0.0,0.0,0.5,0.0,-6.4,-10.3,-6.9,-24.3,0.0,7.0,93.4,,,,,,,,,,,,,,,,,,,,,,,,,,,,,,,,,,,,
2026-08-06T15:22:09.883Z,0.048,0.06,-6.2,0.0,0.0,0.0,0.0,0.0,0.0,0.0,0.0,0.0,0.0,0.0,0.0,0.0,9.0,0.0,1.0,0.0,0.0,0.0,0.0,0.0,0.0,0.0,3.0,12.0,1.0,,,,,0.0,0.0,0.0,0.4,0.0,-7.0,-7.9,-8.6,-29.4,0.0,7.0,93.3,,,,,,,,,,,,,,,,,,,,,,,,,,,,,,,,,,,,
2026-08-06T15:22:09.895Z,0.06,0.072,-6.5,0.0,0.0,0.0,0.0,0.0,0.0,0.0,0.0,0.0,0.0,0.0,0.0,0.0,9.0,0.0,1.0,0.0,0.0,0.0,0.0,0.0,0.0,0.0,1.0,12.0,1.0,,,,,0.0,0.0,0.0,0.4,0.0,-6.6000000000000005,-8.4,-8.6,-34.0,0.0,6.0,93.5,,,,,,,,,,,,,,,,,,,,,,,,,,,,,,,,,,,,
2026-08-06T15:22:09.907Z,0.072,0.084,-6.7,0.0,0.0,0.0,0.0,0.0,0.0,0.0,0.0,0.0,0.0,0.0,0.0,0.0,9.0,0.0,1.0,0.0,0.0,0.0,0.0,0.0,0.0,0.0,6.0,12.0,1.0,,,,,0.0,0.0,0.0,0.4,0.0,-5.5,-7.800000000000001,-7.4,-38.3,0.0,6.0,93.5,,,,,,,,,,,,,,,,,,,,,,,,,,,,,,,,,,,,
2026-08-06T15:22:09.919Z,0.084,0.096,-6.6000000000000005,0.0,0.0,0.0,0.0,0.0,0.0,0.0,0.0,0.0,0.0,0.0,0.0,0.0,9.0,0.0,1.0,0.0,0.0,0.0,0.0,0.0,0.0,0.0,4.0,12.0,1.0,,,,,0.0,0.0,0.0,0.4,0.0,-5.1000000000000005,-7.300000000000001,-5.2,-42.3,0.0,5.0,93.5,,,,,,,,,,,,,,,,,,,,,,,,,,,,,,,,,,,,
2026-08-06T15:22:09.931Z,0.096,0.108,-6.5,0.0,0.0,0.0,0.0,0.0,0.0,0.0,0.0,0.0,0.0,0.0,0.0,1.0,9.0,2.0,1.0,0.0,0.0,0.0,0.0,0.0,0.0,0.0,4.0,12.0,1.0,12.02,5.0200000000000005,2.51,1.49,0.0,0.0,0.0,0.4,0.0,-4.2,-5.0,-3.5,-46.1,0.0,5.0,93.3,0.0,22.1,0.0,0.0,0.9,295.8,295.8,24.8,1.2000000000000002,1.3,1.3,1.3,,,,,,,,,,,,,,,,,,,,,,,,
2026-08-06T15:22:09.943Z,0.108,0.12,-6.300000000000001,0.0,0.0,0.0,0.0,0.0,0.0,0.0,0.0,0.0,0.0,0.0,0.0,1.0,9.0,2.0,1.0,0.0,0.0,0.0,0.0,0.0,0.0,0.0,3.0,12.0,1.0,12.02,5.0200000000000005,2.51,1.49,0.1,0.0,0.0,0.4,0.0,-5.6000000000000005,-6.300000000000001,-5.4,-49.5,0.0,5.0,93.4,0.0,22.1,0.0,0.0,0.9,295.8,295.8,24.8,1.2000000000000002,1.3,1.3,1.3,,,,,,,,,,,,,,,,,,,,,,,,
2026-08-06T15:22:09.955Z,0.12,0.132,-6.1000000000000005,0.0,0.0,0.0,0.0,0.0,0.0,0.0,0.0,0.0,0.0,0.0,0.0,1.0,9.0,2.0,1.0,0.0,0.0,0.0,0.0,0.0,0.0,0.0,5.0,12.0,1.0,12.02,5.0200000000000005,2.51,1.49,0.0,0.0,0.0,0.4,0.0,-4.1000000000000005,-5.9,-5.6000000000000005,-52.7,0.0,4.0,93.5,0.0,22.1,0.0,0.0,0.9,295.8,295.8,24.8,1.2000000000000002,1.3,1.3,1.3,,,,,,,,,,,,,,,,,,,,,,,,
2026-08-06T15:22:09.967Z,0.132,0.144,-5.9,0.0,0.0,0.0,0.0,0.0,0.0,0.0,0.0,0.0,0.0,0.0,0.0,1.0,9.0,2.0,1.0,0.0,0.0,0.0,0.0,0.0,0.0,0.0,6.0,12.0,1.0,12.02,5.0200000000000005,2.51,1.49,0.0,0.0,0.0,0.4,0.0,-3.3000000000000003,-6.7,-5.2,-55.7,0.0,4.0,93.5,0.0,22.1,0.0,0.0,0.9,295.8,295.8,24.8,1.2000000000000002,1.3,1.3,1.3,,,,,,,,,,,,,,,,,,,,,,,,
2026-08-06T15:22:09.979Z,0.144,0.156,-5.6000000000000005,0.0,0.0,0.0,0.0,0.0,0.0,0.0,0.0,0.0,0.0,0.0,0.0,1.0,9.0,2.0,1.0,0.0,0.0,0.0,0.0,0.0,0.0,0.0,2.0,12.0,1.0,12.02,5.0200000000000005,2.51,1.49,0.0,0.0,0.0,0.4,0.0,-3.6,-4.0,-4.2,-58.400000000000006,0.0,4.0,93.3,0.0,22.1,0.0,0.0,0.9,295.8,295.8,24.8,1.2000000000000002,1.3,1.3,1.3,,,,,,,,,,,,,,,,,,,,,,,,
2026-08-06T15:22:09.992Z,0.157,0.168,-5.300000000000001,0.0,0.0,0.0,0.0,0.0,0.0,0.0,0.0,0.0,0.0,0.0,0.0,1.0,9.0,2.0,1.0,0.0,0.0,0.0,0.0,0.0,0.0,0.0,3.0,12.0,1.0,12.02,5.0200000000000005,2.51,1.49,0.0,0.0,0.0,0.4,0.0,-2.1,-3.7,-4.5,-61.0,0.0,3.0,93.3,0.0,22.1,0.0,0.0,0.9,295.8,295.8,24.8,1.2000000000000002,1.3,1.3,1.3,,,,,,,,,,,,,,,,,,,,,,,,
2026-08-06T15:22:10.004Z,0.169,0.18,-5.0,0.0,0.0,0.0,0.0,0.0,0.0,0.0,0.0,0.0,0.0,0.0,0.0,1.0,9.0,2.0,1.0,0.0,0.0,0.0,0.0,0.0,0.0,0.0,3.0,12.0,1.0,12.02,5.0200000000000005,2.51,1.49,0.0,0.0,0.0,0.4,0.0,-3.7,-3.4000000000000004,-1.8,-63.3,0.0,3.0,93.5,0.0,22.1,0.0,0.0,0.9,295.8,295.8,24.8,1.2000000000000002,1.3,1.3,1.3,,,,,,,,,,,,,,,,,,,,,,,,
2026-08-06T15:22:10.015Z,0.18,0.192,-4.7,0.0,0.0,0.0,0.0,0.0,0.0,0.0,0.0,0.0,0.0,0.0,0.0,1.0,9.0,2.0,1.0,0.0,0.0,0.0,0.0,0.0,0.0,0.0,4.0,12.0,1.0,12.02,5.0200000000000005,2.51,1.49,0.0,0.0,0.0,0.4,0.0,-3.5,-3.7,-4.6000000000000005,-65.5,0.0,3.0,93.5,0.0,22.1,0.0,0.0,0.9,295.8,295.8,24.8,1.2000000000000002,1.3,1.3,1.3,,,,,,,,,,,,,,,,,,,,,,,,
2026-08-06T15:22:10.028Z,0.193,0.204,-4.4,0.0,0.0,0.0,0.0,0.0,0.0,0.0,0.0,0.0,0.0,0.0,0.0,1.0,9.0,2.0,1.0,0.0,0.0,0.0,0.0,0.0,0.0,0.0,5.0,12.0,1.0,12.0,5.01,2.51,1.5,0.0,0.0,0.0,0.4,0.0,-2.7,-2.9000000000000004,-2.6,-67.5,0.0,3.0,93.6,0.0,21.700000000000003,1.5,1.5,2.1,299.90000000000003,299.90000000000003,24.700000000000003,2.5,2.7,2.7,2.7,,,,,,,,,,,,,,,,,,,,,,,,
2026-08-06T15:22:10.039Z,0.204,0.216,-4.1000000000000005,0.0,0.0,0.0,0.0,0.0,0.0,0.0,0.0,0.0,0.0,0.0,0.0,1.0,9.0,2.0,1.0,0.0,0.0,0.0,0.0,0.0,0.0,0.0,6.0,12.0,1.0,12.0,5.01,2.51,1.5,0.0,0.0,0.0,0.4,0.0,-1.9,-2.6,-2.9000000000000004,-69.4,0.0,2.0,93.5,0.0,21.700000000000003,1.5,1.5,2.1,299.90000000000003,299.90000000000003,24.700000000000003,2.5,2.7,2.7,2.7,,,,,,,,,,,,,,,,,,,,,,,,
2026-08-06T15:22:10.052Z,0.217,0.228,-3.9,0.0,0.0,0.0,0.0,0.0,0.0,0.0,0.0,0.0,0.0,0.0,0.0,1.0,9.0,2.0,1.0,0.0,0.0,0.0,0.0,0.0,0.0,0.0,1.0,12.0,1.0,12.0,5.01,2.51,1.5,0.0,0.0,0.0,0.4,0.0,-1.7000000000000002,-2.9000000000000004,-0.9,-71.2,0.0,2.0,93.5,0.0,21.700000000000003,1.5,1.5,2.1,299.90000000000003,299.90000000000003,24.700000000000003,2.5,2.7,2.7,2.7,,,,,,,,,,,,,,,,,,,,,,,,
2026-08-06T15:22:10.063Z,0.228,0.24,-3.6,0.0,0.0,0.0,0.0,0.0,0.0,0.0,0.0,0.0,0.0,0.0,0.0,1.0,9.0,2.0,1.0,0.0,0.0,0.0,0.0,0.0,0.0,0.0,2.0,12.0,1.0,12.0,5.01,2.51,1.5,0.0,0.0,0.0,0.4,0.0,-2.7,-2.1,-1.9,-72.8,0.0,2.0,93.5,0.0,21.700000000000003,1.5,1.5,2.1,299.90000000000003,299.90000000000003,24.700000000000003,2.5,2.7,2.7,2.7,,,,,,,,,,,,,,,,,,,,,,,,
2026-08-06T15:22:10.076Z,0.241,0.252,-3.3000000000000003,0.0,0.0,0.0,0.0,0.0,0.0,0.0,0.0,0.0,0.0,0.0,0.0,1.0,9.0,2.0,1.0,0.0,0.0,0.0,0.0,0.0,0.0,0.0,4.0,12.0,1.0,12.0,5.01,2.51,1.5,0.0,0.0,0.0,0.4,0.0,-2.0,-2.0,-2.9000000000000004,-74.3,0.0,2.0,93.5,0.0,21.700000000000003,1.5,1.5,2.1,299.90000000000003,299.90000000000003,24.700000000000003,2.5,2.7,2.7,2.7,,,,,,,,,,,,,,,,,,,,,,,,
2026-08-06T15:22:11.379Z,1.544,0.012,-2.1,0.0,0.0,0.0,0.0,0.0,0.0,0.0,0.0,0.0,0.0,0.0,0.0,0.0,9.0,0.0,1.0,0.0,0.0,0.0,0.0,0.0,0.0,0.0,3.0,12.0,1.0,12.0,5.01,2.51,1.5,0.0,0.0,0.0,0.4,0.0,-9.3,-10.8,-12.0,-6.800000000000001,0.0,9.0,101.8,0.0,21.700000000000003,1.5,1.5,2.1,299.90000000000003,299.90000000000003,24.700000000000003,2.5,2.7,2.7,2.7,,,,,,,,,,,,,,,,,,,,,,,,
2026-08-06T15:22:11.391Z,1.556,0.024,-3.7,0.0,0.0,0.0,0.0,0.0,0.0,0.0,0.0,0.0,0.0,0.0,0.0,0.0,9.0,0.0,1.0,0.0,0.0,0.0,0.0,0.0,0.0,0.0,1.0,12.0,1.0,12.0,5.01,2.51,1.5,0.0,0.1,0.0,0.5,0.0,-6.9,-10.1,-8.9,-13.1,0.0,9.0,94.9,0.0,21.700000000000003,1.5,1.5,2.1,299.90000000000003,299.90000000000003,24.700000000000003,2.5,2.7,2.7,2.7,,,,,,,,,,,,,,,,,,,,,,,,
2026-08-06T15:22:11.403Z,1.568,0.036,-4.9,0.0,0.0,0.0,0.0,0.0,0.0,0.0,0.0,0.0,0.0,0.0,0.0,0.0,9.0,0.0,1.0,0.0,0.0,0.0,0.0,0.0,0.0,0.0,6.0,12.0,1.0,12.0,5.01,2.51,1.5,0.0,0.0,0.0,0.4,0.0,-7.0,-8.700000000000001,-8.8,-18.9,0.0,8.0,93.6,0.0,21.700000000000003,1.5,1.5,2.1,299.90000000000003,299.90000000000003,24.700000000000003,2.5,2.7,2.7,2.7,,,,,,,,,,,,,,,,,,,,,,,,
2026-08-06T15:22:11.415Z,1.58,0.048,-5.7,0.0,0.0,0.0,0.0,0.0,0.0,0.0,0.0,0.0,0.0,0.0,0.0,0.0,9.0,0.0,1.0,0.0,0.0,0.0,0.0,0.0,0.0,0.0,4.0,12.0,1.0,12.0,5.01,2.51,1.5,0.0,0.0,0.0,0.4,0.0,-5.9,-9.1,-7.5,-24.3,0.0,7.0,93.4,0.0,21.700000000000003,1.5,1.5,2.1,299.90000000000003,299.90000000000003,24.700000000000003,2.5,2.7,2.7,2.7,,,,,,,,,,,,,,,,,,,,,,,,
2026-08-06T15:22:11.427Z,1.592,0.06,-6.2,0.0,0.0,0.0,0.0,0.0,0.0,0.0,0.0,0.0,0.0,0.0,0.0,0.0,9.0,0.0,1.0,0.0,0.0,0.0,0.0,0.0,0.0,0.0,2.0,12.0,1.0,12.0,5.01,2.51,1.5,0.0,0.0,0.0,0.4,0.0,-6.6000000000000005,-7.9,-8.6,-29.3,0.0,7.0,93.3,0.0,21.700000000000003,1.5,1.5,2.1,299.90000000000003,299.90000000000003,24.700000000000003,2.5,2.7,2.7,2.7,,,,,,,,,,,,,,,,,,,,,,,,
2026-08-06T15:22:11.439Z,1.604,0.072,-6.5,0.0,0.0,0.0,0.0,0.0,0.0,0.0,0.0,0.0,0.0,0.0,0.0,0.0,9.0,0.0,1.0,0.0,0.0,0.0,0.0,0.0,0.0,0.0,1.0,12.0,1.0,12.0,5.01,2.51,1.5,0.0,0.0,0.0,0.5,0.0,-5.5,-8.5,-8.6,-34.0,0.0,6.0,93.5,0.0,21.700000000000003,1.5,1.5,2.1,299.90000000000003,299.90000000000003,24.700000000000003,2.5,2.7,2.7,2.7,,,,,,,,,,,,,,,,,,,,,,,,
2026-08-06T15:22:11.451Z,1.616,0.084,-6.7,0.0,0.0,0.0,0.0,0.0,0.0,0.0,0.0,0.0,0.0,0.0,0.0,0.0,9.0,0.0,1.0,0.0,0.0,0.0,0.0,0.0,0.0,0.0,5.0,12.0,1.0,12.0,5.01,2.51,1.5,0.0,0.0,0.0,0.4,0.0,-5.7,-7.300000000000001,-6.9,-38.3,0.0,6.0,93.5,0.0,21.700000000000003,1.5,1.5,2.1,299.90000000000003,299.90000000000003,24.700000000000003,2.5,2.7,2.7,2.7,,,,,,,,,,,,,,,,,,,,,,,,
2026-08-06T15:22:11.464Z,1.629,0.096,-6.6000000000000005,0.0,0.0,0.0,0.0,0.0,0.0,0.0,0.0,0.0,0.0,0.0,0.0,0.0,9.0,0.0,1.0,0.0,0.0,0.0,0.0,0.0,0.0,0.0,4.0,12.0,1.0,12.0,5.01,2.51,1.5,0.0,0.0,0.0,0.4,0.0,-4.800000000000001,-7.4,-5.800000000000001,-42.3,0.0,5.0,93.5,0.0,21.700000000000003,1.5,1.5,2.1,299.90000000000003,299.90000000000003,24.700000000000003,2.5,2.7,2.7,2.7,,,,,,,,,,,,,,,,,,,,,,,,
2026-08-06T15:22:11.476Z,1.641,0.108,-6.5,0.0,0.0,0.0,0.0,0.0,0.0,0.0,0.0,0.0,0.0,0.0,0.0,1.0,9.0,2.0,1.0,0.0,0.0,0.0,0.0,0.0,0.0,0.0,4.0,12.0,1.0,12.02,5.0200000000000005,2.51,1.49,0.0,0.0,0.0,0.4,0.0,-5.0,-5.800000000000001,-4.9,-46.1,0.0,5.0,93.5,0.0,22.3,0.0,0.0,0.9,295.8,295.8,25.1,1.2000000000000002,1.3,1.3,1.3,,,,,,,,,,,,,,,,,,,,,,,,
2026-08-06T15:22:11.487Z,1.652,0.12,-6.4,0.0,0.0,0.0,0.0,0.0,0.0,0.0,0.0,0.0,0.0,0.0,0.0,1.0,9.0,2.0,1.0,0.0,0.0,0.0,0.0,0.0,0.0,0.0,2.0,12.0,1.0,12.02,5.0200000000000005,2.51,1.49,0.0,0.0,0.0,0.4,0.0,-3.4000000000000004,-4.7,-5.7,-49.5,0.0,5.0,93.5,0.0,22.3,0.0,0.0,0.9,295.8,295.8,25.1,1.2000000000000002,1.3,1.3,1.3,,,,,,,,,,,,,,,,,,,,,,,,
2026-08-06T15:22:11.499Z,1.664,0.132,-6.2,0.0,0.0,0.0,0.0,0.0,0.0,0.0,0.0,0.0,0.0,0.0,0.0,1.0,9.0,2.0,1.0,0.0,0.0,0.0,0.0,0.0,0.0,0.0,5.0,12.0,1.0,12.02,5.0200000000000005,2.51,1.49,0.0,0.0,0.0,0.4,0.0,-4.3,-6.1000000000000005,-5.9,-52.7,0.0,4.0,93.5,0.0,22.3,0.0,0.0,0.9,295.8,295.8,25.1,1.2000000000000002,1.3,1.3,1.3,,,,,,,,,,,,,,,,,,,,,,,,
2026-08-06T15:22:11.512Z,1.677,0.144,-5.9,0.0,0.0,0.0,0.0,0.0,0.0,0.0,0.0,0.0,0.0,0.0,0.0,1.0,9.0,2.0,1.0,0.0,0.0,0.0,0.0,0.0,0.0,0.0,6.0,12.0,1.0,12.02,5.0200000000000005,2.51,1.49,0.0,0.0,0.0,0.5,0.0,-4.0,-5.7,-4.9,-55.7,0.0,4.0,93.4,0.0,22.3,0.0,0.0,0.9,295.8,295.8,25.1,1.2000000000000002,1.3,1.3,1.3,,,,,,,,,,,,,,,,,,,,,,,,
2026-08-06T15:22:11.523Z,1.688,0.156,-5.6000000000000005,0.0,0.0,0.0,0.0,0.0,0.0,0.0,0.0,0.0,0.0,0.0,0.0,1.0,9.0,2.0,1.0,0.0,0.0,0.0,0.0,0.0,0.0,0.0,1.0,12.0,1.0,12.02,5.0200000000000005,2.51,1.49,0.0,0.1,0.0,0.4,0.0,-3.1,-4.1000000000000005,-3.4000000000000004,-58.400000000000006,0.0,4.0,93.4,0.0,22.3,0.0,0.0,0.9,295.8,295.8,25.1,1.2000000000000002,1.3,1.3,1.3,,,,,,,,,,,,,,,,,,,,,,,,
2026-08-06T15:22:11.535Z,1.7,0.168,-5.4,0.0,0.0,0.0,0.0,0.0,0.0,0.0,0.0,0.0,0.0,0.0,0.0,1.0,9.0,2.0,1.0,0.0,0.0,0.0,0.0,0.0,0.0,0.0,2.0,12.0,1.0,12.02,5.0200000000000005,2.51,1.49,0.0,0.0,0.0,0.4,0.0,-3.4000000000000004,-4.4,-2.4000000000000004,-61.0,0.0,3.0,93.4,0.0,22.3,0.0,0.0,0.9,295.8,295.8,25.1,1.2000000000000002,1.3,1.3,1.3,,,,,,,,,,,,,,,,,,,,,,,,
2026-08-06T15:22:11.548Z,1.713,0.18,-5.1000000000000005,0.0,0.0,0.0,0.0,0.0,0.0,0.0,0.0,0.0,0.0,0.0,0.0,1.0,9.0,2.0,1.0,0.0,0.0,0.0,0.0,0.0,0.0,0.0,4.0,12.0,1.0,12.02,5.0200000000000005,2.51,1.49,0.0,0.0,0.0,0.4,0.0,-3.2,-4.7,-4.5,-63.3,0.0,3.0,93.5,0.0,22.3,0.0,0.0,0.9,295.8,295.8,25.1,1.2000000000000002,1.3,1.3,1.3,,,,,,,,,,,,,,,,,,,,,,,,
2026-08-06T15:22:11.559Z,1.724,0.192,-4.800000000000001,0.0,0.0,0.0,0.0,0.0,0.0,0.0,0.0,0.0,0.0,0.0,0.0,1.0,9.0,2.0,1.0,0.0,0.0,0.0,0.0,0.0,0.0,0.0,5.0,12.0,1.0,12.02,5.0200000000000005,2.51,1.49,0.0,0.0,0.0,0.5,0.0,-2.4000000000000004,-3.8,-4.800000000000001,-65.5,0.0,3.0,93.5,0.0,22.3,0.0,0.0,0.9,295.8,295.8,25.1,1.2000000000000002,1.3,1.3,1.3,,,,,,,,,,,,,,,,,,,,,,,,
2026-08-06T15:22:11.572Z,1.737,0.204,-4.5,0.0,0.0,0.0,0.0,0.0,0.0,0.0,0.0,0.0,0.0,0.0,0.0,1.0,9.0,2.0,1.0,0.0,0.0,0.0,0.0,0.0,0.0,0.0,6.0,12.0,1.0,12.0,5.0200000000000005,2.51,1.5,0.0,0.0,0.0,0.4,0.0,-2.2,-3.5,-2.7,-67.5,0.0,3.0,93.6,0.0,21.9,1.5,1.5,2.1,299.90000000000003,299.90000000000003,24.700000000000003,2.5,2.7,2.7,2.7,,,,,,,,,,,,,,,,,,,,,,,,
2026-08-06T15:22:11.584Z,1.749,0.216,-4.2,0.0,0.0,0.0,0.0,0.0,0.0,0.0,0.0,0.0,0.0,0.0,0.0,1.0,9.0,2.0,1.0,0.0,0.0,0.0,0.0,0.0,0.0,0.0,1.0,12.0,1.0,12.0,5.0200000000000005,2.51,1.5,0.0,0.0,0.0,0.4,0.0,-2.0,-2.1,-3.7,-69.4,0.0,2.0,93.4,0.0,21.9,1.5,1.5,2.1,299.90000000000003,299.90000000000003,24.700000000000003,2.5,2.7,2.7,2.7,,,,,,,,,,,,,,,,,,,,,,,,
2026-08-06T15:22:11.596Z,1.761,0.228,-3.9,0.0,0.0,0.0,0.0,0.0,0.0,0.0,0.0,0.0,0.0,0.0,0.0,1.0,9.0,2.0,1.0,0.0,0.0,0.0,0.0,0.0,0.0,0.0,2.0,12.0,1.0,12.0,5.0200000000000005,2.51,1.5,0.0,0.0,0.0,0.4,0.0,-3.0,-3.6,-4.0,-71.2,0.0,2.0,93.5,0.0,21.9,1.5,1.5,2.1,299.90000000000003,299.90000000000003,24.700000000000003,2.5,2.7,2.7,2.7,,,,,,,,,,,,,,,,,,,,,,,,
2026-08-06T15:22:11.608Z,1.773,0.24,-3.7,0.0,0.0,0.0,0.0,0.0,0.0,0.0,0.0,0.0,0.0,0.0,0.0,1.0,9.0,2.0,1.0,0.0,0.0,0.0,0.0,0.0,0.0,0.0,3.0,12.0,1.0,12.0,5.0200000000000005,2.51,1.5,0.0,0.0,0.0,0.4,0.0,-1.1,-2.2,-1.5,-72.8,0.0,2.0,93.4,0.0,21.9,1.5,1.5,2.1,299.90000000000003,299.90000000000003,24.700000000000003,2.5,2.7,2.7,2.7,,,,,,,,,,,,,,,,,,,,,,,,
2026-08-06T15:22:11.620Z,1.785,0.252,-3.4000000000000004,0.0,0.0,0.0,0.0,0.0,0.0,0.0,0.0,0.0,0.0,0.0,0.0,1.0,9.0,2.0,1.0,0.0,0.0,0.0,0.0,0.0,0.0,0.0,5.0,12.0,1.0,12.0,5.0200000000000005,2.51,1.5,0.0,0.0,0.0,0.4,0.0,-2.2,-1.5,-3.1,-74.3,0.0,2.0,93.5,0.0,21.9,1.5,1.5,2.1,299.90000000000003,299.90000000000003,24.700000000000003,2.5,2.7,2.7,2.7,,,,,,,,,,,,,,,,,,,,,,,,
2026-08-06T15:22:11.631Z,1.796,0.264,-3.2,0.0,0.0,0.0,0.0,0.0,0.0,0.0,0.0,0.0,0.0,0.0,0.0,1.0,9.0,2.0,1.0,0.0,0.0,0.0,0.0,0.0,0.0,0.0,6.0,12.0,1.0,12.0,5.0200000000000005,2.51,1.5,0.0,0.1,0.0,0.4,0.0,-1.4,-3.1,-3.6,-75.7,0.0,2.0,93.3,0.0,21.9,1.5,1.5,2.1,299.90000000000003,299.90000000000003,24.700000000000003,2.5,2.7,2.7,2.7,,,,,,,,,,,,,,,,,,,,,,,,
2026-08-06T15:22:11.644Z,1.809,0.276,-3.0,0.0,0.0,0.0,0.0,0.0,0.0,0.0,0.0,0.0,0.0,0.0,0.0,1.0,9.0,2.0,1.0,0.0,0.0,0.0,0.0,0.0,0.0,0.0,1.0,12.0,1.0,12.0,5.0200000000000005,2.51,1.5,0.0,0.0,0.0,0.4,0.0,-1.3,-1.8,-2.2,-77.0,0.0,2.0,93.5,0.0,21.9,1.5,1.5,2.1,299.90000000000003,299.90000000000003,24.700000000000003,2.5,2.7,2.7,2.7,,,,,,,,,,,,,,,,,,,,,,,,
2026-08-06T15:22:11.655Z,1.82,0.288,-2.8000000000000003,0.0,0.0,0.0,0.0,0.0,0.0,0.0,0.0,0.0,0.0,0.0,0.0,1.0,9.0,2.0,1.0,0.0,0.0,0.0,0.0,0.0,0.0,0.0,2.0,12.0,1.0,12.0,5.0200000000000005,2.51,1.5,0.0,0.0,0.0,0.4,0.0,-1.7000000000000002,-2.8000000000000003,-0.9,-78.2,0.0,2.0,93.5,0.0,21.9,1.5,1.5,2.1,299.90000000000003,299.90000000000003,24.700000000000003,2.5,2.7,2.7,2.7,,,,,,,,,,,,,,,,,,,,,,,,
2026-08-06T15:22:11.667Z,1.832,0.3,-2.6,0.0,0.0,0.0,0.0,0.0,0.0,0.0,0.0,0.0,0.0,0.0,0.0,1.0,9.0,2.0,1.0,0.0,0.0,0.0,0.0,0.0,0.0,0.0,3.0,12.0,1.0,12.0,5.0200000000000005,2.51,1.5,0.0,0.0,0.0,0.4,0.0,-1.0,-0.9,0.9,-79.30000000000001,0.0,1.0,93.4,0.0,21.9,1.5,1.5,2.1,299.90000000000003,299.90000000000003,24.700000000000003,2.5,2.7,2.7,2.7,,,,,,,,,,,,,,,,,,,,,,,,
2026-08-06T15:22:11.680Z,1.845,0.312,-2.5,0.0,0.0,0.0,0.0,0.0,0.0,0.0,0.0,0.0,0.0,0.0,0.0,1.0,9.0,2.0,1.0,0.0,0.0,0.0,0.0,0.0,0.0,0.0,4.0,12.0,1.0,12.02,5.01,2.5,1.49,0.0,0.0,0.0,0.4,0.0,-1.6,-1.9,-2.4000000000000004,-80.30000000000001,0.0,1.0,93.5,0.0,21.200000000000003,1.5,1.5,1.9,300.0,300.0,24.8,3.9,4.0,4.0,4.0,,,,,,,,,,,,,,,,,,,,,,,,
2026-08-06T15:22:11.692Z,1.857,0.324,-2.3000000000000003,0.0,0.0,0.0,0.0,0.0,0.0,0.0,0.0,0.0,0.0,0.0,0.0,1.0,9.0,2.0,1.0,0.0,0.0,0.0,0.0,0.0,0.0,0.0,5.0,12.0,1.0,12.02,5.01,2.5,1.49,0.0,0.0,0.0,0.4,0.0,-1.4,-2.4000000000000004,-2.8000000000000003,-81.30000000000001,0.0,1.0,93.4,0.0,21.200000000000003,1.5,1.5,1.9,300.0,300.0,24.8,3.9,4.0,4.0,4.0,,,,,,,,,,,,,,,,,,,,,,,,
2026-08-06T15:22:11.704Z,1.869,0.336,-2.2,0.0,0.0,0.0,0.0,0.0,0.0,0.0,0.0,0.0,0.0,0.0,0.0,1.0,9.0,2.0,1.0,0.0,0.0,0.0,0.0,0.0,0.0,0.0,6.0,12.0,1.0,12.02,5.01,2.5,1.49,0.0,0.0,0.0,0.4,0.0,-1.4,-1.1,-0.4,-82.10000000000001,0.0,1.0,93.4,0.0,21.200000000000003,1.5,1.5,1.9,300.0,300.0,24.8,3.9,4.0,4.0,4.0,,,,,,,,,,,,,,,,,,,,,,,,
2026-08-06T15:22:11.715Z,1.88,0.348,-2.0,0.0,0.0,0.0,0.0,0.0,0.0,0.0,0.0,0.0,0.0,0.0,0.0,1.0,9.0,2.0,1.0,0.0,0.0,0.0,0.0,0.0,0.0,0.0,1.0,12.0,1.0,12.02,5.01,2.5,1.49,0.0,0.0,0.0,0.4,0.0,-0.1,0.1,0.8,-83.0,0.0,1.0,93.5,0.0,21.200000000000003,1.5,1.5,1.9,300.0,300.0,24.8,3.9,4.0,4.0,4.0,,,,,,,,,,,,,,,,,,,,,,,,
2026-08-06T15:22:11.727Z,1.892,0.36,-1.9,0.0,0.0,0.0,0.0,0.0,0.0,0.0,0.0,0.0,0.0,0.0,0.0,1.0,9.0,2.0,1.0,0.0,0.0,0.0,0.0,0.0,0.0,0.0,2.0,12.0,1.0,12.02,5.01,2.5,1.49,0.0,0.0,0.0,0.4,0.0,-1.2000000000000002,-2.0,-2.5,-83.7,0.0,1.0,93.4,0.0,21.200000000000003,1.5,1.5,1.9,300.0,300.0,24.8,3.9,4.0,4.0,4.0,,,,,,,,,,,,,,,,,,,,,,,,
2026-08-06T15:22:11.740Z,1.905,0.372,-1.8,0.0,0.0,0.0,0.0,0.0,0.0,0.0,0.0,0.0,0.0,0.0,0.0,1.0,9.0,2.0,1.0,0.0,0.0,0.0,0.0,0.0,0.0,0.0,4.0,12.0,1.0,12.02,5.01,2.5,1.49,0.0,0.0,0.0,0.4,0.0,-0.5,-1.9,-3.0,-84.4,0.0,1.0,93.5,0.0,21.200000000000003,1.5,1.5,1.9,300.0,300.0,24.8,3.9,4.0,4.0,4.0,,,,,,,,,,,,,,,,,,,,,,,,
2026-08-06T15:22:11.760Z,1.925,0.384,-1.6,0.0,0.0,0.0,0.0,0.0,0.0,0.0,0.0,0.0,0.0,0.0,0.0,1.0,9.0,2.0,1.0,0.0,0.0,0.0,0.0,0.0,0.0,0.0,5.0,12.0,1.0,12.02,5.01,2.5,1.49,0.0,0.0,0.0,0.4,0.0,-1.1,-2.4000000000000004,-1.1,-85.10000000000001,0.0,1.0,93.5,0.0,21.200000000000003,1.5,1.5,1.9,300.0,300.0,24.8,3.9,4.0,4.0,4.0,,,,,,,,,,,,,,,,,,,,,,,,
2026-08-06T15:22:11.764Z,1.929,0.396,-1.5,0.0,0.0,0.0,0.0,0.0,0.0,0.0,0.0,0.0,0.0,0.0,0.0,1.0,9.0,2.0,1.0,0.0,0.0,0.0,0.0,0.0,0.0,0.0,6.0,12.0,1.0,12.02,5.01,2.5,1.49,0.0,0.0,0.0,0.4,0.0,-0.4,-0.6000000000000001,-1.0,-85.7,0.0,1.0,93.5,0.0,21.200000000000003,1.5,1.5,1.9,300.0,300.0,24.8,3.9,4.0,4.0,4.0,,,,,,,,,,,,,,,,,,,,,,,,
2026-08-06T15:22:11.777Z,1.942,0.408,-1.4,0.0,0.0,0.0,0.0,0.0,0.0,0.0,0.0,0.0,0.0,0.0,0.0,1.0,9.0,2.0,1.0,0.0,0.0,0.0,0.0,0.0,0.0,0.0,1.0,12.0,1.0,12.04,5.0200000000000005,2.51,1.49,0.0,0.0,0.0,0.4,0.0,-0.9,0.0,-0.3,-86.2,0.0,1.0,93.3,0.0,21.4,1.5,1.5,1.8,300.0,300.0,24.8,5.2,5.4,5.4,5.4,,,,,,,,,,,,,,,,,,,,,,,,
2026-08-06T15:22:11.788Z,1.953,0.42,-1.3,0.0,0.0,0.0,0.0,0.0,0.0,0.0,0.0,0.0,0.0,0.0,0.0,1.0,9.0,2.0,1.0,0.0,0.0,0.0,0.0,0.0,0.0,0.0,2.0,12.0,1.0,12.04,5.0200000000000005,2.51,1.49,0.0,0.0,0.0,0.4,0.0,-0.9,-1.0,-0.2,-86.80000000000001,0.0,1.0,93.4,0.0,21.4,1.5,1.5,1.8,300.0,300.0,24.8,5.2,5.4,5.4,5.4,,,,,,,,,,,,,,,,,,,,,,,,
2026-08-06T15:22:11.800Z,1.965,0.432,-1.2000000000000002,0.0,0.0,0.0,0.0,0.0,0.0,0.0,0.0,0.0,0.0,0.0,0.0,1.0,9.0,2.0,1.0,0.0,0.0,0.0,0.0,0.0,0.0,0.0,3.0,12.0,1.0,12.04,5.0200000000000005,2.51,1.49,0.0,0.0,0.0,0.4,0.0,-1.4,-1.5,-1.3,-87.30000000000001,0.0,1.0,93.5,0.0,21.4,1.5,1.5,1.8,300.0,300.0,24.8,5.2,5.4,5.4,5.4,,,,,,,,,,,,,,,,,,,,,,,,
2026-08-06T15:22:11.812Z,1.977,0.444,-1.1,0.0,0.0,0.0,0.0,0.0,0.0,0.0,0.0,0.0,0.0,0.0,0.0,1.0,9.0,2.0,1.0,0.0,0.0,0.0,0.0,0.0,0.0,0.0,5.0,12.0,1.0,12.04,5.0200000000000005,2.51,1.49,0.0,0.0,0.0,0.4,0.0,-0.1,-1.4,-1.9,-87.7,0.0,1.0,93.5,0.0,21.4,1.5,1.5,1.8,300.0,300.0,24.8,5.2,5.4,5.4,5.4,,,,,,,,,,,,,,,,,,,,,,,,
2026-08-06T15:22:11.824Z,1.989,0.456,-1.0,0.0,0.0,0.0,0.0,0.0,0.0,0.0,0.0,0.0,0.0,0.0,0.0,1.0,9.0,2.0,1.0,0.0,0.0,0.0,0.0,0.0,0.0,0.0,5.0,12.0,1.0,12.04,5.0200000000000005,2.51,1.49,0.0,0.0,0.0,0.4,0.0,-0.1,0.8,-0.1,-88.10000000000001,0.0,1.0,93.3,0.0,21.4,1.5,1.5,1.8,300.0,300.0,24.8,5.2,5.4,5.4,5.4,,,,,,,,,,,,,,,,,,,,,,,,
2026-08-06T15:22:11.836Z,2.001,0.468,-0.9,0.0,0.0,0.0,0.0,0.0,0.0,0.0,0.0,0.0,0.0,0.0,0.0,1.0,9.0,2.0,1.0,0.0,0.0,0.0,0.0,0.0,0.0,0.0,6.0,12.0,1.0,12.04,5.0200000000000005,2.51,1.49,0.0,0.0,0.0,0.4,0.0,-1.3,-0.2,0.5,-88.5,0.0,1.0,93.5,0.0,21.4,1.5,1.5,1.8,300.0,300.0,24.8,5.2,5.4,5.4,5.4,,,,,,,,,,,,,,,,,,,,,,,,
2026-08-06T15:22:11.848Z,2.013,0.48,-0.9,0.0,0.0,0.0,0.0,0.0,0.0,0.0,0.0,0.0,0.0,0.0,0.0,1.0,9.0,2.0,1.0,0.0,0.0,0.0,0.0,0.0,0.0,0.0,2.0,12.0,1.0,12.04,5.0200000000000005,2.51,1.49,0.0,0.0,0.0,0.4,0.0,-0.1,-0.7000000000000001,0.5,-88.9,0.0,0.0,93.5,0.0,21.4,1.5,1.5,1.8,300.0,300.0,24.8,5.2,5.4,5.4,5.4,,,,,,,,,,,,,,,,,,,,,,,,
2026-08-06T15:22:11.859Z,2.024,0.492,-0.8,0.0,0.0,0.0,0.0,0.0,0.0,0.0,0.0,0.0,0.0,0.0,0.0,1.0,9.0,2.0,1.0,0.0,0.0,0.0,0.0,0.0,0.0,0.0,3.0,12.0,1.0,12.04,5.0200000000000005,2.51,1.49,0.0,0.1,0.0,0.4,0.0,-1.2000000000000002,-1.8,0.0,-89.2,0.0,0.0,93.5,0.0,21.4,1.5,1.5,1.8,300.0,300.0,24.8,5.2,5.4,5.4,5.4,,,,,,,,,,,,,,,,,,,,,,,,
2026-08-06T15:22:11.872Z,2.037,0.504,-0.7000000000000001,0.0,0.0,0.0,0.0,0.0,0.0,0.0,0.0,0.0,0.0,0.0,0.0,1.0,9.0,2.0,1.0,0.0,0.0,0.0,0.0,0.0,0.0,0.0,5.0,12.0,1.0,12.04,5.0200000000000005,2.51,1.49,0.0,0.0,0.0,0.4,0.0,0.5,0.0,-1.0,-89.5,0.0,0.0,93.4,0.0,21.4,1.5,1.5,1.8,300.0,300.0,24.8,5.2,5.4,5.4,5.4,,,,,,,,,,,,,,,,,,,,,,,,
2026-08-06T15:22:11.884Z,2.049,0.516,-0.7000000000000001,0.0,0.0,0.0,0.0,0.0,0.0,0.0,0.0,0.0,0.0,0.0,0.0,1.0,9.0,2.0,1.0,0.0,0.0,0.0,0.0,0.0,0.0,0.0,6.0,12.0,1.0,12.01,5.0200000000000005,2.51,1.49,0.0,0.1,0.0,0.5,0.0,0.5,0.0,0.7000000000000001,-89.80000000000001,0.0,0.0,93.5,0.0,22.1,1.6,1.6,1.8,300.0,300.0,24.700000000000003,6.6000000000000005,6.800000000000001,6.800000000000001,6.800000000000001,,,,,,,,,,,,,,,,,,,,,,,,
2026-08-06T15:22:11.895Z,2.06,0.528,-0.6000000000000001,0.0,0.0,0.0,0.0,0.0,0.0,0.0,0.0,0.0,0.0,0.0,0.0,1.0,9.0,2.0,1.0,0.0,0.0,0.0,0.0,0.0,0.0,0.0,2.0,12.0,1.0,12.01,5.0200000000000005,2.51,1.49,0.0,0.0,0.0,0.4,0.0,0.0,-1.1,0.1,-90.1,0.0,0.0,93.5,0.0,22.1,1.6,1.6,1.8,300.0,300.0,24.700000000000003,6.6000000000000005,6.800000000000001,6.800000000000001,6.800000000000001,,,,,,,,,,,,,,,,,,,,,,,,
2026-08-06T15:22:11.907Z,2.072,0.54,-0.5,0.0,0.0,0.0,0.0,0.0,0.0,0.0,0.0,0.0,0.0,0.0,0.0,1.0,9.0,2.0,1.0,0.0,0.0,0.0,0.0,0.0,0.0,0.0,2.0,12.0,1.0,12.01,5.0200000000000005,2.51,1.49,0.0,0.0,0.0,0.4,0.0,0.0,-0.5,-0.9,-90.3,0.0,0.0,93.5,0.0,22.1,1.6,1.6,1.8,300.0,300.0,24.700000000000003,6.6000000000000005,6.800000000000001,6.800000000000001,6.800000000000001,,,,,,,,,,,,,,,,,,,,,,,,
2026-08-06T15:22:11.919Z,2.084,0.552,-0.5,0.0,0.0,0.0,0.0,0.0,0.0,0.0,0.0,0.0,0.0,0.0,0.0,1.0,9.0,2.0,1.0,0.0,0.0,0.0,0.0,0.0,0.0,0.0,4.0,12.0,1.0,12.01,5.0200000000000005,2.51,1.49,0.0,0.0,0.0,0.4,0.0,0.0,0.0,0.7000000000000001,-90.5,0.0,0.0,93.4,0.0,22.1,1.6,1.6,1.8,300.0,300.0,24.700000000000003,6.6000000000000005,6.800000000000001,6.800000000000001,6.800000000000001,,,,,,,,,,,,,,,,,,,,,,,,
2026-08-06T15:22:11.932Z,2.097,0.5640000000000001,-0.5,0.0,0.0,0.0,0.0,0.0,0.0,0.0,0.0,0.0,0.0,0.0,0.0,1.0,9.0,2.0,1.0,0.0,0.0,0.0,0.0,0.0,0.0,0.0,5.0,12.0,1.0,12.01,5.0200000000000005,2.51,1.49,0.0,0.0,0.0,0.4,0.0,0.0,0.0,-0.9,-90.7,0.0,0.0,93.3,0.0,22.1,1.6,1.6,1.8,300.0,300.0,24.700000000000003,6.6000000000000005,6.800000000000001,6.800000000000001,6.800000000000001,,,,,,,,,,,,,,,,,,,,,,,,
2026-08-06T15:22:11.943Z,2.108,0.5760000000000001,-0.4,0.0,0.0,0.0,0.0,0.0,0.0,0.0,0.0,0.0,0.0,0.0,0.0,1.0,9.0,2.0,1.0,0.0,0.0,0.0,0.0,0.0,0.0,0.0,6.0,12.0,1.0,12.01,5.0200000000000005,2.51,1.49,0.0,0.0,0.0,0.4,0.0,-0.5,-1.5,-0.3,-90.9,0.0,0.0,93.4,0.0,22.1,1.6,1.6,1.8,300.0,300.0,24.700000000000003,6.6000000000000005,6.800000000000001,6.800000000000001,6.800000000000001,,,,,,,,,,,,,,,,,,,,,,,,
2026-08-06T15:22:11.955Z,2.12,0.588,-0.4,0.0,0.0,0.0,0.0,0.0,0.0,0.0,0.0,0.0,0.0,0.0,0.0,1.0,9.0,2.0,1.0,0.0,0.0,0.0,0.0,0.0,0.0,0.0,2.0,12.0,1.0,12.01,5.0200000000000005,2.51,1.49,0.1,0.0,0.0,0.4,0.0,-0.4,-0.4,-0.3,-91.1,0.0,0.0,93.5,0.0,22.1,1.6,1.6,1.8,300.0,300.0,24.700000000000003,6.6000000000000005,6.800000000000001,6.800000000000001,6.800000000000001,,,,,,,,,,,,,,,,,,,,,,,,
2026-08-06T15:22:11.968Z,2.133,0.6,-0.3,0.0,0.0,0.0,0.0,0.0,0.0,0.0,0.0,0.0,0.0,0.0,0.0,1.0,9.0,2.0,1.0,0.0,0.0,0.0,0.0,0.0,0.0,0.0,3.0,12.0,1.0,12.01,5.0200000000000005,2.51,1.49,0.0,0.0,0.0,0.4,0.0,-1.0,0.8,-0.9,-91.3,0.0,0.0,93.5,0.0,22.1,1.6,1.6,1.8,300.0,300.0,24.700000000000003,6.6000000000000005,6.800000000000001,6.800000000000001,6.800000000000001,,,,,,,,,,,,,,,,,,,,,,,,
2026-08-06T15:22:11.981Z,2.146,0.612,-0.3,0.0,0.0,0.0,0.0,0.0,0.0,0.0,0.0,0.0,0.0,0.0,0.0,1.0,9.0,2.0,1.0,0.0,0.0,0.0,0.0,0.0,0.0,0.0,4.0,12.0,1.0,12.04,5.01,2.5,1.49,0.0,0.0,0.0,0.4,0.0,0.7000000000000001,0.2,0.8,-91.4,0.0,0.0,93.5,0.0,21.4,1.7000000000000002,1.7000000000000002,1.8,300.0,300.0,24.8,8.0,8.1,8.1,8.1,,,,,,,,,,,,,,,,,,,,,,,,
2026-08-06T15:22:11.994Z,2.159,0.624,-0.3,0.0,0.0,0.0,0.0,0.0,0.0,0.0,0.0,0.0,0.0,0.0,0.0,1.0,9.0,2.0,1.0,0.0,0.0,0.0,0.0,0.0,0.0,0.0,5.0,12.0,1.0,12.04,5.01,2.5,1.49,0.0,0.0,0.0,0.4,0.0,-0.4,-1.5,-0.3,-91.6,0.0,0.0,93.6,0.0,21.4,1.7000000000000002,1.7000000000000002,1.8,300.0,300.0,24.8,8.0,8.1,8.1,8.1,,,,,,,,,,,,,,,,,,,,,,,,
2026-08-06T15:22:12.004Z,2.169,0.636,-0.3,0.0,0.0,0.0,0.0,0.0,0.0,0.0,0.0,0.0,0.0,0.0,0.0,1.0,9.0,2.0,1.0,0.0,0.0,0.0,0.0,0.0,0.0,0.0,5.0,12.0,1.0,12.04,5.01,2.5,1.49,0.0,0.0,0.0,0.4,0.0,-0.4,-1.5,0.2,-91.7,0.0,0.0,93.5,0.0,21.4,1.7000000000000002,1.7000000000000002,1.8,300.0,300.0,24.8,8.0,8.1,8.1,8.1,,,,,,,,,,,,,,,,,,,,,,,,
2026-08-06T15:22:12.016Z,2.181,0.648,-0.2,0.0,0.0,0.0,0.0,0.0,0.0,0.0,0.0,0.0,0.0,0.0,0.0,1.0,9.0,2.0,1.0,0.0,0.0,0.0,0.0,0.0,0.0,0.0,6.0,12.0,1.0,12.04,5.01,2.5,1.49,0.0,0.0,0.0,0.4,0.0,0.1,0.8,-0.2,-91.9,0.0,0.0,93.5,0.0,21.4,1.7000000000000002,1.7000000000000002,1.8,300.0,300.0,24.8,8.0,8.1,8.1,8.1,,,,,,,,,,,,,,,,,,,,,,,,
2026-08-06T15:22:12.028Z,2.193,0.66,-0.2,0.0,0.0,0.0,0.0,0.0,0.0,0.0,0.0,0.0,0.0,0.0,0.0,1.0,9.0,2.0,1.0,0.0,0.0,0.0,0.0,0.0,0.0,0.0,1.0,12.0,1.0,12.04,5.01,2.5,1.49,0.0,0.0,0.0,0.4,0.0,0.7000000000000001,0.3,0.3,-92.0,0.0,0.0,93.3,0.0,21.4,1.7000000000000002,1.7000000000000002,1.8,300.0,300.0,24.8,8.0,8.1,8.1,8.1,,,,,,,,,,,,,,,,,,,,,,,,
2026-08-06T15:22:12.039Z,2.204,0.672,-0.2,0.0,0.0,0.0,0.0,0.0,0.0,0.0,0.0,0.0,0.0,0.0,0.0,1.0,9.0,2.0,1.0,0.0,0.0,0.0,0.0,0.0,0.0,0.0,3.0,12.0,1.0,12.04,5.01,2.5,1.49,0.0,0.0,0.0,0.4,0.0,-0.3,-0.8,0.3,-92.1,0.0,0.0,93.5,0.0,21.4,1.7000000000000002,1.7000000000000002,1.8,300.0,300.0,24.8,8.0,8.1,8.1,8.1,,,,,,,,,,,,,,,,,,,,,,,,
2026-08-06T15:22:12.051Z,2.216,0.684,-0.2,0.0,0.0,0.0,0.0,0.0,0.0,0.0,0.0,0.0,0.0,0.0,0.0,1.0,9.0,2.0,1.0,0.0,0.0,0.0,0.0,0.0,0.0,0.0,4.0,12.0,1.0,12.04,5.01,2.5,1.49,0.0,0.0,0.0,0.4,0.0,0.2,-0.8,-1.4,-92.2,0.0,0.0,93.5,0.0,21.4,1.7000000000000002,1.7000000000000002,1.8,300.0,300.0,24.8,8.0,8.1,8.1,8.1,,,,,,,,,,,,,,,,,,,,,,,,
2026-08-06T15:22:12.064Z,2.229,0.6960000000000001,-0.1,0.0,0.0,0.0,0.0,0.0,0.0,0.0,0.0,0.0,0.0,0.0,0.0,1.0,9.0,2.0,1.0,0.0,0.0,0.0,0.0,0.0,0.0,0.0,5.0,12.0,1.0,12.04,5.01,2.5,1.49,0.0,0.0,0.0,0.4,0.0,1.4,1.4,0.3,-92.3,0.0,0.0,93.5,0.0,21.4,1.7000000000000002,1.7000000000000002,1.8,300.0,300.0,24.8,8.0,8.1,8.1,8.1,,,,,,,,,,,,,,,,,,,,,,,,
2026-08-06T15:22:12.076Z,2.241,0.708,-0.2,0.0,0.0,0.0,0.0,0.0,0.0,0.0,0.0,0.0,0.0,0.0,0.0,1.0,9.0,2.0,1.0,0.0,0.0,0.0,0.0,0.0,0.0,0.0,6.0,12.0,1.0,12.04,5.01,2.5,1.49,0.0,0.0,0.0,0.4,0.0,-0.3,0.9,-0.1,-92.3,0.0,0.0,93.5,0.0,21.4,1.7000000000000002,1.7000000000000002,1.8,300.0,300.0,24.8,8.0,8.1,8.1,8.1,,,,,,,,,,,,,,,,,,,,,,,,
2026-08-06T15:22:12.088Z,2.253,0.72,-0.1,0.0,0.0,0.0,0.0,0.0,0.0,0.0,0.0,0.0,0.0,0.0,0.0,1.0,9.0,2.0,1.0,0.0,0.0,0.0,0.0,0.0,0.0,0.0,6.0,12.0,1.0,12.02,5.0200000000000005,2.51,1.49,0.0,0.0,0.0,0.4,0.0,0.2,-0.7000000000000001,-0.1,-92.4,0.0,0.0,93.5,0.0,21.700000000000003,1.8,1.8,1.9,300.0,300.0,24.9,9.3,9.5,9.5,9.5,,,,,,,,,,,,,,,,,,,,,,,,
2026-08-06T15:22:12.099Z,2.264,0.732,-0.1,0.0,0.0,0.0,0.0,0.0,0.0,0.0,0.0,0.0,0.0,0.0,0.0,1.0,9.0,2.0,1.0,0.0,0.0,0.0,0.0,0.0,0.0,0.0,1.0,12.0,1.0,12.02,5.0200000000000005,2.51,1.49,0.0,0.0,0.0,0.4,0.0,0.3,-0.1,2.1,-92.5,0.0,0.0,93.5,0.0,21.700000000000003,1.8,1.8,1.9,300.0,300.0,24.9,9.3,9.5,9.5,9.5,,,,,,,,,,,,,,,,,,,,,,,,
2026-08-06T15:22:12.112Z,2.277,0.744,-0.1,0.0,0.0,0.0,0.0,0.0,0.0,0.0,0.0,0.0,0.0,0.0,0.0,1.0,9.0,2.0,1.0,0.0,0.0,0.0,0.0,0.0,0.0,0.0,2.0,12.0,1.0,12.02,5.0200000000000005,2.51,1.49,0.0,0.0,0.0,0.4,0.0,-0.2,0.4,-0.1,-92.6,0.0,0.0,93.5,0.0,21.700000000000003,1.8,1.8,1.9,300.0,300.0,24.9,9.3,9.5,9.5,9.5,,,,,,,,,,,,,,,,,,,,,,,,
2026-08-06T15:22:12.124Z,2.289,0.756,-0.1,0.0,0.0,0.0,0.0,0.0,0.0,0.0,0.0,0.0,0.0,0.0,0.0,1.0,9.0,2.0,1.0,0.0,0.0,0.0,0.0,0.0,0.0,0.0,3.0,12.0,1.0,12.02,5.0200000000000005,2.51,1.49,0.0,0.0,0.0,0.4,0.0,-0.2,-0.7000000000000001,-1.8,-92.6,0.0,0.0,93.4,0.0,21.700000000000003,1.8,1.8,1.9,300.0,300.0,24.9,9.3,9.5,9.5,9.5,,,,,,,,,,,,,,,,,,,,,,,,
2026-08-06T15:22:12.136Z,2.301,0.768,-0.1,0.0,0.0,0.0,0.0,0.0,0.0,0.0,0.0,0.0,0.0,0.0,0.0,1.0,9.0,2.0,1.0,0.0,0.0,0.0,0.0,0.0,0.0,0.0,4.0,12.0,1.0,12.02,5.0200000000000005,2.51,1.49,0.0,0.0,0.0,0.5,0.0,0.3,0.0,0.4,-92.7,0.0,0.0,93.4,0.0,21.700000000000003,1.8,1.8,1.9,300.0,300.0,24.9,9.3,9.5,9.5,9.5,,,,,,,,,,,,,,,,,,,,,,,,
2026-08-06T15:22:12.150Z,2.315,0.78,0.0,0.0,0.0,0.0,0.0,0.0,0.0,0.0,0.0,0.0,0.0,0.0,0.0,1.0,9.0,2.0,1.0,0.0,0.0,0.0,0.0,0.0,0.0,0.0,5.0,12.0,1.0,12.02,5.0200000000000005,2.51,1.49,0.0,0.0,0.0,0.4,0.0,0.3,0.5,1.0,-92.7,0.0,0.0,93.5,0.0,21.700000000000003,1.8,1.8,1.9,300.0,300.0,24.9,9.3,9.5,9.5,9.5,,,,,,,,,,,,,,,,,,,,,,,,
2026-08-06T15:22:12.159Z,2.324,0.792,0.0,0.0,0.0,0.0,0.0,0.0,0.0,0.0,0.0,0.0,0.0,0.0,0.0,1.0,9.0,2.0,1.0,0.0,0.0,0.0,0.0,0.0,0.0,0.0,5.0,12.0,1.0,12.02,5.0200000000000005,2.51,1.49,0.0,0.0,0.0,0.4,0.0,-0.2,0.4,0.4,-92.8,0.0,0.0,93.5,0.0,21.700000000000003,1.8,1.8,1.9,300.0,300.0,24.9,9.3,9.5,9.5,9.5,,,,,,,,,,,,,,,,,,,,,,,,
2026-08-06T15:22:12.172Z,2.337,0.804,0.0,0.0,0.0,0.0,0.0,0.0,0.0,0.0,0.0,0.0,0.0,0.0,0.0,1.0,9.0,2.0,1.0,0.0,0.0,0.0,0.0,0.0,0.0,0.0,6.0,12.0,1.0,12.02,5.0200000000000005,2.51,1.49,0.0,0.0,0.0,0.4,0.0,-0.2,-0.7000000000000001,-0.7000000000000001,-92.8,0.0,0.0,93.5,0.0,21.700000000000003,1.8,1.8,1.9,300.0,300.0,24.9,9.3,9.5,9.5,9.5,,,,,,,,,,,,,,,,,,,,,,,,
2026-08-06T15:22:12.184Z,2.349,0.8160000000000001,0.0,0.0,0.0,0.0,0.0,0.0,0.0,0.0,0.0,0.0,0.0,0.0,0.0,1.0,9.0,2.0,1.0,0.0,0.0,0.0,0.0,0.0,0.0,0.0,1.0,12.0,1.0,12.01,5.01,2.51,1.49,0.0,0.0,0.0,0.4,0.0,-0.2,-1.3,0.0,-92.9,0.0,0.0,93.5,0.0,21.700000000000003,1.9,1.9,2.0,300.0,300.0,25.0,10.7,10.8,10.8,10.8,,,,,,,,,,,,,,,,,,,,,,,,
2026-08-06T15:22:12.196Z,2.361,0.8280000000000001,0.0,0.0,0.0,0.0,0.0,0.0,0.0,0.0,0.0,0.0,0.0,0.0,0.0,1.0,9.0,2.0,1.0,0.0,0.0,0.0,0.0,0.0,0.0,0.0,2.0,12.0,1.0,12.01,5.01,2.51,1.49,0.0,0.0,0.0,0.4,0.0,-0.2,-0.7000000000000001,0.5,-92.9,0.0,0.0,93.4,0.0,21.700000000000003,1.9,1.9,2.0,300.0,300.0,25.0,10.7,10.8,10.8,10.8,,,,,,,,,,,,,,,,,,,,,,,,
2026-08-06T15:22:12.207Z,2.372,0.84,0.0,0.0,0.0,0.0,0.0,0.0,0.0,0.0,0.0,0.0,0.0,0.0,0.0,1.0,9.0,2.0,1.0,0.0,0.0,0.0,0.0,0.0,0.0,0.0,3.0,12.0,1.0,12.01,5.01,2.51,1.49,0.0,0.0,0.0,0.4,0.0,0.3,0.4,1.1,-92.9,0.0,0.0,93.5,0.0,21.700000000000003,1.9,1.9,2.0,300.0,300.0,25.0,10.7,10.8,10.8,10.8,,,,,,,,,,,,,,,,,,,,,,,,
2026-08-06T15:22:12.219Z,2.384,0.852,0.0,0.0,0.0,0.0,0.0,0.0,0.0,0.0,0.0,0.0,0.0,0.0,0.0,1.0,9.0,2.0,1.0,0.0,0.0,0.0,0.0,0.0,0.0,0.0,4.0,12.0,1.0,12.01,5.01,2.51,1.49,0.0,0.0,0.0,0.4,0.0,0.9,-0.1,0.5,-93.0,0.0,0.0,93.4,0.0,21.700000000000003,1.9,1.9,2.0,300.0,300.0,25.0,10.7,10.8,10.8,10.8,,,,,,,,,,,,,,,,,,,,,,,,
2026-08-06T15:22:12.231Z,2.396,0.864,0.0,0.0,0.0,0.0,0.0,0.0,0.0,0.0,0.0,0.0,0.0,0.0,0.0,1.0,9.0,2.0,1.0,0.0,0.0,0.0,0.0,0.0,0.0,0.0,5.0,12.0,1.0,12.01,5.01,2.51,1.49,0.0,0.0,0.0,0.4,0.0,0.3,-0.6000000000000001,-1.2000000000000002,-93.0,0.0,0.0,93.3,0.0,21.700000000000003,1.9,1.9,2.0,300.0,300.0,25.0,10.7,10.8,10.8,10.8,,,,,,,,,,,,,,,,,,,,,,,,
2026-08-06T15:22:12.243Z,2.408,0.876,0.0,0.0,0.0,0.0,0.0,0.0,0.0,0.0,0.0,0.0,0.0,0.0,0.0,1.0,9.0,2.0,1.0,0.0,0.0,0.0,0.0,0.0,0.0,0.0,6.0,12.0,1.0,12.01,5.01,2.51,1.49,0.0,0.0,0.0,0.4,0.0,1.5,0.0,1.7000000000000002,-93.0,0.0,0.0,93.5,0.0,21.700000000000003,1.9,1.9,2.0,300.0,300.0,25.0,10.7,10.8,10.8,10.8,,,,,,,,,,,,,,,,,,,,,,,,
2026-08-06T15:22:12.255Z,2.42,0.888,0.0,0.0,0.0,0.0,0.0,0.0,0.0,0.0,0.0,0.0,0.0,0.0,0.0,1.0,9.0,2.0,1.0,0.0,0.0,0.0,0.0,0.0,0.0,0.0,1.0,12.0,1.0,12.01,5.01,2.51,1.49,0.0,0.0,0.0,0.4,0.0,0.3,0.0,0.0,-93.1,0.0,0.0,93.5,0.0,21.700000000000003,1.9,1.9,2.0,300.0,300.0,25.0,10.7,10.8,10.8,10.8,,,,,,,,,,,,,,,,,,,,,,,,
2026-08-06T15:22:12.268Z,2.433,0.9,0.0,0.0,0.0,0.0,0.0,0.0,0.0,0.0,0.0,0.0,0.0,0.0,0.0,1.0,9.0,2.0,1.0,0.0,0.0,0.0,0.0,0.0,0.0,0.0,2.0,12.0,1.0,12.01,5.01,2.51,1.49,0.0,0.0,0.0,0.4,0.0,0.9,-0.6000000000000001,-0.5,-93.1,0.0,0.0,93.5,0.0,21.700000000000003,1.9,1.9,2.0,300.0,300.0,25.0,10.7,10.8,10.8,10.8,,,,,,,,,,,,,,,,,,,,,,,,
2026-08-06T15:22:12.280Z,2.445,0.912,0.0,0.0,0.0,0.0,0.0,0.0,0.0,0.0,0.0,0.0,0.0,0.0,0.0,1.0,9.0,2.0,1.0,0.0,0.0,0.0,0.0,0.0,0.0,0.0,3.0,12.0,1.0,12.01,5.01,2.51,1.49,0.0,0.0,0.0,0.4,0.0,-0.2,-0.6000000000000001,1.1,-93.1,0.0,0.0,93.5,0.0,21.700000000000003,1.9,1.9,2.0,300.0,300.0,25.0,10.7,10.8,10.8,10.8,,,,,,,,,,,,,,,,,,,,,,,,
2026-08-06T15:22:12.291Z,2.456,0.924,0.0,0.0,0.0,0.0,0.0,0.0,0.0,0.0,0.0,0.0,0.0,0.0,0.0,1.0,9.0,2.0,1.0,0.0,0.0,0.0,0.0,0.0,0.0,0.0,4.0,12.0,1.0,11.99,5.0200000000000005,2.51,1.49,0.0,0.0,0.0,0.4,0.0,0.3,0.5,-1.1,-93.1,0.0,0.0,93.5,0.0,22.1,2.0,2.0,2.2,300.0,300.0,25.0,12.0,12.2,12.2,12.2,,,,,,,,,,,,,,,,,,,,,,,,
2026-08-06T15:22:12.304Z,2.469,0.936,0.0,0.0,0.0,0.0,0.0,0.0,0.0,0.0,0.0,0.0,0.0,0.0,0.0,1.0,9.0,2.0,1.0,0.0,0.0,0.0,0.0,0.0,0.0,0.0,5.0,12.0,1.0,11.99,5.0200000000000005,2.51,1.49,0.0,0.0,0.0,0.4,0.0,-0.2,0.4,-0.6000000000000001,-93.2,0.0,0.0,93.6,0.0,22.1,2.0,2.0,2.2,300.0,300.0,25.0,12.0,12.2,12.2,12.2,,,,,,,,,,,,,,,,,,,,,,,,
2026-08-06T15:22:12.315Z,2.48,0.948,0.0,0.0,0.0,0.0,0.0,0.0,0.0,0.0,0.0,0.0,0.0,0.0,0.0,1.0,9.0,2.0,1.0,0.0,0.0,0.0,0.0,0.0,0.0,0.0,6.0,12.0,1.0,11.99,5.0200000000000005,2.51,1.49,0.0,0.0,0.0,0.4,0.0,-0.8,-0.7000000000000001,-0.6000000000000001,-93.2,0.0,0.0,93.5,0.0,22.1,2.0,2.0,2.2,300.0,300.0,25.0,12.0,12.2,12.2,12.2,,,,,,,,,,,,,,,,,,,,,,,,
2026-08-06T15:22:12.327Z,2.492,0.96,0.0,0.0,0.0,0.0,0.0,0.0,0.0,0.0,0.0,0.0,0.0,0.0,0.0,1.0,9.0,2.0,1.0,0.0,0.0,0.0,0.0,0.0,0.0,0.0,1.0,12.0,1.0,11.99,5.0200000000000005,2.51,1.49,0.0,0.0,0.0,0.4,0.0,0.2,0.4,0.5,-93.2,0.0,0.0,93.3,0.0,22.1,2.0,2.0,2.2,300.0,300.0,25.0,12.0,12.2,12.2,12.2,,,,,,,,,,,,,,,,,,,,,,,,
2026-08-06T15:22:12.339Z,2.504,0.972,0.0,0.0,0.0,0.0,0.0,0.0,0.0,0.0,0.0,0.0,0.0,0.0,0.0,1.0,9.0,2.0,1.0,0.0,0.0,0.0,0.0,0.0,0.0,0.0,2.0,12.0,1.0,11.99,5.0200000000000005,2.51,1.49,0.0,0.0,0.0,0.4,0.0,0.2,-0.1,1.7000000000000002,-93.2,0.0,0.0,93.4,0.0,22.1,2.0,2.0,2.2,300.0,300.0,25.0,12.0,12.2,12.2,12.2,,,,,,,,,,,,,,,,,,,,,,,,
2026-08-06T15:22:12.351Z,2.516,0.984,0.0,0.0,0.0,0.0,0.0,0.0,0.0,0.0,0.0,0.0,0.0,0.0,0.0,1.0,9.0,2.0,1.0,0.0,0.0,0.0,0.0,0.0,0.0,0.0,3.0,12.0,1.0,11.99,5.0200000000000005,2.51,1.49,0.0,0.1,0.0,0.4,0.0,-0.3,0.4,-0.6000000000000001,-93.2,0.0,0.0,93.5,0.0,22.1,2.0,2.0,2.2,300.0,300.0,25.0,12.0,12.2,12.2,12.2,,,,,,,,,,,,,,,,,,,,,,,,
2026-08-06T15:22:12.363Z,2.528,0.996,0.0,0.0,0.0,0.0,0.0,0.0,0.0,0.0,0.0,0.0,0.0,0.0,0.0,1.0,9.0,2.0,1.0,0.0,0.0,0.0,0.0,0.0,0.0,0.0,4.0,12.0,1.0,11.99,5.0200000000000005,2.51,1.49,0.0,0.0,0.0,0.4,0.0,-0.3,-0.1,-0.6000000000000001,-93.2,0.0,0.0,93.5,0.0,22.1,2.0,2.0,2.2,300.0,300.0,25.0,12.0,12.2,12.2,12.2,,,,,,,,,,,,,,,,,,,,,,,,
2026-08-06T15:22:12.375Z,2.54,1.008,0.0,0.0,0.0,0.0,0.0,0.0,0.0,0.0,0.0,0.0,0.0,0.0,0.0,1.0,9.0,2.0,1.0,0.0,0.0,0.0,0.0,0.0,0.0,0.0,5.0,12.0,1.0,11.99,5.0200000000000005,2.51,1.49,0.0,0.0,0.0,0.4,0.0,0.7000000000000001,-0.7000000000000001,0.0,-93.2,0.0,0.0,93.3,0.0,22.1,2.0,2.0,2.2,300.0,300.0,25.0,12.0,12.2,12.2,12.2,,,,,,,,,,,,,,,,,,,,,,,,
2026-08-06T15:22:12.389Z,2.554,1.02,0.0,0.0,0.0,0.0,0.0,0.0,0.0,0.0,0.0,0.0,0.0,0.0,0.0,1.0,9.0,2.0,1.0,0.0,0.0,0.0,0.0,0.0,0.0,0.0,1.0,12.0,1.0,12.02,5.01,2.51,1.49,0.0,0.0,0.0,0.4,0.0,-0.3,-0.1,0.0,-93.3,0.0,0.0,93.5,0.0,21.200000000000003,2.1,2.1,2.3000000000000003,300.0,300.0,25.200000000000003,13.4,13.6,13.6,13.6,,,,,,,,,,,,,,,,,,,,,,,,
2026-08-06T15:22:12.400Z,2.565,1.032,0.0,0.0,0.0,0.0,0.0,0.0,0.0,0.0,0.0,0.0,0.0,0.0,0.0,1.0,9.0,2.0,1.0,0.0,0.0,0.0,0.0,0.0,0.0,0.0,2.0,12.0,1.0,12.02,5.01,2.51,1.49,0.0,0.0,0.0,0.4,0.0,0.2,-0.1,-0.6000000000000001,-93.3,0.0,0.0,93.4,0.0,21.200000000000003,2.1,2.1,2.3000000000000003,300.0,300.0,25.200000000000003,13.4,13.6,13.6,13.6,,,,,,,,,,,,,,,,,,,,,,,,
2026-08-06T15:22:12.411Z,2.576,1.044,0.0,0.0,0.0,0.0,0.0,0.0,0.0,0.0,0.0,0.0,0.0,0.0,0.0,1.0,9.0,2.0,1.0,0.0,0.0,0.0,0.0,0.0,0.0,0.0,3.0,12.0,1.0,12.02,5.01,2.51,1.49,0.0,0.0,0.0,0.4,0.0,0.2,0.3,0.0,-93.3,0.0,0.0,93.4,0.0,21.200000000000003,2.1,2.1,2.3000000000000003,300.0,300.0,25.200000000000003,13.4,13.6,13.6,13.6,,,,,,,,,,,,,,,,,,,,,,,,
2026-08-06T15:22:12.423Z,2.588,1.056,0.0,0.0,0.0,0.0,0.0,0.0,0.0,0.0,0.0,0.0,0.0,0.0,0.0,1.0,9.0,2.0,1.0,0.0,0.0,0.0,0.0,0.0,0.0,0.0,4.0,12.0,1.0,12.02,5.01,2.51,1.49,0.0,0.0,0.0,0.4,0.0,-0.3,0.4,-1.1,-93.3,0.0,0.0,93.4,0.0,21.200000000000003,2.1,2.1,2.3000000000000003,300.0,300.0,25.200000000000003,13.4,13.6,13.6,13.6,,,,,,,,,,,,,,,,,,,,,,,,
2026-08-06T15:22:12.435Z,2.6,1.068,0.0,0.0,0.0,0.0,0.0,0.0,0.0,0.0,0.0,0.0,0.0,0.0,0.0,1.0,9.0,2.0,1.0,0.0,0.0,0.0,0.0,0.0,0.0,0.0,5.0,12.0,1.0,12.02,5.01,2.51,1.49,0.0,0.0,0.0,0.4,0.0,0.2,-0.1,0.6000000000000001,-93.3,0.0,0.0,93.5,0.0,21.200000000000003,2.1,2.1,2.3000000000000003,300.0,300.0,25.200000000000003,13.4,13.6,13.6,13.6,,,,,,,,,,,,,,,,,,,,,,,,
2026-08-06T15:22:12.447Z,2.612,1.08,0.0,0.0,0.0,0.0,0.0,0.0,0.0,0.0,0.0,0.0,0.0,0.0,0.0,1.0,9.0,2.0,1.0,0.0,0.0,0.0,0.0,0.0,0.0,0.0,1.0,12.0,1.0,12.02,5.01,2.51,1.49,0.0,0.0,0.0,0.4,0.0,-0.3,-0.7000000000000001,-0.6000000000000001,-93.3,0.0,0.0,93.5,0.0,21.200000000000003,2.1,2.1,2.3000000000000003,300.0,300.0,25.200000000000003,13.4,13.6,13.6,13.6,,,,,,,,,,,,,,,,,,,,,,,,
2026-08-06T15:22:12.459Z,2.624,1.092,0.0,0.0,0.0,0.0,0.0,0.0,0.0,0.0,0.0,0.0,0.0,0.0,0.0,1.0,9.0,2.0,1.0,0.0,0.0,0.0,0.0,0.0,0.0,0.0,2.0,12.0,1.0,12.02,5.01,2.51,1.49,0.0,0.0,0.0,0.4,0.0,0.8,0.4,0.6000000000000001,-93.3,0.0,0.0,93.5,0.0,21.200000000000003,2.1,2.1,2.3000000000000003,300.0,300.0,25.200000000000003,13.4,13.6,13.6,13.6,,,,,,,,,,,,,,,,,,,,,,,,
2026-08-06T15:22:12.471Z,2.636,1.104,0.0,0.0,0.0,0.0,0.0,0.0,0.0,0.0,0.0,0.0,0.0,0.0,0.0,1.0,9.0,2.0,1.0,0.0,0.0,0.0,0.0,0.0,0.0,0.0,4.0,12.0,1.0,12.02,5.01,2.51,1.49,0.0,0.0,0.0,0.4,0.0,0.8,0.5,1.2000000000000002,-93.3,0.0,0.0,93.5,0.0,21.200000000000003,2.1,2.1,2.3000000000000003,300.0,300.0,25.200000000000003,13.4,13.6,13.6,13.6,,,,,,,,,,,,,,,,,,,,,,,,
2026-08-06T15:22:12.483Z,2.648,1.116,0.0,0.0,0.0,0.0,0.0,0.0,0.0,0.0,0.0,0.0,0.0,0.0,0.0,1.0,9.0,2.0,1.0,0.0,0.0,0.0,0.0,0.0,0.0,0.0,5.0,12.0,1.0,12.02,5.01,2.51,1.49,0.0,0.1,0.0,0.4,0.0,1.4,-0.6000000000000001,0.6000000000000001,-93.3,0.0,0.0,93.5,0.0,21.200000000000003,2.1,2.1,2.3000000000000003,300.0,300.0,25.200000000000003,13.4,13.6,13.6,13.6,,,,,,,,,,,,,,,,,,,,,,,,
2026-08-06T15:22:12.496Z,2.661,1.128,0.0,0.0,0.0,0.0,0.0,0.0,0.0,0.0,0.0,0.0,0.0,0.0,0.0,1.0,9.0,2.0,1.0,0.0,0.0,0.0,0.0,0.0,0.0,0.0,5.0,12.0,1.0,12.02,5.01,2.51,1.49,0.0,0.0,0.0,0.4,0.0,-0.3,-0.1,-1.1,-93.3,0.0,0.0,93.5,0.0,21.9,2.3000000000000003,2.3000000000000003,2.4000000000000004,300.0,300.0,25.200000000000003,14.8,14.9,14.9,14.9,,,,,,,,,,,,,,,,,,,,,,,,
2026-08-06T15:22:12.507Z,2.672,1.14,0.0,0.0,0.0,0.0,0.0,0.0,0.0,0.0,0.0,0.0,0.0,0.0,0.0,1.0,9.0,2.0,1.0,0.0,0.0,0.0,0.0,0.0,0.0,0.0,1.0,12.0,1.0,12.02,5.01,2.51,1.49,0.0,0.0,0.0,0.4,0.0,-0.3,-0.7000000000000001,0.0,-93.4,0.0,0.0,93.5,0.0,21.9,2.3000000000000003,2.3000000000000003,2.4000000000000004,300.0,300.0,25.200000000000003,14.8,14.9,14.9,14.9,,,,,,,,,,,,,,,,,,,,,,,,
2026-08-06T15:22:12.519Z,2.684,1.152,0.0,0.0,0.0,0.0,0.0,0.0,0.0,0.0,0.0,0.0,0.0,0.0,0.0,1.0,9.0,2.0,1.0,0.0,0.0,0.0,0.0,0.0,0.0,0.0,1.0,12.0,1.0,12.02,5.01,2.51,1.49,0.0,0.0,0.0,0.4,0.0,-0.3,-0.6000000000000001,-0.6000000000000001,-93.4,0.0,0.0,93.3,0.0,21.9,2.3000000000000003,2.3000000000000003,2.4000000000000004,300.0,300.0,25.200000000000003,14.8,14.9,14.9,14.9,,,,,,,,,,,,,,,,,,,,,,,,
2026-08-06T15:22:12.532Z,2.697,1.164,0.0,0.0,0.0,0.0,0.0,0.0,0.0,0.0,0.0,0.0,0.0,0.0,0.0,1.0,9.0,2.0,1.0,0.0,0.0,0.0,0.0,0.0,0.0,0.0,3.0,12.0,1.0,12.02,5.01,2.51,1.49,0.0,0.0,0.0,0.4,0.0,0.2,-0.1,2.2,-93.4,0.0,0.0,93.3,0.0,21.9,2.3000000000000003,2.3000000000000003,2.4000000000000004,300.0,300.0,25.200000000000003,14.8,14.9,14.9,14.9,,,,,,,,,,,,,,,,,,,,,,,,
2026-08-06T15:22:12.543Z,2.708,1.176,0.0,0.0,0.0,0.0,0.0,0.0,0.0,0.0,0.0,0.0,0.0,0.0,0.0,1.0,9.0,2.0,1.0,0.0,0.0,0.0,0.0,0.0,0.0,0.0,4.0,12.0,1.0,12.02,5.01,2.51,1.49,0.0,0.0,0.0,0.4,0.0,0.3,0.4,-1.2000000000000002,-93.4,0.0,0.0,93.5,0.0,21.9,2.3000000000000003,2.3000000000000003,2.4000000000000004,300.0,300.0,25.200000000000003,14.8,14.9,14.9,14.9,,,,,,,,,,,,,,,,,,,,,,,,
2026-08-06T15:22:12.555Z,2.72,1.188,0.0,0.0,0.0,0.0,0.0,0.0,0.0,0.0,0.0,0.0,0.0,0.0,0.0,1.0,9.0,2.0,1.0,0.0,0.0,0.0,0.0,0.0,0.0,0.0,6.0,12.0,1.0,12.02,5.01,2.51,1.49,0.0,0.0,0.0,0.4,0.0,-0.2,-0.7000000000000001,-1.8,-93.4,0.0,0.0,93.5,0.0,21.9,2.3000000000000003,2.3000000000000003,2.4000000000000004,300.0,300.0,25.200000000000003,14.8,14.9,14.9,14.9,,,,,,,,,,,,,,,,,,,,,,,,
2026-08-06T15:22:12.568Z,2.733,1.2,0.0,0.0,0.0,0.0,0.0,0.0,0.0,0.0,0.0,0.0,0.0,0.0,0.0,1.0,9.0,2.0,1.0,0.0,0.0,0.0,0.0,0.0,0.0,0.0,1.0,12.0,1.0,12.02,5.01,2.51,1.49,0.0,0.0,0.0,0.4,0.0,-0.2,0.4,-1.3,-93.4,0.0,0.0,93.5,0.0,21.9,2.3000000000000003,2.3000000000000003,2.4000000000000004,300.0,300.0,25.200000000000003,14.8,14.9,14.9,14.9,,,,,,,,,,,,,,,,,,,,,,,,
2026-08-06T15:22:12.579Z,2.744,1.212,0.0,0.0,0.0,0.0,0.0,0.0,0.0,0.0,0.0,0.0,0.0,0.0,0.0,1.0,9.0,2.0,1.0,0.0,0.0,0.0,0.0,0.0,0.0,0.0,2.0,12.0,1.0,12.02,5.01,2.51,1.49,0.0,0.0,0.0,0.4,0.0,-0.2,0.4,0.4,-93.4,0.0,0.0,93.3,0.0,21.9,2.3000000000000003,2.3000000000000003,2.4000000000000004,300.0,300.0,25.200000000000003,14.8,14.9,14.9,14.9,,,,,,,,,,,,,,,,,,,,,,,,
2026-08-06T15:22:12.593Z,2.758,1.224,0.0,0.0,0.0,0.0,0.0,0.0,0.0,0.0,0.0,0.0,0.0,0.0,0.0,1.0,9.0,2.0,1.0,0.0,0.0,0.0,0.0,0.0,0.0,0.0,4.0,12.0,1.0,12.02,5.01,2.51,1.49,0.0,0.0,0.0,0.4,0.0,-0.2,-0.1,0.9,-93.4,0.0,0.0,93.5,0.0,21.9,2.4000000000000004,2.4000000000000004,2.6,300.0,300.0,25.4,16.1,16.3,16.3,16.3,,,,,,,,,,,,,,,,,,,,,,,,
2026-08-06T15:22:12.603Z,2.768,1.236,0.0,0.0,0.0,0.0,0.0,0.0,0.0,0.0,0.0,0.0,0.0,0.0,0.0,1.0,9.0,2.0,1.0,0.0,0.0,0.0,0.0,0.0,0.0,0.0,5.0,12.0,1.0,12.02,5.01,2.51,1.49,0.0,0.0,0.0,0.4,0.0,-0.2,0.4,-1.3,-93.4,0.0,0.0,93.5,0.0,21.9,2.4000000000000004,2.4000000000000004,2.6,300.0,300.0,25.4,16.1,16.3,16.3,16.3,,,,,,,,,,,,,,,,,,,,,,,,
2026-08-06T15:22:12.615Z,2.78,1.248,0.0,0.0,0.0,0.0,0.0,0.0,0.0,0.0,0.0,0.0,0.0,0.0,0.0,1.0,9.0,2.0,1.0,0.0,0.0,0.0,0.0,0.0,0.0,0.0,6.0,12.0,1.0,12.02,5.01,2.51,1.49,0.0,0.0,0.0,0.4,0.0,-0.2,-1.2000000000000002,-0.7000000000000001,-93.4,0.0,0.0,93.6,0.0,21.9,2.4000000000000004,2.4000000000000004,2.6,300.0,300.0,25.4,16.1,16.3,16.3,16.3,,,,,,,,,,,,,,,,,,,,,,,,
2026-08-06T15:22:12.628Z,2.793,1.26,0.0,0.0,0.0,0.0,0.0,0.0,0.0,0.0,0.0,0.0,0.0,0.0,0.0,1.0,9.0,2.0,1.0,0.0,0.0,0.0,0.0,0.0,0.0,0.0,1.0,12.0,1.0,12.02,5.01,2.51,1.49,0.0,0.0,0.0,0.4,0.0,-0.2,-0.7000000000000001,-0.1,-93.4,0.0,0.0,93.4,0.0,21.9,2.4000000000000004,2.4000000000000004,2.6,300.0,300.0,25.4,16.1,16.3,16.3,16.3,,,,,,,,,,,,,,,,,,,,,,,,
2026-08-06T15:22:12.639Z,2.804,1.272,0.0,0.0,0.0,0.0,0.0,0.0,0.0,0.0,0.0,0.0,0.0,0.0,0.0,1.0,9.0,2.0,1.0,0.0,0.0,0.0,0.0,0.0,0.0,0.0,2.0,12.0,1.0,12.02,5.01,2.51,1.49,0.0,0.0,0.0,0.5,0.0,0.3,-0.1,-1.2000000000000002,-93.4,0.0,0.0,93.5,0.0,21.9,2.4000000000000004,2.4000000000000004,2.6,300.0,300.0,25.4,16.1,16.3,16.3,16.3,,,,,,,,,,,,,,,,,,,,,,,,
2026-08-06T15:22:12.651Z,2.816,1.284,0.0,0.0,0.0,0.0,0.0,0.0,0.0,0.0,0.0,0.0,0.0,0.0,0.0,1.0,9.0,2.0,1.0,0.0,0.0,0.0,0.0,0.0,0.0,0.0,4.0,12.0,1.0,12.02,5.01,2.51,1.49,0.0,0.0,0.0,0.5,0.0,-0.3,0.4,1.0,-93.4,0.0,0.0,93.5,0.0,21.9,2.4000000000000004,2.4000000000000004,2.6,300.0,300.0,25.4,16.1,16.3,16.3,16.3,,,,,,,,,,,,,,,,,,,,,,,,
2026-08-06T15:22:12.664Z,2.829,1.296,0.0,0.0,0.0,0.0,0.0,0.0,0.0,0.0,0.0,0.0,0.0,0.0,0.0,1.0,9.0,2.0,1.0,0.0,0.0,0.0,0.0,0.0,0.0,0.0,5.0,12.0,1.0,12.02,5.01,2.51,1.49,0.0,0.0,0.0,0.4,0.0,-0.3,-1.2000000000000002,-0.7000000000000001,-93.4,0.0,0.0,93.5,0.0,21.9,2.4000000000000004,2.4000000000000004,2.6,300.0,300.0,25.4,16.1,16.3,16.3,16.3,,,,,,,,,,,,,,,,,,,,,,,,
2026-08-06T15:22:12.676Z,2.841,1.308,0.0,0.0,0.0,0.0,0.0,0.0,0.0,0.0,0.0,0.0,0.0,0.0,0.0,1.0,9.0,2.0,1.0,0.0,0.0,0.0,0.0,0.0,0.0,0.0,6.0,12.0,1.0,12.02,5.01,2.51,1.49,0.0,0.0,0.0,0.4,0.0,0.2,-0.1,-1.2000000000000002,-93.4,0.0,0.0,93.4,0.0,21.9,2.4000000000000004,2.4000000000000004,2.6,300.0,300.0,25.4,16.1,16.3,16.3,16.3,,,,,,,,,,,,,,,,,,,,,,,,
2026-08-06T15:22:12.687Z,2.852,1.32,0.0,0.0,0.0,0.0,0.0,0.0,0.0,0.0,0.0,0.0,0.0,0.0,0.0,1.0,9.0,2.0,1.0,0.0,0.0,0.0,0.0,0.0,0.0,0.0,6.0,12.0,1.0,12.02,5.01,2.51,1.49,0.0,0.0,0.0,0.4,0.0,-0.9,0.4,1.0,-93.4,0.0,0.0,93.5,0.0,21.9,2.4000000000000004,2.4000000000000004,2.6,300.0,300.0,25.4,16.1,16.3,16.3,16.3,,,,,,,,,,,,,,,,,,,,,,,,
2026-08-06T15:22:12.699Z,2.864,1.332,0.0,0.0,0.0,0.0,0.0,0.0,0.0,0.0,0.0,0.0,0.0,0.0,0.0,1.0,9.0,2.0,1.0,0.0,0.0,0.0,0.0,0.0,0.0,0.0,2.0,12.0,1.0,12.0,5.01,2.5,1.5,0.0,0.0,0.0,0.4,0.0,0.1,0.0,-0.1,-93.4,0.0,0.0,93.5,0.0,21.700000000000003,2.6,2.6,2.8000000000000003,300.0,300.0,25.5,17.5,17.6,17.6,17.6,,,,,,,,,,,,,,,,,,,,,,,,
2026-08-06T15:22:12.711Z,2.876,1.344,0.0,0.0,0.0,0.0,0.0,0.0,0.0,0.0,0.0,0.0,0.0,0.0,0.0,1.0,9.0,2.0,1.0,0.0,0.0,0.0,0.0,0.0,0.0,0.0,3.0,12.0,1.0,12.0,5.01,2.5,1.5,0.0,0.0,0.0,0.4,0.0,-0.4,0.4,-0.7000000000000001,-93.4,0.0,0.0,93.4,0.0,21.700000000000003,2.6,2.6,2.8000000000000003,300.0,300.0,25.5,17.5,17.6,17.6,17.6,,,,,,,,,,,,,,,,,,,,,,,,
2026-08-06T15:22:12.723Z,2.888,1.356,0.0,0.0,0.0,0.0,0.0,0.0,0.0,0.0,0.0,0.0,0.0,0.0,0.0,1.0,9.0,2.0,1.0,0.0,0.0,0.0,0.0,0.0,0.0,0.0,4.0,12.0,1.0,12.0,5.01,2.5,1.5,0.0,0.0,0.0,0.4,0.0,0.1,0.0,-1.8,-93.4,0.0,0.0,93.4,0.0,21.700000000000003,2.6,2.6,2.8000000000000003,300.0,300.0,25.5,17.5,17.6,17.6,17.6,,,,,,,,,,,,,,,,,,,,,,,,
2026-08-06T15:22:12.735Z,2.9,1.368,0.0,0.0,0.0,0.0,0.0,0.0,0.0,0.0,0.0,0.0,0.0,0.0,0.0,1.0,9.0,2.0,1.0,0.0,0.0,0.0,0.0,0.0,0.0,0.0,5.0,12.0,1.0,12.0,5.01,2.5,1.5,0.0,0.0,0.0,0.4,0.0,0.1,0.5,0.5,-93.4,0.0,0.0,93.3,0.0,21.700000000000003,2.6,2.6,2.8000000000000003,300.0,300.0,25.5,17.5,17.6,17.6,17.6,,,,,,,,,,,,,,,,,,,,,,,,
2026-08-06T15:22:12.748Z,2.913,1.38,0.0,0.0,0.0,0.0,0.0,0.0,0.0,0.0,0.0,0.0,0.0,0.0,0.0,1.0,9.0,2.0,1.0,0.0,0.0,0.0,0.0,0.0,0.0,0.0,6.0,12.0,1.0,12.0,5.01,2.5,1.5,0.0,0.0,0.0,0.4,0.0,0.7000000000000001,1.1,0.0,-93.4,0.0,0.0,93.5,0.0,21.700000000000003,2.6,2.6,2.8000000000000003,300.0,300.0,25.5,17.5,17.6,17.6,17.6,,,,,,,,,,,,,,,,,,,,,,,,
2026-08-06T15:22:12.760Z,2.925,1.392,0.0,0.0,0.0,0.0,0.0,0.0,0.0,0.0,0.0,0.0,0.0,0.0,0.0,1.0,9.0,2.0,1.0,0.0,0.0,0.0,0.0,0.0,0.0,0.0,1.0,12.0,1.0,12.0,5.01,2.5,1.5,0.0,0.0,0.0,0.4,0.0,-0.3,-1.8,-1.2000000000000002,-93.4,0.0,0.0,93.5,0.0,21.700000000000003,2.6,2.6,2.8000000000000003,300.0,300.0,25.5,17.5,17.6,17.6,17.6,,,,,,,,,,,,,,,,,,,,,,,,
2026-08-06T15:22:12.771Z,2.936,1.404,0.0,0.0,0.0,0.0,0.0,0.0,0.0,0.0,0.0,0.0,0.0,0.0,0.0,1.0,9.0,2.0,1.0,0.0,0.0,0.0,0.0,0.0,0.0,0.0,3.0,12.0,1.0,12.0,5.01,2.5,1.5,0.0,0.0,0.0,0.4,0.0,0.1,0.0,0.4,-93.4,0.0,0.0,93.4,0.0,21.700000000000003,2.6,2.6,2.8000000000000003,300.0,300.0,25.5,17.5,17.6,17.6,17.6,,,,,,,,,,,,,,,,,,,,,,,,
2026-08-06T15:22:12.784Z,2.949,1.416,0.0,0.0,0.0,0.0,0.0,0.0,0.0,0.0,0.0,0.0,0.0,0.0,0.0,1.0,9.0,2.0,1.0,0.0,0.0,0.0,0.0,0.0,0.0,0.0,4.0,12.0,1.0,12.0,5.01,2.5,1.5,0.0,0.0,0.0,0.5,0.0,0.2,1.0,0.0,-93.4,0.0,0.0,93.5,0.0,21.700000000000003,2.6,2.6,2.8000000000000003,300.0,300.0,25.5,17.5,17.6,17.6,17.6,,,,,,,,,,,,,,,,,,,,,,,,
2026-08-06T15:22:12.796Z,2.961,1.428,0.0,0.0,0.0,0.0,0.0,0.0,0.0,0.0,0.0,0.0,0.0,0.0,0.0,1.0,9.0,2.0,1.0,0.0,0.0,0.0,0.0,0.0,0.0,0.0,5.0,12.0,1.0,12.02,5.0200000000000005,2.51,1.49,0.0,0.0,0.0,0.4,0.0,0.2,-0.6000000000000001,-0.1,-93.4,0.0,0.0,93.5,0.0,22.1,2.8000000000000003,2.8000000000000003,3.0,300.0,300.0,25.4,18.8,19.0,19.0,19.0,,,,,,,,,,,,,,,,,,,,,,,,
2026-08-06T15:22:12.807Z,2.972,1.44,0.0,0.0,0.0,0.0,0.0,0.0,0.0,0.0,0.0,0.0,0.0,0.0,0.0,1.0,9.0,2.0,1.0,0.0,0.0,0.0,0.0,0.0,0.0,0.0,1.0,12.0,1.0,12.02,5.0200000000000005,2.51,1.49,0.0,0.0,0.0,0.4,0.0,0.2,0.0,0.0,-93.4,0.0,0.0,93.3,0.0,22.1,2.8000000000000003,2.8000000000000003,3.0,300.0,300.0,25.4,18.8,19.0,19.0,19.0,,,,,,,,,,,,,,,,,,,,,,,,
2026-08-06T15:22:12.820Z,2.985,1.452,0.0,0.0,0.0,0.0,0.0,0.0,0.0,0.0,0.0,0.0,0.0,0.0,0.0,1.0,9.0,2.0,1.0,0.0,0.0,0.0,0.0,0.0,0.0,0.0,2.0,12.0,1.0,12.02,5.0200000000000005,2.51,1.49,0.0,0.0,0.0,0.5,0.0,0.2,-0.6000000000000001,0.4,-93.4,0.0,0.0,93.4,0.0,22.1,2.8000000000000003,2.8000000000000003,3.0,300.0,300.0,25.4,18.8,19.0,19.0,19.0,,,,,,,,,,,,,,,,,,,,,,,,
2026-08-06T15:22:12.832Z,2.997,1.464,0.0,0.0,0.0,0.0,0.0,0.0,0.0,0.0,0.0,0.0,0.0,0.0,0.0,1.0,9.0,2.0,1.0,0.0,0.0,0.0,0.0,0.0,0.0,0.0,3.0,12.0,1.0,12.02,5.0200000000000005,2.51,1.49,0.0,0.0,0.0,0.4,0.0,0.2,1.0,0.4,-93.4,0.0,0.0,93.3,0.0,22.1,2.8000000000000003,2.8000000000000003,3.0,300.0,300.0,25.4,18.8,19.0,19.0,19.0,,,,,,,,,,,,,,,,,,,,,,,,
2026-08-06T15:22:12.843Z,3.008,1.476,0.0,0.0,0.0,0.0,0.0,0.0,0.0,0.0,0.0,0.0,0.0,0.0,0.0,1.0,9.0,2.0,1.0,0.0,0.0,0.0,0.0,0.0,0.0,0.0,4.0,12.0,1.0,12.02,5.0200000000000005,2.51,1.49,0.0,0.0,0.0,0.5,0.0,-0.9,0.5,-0.7000000000000001,-93.4,0.0,0.0,93.4,0.0,22.1,2.8000000000000003,2.8000000000000003,3.0,300.0,300.0,25.4,18.8,19.0,19.0,19.0,,,,,,,,,,,,,,,,,,,,,,,,
2026-08-06T15:22:12.856Z,3.021,1.488,0.0,0.0,0.0,0.0,0.0,0.0,0.0,0.0,0.0,0.0,0.0,0.0,0.0,1.0,9.0,2.0,1.0,0.0,0.0,0.0,0.0,0.0,0.0,0.0,6.0,12.0,1.0,12.02,5.0200000000000005,2.51,1.49,0.0,0.0,0.0,0.4,0.0,-0.3,-1.2000000000000002,-0.1,-93.4,0.0,0.0,93.5,0.0,22.1,2.8000000000000003,2.8000000000000003,3.0,300.0,300.0,25.4,18.8,19.0,19.0,19.0,,,,,,,,,,,,,,,,,,,,,,,,
2026-08-06T15:22:12.868Z,3.033,1.5,0.0,0.0,0.0,0.0,0.0,0.0,0.0,0.0,0.0,0.0,0.0,0.0,0.0,1.0,9.0,2.0,1.0,0.0,0.0,0.0,0.0,0.0,0.0,0.0,6.0,12.0,1.0,12.02,5.0200000000000005,2.51,1.49,0.0,0.0,0.0,0.4,0.0,-0.3,0.0,0.4,-93.4,0.0,0.0,93.5,0.0,22.1,2.8000000000000003,2.8000000000000003,3.0,300.0,300.0,25.4,18.8,19.0,19.0,19.0,,,,,,,,,,,,,,,,,,,,,,,,
2026-08-06T15:22:12.880Z,3.045,1.512,0.0,0.0,0.0,0.0,0.0,0.0,0.0,0.0,0.0,0.0,0.0,0.0,0.0,1.0,9.0,2.0,1.0,0.0,0.0,0.0,0.0,0.0,0.0,0.0,1.0,12.0,1.0,12.02,5.0200000000000005,2.51,1.49,0.0,0.0,0.0,0.4,0.0,-0.3,0.0,-0.6000000000000001,-93.4,0.0,0.0,93.5,0.0,22.1,2.8000000000000003,2.8000000000000003,3.0,300.0,300.0,25.4,18.8,19.0,19.0,19.0,,,,,,,,,,,,,,,,,,,,,,,,
2026-08-06T15:22:12.892Z,3.057,1.524,0.0,0.0,0.0,0.0,0.0,0.0,0.0,0.0,0.0,0.0,0.0,0.0,0.0,1.0,9.0,2.0,1.0,0.0,0.0,0.0,0.0,0.0,0.0,0.0,3.0,12.0,1.0,12.02,5.0200000000000005,2.51,1.49,0.0,0.0,0.0,0.4,0.0,-0.3,0.5,0.4,-93.4,0.0,0.0,93.4,0.0,22.1,2.8000000000000003,2.8000000000000003,3.0,300.0,300.0,25.4,18.8,19.0,19.0,19.0,,,,,,,,,,,,,,,,,,,,,,,,
2026-08-06T15:22:12.903Z,3.068,1.536,0.0,0.0,0.0,0.0,0.0,0.0,0.0,0.0,0.0,0.0,0.0,0.0,0.0,1.0,9.0,2.0,1.0,0.0,0.0,0.0,0.0,0.0,0.0,0.0,4.0,12.0,1.0,12.01,5.0200000000000005,2.51,1.5,0.0,0.0,0.0,0.4,0.0,-0.3,-1.2000000000000002,0.0,-93.4,0.0,0.0,93.5,0.0,21.700000000000003,3.0,3.0,3.2,300.0,300.0,25.4,20.200000000000003,20.4,20.4,20.4,,,,,,,,,,,,,,,,,,,,,,,,
2026-08-06T15:22:12.915Z,3.08,1.548,0.0,0.0,0.0,0.0,0.0,0.0,0.0,0.0,0.0,0.0,0.0,0.0,0.0,1.0,9.0,2.0,1.0,0.0,0.0,0.0,0.0,0.0,0.0,0.0,5.0,12.0,1.0,12.01,5.0200000000000005,2.51,1.5,0.0,0.0,0.0,0.4,0.0,0.2,-0.6000000000000001,-0.1,-93.4,0.0,0.0,93.5,0.0,21.700000000000003,3.0,3.0,3.2,300.0,300.0,25.4,20.200000000000003,20.4,20.4,20.4,,,,,,,,,,,,,,,,,,,,,,,,
2026-08-06T15:22:12.928Z,3.093,1.56,0.0,0.0,0.0,0.0,0.0,0.0,0.0,0.0,0.0,0.0,0.0,0.0,0.0,1.0,9.0,2.0,1.0,0.0,0.0,0.0,0.0,0.0,0.0,0.0,6.0,12.0,1.0,12.01,5.0200000000000005,2.51,1.5,0.0,0.0,0.0,0.4,0.0,0.7000000000000001,0.5,-0.7000000000000001,-93.4,0.0,0.0,93.4,0.0,21.700000000000003,3.0,3.0,3.2,300.0,300.0,25.4,20.200000000000003,20.4,20.4,20.4,,,,,,,,,,,,,,,,,,,,,,,,
2026-08-06T15:22:12.940Z,3.105,1.572,0.0,0.0,0.0,0.0,0.0,0.0,0.0,0.0,0.0,0.0,0.0,0.0,0.0,1.0,9.0,2.0,1.0,0.0,0.0,0.0,0.0,0.0,0.0,0.0,1.0,12.0,1.0,12.01,5.0200000000000005,2.51,1.5,0.0,0.0,0.0,0.4,0.0,-0.3,0.5,-0.1,-93.4,0.0,0.0,93.5,0.0,21.700000000000003,3.0,3.0,3.2,300.0,300.0,25.4,20.200000000000003,20.4,20.4,20.4,,,,,,,,,,,,,,,,,,,,,,,,
2026-08-06T15:22:12.951Z,3.116,1.584,0.0,0.0,0.0,0.0,0.0,0.0,0.0,0.0,0.0,0.0,0.0,0.0,0.0,1.0,9.0,2.0,1.0,0.0,0.0,0.0,0.0,0.0,0.0,0.0,2.0,12.0,1.0,12.01,5.0200000000000005,2.51,1.5,0.0,0.1,0.0,0.4,0.0,-0.3,-1.2000000000000002,-0.7000000000000001,-93.4,0.0,0.0,93.5,0.0,21.700000000000003,3.0,3.0,3.2,300.0,300.0,25.4,20.200000000000003,20.4,20.4,20.4,,,,,,,,,,,,,,,,,,,,,,,,
2026-08-06T15:22:12.963Z,3.128,1.596,0.0,0.0,0.0,0.0,0.0,0.0,0.0,0.0,0.0,0.0,0.0,0.0,0.0,1.0,9.0,2.0,1.0,0.0,0.0,0.0,0.0,0.0,0.0,0.0,3.0,12.0,1.0,12.01,5.0200000000000005,2.51,1.5,0.0,0.1,0.0,0.4,0.0,-0.3,-0.6000000000000001,1.0,-93.4,0.0,0.0,93.5,0.0,21.700000000000003,3.0,3.0,3.2,300.0,300.0,25.4,20.200000000000003,20.4,20.4,20.4,,,,,,,,,,,,,,,,,,,,,,,,
2026-08-06T15:22:12.976Z,3.141,1.608,0.0,0.0,0.0,0.0,0.0,0.0,0.0,0.0,0.0,0.0,0.0,0.0,0.0,1.0,9.0,2.0,1.0,0.0,0.0,0.0,0.0,0.0,0.0,0.0,4.0,12.0,1.0,12.01,5.0200000000000005,2.51,1.5,0.0,0.0,0.0,0.4,0.0,-0.3,0.5,0.5,-93.4,0.0,0.0,93.4,0.0,21.700000000000003,3.0,3.0,3.2,300.0,300.0,25.4,20.200000000000003,20.4,20.4,20.4,,,,,,,,,,,,,,,,,,,,,,,,
2026-08-06T15:22:12.987Z,3.152,1.62,0.0,0.0,0.0,0.0,0.0,0.0,0.0,0.0,0.0,0.0,0.0,0.0,0.0,1.0,9.0,2.0,1.0,0.0,0.0,0.0,0.0,0.0,0.0,0.0,6.0,12.0,1.0,12.01,5.0200000000000005,2.51,1.5,0.0,0.0,0.0,0.4,0.0,0.8,-0.6000000000000001,-0.7000000000000001,-93.4,0.0,0.0,93.4,0.0,21.700000000000003,3.0,3.0,3.2,300.0,300.0,25.4,20.200000000000003,20.4,20.4,20.4,,,,,,,,,,,,,,,,,,,,,,,,
2026-08-06T15:22:13.000Z,3.165,1.632,0.0,0.0,0.0,0.0,0.0,0.0,0.0,0.0,0.0,0.0,0.0,0.0,0.0,1.0,9.0,2.0,1.0,0.0,0.0,0.0,0.0,0.0,0.0,0.0,1.0,12.0,1.0,12.02,5.01,2.5,1.49,0.0,0.0,0.0,0.5,0.0,0.2,1.1,0.4,-93.4,0.0,0.0,93.5,0.0,21.9,3.3000000000000003,3.3000000000000003,3.4000000000000004,300.0,300.0,25.5,21.6,21.700000000000003,21.700000000000003,21.700000000000003,,,,,,,,,,,,,,,,,,,,,,,,
2026-08-06T15:22:13.011Z,3.176,1.644,0.0,0.0,0.0,0.0,0.0,0.0,0.0,0.0,0.0,0.0,0.0,0.0,0.0,1.0,9.0,2.0,1.0,0.0,0.0,0.0,0.0,0.0,0.0,0.0,2.0,12.0,1.0,12.02,5.01,2.5,1.49,0.0,0.0,0.0,0.4,0.0,0.2,0.0,1.6,-93.4,0.0,0.0,93.5,0.0,21.9,3.3000000000000003,3.3000000000000003,3.4000000000000004,300.0,300.0,25.5,21.6,21.700000000000003,21.700000000000003,21.700000000000003,,,,,,,,,,,,,,,,,,,,,,,,
2026-08-06T15:22:13.023Z,3.188,1.656,0.0,0.0,0.0,0.0,0.0,0.0,0.0,0.0,0.0,0.0,0.0,0.0,0.0,1.0,9.0,2.0,1.0,0.0,0.0,0.0,0.0,0.0,0.0,0.0,3.0,12.0,1.0,12.02,5.01,2.5,1.49,0.0,0.0,0.0,0.4,0.0,1.4,1.1,1.6,-93.4,0.0,0.0,93.5,0.0,21.9,3.3000000000000003,3.3000000000000003,3.4000000000000004,300.0,300.0,25.5,21.6,21.700000000000003,21.700000000000003,21.700000000000003,,,,,,,,,,,,,,,,,,,,,,,,
2026-08-06T15:22:13.036Z,3.201,1.668,0.0,0.0,0.0,0.0,0.0,0.0,0.0,0.0,0.0,0.0,0.0,0.0,0.0,1.0,9.0,2.0,1.0,0.0,0.0,0.0,0.0,0.0,0.0,0.0,5.0,12.0,1.0,12.02,5.01,2.5,1.49,0.0,0.0,0.0,0.4,0.0,0.2,0.0,-0.6000000000000001,-93.4,0.0,0.0,93.5,0.0,21.9,3.3000000000000003,3.3000000000000003,3.4000000000000004,300.0,300.0,25.5,21.6,21.700000000000003,21.700000000000003,21.700000000000003,,,,,,,,,,,,,,,,,,,,,,,,
2026-08-06T15:22:13.047Z,3.212,1.68,0.0,0.0,0.0,0.0,0.0,0.0,0.0,0.0,0.0,0.0,0.0,0.0,0.0,1.0,9.0,2.0,1.0,0.0,0.0,0.0,0.0,0.0,0.0,0.0,6.0,12.0,1.0,12.02,5.01,2.5,1.49,0.0,0.0,0.0,0.4,0.0,0.9,1.1,0.0,-93.4,0.0,0.0,93.5,0.0,21.9,3.3000000000000003,3.3000000000000003,3.4000000000000004,300.0,300.0,25.5,21.6,21.700000000000003,21.700000000000003,21.700000000000003,,,,,,,,,,,,,,,,,,,,,,,,
2026-08-06T15:22:13.059Z,3.224,1.692,0.0,0.0,0.0,0.0,0.0,0.0,0.0,0.0,0.0,0.0,0.0,0.0,0.0,1.0,9.0,2.0,1.0,0.0,0.0,0.0,0.0,0.0,0.0,0.0,1.0,12.0,1.0,12.02,5.01,2.5,1.49,0.0,0.0,0.0,0.4,0.0,-0.2,0.0,1.1,-93.4,0.0,0.0,93.5,0.0,21.9,3.3000000000000003,3.3000000000000003,3.4000000000000004,300.0,300.0,25.5,21.6,21.700000000000003,21.700000000000003,21.700000000000003,,,,,,,,,,,,,,,,,,,,,,,,
2026-08-06T15:22:13.071Z,3.236,1.704,0.0,0.0,0.0,0.0,0.0,0.0,0.0,0.0,0.0,0.0,0.0,0.0,0.0,1.0,9.0,2.0,1.0,0.0,0.0,0.0,0.0,0.0,0.0,0.0,2.0,12.0,1.0,12.02,5.01,2.5,1.49,0.0,0.0,0.0,0.5,0.0,0.3,0.5,-0.7000000000000001,-93.4,0.0,0.0,93.5,0.0,21.9,3.3000000000000003,3.3000000000000003,3.4000000000000004,300.0,300.0,25.5,21.6,21.700000000000003,21.700000000000003,21.700000000000003,,,,,,,,,,,,,,,,,,,,,,,,
2026-08-06T15:22:13.084Z,3.249,1.716,0.0,0.0,0.0,0.0,0.0,0.0,0.0,0.0,0.0,0.0,0.0,0.0,0.0,1.0,9.0,2.0,1.0,0.0,0.0,0.0,0.0,0.0,0.0,0.0,3.0,12.0,1.0,12.02,5.01,2.5,1.49,0.0,0.0,0.0,0.4,0.0,-0.2,0.0,-0.1,-93.4,0.0,0.0,93.5,0.0,21.9,3.3000000000000003,3.3000000000000003,3.4000000000000004,300.0,300.0,25.5,21.6,21.700000000000003,21.700000000000003,21.700000000000003,,,,,,,,,,,,,,,,,,,,,,,,
2026-08-06T15:22:13.096Z,3.261,1.728,0.0,0.0,0.0,0.0,0.0,0.0,0.0,0.0,0.0,0.0,0.0,0.0,0.0,1.0,9.0,2.0,1.0,0.0,0.0,0.0,0.0,0.0,0.0,0.0,4.0,12.0,1.0,12.02,5.01,2.5,1.49,0.0,0.0,0.0,0.4,0.0,-0.3,-0.7000000000000001,-1.3,-93.4,0.0,0.0,93.5,0.0,21.9,3.3000000000000003,3.3000000000000003,3.4000000000000004,300.0,300.0,25.5,21.6,21.700000000000003,21.700000000000003,21.700000000000003,,,,,,,,,,,,,,,,,,,,,,,,
2026-08-06T15:22:13.107Z,3.272,1.74,0.0,0.0,0.0,0.0,0.0,0.0,0.0,0.0,0.0,0.0,0.0,0.0,0.0,1.0,9.0,2.0,1.0,0.0,0.0,0.0,0.0,0.0,0.0,0.0,5.0,12.0,1.0,12.02,5.01,2.5,1.5,0.0,0.0,0.0,0.4,0.0,-0.3,-0.6000000000000001,-0.1,-93.4,0.0,0.0,93.4,0.0,21.4,3.5,3.5,3.7,300.0,300.0,25.5,22.9,23.0,22.8,23.1,,,,,,,,,,,,,,,,,,,,,,,,
2026-08-06T15:22:13.126Z,3.291,1.752,0.0,0.0,0.0,0.0,0.0,0.0,0.0,0.0,0.0,0.0,0.0,0.0,0.0,1.0,9.0,2.0,1.0,0.0,0.0,0.0,0.0,0.0,0.0,0.0,1.0,12.0,1.0,12.02,5.01,2.5,1.5,0.0,0.0,0.0,0.4,0.0,-0.3,-0.1,0.4,-93.4,0.0,0.0,93.4,0.0,21.4,3.5,3.5,3.7,300.0,300.0,25.5,22.9,23.0,22.8,23.1,,,,,,,,,,,,,,,,,,,,,,,,
2026-08-06T15:22:13.131Z,3.296,1.764,0.0,0.0,0.0,0.0,0.0,0.0,0.0,0.0,0.0,0.0,0.0,0.0,0.0,1.0,9.0,2.0,1.0,0.0,0.0,0.0,0.0,0.0,0.0,0.0,2.0,12.0,1.0,12.02,5.01,2.5,1.5,0.0,0.0,0.0,0.4,0.0,-0.3,1.0,0.4,-93.4,0.0,0.0,93.4,0.0,21.4,3.5,3.5,3.7,300.0,300.0,25.5,22.9,23.0,22.8,23.1,,,,,,,,,,,,,,,,,,,,,,,,
2026-08-06T15:22:13.143Z,3.308,1.776,0.0,0.0,0.0,0.0,0.0,0.0,0.0,0.0,0.0,0.0,0.0,0.0,0.0,1.0,9.0,2.0,1.0,0.0,0.0,0.0,0.0,0.0,0.0,0.0,4.0,12.0,1.0,12.02,5.01,2.5,1.5,0.0,0.0,0.0,0.5,0.0,-0.3,-0.7000000000000001,-0.1,-93.4,0.0,0.0,93.5,0.0,21.4,3.5,3.5,3.7,300.0,300.0,25.5,22.9,23.0,22.8,23.1,,,,,,,,,,,,,,,,,,,,,,,,
2026-08-06T15:22:13.156Z,3.321,1.788,0.0,0.0,0.0,0.0,0.0,0.0,0.0,0.0,0.0,0.0,0.0,0.0,0.0,1.0,9.0,2.0,1.0,0.0,0.0,0.0,0.0,0.0,0.0,0.0,5.0,12.0,1.0,12.02,5.01,2.5,1.5,0.0,0.0,0.0,0.4,0.0,-0.2,-0.7000000000000001,-0.1,-93.4,0.0,0.0,93.5,0.0,21.4,3.5,3.5,3.7,300.0,300.0,25.5,22.9,23.0,22.8,23.1,,,,,,,,,,,,,,,,,,,,,,,,
2026-08-06T15:22:13.167Z,3.332,1.8,0.0,0.0,0.0,0.0,0.0,0.0,0.0,0.0,0.0,0.0,0.0,0.0,0.0,1.0,9.0,2.0,1.0,0.0,0.0,0.0,0.0,0.0,0.0,0.0,6.0,12.0,1.0,12.02,5.01,2.5,1.5,0.0,0.0,0.0,0.4,0.0,0.2,1.0,0.4,-93.4,0.0,0.0,93.5,0.0,21.4,3.5,3.5,3.7,300.0,300.0,25.5,22.9,23.0,22.8,23.1,,,,,,,,,,,,,,,,,,,,,,,,
2026-08-06T15:22:13.180Z,3.345,1.812,0.0,0.0,0.0,0.0,0.0,0.0,0.0,0.0,0.0,0.0,0.0,0.0,0.0,1.0,9.0,2.0,1.0,0.0,0.0,0.0,0.0,0.0,0.0,0.0,1.0,12.0,1.0,12.02,5.01,2.5,1.5,0.0,0.0,0.0,0.4,0.0,0.2,0.9,-0.2,-93.4,0.0,0.0,93.5,0.0,21.4,3.5,3.5,3.7,300.0,300.0,25.5,22.9,23.0,22.8,23.1,,,,,,,,,,,,,,,,,,,,,,,,
2026-08-06T15:22:13.191Z,3.356,1.824,0.0,0.0,0.0,0.0,0.0,0.0,0.0,0.0,0.0,0.0,0.0,0.0,0.0,1.0,9.0,2.0,1.0,0.0,0.0,0.0,0.0,0.0,0.0,0.0,3.0,12.0,1.0,12.02,5.01,2.5,1.5,0.0,0.0,0.0,0.4,0.0,-0.3,-1.3,0.9,-93.4,0.0,0.0,93.3,0.0,21.4,3.5,3.5,3.7,300.0,300.0,25.5,22.9,23.0,22.8,23.1,,,,,,,,,,,,,,,,,,,,,,,,
2026-08-06T15:22:13.204Z,3.369,1.836,0.0,0.0,0.0,0.0,0.0,0.0,0.0,0.0,0.0,0.0,0.0,0.0,0.0,1.0,9.0,2.0,1.0,0.0,0.0,0.0,0.0,0.0,0.0,0.0,4.0,12.0,1.0,12.0,5.0200000000000005,2.51,1.49,0.0,0.0,0.0,0.4,0.0,-0.3,-0.7000000000000001,2.1,-93.4,0.0,0.0,93.5,0.0,22.200000000000003,3.8,3.8,3.9,300.0,300.0,25.4,24.3,23.700000000000003,23.3,24.3,,,,,,,,,,,,,,,,,,,,,,,,
2026-08-06T15:22:13.215Z,3.38,1.848,0.0,0.0,0.0,0.0,0.0,0.0,0.0,0.0,0.0,0.0,0.0,0.0,0.0,1.0,9.0,2.0,1.0,0.0,0.0,0.0,0.0,0.0,0.0,0.0,5.0,12.0,1.0,12.0,5.0200000000000005,2.51,1.49,0.0,0.0,0.0,0.4,0.0,1.4,1.5,0.3,-93.4,0.0,0.0,93.5,0.0,22.200000000000003,3.8,3.8,3.9,300.0,300.0,25.4,24.3,23.700000000000003,23.3,24.3,,,,,,,,,,,,,,,,,,,,,,,,
2026-08-06T15:22:13.227Z,3.392,1.86,0.0,0.0,0.0,0.0,0.0,0.0,0.0,0.0,0.0,0.0,0.0,0.0,0.0,1.0,9.0,2.0,1.0,0.0,0.0,0.0,0.0,0.0,0.0,0.0,1.0,12.0,1.0,12.0,5.0200000000000005,2.51,1.49,0.0,0.0,0.0,0.4,0.0,0.2,-0.1,-0.2,-93.4,0.0,0.0,93.5,0.0,22.200000000000003,3.8,3.8,3.9,300.0,300.0,25.4,24.3,23.700000000000003,23.3,24.3,,,,,,,,,,,,,,,,,,,,,,,,
2026-08-06T15:22:13.240Z,3.405,1.872,0.0,0.0,0.0,0.0,0.0,0.0,0.0,0.0,0.0,0.0,0.0,0.0,0.0,1.0,9.0,2.0,1.0,0.0,0.0,0.0,0.0,0.0,0.0,0.0,2.0,12.0,1.0,12.0,5.0200000000000005,2.51,1.49,0.0,0.0,0.0,0.4,0.0,0.2,-0.7000000000000001,-0.2,-93.4,0.0,0.0,93.5,0.0,22.200000000000003,3.8,3.8,3.9,300.0,300.0,25.4,24.3,23.700000000000003,23.3,24.3,,,,,,,,,,,,,,,,,,,,,,,,
2026-08-06T15:22:13.251Z,3.416,1.884,0.0,0.0,0.0,0.0,0.0,0.0,0.0,0.0,0.0,0.0,0.0,0.0,0.0,1.0,9.0,2.0,1.0,0.0,0.0,0.0,0.0,0.0,0.0,0.0,3.0,12.0,1.0,12.0,5.0200000000000005,2.51,1.49,0.0,0.0,0.0,0.4,0.0,0.8,-0.1,-0.1,-93.4,0.0,0.0,93.5,0.0,22.200000000000003,3.8,3.8,3.9,300.0,300.0,25.4,24.3,23.700000000000003,23.3,24.3,,,,,,,,,,,,,,,,,,,,,,,,
2026-08-06T15:22:13.263Z,3.428,1.896,0.0,0.0,0.0,0.0,0.0,0.0,0.0,0.0,0.0,0.0,0.0,0.0,0.0,1.0,9.0,2.0,1.0,0.0,0.0,0.0,0.0,0.0,0.0,0.0,5.0,12.0,1.0,12.0,5.0200000000000005,2.51,1.49,0.0,0.0,0.0,0.4,0.0,-0.3,-0.7000000000000001,-0.2,-93.4,0.0,0.0,93.5,0.0,22.200000000000003,3.8,3.8,3.9,300.0,300.0,25.4,24.3,23.700000000000003,23.3,24.3,,,,,,,,,,,,,,,,,,,,,,,,
2026-08-06T15:22:13.275Z,3.44,1.908,0.0,0.0,0.0,0.0,0.0,0.0,0.0,0.0,0.0,0.0,0.0,0.0,0.0,1.0,9.0,2.0,1.0,0.0,0.0,0.0,0.0,0.0,0.0,0.0,6.0,12.0,1.0,12.0,5.0200000000000005,2.51,1.49,0.0,0.0,0.0,0.4,0.0,0.2,-0.1,-0.8,-93.4,0.0,0.0,93.5,0.0,22.200000000000003,3.8,3.8,3.9,300.0,300.0,25.4,24.3,23.700000000000003,23.3,24.3,,,,,,,,,,,,,,,,,,,,,,,,
2026-08-06T15:22:13.287Z,3.452,1.92,0.0,0.0,0.0,0.0,0.0,0.0,0.0,0.0,0.0,0.0,0.0,0.0,0.0,1.0,9.0,2.0,1.0,0.0,0.0,0.0,0.0,0.0,0.0,0.0,2.0,12.0,1.0,12.0,5.0200000000000005,2.51,1.49,0.0,0.0,0.0,0.4,0.0,0.2,0.0,-1.4,-93.4,0.0,0.0,93.5,0.0,22.200000000000003,3.8,3.8,3.9,300.0,300.0,25.4,24.3,23.700000000000003,23.3,24.3,,,,,,,,,,,,,,,,,,,,,,,,
2026-08-06T15:22:13.300Z,3.465,1.932,0.0,0.0,0.0,0.0,0.0,0.0,0.0,0.0,0.0,0.0,0.0,0.0,0.0,1.0,9.0,2.0,1.0,0.0,0.0,0.0,0.0,0.0,0.0,0.0,2.0,12.0,1.0,12.0,5.0200000000000005,2.51,1.49,0.0,0.0,0.0,0.4,0.0,-0.3,-1.2000000000000002,0.9,-93.4,0.0,0.0,93.4,0.0,22.200000000000003,3.8,3.8,3.9,300.0,300.0,25.4,24.3,23.700000000000003,23.3,24.3,,,,,,,,,,,,,,,,,,,,,,,,
2026-08-06T15:22:13.312Z,3.477,1.944,0.0,0.0,0.0,0.0,0.0,0.0,0.0,0.0,0.0,0.0,0.0,0.0,0.0,1.0,9.0,2.0,1.0,0.0,0.0,0.0,0.0,0.0,0.0,0.0,4.0,12.0,1.0,12.02,5.01,2.51,1.49,0.0,0.0,0.0,0.4,0.0,-0.3,0.0,-0.1,-93.4,0.0,0.0,93.3,0.0,21.700000000000003,4.0,4.0,4.2,300.0,300.0,25.6,25.6,24.1,23.5,25.0,,,,,,,,,,,,,,,,,,,,,,,,
2026-08-06T15:22:13.323Z,3.488,1.956,0.0,0.0,0.0,0.0,0.0,0.0,0.0,0.0,0.0,0.0,0.0,0.0,0.0,1.0,9.0,2.0,1.0,0.0,0.0,0.0,0.0,0.0,0.0,0.0,4.0,12.0,1.0,12.02,5.01,2.51,1.49,0.0,0.0,0.0,0.4,0.0,-0.2,1.1,0.4,-93.4,0.0,0.0,93.4,0.0,21.700000000000003,4.0,4.0,4.2,300.0,300.0,25.6,25.6,24.1,23.5,25.0,,,,,,,,,,,,,,,,,,,,,,,,
2026-08-06T15:22:13.336Z,3.501,1.968,0.0,0.0,0.0,0.0,0.0,0.0,0.0,0.0,0.0,0.0,0.0,0.0,0.0,1.0,9.0,2.0,1.0,0.0,0.0,0.0,0.0,0.0,0.0,0.0,6.0,12.0,1.0,12.02,5.01,2.51,1.49,0.0,0.1,0.0,0.4,0.0,0.2,1.1,1.6,-93.4,0.0,0.0,93.5,0.0,21.700000000000003,4.0,4.0,4.2,300.0,300.0,25.6,25.6,24.1,23.5,25.0,,,,,,,,,,,,,,,,,,,,,,,,
2026-08-06T15:22:13.347Z,3.512,1.98,0.0,0.0,0.0,0.0,0.0,0.0,0.0,0.0,0.0,0.0,0.0,0.0,0.0,1.0,9.0,2.0,1.0,0.0,0.0,0.0,0.0,0.0,0.0,0.0,1.0,12.0,1.0,12.02,5.01,2.51,1.49,0.0,0.0,0.0,0.4,0.0,-0.9,-1.2000000000000002,-1.2000000000000002,-93.4,0.0,0.0,93.6,0.0,21.700000000000003,4.0,4.0,4.2,300.0,300.0,25.6,25.6,24.1,23.5,25.0,,,,,,,,,,,,,,,,,,,,,,,,
2026-08-06T15:22:13.360Z,3.525,1.992,0.0,0.0,0.0,0.0,0.0,0.0,0.0,0.0,0.0,0.0,0.0,0.0,0.0,1.0,9.0,2.0,1.0,0.0,0.0,0.0,0.0,0.0,0.0,0.0,2.0,12.0,1.0,12.02,5.01,2.51,1.49,0.0,0.0,0.0,0.4,0.0,0.8,0.0,-0.1,-93.4,0.0,0.0,93.5,0.0,21.700000000000003,4.0,4.0,4.2,300.0,300.0,25.6,25.6,24.1,23.5,25.0,,,,,,,,,,,,,,,,,,,,,,,,
2026-08-06T15:22:13.371Z,3.536,2.004,0.0,0.0,0.0,0.0,0.0,0.0,0.0,0.0,0.0,0.0,0.0,0.0,0.0,1.0,9.0,2.0,1.0,0.0,0.0,0.0,0.0,0.0,0.0,0.0,3.0,12.0,1.0,12.02,5.01,2.51,1.49,0.0,0.0,0.0,0.4,0.0,-0.3,0.5,0.0,-93.4,0.0,0.0,93.5,0.0,21.700000000000003,4.0,4.0,4.2,300.0,300.0,25.6,25.6,24.1,23.5,25.0,,,,,,,,,,,,,,,,,,,,,,,,
2026-08-06T15:22:13.383Z,3.548,2.016,0.0,0.0,0.0,0.0,0.0,0.0,0.0,0.0,0.0,0.0,0.0,0.0,0.0,1.0,9.0,2.0,1.0,0.0,0.0,0.0,0.0,0.0,0.0,0.0,4.0,12.0,1.0,12.02,5.01,2.51,1.49,0.0,0.0,0.0,0.4,0.0,-0.3,-0.6000000000000001,-0.6000000000000001,-93.4,0.0,0.0,93.5,0.0,21.700000000000003,4.0,4.0,4.2,300.0,300.0,25.6,25.6,24.1,23.5,25.0,,,,,,,,,,,,,,,,,,,,,,,,
2026-08-06T15:22:13.395Z,3.56,2.028,0.0,0.0,0.0,0.0,0.0,0.0,0.0,0.0,0.0,0.0,0.0,0.0,0.0,1.0,9.0,2.0,1.0,0.0,0.0,0.0,0.0,0.0,0.0,0.0,5.0,12.0,1.0,12.02,5.01,2.51,1.49,0.0,0.0,0.0,0.4,0.0,-0.3,-0.6000000000000001,1.0,-93.4,0.0,0.0,93.5,0.0,21.700000000000003,4.0,4.0,4.2,300.0,300.0,25.6,25.6,24.1,23.5,25.0,,,,,,,,,,,,,,,,,,,,,,,,
2026-08-06T15:22:13.408Z,3.573,2.04,0.0,0.0,0.0,0.0,0.0,0.0,0.0,0.0,0.0,0.0,0.0,0.0,0.0,1.0,9.0,2.0,1.0,0.0,0.0,0.0,0.0,0.0,0.0,0.0,6.0,12.0,1.0,12.0,5.0200000000000005,2.51,1.5,0.0,0.0,0.0,0.4,0.0,0.1,0.0,-0.2,-93.4,0.0,0.0,93.5,0.0,21.3,4.3,4.3,4.4,300.0,300.0,25.6,27.0,24.3,23.6,25.3,,,,,,,,,,,,,,,,,,,,,,,,
2026-08-06T15:22:13.420Z,3.585,2.052,0.0,0.0,0.0,0.0,0.0,0.0,0.0,0.0,0.0,0.0,0.0,0.0,0.0,1.0,9.0,2.0,1.0,0.0,0.0,0.0,0.0,0.0,0.0,0.0,1.0,12.0,1.0,12.0,5.0200000000000005,2.51,1.5,0.0,0.0,0.0,0.5,0.0,0.2,0.0,-0.7000000000000001,-93.4,0.0,0.0,93.5,0.0,21.3,4.3,4.3,4.4,300.0,300.0,25.6,27.0,24.3,23.6,25.3,,,,,,,,,,,,,,,,,,,,,,,,
2026-08-06T15:22:13.431Z,3.596,2.064,0.0,0.0,0.0,0.0,0.0,0.0,0.0,0.0,0.0,0.0,0.0,0.0,0.0,1.0,9.0,2.0,1.0,0.0,0.0,0.0,0.0,0.0,0.0,0.0,2.0,12.0,1.0,12.0,5.0200000000000005,2.51,1.5,0.0,0.0,0.0,0.4,0.0,-0.3,0.4,0.9,-93.4,0.0,0.0,93.3,0.0,21.3,4.3,4.3,4.4,300.0,300.0,25.6,27.0,24.3,23.6,25.3,,,,,,,,,,,,,,,,,,,,,,,,
2026-08-06T15:22:13.444Z,3.609,2.076,0.0,0.0,0.0,0.0,0.0,0.0,0.0,0.0,0.0,0.0,0.0,0.0,0.0,1.0,9.0,2.0,1.0,0.0,0.0,0.0,0.0,0.0,0.0,0.0,3.0,12.0,1.0,12.0,5.0200000000000005,2.51,1.5,0.0,0.0,0.0,0.4,0.0,0.2,-0.6000000000000001,0.3,-93.4,0.0,0.0,93.5,0.0,21.3,4.3,4.3,4.4,300.0,300.0,25.6,27.0,24.3,23.6,25.3,,,,,,,,,,,,,,,,,,,,,,,,
2026-08-06T15:22:13.455Z,3.62,2.088,0.0,0.0,0.0,0.0,0.0,0.0,0.0,0.0,0.0,0.0,0.0,0.0,0.0,1.0,9.0,2.0,1.0,0.0,0.0,0.0,0.0,0.0,0.0,0.0,5.0,12.0,1.0,12.0,5.0200000000000005,2.51,1.5,0.0,0.0,0.0,0.4,0.0,0.8,0.5,1.5,-93.4,0.0,0.0,93.5,0.0,21.3,4.3,4.3,4.4,300.0,300.0,25.6,27.0,24.3,23.6,25.3,,,,,,,,,,,,,,,,,,,,,,,,
2026-08-06T15:22:13.468Z,3.633,2.1,0.0,0.0,0.0,0.0,0.0,0.0,0.0,0.0,0.0,0.0,0.0,0.0,0.0,1.0,9.0,2.0,1.0,0.0,0.0,0.0,0.0,0.0,0.0,0.0,6.0,12.0,1.0,12.0,5.0200000000000005,2.51,1.5,0.0,0.0,0.0,0.4,0.0,-0.3,0.0,-1.4,-93.4,0.0,0.0,93.5,0.0,21.3,4.3,4.3,4.4,300.0,300.0,25.6,27.0,24.3,23.6,25.3,,,,,,,,,,,,,,,,,,,,,,,,
2026-08-06T15:22:13.479Z,3.644,2.112,0.0,0.0,0.0,0.0,0.0,0.0,0.0,0.0,0.0,0.0,0.0,0.0,0.0,1.0,9.0,2.0,1.0,0.0,0.0,0.0,0.0,0.0,0.0,0.0,2.0,12.0,1.0,12.0,5.0200000000000005,2.51,1.5,0.0,0.0,0.0,0.4,0.0,0.2,-0.6000000000000001,0.3,-93.4,0.0,0.0,93.5,0.0,21.3,4.3,4.3,4.4,300.0,300.0,25.6,27.0,24.3,23.6,25.3,,,,,,,,,,,,,,,,,,,,,,,,
2026-08-06T15:22:13.491Z,3.656,2.124,0.0,0.0,0.0,0.0,0.0,0.0,0.0,0.0,0.0,0.0,0.0,0.0,0.0,1.0,9.0,2.0,1.0,0.0,0.0,0.0,0.0,0.0,0.0,0.0,3.0,12.0,1.0,12.0,5.0200000000000005,2.51,1.5,0.0,0.0,0.0,0.4,0.0,0.2,-0.6000000000000001,0.9,-93.4,0.0,0.0,93.5,0.0,21.3,4.3,4.3,4.4,300.0,300.0,25.6,27.0,24.3,23.6,25.3,,,,,,,,,,,,,,,,,,,,,,,,
2026-08-06T15:22:13.503Z,3.668,2.136,0.0,0.0,0.0,0.0,0.0,0.0,0.0,0.0,0.0,0.0,0.0,0.0,0.0,1.0,9.0,2.0,1.0,0.0,0.0,0.0,0.0,0.0,0.0,0.0,4.0,12.0,1.0,12.0,5.0200000000000005,2.51,1.5,0.0,0.0,0.0,0.5,0.0,0.2,-0.1,-0.8,-93.4,0.0,0.0,93.5,0.0,21.3,4.3,4.3,4.4,300.0,300.0,25.6,27.0,24.3,23.6,25.3,,,,,,,,,,,,,,,,,,,,,,,,
2026-08-06T15:22:13.516Z,3.681,2.148,0.0,0.0,0.0,0.0,0.0,0.0,0.0,0.0,0.0,0.0,0.0,0.0,0.0,1.0,9.0,2.0,1.0,0.0,0.0,0.0,0.0,0.0,0.0,0.0,5.0,12.0,1.0,12.02,5.0200000000000005,2.5,1.49,0.0,0.0,0.0,0.4,0.0,-0.9,-0.1,-1.3,-93.4,0.0,0.0,93.5,0.0,21.4,4.5,4.5,4.7,300.0,300.0,25.8,28.200000000000003,24.4,23.700000000000003,25.4,,,,,,,,,,,,,,,,,,,,,,,,
2026-08-06T15:22:13.527Z,3.692,2.16,0.0,0.0,0.0,0.0,0.0,0.0,0.0,0.0,0.0,0.0,0.0,0.0,0.0,1.0,9.0,2.0,1.0,0.0,0.0,0.0,0.0,0.0,0.0,0.0,6.0,12.0,1.0,12.02,5.0200000000000005,2.5,1.49,0.0,0.0,0.0,0.4,0.0,-0.3,0.0,-0.7000000000000001,-93.4,0.0,0.0,93.3,0.0,21.4,4.5,4.5,4.7,300.0,300.0,25.8,28.200000000000003,24.4,23.700000000000003,25.4,,,,,,,,,,,,,,,,,,,,,,,,
2026-08-06T15:22:13.539Z,3.704,2.172,0.0,0.0,0.0,0.0,0.0,0.0,0.0,0.0,0.0,0.0,0.0,0.0,0.0,1.0,9.0,2.0,1.0,0.0,0.0,0.0,0.0,0.0,0.0,0.0,1.0,12.0,1.0,12.02,5.0200000000000005,2.5,1.49,0.0,0.0,0.0,0.4,0.0,-0.2,-0.6000000000000001,-1.2000000000000002,-93.4,0.0,0.0,93.4,0.0,21.4,4.5,4.5,4.7,300.0,300.0,25.8,28.200000000000003,24.4,23.700000000000003,25.4,,,,,,,,,,,,,,,,,,,,,,,,
2026-08-06T15:22:13.551Z,3.716,2.184,0.0,0.0,0.0,0.0,0.0,0.0,0.0,0.0,0.0,0.0,0.0,0.0,0.0,1.0,9.0,2.0,1.0,0.0,0.0,0.0,0.0,0.0,0.0,0.0,3.0,12.0,1.0,12.02,5.0200000000000005,2.5,1.49,0.0,0.0,0.0,0.4,0.0,-0.3,1.1,0.4,-93.4,0.0,0.0,93.5,0.0,21.4,4.5,4.5,4.7,300.0,300.0,25.8,28.200000000000003,24.4,23.700000000000003,25.4,,,,,,,,,,,,,,,,,,,,,,,,
2026-08-06T15:22:13.563Z,3.728,2.196,0.0,0.0,0.0,0.0,0.0,0.0,0.0,0.0,0.0,0.0,0.0,0.0,0.0,1.0,9.0,2.0,1.0,0.0,0.0,0.0,0.0,0.0,0.0,0.0,4.0,12.0,1.0,12.02,5.0200000000000005,2.5,1.49,0.0,0.0,0.0,0.4,0.0,-0.2,0.5,-0.6000000000000001,-93.4,0.0,0.0,93.4,0.0,21.4,4.5,4.5,4.7,300.0,300.0,25.8,28.200000000000003,24.4,23.700000000000003,25.4,,,,,,,,,,,,,,,,,,,,,,,,
2026-08-06T15:22:13.575Z,3.74,2.208,0.0,0.0,0.0,0.0,0.0,0.0,0.0,0.0,0.0,0.0,0.0,0.0,0.0,1.0,9.0,2.0,1.0,0.0,0.0,0.0,0.0,0.0,0.0,0.0,5.0,12.0,1.0,12.02,5.0200000000000005,2.5,1.49,0.0,0.0,0.0,0.4,0.0,-0.8,-0.6000000000000001,0.0,-93.4,0.0,0.0,93.5,0.0,21.4,4.5,4.5,4.7,300.0,300.0,25.8,28.200000000000003,24.4,23.700000000000003,25.4,,,,,,,,,,,,,,,,,,,,,,,,
2026-08-06T15:22:13.587Z,3.752,2.22,0.0,0.0,0.0,0.0,0.0,0.0,0.0,0.0,0.0,0.0,0.0,0.0,0.0,1.0,9.0,2.0,1.0,0.0,0.0,0.0,0.0,0.0,0.0,0.0,6.0,12.0,1.0,12.02,5.0200000000000005,2.5,1.49,0.0,0.0,0.0,0.4,0.0,0.8,-0.6000000000000001,0.0,-93.4,0.0,0.0,93.5,0.0,21.4,4.5,4.5,4.7,300.0,300.0,25.8,28.200000000000003,24.4,23.700000000000003,25.4,,,,,,,,,,,,,,,,,,,,,,,,
2026-08-06T15:22:13.599Z,3.764,2.232,0.0,0.0,0.0,0.0,0.0,0.0,0.0,0.0,0.0,0.0,0.0,0.0,0.0,1.0,9.0,2.0,1.0,0.0,0.0,0.0,0.0,0.0,0.0,0.0,1.0,12.0,1.0,12.02,5.0200000000000005,2.5,1.49,0.0,0.0,0.0,0.4,0.0,0.2,1.6,0.0,-93.4,0.0,0.0,93.5,0.0,21.4,4.5,4.5,4.7,300.0,300.0,25.8,28.200000000000003,24.4,23.700000000000003,25.4,,,,,,,,,,,,,,,,,,,,,,,,
2026-08-06T15:22:13.613Z,3.778,2.244,0.0,0.0,0.0,0.0,0.0,0.0,0.0,0.0,0.0,0.0,0.0,0.0,0.0,1.0,9.0,2.0,1.0,0.0,0.0,0.0,0.0,0.0,0.0,0.0,2.0,12.0,1.0,12.04,5.0200000000000005,2.51,1.49,0.0,0.1,0.0,0.4,0.0,-1.4,0.0,-0.6000000000000001,-93.4,0.0,0.0,93.4,0.0,21.700000000000003,4.800000000000001,4.800000000000001,4.9,300.0,300.0,25.9,28.700000000000003,24.5,23.700000000000003,25.5,,,,,,,,,,,,,,,,,,,,,,,,
2026-08-06T15:22:13.624Z,3.789,2.256,0.0,0.0,0.0,0.0,0.0,0.0,0.0,0.0,0.0,0.0,0.0,0.0,0.0,1.0,9.0,2.0,1.0,0.0,0.0,0.0,0.0,0.0,0.0,0.0,3.0,12.0,1.0,12.04,5.0200000000000005,2.51,1.49,0.0,0.0,0.0,0.4,0.0,0.3,-0.6000000000000001,0.4,-93.4,0.0,0.0,93.5,0.0,21.700000000000003,4.800000000000001,4.800000000000001,4.9,300.0,300.0,25.9,28.700000000000003,24.5,23.700000000000003,25.5,,,,,,,,,,,,,,,,,,,,,,,,
2026-08-06T15:22:13.636Z,3.801,2.268,0.0,0.0,0.0,0.0,0.0,0.0,0.0,0.0,0.0,0.0,0.0,0.0,0.0,1.0,9.0,2.0,1.0,0.0,0.0,0.0,0.0,0.0,0.0,0.0,3.0,12.0,1.0,12.04,5.0200000000000005,2.51,1.49,0.0,0.0,0.0,0.4,0.0,0.2,-0.6000000000000001,0.4,-93.4,0.0,0.0,93.3,0.0,21.700000000000003,4.800000000000001,4.800000000000001,4.9,300.0,300.0,25.9,28.700000000000003,24.5,23.700000000000003,25.5,,,,,,,,,,,,,,,,,,,,,,,,
2026-08-06T15:22:13.647Z,3.812,2.28,0.0,0.0,0.0,0.0,0.0,0.0,0.0,0.0,0.0,0.0,0.0,0.0,0.0,1.0,9.0,2.0,1.0,0.0,0.0,0.0,0.0,0.0,0.0,0.0,4.0,12.0,1.0,12.04,5.0200000000000005,2.51,1.49,0.0,0.0,0.0,0.4,0.0,-0.3,1.7000000000000002,0.4,-93.4,0.0,0.0,93.5,0.0,21.700000000000003,4.800000000000001,4.800000000000001,4.9,300.0,300.0,25.9,28.700000000000003,24.5,23.700000000000003,25.5,,,,,,,,,,,,,,,,,,,,,,,,
2026-08-06T15:22:13.659Z,3.824,2.2920000000000003,0.0,0.0,0.0,0.0,0.0,0.0,0.0,0.0,0.0,0.0,0.0,0.0,0.0,1.0,9.0,2.0,1.0,0.0,0.0,0.0,0.0,0.0,0.0,0.0,5.0,12.0,1.0,12.04,5.0200000000000005,2.51,1.49,0.0,0.0,0.0,0.4,0.0,0.8,1.7000000000000002,0.0,-93.4,0.0,0.0,93.6,0.0,21.700000000000003,4.800000000000001,4.800000000000001,4.9,300.0,300.0,25.9,28.700000000000003,24.5,23.700000000000003,25.5,,,,,,,,,,,,,,,,,,,,,,,,
2026-08-06T15:22:13.671Z,3.836,2.3040000000000003,0.0,0.0,0.0,0.0,0.0,0.0,0.0,0.0,0.0,0.0,0.0,0.0,0.0,1.0,9.0,2.0,1.0,0.0,0.0,0.0,0.0,0.0,0.0,0.0,1.0,12.0,1.0,12.04,5.0200000000000005,2.51,1.49,0.0,0.0,0.0,0.4,0.0,-0.3,-0.6000000000000001,-1.3,-93.4,0.0,0.0,93.5,0.0,21.700000000000003,4.800000000000001,4.800000000000001,4.9,300.0,300.0,25.9,28.700000000000003,24.5,23.700000000000003,25.5,,,,,,,,,,,,,,,,,,,,,,,,
2026-08-06T15:22:13.683Z,3.848,2.316,0.0,0.0,0.0,0.0,0.0,0.0,0.0,0.0,0.0,0.0,0.0,0.0,0.0,1.0,9.0,2.0,1.0,0.0,0.0,0.0,0.0,0.0,0.0,0.0,2.0,12.0,1.0,12.04,5.0200000000000005,2.51,1.49,0.0,0.0,0.0,0.4,0.0,0.2,-0.6000000000000001,-0.7000000000000001,-93.4,0.0,0.0,93.3,0.0,21.700000000000003,4.800000000000001,4.800000000000001,4.9,300.0,300.0,25.9,28.700000000000003,24.5,23.700000000000003,25.5,,,,,,,,,,,,,,,,,,,,,,,,
2026-08-06T15:22:13.695Z,3.86,2.328,0.0,0.0,0.0,0.0,0.0,0.0,0.0,0.0,0.0,0.0,0.0,0.0,0.0,1.0,9.0,2.0,1.0,0.0,0.0,0.0,0.0,0.0,0.0,0.0,3.0,12.0,1.0,12.04,5.0200000000000005,2.51,1.49,0.0,0.0,0.0,0.4,0.0,1.4,1.1,2.1,-93.4,0.0,0.0,93.4,0.0,21.700000000000003,4.800000000000001,4.800000000000001,4.9,300.0,300.0,25.9,28.700000000000003,24.5,23.700000000000003,25.5,,,,,,,,,,,,,,,,,,,,,,,,
2026-08-06T15:22:13.707Z,3.872,2.34,0.0,0.0,0.0,0.0,0.0,0.0,0.0,0.0,0.0,0.0,0.0,0.0,0.0,1.0,9.0,2.0,1.0,0.0,0.0,0.0,0.0,0.0,0.0,0.0,5.0,12.0,1.0,12.04,5.0200000000000005,2.51,1.49,0.0,0.0,0.0,0.4,0.0,0.2,1.7000000000000002,-0.1,-93.4,0.0,0.0,93.4,0.0,21.700000000000003,4.800000000000001,4.800000000000001,4.9,300.0,300.0,25.9,28.700000000000003,24.5,23.700000000000003,25.5,,,,,,,,,,,,,,,,,,,,,,,,
2026-08-06T15:22:13.720Z,3.885,2.352,0.0,0.0,0.0,0.0,0.0,0.0,0.0,0.0,0.0,0.0,0.0,0.0,0.0,1.0,9.0,2.0,1.0,0.0,0.0,0.0,0.0,0.0,0.0,0.0,6.0,12.0,1.0,12.01,5.01,2.51,1.49,0.0,0.0,0.0,0.4,0.0,0.2,-0.6000000000000001,0.4,-93.4,0.0,0.0,93.5,0.0,21.9,5.0,5.0,5.2,300.0,300.0,25.8,29.1,24.5,23.8,25.5,,,,,,,,,,,,,,,,,,,,,,,,
2026-08-06T15:22:13.732Z,3.897,2.364,0.0,0.0,0.0,0.0,0.0,0.0,0.0,0.0,0.0,0.0,0.0,0.0,0.0,1.0,9.0,2.0,1.0,0.0,0.0,0.0,0.0,0.0,0.0,0.0,1.0,12.0,1.0,12.01,5.01,2.51,1.49,0.0,0.0,0.0,0.4,0.0,0.2,-1.1,1.6,-93.4,0.0,0.0,93.4,0.0,21.9,5.0,5.0,5.2,300.0,300.0,25.8,29.1,24.5,23.8,25.5,,,,,,,,,,,,,,,,,,,,,,,,
2026-08-06T15:22:13.743Z,3.908,2.376,0.0,0.0,0.0,0.0,0.0,0.0,0.0,0.0,0.0,0.0,0.0,0.0,0.0,1.0,9.0,2.0,1.0,0.0,0.0,0.0,0.0,0.0,0.0,0.0,2.0,12.0,1.0,12.01,5.01,2.51,1.49,0.0,0.1,0.0,0.4,0.0,-0.3,-0.6000000000000001,1.0,-93.4,0.0,0.0,93.5,0.0,21.9,5.0,5.0,5.2,300.0,300.0,25.8,29.1,24.5,23.8,25.5,,,,,,,,,,,,,,,,,,,,,,,,
2026-08-06T15:22:13.755Z,3.92,2.388,0.0,0.0,0.0,0.0,0.0,0.0,0.0,0.0,0.0,0.0,0.0,0.0,0.0,1.0,9.0,2.0,1.0,0.0,0.0,0.0,0.0,0.0,0.0,0.0,3.0,12.0,1.0,12.01,5.01,2.51,1.49,0.0,0.0,0.0,0.4,0.0,-0.3,0.5,1.0,-93.4,0.0,0.0,93.5,0.0,21.9,5.0,5.0,5.2,300.0,300.0,25.8,29.1,24.5,23.8,25.5,,,,,,,,,,,,,,,,,,,,,,,,
2026-08-06T15:22:13.768Z,3.933,2.4,0.0,0.0,0.0,0.0,0.0,0.0,0.0,0.0,0.0,0.0,0.0,0.0,0.0,1.0,9.0,2.0,1.0,0.0,0.0,0.0,0.0,0.0,0.0,0.0,4.0,12.0,1.0,12.01,5.01,2.51,1.49,0.0,0.0,0.0,0.4,0.0,-0.3,0.5,-1.2000000000000002,-93.4,0.0,0.0,93.4,0.0,21.9,5.0,5.0,5.2,300.0,300.0,25.8,29.1,24.5,23.8,25.5,,,,,,,,,,,,,,,,,,,,,,,,
2026-08-06T15:22:13.782Z,3.947,2.412,0.0,0.0,0.0,0.0,0.0,0.0,0.0,0.0,0.0,0.0,0.0,0.0,0.0,1.0,9.0,2.0,1.0,0.0,0.0,0.0,0.0,0.0,0.0,0.0,6.0,12.0,1.0,12.01,5.01,2.51,1.49,0.0,0.0,0.0,0.4,0.0,-0.3,-0.5,-0.6000000000000001,-93.4,0.0,0.0,93.5,0.0,21.9,5.0,5.0,5.2,300.0,300.0,25.8,29.1,24.5,23.8,25.5,,,,,,,,,,,,,,,,,,,,,,,,
2026-08-06T15:22:13.791Z,3.956,2.424,0.0,0.0,0.0,0.0,0.0,0.0,0.0,0.0,0.0,0.0,0.0,0.0,0.0,1.0,9.0,2.0,1.0,0.0,0.0,0.0,0.0,0.0,0.0,0.0,6.0,12.0,1.0,12.01,5.01,2.51,1.49,0.0,0.1,0.0,0.4,0.0,0.8,1.7000000000000002,2.3000000000000003,-93.4,0.0,0.0,93.4,0.0,21.9,5.0,5.0,5.2,300.0,300.0,25.8,29.1,24.5,23.8,25.5,,,,,,,,,,,,,,,,,,,,,,,,
2026-08-06T15:22:13.804Z,3.969,2.436,0.0,0.0,0.0,0.0,0.0,0.0,0.0,0.0,0.0,0.0,0.0,0.0,0.0,1.0,9.0,2.0,1.0,0.0,0.0,0.0,0.0,0.0,0.0,0.0,2.0,12.0,1.0,12.01,5.01,2.51,1.49,0.0,0.0,0.0,0.4,0.0,0.3,0.5,0.5,-93.4,0.0,0.0,93.5,0.0,21.9,5.0,5.0,5.2,300.0,300.0,25.8,29.1,24.5,23.8,25.5,,,,,,,,,,,,,,,,,,,,,,,,
2026-08-06T15:22:13.817Z,3.982,2.448,0.0,0.0,0.0,0.0,0.0,0.0,0.0,0.0,0.0,0.0,0.0,0.0,0.0,1.0,9.0,2.0,1.0,0.0,0.0,0.0,0.0,0.0,0.0,0.0,3.0,12.0,1.0,12.01,5.01,2.51,1.49,0.0,0.0,0.0,0.4,0.0,0.3,0.5,0.5,-93.4,0.0,0.0,93.4,0.0,21.8,5.300000000000001,5.300000000000001,5.4,300.0,300.0,25.9,29.3,24.5,23.8,25.5,,,,,,,,,,,,,,,,,,,,,,,,
2026-08-06T15:22:13.828Z,3.993,2.46,0.0,0.0,0.0,0.0,0.0,0.0,0.0,0.0,0.0,0.0,0.0,0.0,0.0,1.0,9.0,2.0,1.0,0.0,0.0,0.0,0.0,0.0,0.0,0.0,4.0,12.0,1.0,12.01,5.01,2.51,1.49,0.0,0.0,0.0,0.5,0.0,0.3,0.0,-0.6000000000000001,-93.4,0.0,0.0,93.3,0.0,21.8,5.300000000000001,5.300000000000001,5.4,300.0,300.0,25.9,29.3,24.5,23.8,25.5,,,,,,,,,,,,,,,,,,,,,,,,
2026-08-06T15:22:13.839Z,4.004,2.472,0.0,0.0,0.0,0.0,0.0,0.0,0.0,0.0,0.0,0.0,0.0,0.0,0.0,1.0,9.0,2.0,1.0,0.0,0.0,0.0,0.0,0.0,0.0,0.0,6.0,12.0,1.0,12.01,5.01,2.51,1.49,0.0,0.0,0.0,0.4,0.0,-0.2,0.0,-0.6000000000000001,-93.4,0.0,0.0,93.5,0.0,21.8,5.300000000000001,5.300000000000001,5.4,300.0,300.0,25.9,29.3,24.5,23.8,25.5,,,,,,,,,,,,,,,,,,,,,,,,
2026-08-06T15:22:13.851Z,4.016,2.484,0.0,0.0,0.0,0.0,0.0,0.0,0.0,0.0,0.0,0.0,0.0,0.0,0.0,1.0,9.0,2.0,1.0,0.0,0.0,0.0,0.0,0.0,0.0,0.0,1.0,12.0,1.0,12.01,5.01,2.51,1.49,0.0,0.0,0.0,0.5,0.0,0.3,0.5,0.0,-93.4,0.0,0.0,93.5,0.0,21.8,5.300000000000001,5.300000000000001,5.4,300.0,300.0,25.9,29.3,24.5,23.8,25.5,,,,,,,,,,,,,,,,,,,,,,,,
2026-08-06T15:22:13.863Z,4.028,2.496,0.0,0.0,0.0,0.0,0.0,0.0,0.0,0.0,0.0,0.0,0.0,0.0,0.0,1.0,9.0,2.0,1.0,0.0,0.0,0.0,0.0,0.0,0.0,0.0,2.0,12.0,1.0,12.01,5.01,2.51,1.49,0.0,0.0,0.0,0.4,0.0,0.2,-0.6000000000000001,1.7000000000000002,-93.4,0.0,0.0,93.5,0.0,21.8,5.300000000000001,5.300000000000001,5.4,300.0,300.0,25.9,29.3,24.5,23.8,25.5,,,,,,,,,,,,,,,,,,,,,,,,
2026-08-06T15:22:13.875Z,4.04,2.508,0.0,0.0,0.0,0.0,0.0,0.0,0.0,0.0,0.0,0.0,0.0,0.0,0.0,1.0,9.0,2.0,1.0,0.0,0.0,0.0,0.0,0.0,0.0,0.0,2.0,12.0,1.0,12.01,5.01,2.51,1.49,0.0,0.0,0.0,0.4,0.0,0.8,1.0,0.0,-93.4,0.0,0.0,93.3,0.0,21.8,5.300000000000001,5.300000000000001,5.4,300.0,300.0,25.9,29.3,24.5,23.8,25.5,,,,,,,,,,,,,,,,,,,,,,,,
2026-08-06T15:22:13.887Z,4.052,2.52,0.0,0.0,0.0,0.0,0.0,0.0,0.0,0.0,0.0,0.0,0.0,0.0,0.0,1.0,9.0,2.0,1.0,0.0,0.0,0.0,0.0,0.0,0.0,0.0,3.0,12.0,1.0,12.01,5.01,2.51,1.49,0.0,0.0,0.0,0.4,0.0,-0.8,1.0,-0.6000000000000001,-93.4,0.0,0.0,93.5,0.0,21.8,5.300000000000001,5.300000000000001,5.4,300.0,300.0,25.9,29.3,24.5,23.8,25.5,,,,,,,,,,,,,,,,,,,,,,,,
2026-08-06T15:22:13.899Z,4.064,2.532,0.0,0.0,0.0,0.0,0.0,0.0,0.0,0.0,0.0,0.0,0.0,0.0,0.0,1.0,9.0,2.0,1.0,0.0,0.0,0.0,0.0,0.0,0.0,0.0,5.0,12.0,1.0,12.01,5.01,2.51,1.49,0.0,0.0,0.0,0.4,0.0,-0.2,-0.1,-0.6000000000000001,-93.4,0.0,0.0,93.5,0.0,21.8,5.300000000000001,5.300000000000001,5.4,300.0,300.0,25.9,29.3,24.5,23.8,25.5,,,,,,,,,,,,,,,,,,,,,,,,
2026-08-06T15:22:13.911Z,4.076,2.544,0.0,0.0,0.0,0.0,0.0,0.0,0.0,0.0,0.0,0.0,0.0,0.0,0.0,1.0,9.0,2.0,1.0,0.0,0.0,0.0,0.0,0.0,0.0,0.0,6.0,12.0,1.0,12.01,5.01,2.51,1.49,0.0,0.0,0.0,0.4,0.0,-0.3,-0.1,0.0,-93.4,0.0,0.0,93.5,0.0,21.8,5.300000000000001,5.300000000000001,5.4,300.0,300.0,25.9,29.3,24.5,23.8,25.5,,,,,,,,,,,,,,,,,,,,,,,,
2026-08-06T15:22:13.923Z,4.088,2.556,0.0,0.0,0.0,0.0,0.0,0.0,0.0,0.0,0.0,0.0,0.0,0.0,0.0,1.0,9.0,2.0,1.0,0.0,0.0,0.0,0.0,0.0,0.0,0.0,1.0,12.0,1.0,12.0,5.01,2.5,1.49,0.0,0.0,0.0,0.4,0.0,-1.5,-0.6000000000000001,1.1,-93.4,0.0,0.0,93.4,0.0,21.8,5.5,5.5,5.7,300.0,300.0,25.700000000000003,29.4,24.5,23.700000000000003,25.6,,,,,,,,,,,,,,,,,,,,,,,,
2026-08-06T15:22:13.935Z,4.1,2.568,0.0,0.0,0.0,0.0,0.0,0.0,0.0,0.0,0.0,0.0,0.0,0.0,0.0,1.0,9.0,2.0,1.0,0.0,0.0,0.0,0.0,0.0,0.0,0.0,3.0,12.0,1.0,12.0,5.01,2.5,1.49,0.0,0.0,0.0,0.4,0.0,-0.3,1.6,-0.6000000000000001,-93.4,0.0,0.0,93.5,0.0,21.8,5.5,5.5,5.7,300.0,300.0,25.700000000000003,29.4,24.5,23.700000000000003,25.6,,,,,,,,,,,,,,,,,,,,,,,,
2026-08-06T15:22:13.947Z,4.112,2.58,0.0,0.0,0.0,0.0,0.0,0.0,0.0,0.0,0.0,0.0,0.0,0.0,0.0,1.0,9.0,2.0,1.0,0.0,0.0,0.0,0.0,0.0,0.0,0.0,4.0,12.0,1.0,12.0,5.01,2.5,1.49,-0.1,0.1,0.0,0.4,0.0,-0.3,1.0,0.5,-93.4,0.0,0.0,93.5,0.0,21.8,5.5,5.5,5.7,300.0,300.0,25.700000000000003,29.4,24.5,23.700000000000003,25.6,,,,,,,,,,,,,,,,,,,,,,,,
2026-08-06T15:22:13.960Z,4.125,2.592,0.0,0.0,0.0,0.0,0.0,0.0,0.0,0.0,0.0,0.0,0.0,0.0,0.0,1.0,9.0,2.0,1.0,0.0,0.0,0.0,0.0,0.0,0.0,0.0,5.0,12.0,1.0,12.0,5.01,2.5,1.49,0.0,0.0,0.0,0.4,0.0,0.2,-0.7000000000000001,-0.6000000000000001,-93.4,0.0,0.0,93.5,0.0,21.8,5.5,5.5,5.7,300.0,300.0,25.700000000000003,29.4,24.5,23.700000000000003,25.6,,,,,,,,,,,,,,,,,,,,,,,,
2026-08-06T15:22:13.971Z,4.136,2.604,0.0,0.0,0.0,0.0,0.0,0.0,0.0,0.0,0.0,0.0,0.0,0.0,0.0,1.0,9.0,2.0,1.0,0.0,0.0,0.0,0.0,0.0,0.0,0.0,6.0,12.0,1.0,12.0,5.01,2.5,1.49,0.0,0.0,0.0,0.4,0.0,0.2,-1.3,-0.7000000000000001,-93.4,0.0,0.0,93.5,0.0,21.8,5.5,5.5,5.7,300.0,300.0,25.700000000000003,29.4,24.5,23.700000000000003,25.6,,,,,,,,,,,,,,,,,,,,,,,,
2026-08-06T15:22:13.984Z,4.149,2.616,0.0,0.0,0.0,0.0,0.0,0.0,0.0,0.0,0.0,0.0,0.0,0.0,0.0,1.0,9.0,2.0,1.0,0.0,0.0,0.0,0.0,0.0,0.0,0.0,1.0,12.0,1.0,12.0,5.01,2.5,1.49,0.0,0.0,0.0,0.4,0.0,0.8,-0.1,0.0,-93.4,0.0,0.0,93.5,0.0,21.8,5.5,5.5,5.7,300.0,300.0,25.700000000000003,29.4,24.5,23.700000000000003,25.6,,,,,,,,,,,,,,,,,,,,,,,,
2026-08-06T15:22:13.996Z,4.161,2.628,0.0,0.0,0.0,0.0,0.0,0.0,0.0,0.0,0.0,0.0,0.0,0.0,0.0,1.0,9.0,2.0,1.0,0.0,0.0,0.0,0.0,0.0,0.0,0.0,3.0,12.0,1.0,12.0,5.01,2.5,1.49,0.0,0.0,0.0,0.4,0.0,-0.3,1.0,0.0,-93.4,0.0,0.0,93.5,0.0,21.8,5.5,5.5,5.7,300.0,300.0,25.700000000000003,29.4,24.5,23.700000000000003,25.6,,,,,,,,,,,,,,,,,,,,,,,,
2026-08-06T15:22:14.007Z,4.172,2.64,0.0,0.0,0.0,0.0,0.0,0.0,0.0,0.0,0.0,0.0,0.0,0.0,0.0,1.0,9.0,2.0,1.0,0.0,0.0,0.0,0.0,0.0,0.0,0.0,4.0,12.0,1.0,12.0,5.01,2.5,1.49,0.0,0.0,0.0,0.4,0.0,0.8,0.4,1.1,-93.4,0.0,0.0,93.5,0.0,21.8,5.5,5.5,5.7,300.0,300.0,25.700000000000003,29.4,24.5,23.700000000000003,25.6,,,,,,,,,,,,,,,,,,,,,,,,
2026-08-06T15:22:14.020Z,4.185,2.652,0.0,0.0,0.0,0.0,0.0,0.0,0.0,0.0,0.0,0.0,0.0,0.0,0.0,1.0,9.0,2.0,1.0,0.0,0.0,0.0,0.0,0.0,0.0,0.0,5.0,12.0,1.0,12.04,5.0200000000000005,2.51,1.5,0.0,0.0,0.0,0.5,0.0,-0.3,-0.7000000000000001,0.5,-93.4,0.0,0.0,93.3,0.0,21.700000000000003,5.800000000000001,5.800000000000001,5.9,300.0,300.0,25.700000000000003,29.5,24.5,23.8,25.6,,,,,,,,,,,,,,,,,,,,,,,,
2026-08-06T15:22:14.032Z,4.197,2.664,0.0,0.0,0.0,0.0,0.0,0.0,0.0,0.0,0.0,0.0,0.0,0.0,0.0,1.0,9.0,2.0,1.0,0.0,0.0,0.0,0.0,0.0,0.0,0.0,6.0,12.0,1.0,12.04,5.0200000000000005,2.51,1.5,0.0,0.0,0.0,0.4,0.0,-0.3,-0.7000000000000001,-0.1,-93.4,0.0,0.0,93.3,0.0,21.700000000000003,5.800000000000001,5.800000000000001,5.9,300.0,300.0,25.700000000000003,29.5,24.5,23.8,25.6,,,,,,,,,,,,,,,,,,,,,,,,
2026-08-06T15:22:14.043Z,4.208,2.676,0.0,0.0,0.0,0.0,0.0,0.0,0.0,0.0,0.0,0.0,0.0,0.0,0.0,1.0,9.0,2.0,1.0,0.0,0.0,0.0,0.0,0.0,0.0,0.0,1.0,12.0,1.0,12.04,5.0200000000000005,2.51,1.5,0.0,0.1,0.0,0.4,0.0,-0.3,0.4,0.4,-93.4,0.0,0.0,93.5,0.0,21.700000000000003,5.800000000000001,5.800000000000001,5.9,300.0,300.0,25.700000000000003,29.5,24.5,23.8,25.6,,,,,,,,,,,,,,,,,,,,,,,,
2026-08-06T15:22:14.055Z,4.22,2.688,0.0,0.0,0.0,0.0,0.0,0.0,0.0,0.0,0.0,0.0,0.0,0.0,0.0,1.0,9.0,2.0,1.0,0.0,0.0,0.0,0.0,0.0,0.0,0.0,2.0,12.0,1.0,12.04,5.0200000000000005,2.51,1.5,0.0,0.0,0.0,0.4,0.0,-0.9,0.4,0.0,-93.4,0.0,0.0,93.5,0.0,21.700000000000003,5.800000000000001,5.800000000000001,5.9,300.0,300.0,25.700000000000003,29.5,24.5,23.8,25.6,,,,,,,,,,,,,,,,,,,,,,,,
2026-08-06T15:22:14.067Z,4.232,2.7,0.0,0.0,0.0,0.0,0.0,0.0,0.0,0.0,0.0,0.0,0.0,0.0,0.0,1.0,9.0,2.0,1.0,0.0,0.0,0.0,0.0,0.0,0.0,0.0,4.0,12.0,1.0,12.04,5.0200000000000005,2.51,1.5,0.0,0.0,0.0,0.4,0.0,0.8,0.0,0.0,-93.4,0.0,0.0,93.5,0.0,21.700000000000003,5.800000000000001,5.800000000000001,5.9,300.0,300.0,25.700000000000003,29.5,24.5,23.8,25.6,,,,,,,,,,,,,,,,,,,,,,,,
2026-08-06T15:22:14.079Z,4.244,2.712,0.0,0.0,0.0,0.0,0.0,0.0,0.0,0.0,0.0,0.0,0.0,0.0,0.0,1.0,9.0,2.0,1.0,0.0,0.0,0.0,0.0,0.0,0.0,0.0,5.0,12.0,1.0,12.04,5.0200000000000005,2.51,1.5,0.0,0.0,0.0,0.4,0.0,-0.3,0.5,-0.6000000000000001,-93.4,0.0,0.0,93.6,0.0,21.700000000000003,5.800000000000001,5.800000000000001,5.9,300.0,300.0,25.700000000000003,29.5,24.5,23.8,25.6,,,,,,,,,,,,,,,,,,,,,,,,
2026-08-06T15:22:14.091Z,4.256,2.724,0.0,0.0,0.0,0.0,0.0,0.0,0.0,0.0,0.0,0.0,0.0,0.0,0.0,1.0,9.0,2.0,1.0,0.0,0.0,0.0,0.0,0.0,0.0,0.0,6.0,12.0,1.0,12.04,5.0200000000000005,2.51,1.5,0.0,0.0,0.0,0.4,0.0,-0.3,0.0,0.5,-93.4,0.0,0.0,93.5,0.0,21.700000000000003,5.800000000000001,5.800000000000001,5.9,300.0,300.0,25.700000000000003,29.5,24.5,23.8,25.6,,,,,,,,,,,,,,,,,,,,,,,,
2026-08-06T15:22:14.104Z,4.269,2.736,0.0,0.0,0.0,0.0,0.0,0.0,0.0,0.0,0.0,0.0,0.0,0.0,0.0,1.0,9.0,2.0,1.0,0.0,0.0,0.0,0.0,0.0,0.0,0.0,2.0,12.0,1.0,12.04,5.0200000000000005,2.51,1.5,0.0,0.0,0.0,0.4,0.0,-1.5,-0.6000000000000001,1.7000000000000002,-93.4,0.0,0.0,93.5,0.0,21.700000000000003,5.800000000000001,5.800000000000001,5.9,300.0,300.0,25.700000000000003,29.5,24.5,23.8,25.6,,,,,,,,,,,,,,,,,,,,,,,,
2026-08-06T15:22:14.115Z,4.28,2.748,0.0,0.0,0.0,0.0,0.0,0.0,0.0,0.0,0.0,0.0,0.0,0.0,0.0,1.0,9.0,2.0,1.0,0.0,0.0,0.0,0.0,0.0,0.0,0.0,2.0,12.0,1.0,12.04,5.0200000000000005,2.51,1.5,0.0,0.0,0.0,0.4,0.0,-0.3,-1.2000000000000002,0.0,-93.4,0.0,0.0,93.5,0.0,21.700000000000003,5.800000000000001,5.800000000000001,5.9,300.0,300.0,25.700000000000003,29.5,24.5,23.8,25.6,,,,,,,,,,,,,,,,,,,,,,,,
2026-08-06T15:22:14.128Z,4.293,2.76,0.0,0.0,0.0,0.0,0.0,0.0,0.0,0.0,0.0,0.0,0.0,0.0,0.0,1.0,9.0,2.0,1.0,0.0,0.0,0.0,0.0,0.0,0.0,0.0,4.0,12.0,1.0,12.08,5.01,2.5,1.49,0.0,0.0,0.0,0.4,0.0,1.4,1.6,2.2,-93.4,0.0,0.0,93.3,0.0,21.9,6.0,6.0,6.2,300.0,300.0,25.8,29.6,24.5,23.8,25.6,,,,,,,,,,,,,,,,,,,,,,,,
2026-08-06T15:22:14.139Z,4.304,2.772,0.0,0.0,0.0,0.0,0.0,0.0,0.0,0.0,0.0,0.0,0.0,0.0,0.0,1.0,9.0,2.0,1.0,0.0,0.0,0.0,0.0,0.0,0.0,0.0,5.0,12.0,1.0,12.08,5.01,2.5,1.49,0.0,0.0,0.0,0.5,0.0,0.8,1.0,-1.2000000000000002,-93.4,0.0,0.0,93.5,0.0,21.9,6.0,6.0,6.2,300.0,300.0,25.8,29.6,24.5,23.8,25.6,,,,,,,,,,,,,,,,,,,,,,,,
2026-08-06T15:22:14.151Z,4.316,2.7840000000000003,0.0,0.0,0.0,0.0,0.0,0.0,0.0,0.0,0.0,0.0,0.0,0.0,0.0,1.0,9.0,2.0,1.0,0.0,0.0,0.0,0.0,0.0,0.0,0.0,6.0,12.0,1.0,12.08,5.01,2.5,1.49,0.0,0.0,0.0,0.4,0.0,-0.9,-1.8,-1.2000000000000002,-93.4,0.0,0.0,93.5,0.0,21.9,6.0,6.0,6.2,300.0,300.0,25.8,29.6,24.5,23.8,25.6,,,,,,,,,,,,,,,,,,,,,,,,
2026-08-06T15:22:14.163Z,4.328,2.7960000000000003,0.0,0.0,0.0,0.0,0.0,0.0,0.0,0.0,0.0,0.0,0.0,0.0,0.0,1.0,9.0,2.0,1.0,0.0,0.0,0.0,0.0,0.0,0.0,0.0,1.0,12.0,1.0,12.08,5.01,2.5,1.49,0.0,0.0,0.0,0.4,0.0,-0.9,-0.1,-0.1,-93.4,0.0,0.0,93.5,0.0,21.9,6.0,6.0,6.2,300.0,300.0,25.8,29.6,24.5,23.8,25.6,,,,,,,,,,,,,,,,,,,,,,,,
2026-08-06T15:22:14.176Z,4.341,2.8080000000000003,0.0,0.0,0.0,0.0,0.0,0.0,0.0,0.0,0.0,0.0,0.0,0.0,0.0,1.0,9.0,2.0,1.0,0.0,0.0,0.0,0.0,0.0,0.0,0.0,2.0,12.0,1.0,12.08,5.01,2.5,1.49,0.0,0.0,0.0,0.5,0.0,0.2,1.0,1.0,-93.4,0.0,0.0,93.4,0.0,21.9,6.0,6.0,6.2,300.0,300.0,25.8,29.6,24.5,23.8,25.6,,,,,,,,,,,,,,,,,,,,,,,,
2026-08-06T15:22:14.187Z,4.352,2.82,0.0,0.0,0.0,0.0,0.0,0.0,0.0,0.0,0.0,0.0,0.0,0.0,0.0,1.0,9.0,2.0,1.0,0.0,0.0,0.0,0.0,0.0,0.0,0.0,4.0,12.0,1.0,12.08,5.01,2.5,1.49,0.0,0.0,0.0,0.4,0.0,-0.3,-1.2000000000000002,-1.8,-93.4,0.0,0.0,93.4,0.0,21.9,6.0,6.0,6.2,300.0,300.0,25.8,29.6,24.5,23.8,25.6,,,,,,,,,,,,,,,,,,,,,,,,
2026-08-06T15:22:14.199Z,4.364,2.832,0.0,0.0,0.0,0.0,0.0,0.0,0.0,0.0,0.0,0.0,0.0,0.0,0.0,1.0,9.0,2.0,1.0,0.0,0.0,0.0,0.0,0.0,0.0,0.0,4.0,12.0,1.0,12.08,5.01,2.5,1.49,0.0,0.0,0.0,0.4,0.0,-0.3,-1.2000000000000002,-1.2000000000000002,-93.4,0.0,0.0,93.4,0.0,21.9,6.0,6.0,6.2,300.0,300.0,25.8,29.6,24.5,23.8,25.6,,,,,,,,,,,,,,,,,,,,,,,,
2026-08-06T15:22:14.211Z,4.376,2.844,0.0,0.0,0.0,0.0,0.0,0.0,0.0,0.0,0.0,0.0,0.0,0.0,0.0,1.0,9.0,2.0,1.0,0.0,0.0,0.0,0.0,0.0,0.0,0.0,6.0,12.0,1.0,12.08,5.01,2.5,1.49,0.0,0.1,0.0,0.4,0.0,0.8,-1.8,-2.3000000000000003,-93.4,0.0,0.0,93.4,0.0,21.9,6.0,6.0,6.2,300.0,300.0,25.8,29.6,24.5,23.8,25.6,,,,,,,,,,,,,,,,,,,,,,,,
2026-08-06T15:22:14.224Z,4.389,2.856,0.0,0.0,0.0,0.0,0.0,0.0,0.0,0.0,0.0,0.0,0.0,0.0,0.0,1.0,9.0,2.0,1.0,0.0,0.0,0.0,0.0,0.0,0.0,0.0,1.0,12.0,1.0,12.05,5.01,2.51,1.49,0.0,0.0,0.0,0.4,0.0,-1.5,-0.1,-0.6000000000000001,-93.4,0.0,0.0,93.3,0.0,21.200000000000003,6.300000000000001,6.300000000000001,6.4,300.0,300.0,25.9,29.700000000000003,24.5,23.8,25.6,,,,,,,,,,,,,,,,,,,,,,,,
2026-08-06T15:22:14.235Z,4.4,2.868,0.0,0.0,0.0,0.0,0.0,0.0,0.0,0.0,0.0,0.0,0.0,0.0,0.0,1.0,9.0,2.0,1.0,0.0,0.0,0.0,0.0,0.0,0.0,0.0,2.0,12.0,1.0,12.05,5.01,2.51,1.49,0.0,0.0,0.0,0.4,0.0,0.1,1.6,-0.6000000000000001,-93.4,0.0,0.0,93.4,0.0,21.200000000000003,6.300000000000001,6.300000000000001,6.4,300.0,300.0,25.9,29.700000000000003,24.5,23.8,25.6,,,,,,,,,,,,,,,,,,,,,,,,
2026-08-06T15:22:14.248Z,4.413,2.88,0.0,0.0,0.0,0.0,0.0,0.0,0.0,0.0,0.0,0.0,0.0,0.0,0.0,1.0,9.0,2.0,1.0,0.0,0.0,0.0,0.0,0.0,0.0,0.0,3.0,12.0,1.0,12.05,5.01,2.51,1.49,0.0,0.0,0.0,0.4,0.0,-0.3,0.4,1.1,-93.4,0.0,0.0,93.5,0.0,21.200000000000003,6.300000000000001,6.300000000000001,6.4,300.0,300.0,25.9,29.700000000000003,24.5,23.8,25.6,,,,,,,,,,,,,,,,,,,,,,,,
2026-08-06T15:22:14.259Z,4.424,2.892,0.0,0.0,0.0,0.0,0.0,0.0,0.0,0.0,0.0,0.0,0.0,0.0,0.0,1.0,9.0,2.0,1.0,0.0,0.0,0.0,0.0,0.0,0.0,0.0,5.0,12.0,1.0,12.05,5.01,2.51,1.49,0.0,0.0,0.0,0.4,0.0,-0.4,-1.2000000000000002,-1.2000000000000002,-93.4,0.0,0.0,93.5,0.0,21.200000000000003,6.300000000000001,6.300000000000001,6.4,300.0,300.0,25.9,29.700000000000003,24.5,23.8,25.6,,,,,,,,,,,,,,,,,,,,,,,,
2026-08-06T15:22:14.271Z,4.436,2.904,0.0,0.0,0.0,0.0,0.0,0.0,0.0,0.0,0.0,0.0,0.0,0.0,0.0,1.0,9.0,2.0,1.0,0.0,0.0,0.0,0.0,0.0,0.0,0.0,6.0,12.0,1.0,12.05,5.01,2.51,1.49,0.0,0.0,0.0,0.4,0.0,-0.4,0.0,-1.8,-93.4,0.0,0.0,93.5,0.0,21.200000000000003,6.300000000000001,6.300000000000001,6.4,300.0,300.0,25.9,29.700000000000003,24.5,23.8,25.6,,,,,,,,,,,,,,,,,,,,,,,,
2026-08-06T15:22:14.283Z,4.448,2.916,0.0,0.0,0.0,0.0,0.0,0.0,0.0,0.0,0.0,0.0,0.0,0.0,0.0,1.0,9.0,2.0,1.0,0.0,0.0,0.0,0.0,0.0,0.0,0.0,1.0,12.0,1.0,12.05,5.01,2.51,1.49,0.0,0.1,0.0,0.4,0.0,0.1,1.1,0.5,-93.4,0.0,0.0,93.5,0.0,21.200000000000003,6.300000000000001,6.300000000000001,6.4,300.0,300.0,25.9,29.700000000000003,24.5,23.8,25.6,,,,,,,,,,,,,,,,,,,,,,,,
2026-08-06T15:22:14.295Z,4.46,2.928,0.0,0.0,0.0,0.0,0.0,0.0,0.0,0.0,0.0,0.0,0.0,0.0,0.0,1.0,9.0,2.0,1.0,0.0,0.0,0.0,0.0,0.0,0.0,0.0,3.0,12.0,1.0,12.05,5.01,2.51,1.49,0.0,0.0,0.0,0.4,0.0,0.7000000000000001,0.0,2.3000000000000003,-93.4,0.0,0.0,93.5,0.0,21.200000000000003,6.300000000000001,6.300000000000001,6.4,300.0,300.0,25.9,29.700000000000003,24.5,23.8,25.6,,,,,,,,,,,,,,,,,,,,,,,,
2026-08-06T15:22:14.307Z,4.472,2.94,0.0,0.0,0.0,0.0,0.0,0.0,0.0,0.0,0.0,0.0,0.0,0.0,0.0,1.0,9.0,2.0,1.0,0.0,0.0,0.0,0.0,0.0,0.0,0.0,4.0,12.0,1.0,12.05,5.01,2.51,1.49,0.0,0.1,0.0,0.4,0.0,0.1,0.5,0.5,-93.4,0.0,0.0,93.3,0.0,21.200000000000003,6.300000000000001,6.300000000000001,6.4,300.0,300.0,25.9,29.700000000000003,24.5,23.8,25.6,,,,,,,,,,,,,,,,,,,,,,,,
2026-08-06T15:22:14.319Z,4.484,2.952,0.0,0.0,0.0,0.0,0.0,0.0,0.0,0.0,0.0,0.0,0.0,0.0,0.0,1.0,9.0,2.0,1.0,0.0,0.0,0.0,0.0,0.0,0.0,0.0,5.0,12.0,1.0,12.05,5.01,2.51,1.49,0.0,0.0,0.0,0.4,0.0,-0.4,0.0,-1.8,-93.4,0.0,0.0,93.3,0.0,21.200000000000003,6.300000000000001,6.300000000000001,6.4,300.0,300.0,25.9,29.700000000000003,24.5,23.8,25.6,,,,,,,,,,,,,,,,,,,,,,,,
2026-08-06T15:22:14.332Z,4.497,2.964,0.0,0.0,0.0,0.0,0.0,0.0,0.0,0.0,0.0,0.0,0.0,0.0,0.0,1.0,9.0,2.0,1.0,0.0,0.0,0.0,0.0,0.0,0.0,0.0,6.0,12.0,1.0,12.04,5.01,2.5,1.49,0.0,0.0,0.0,0.4,0.0,-0.4,0.0,0.5,-93.4,0.0,0.0,93.3,0.0,21.8,6.5,6.5,6.6000000000000005,300.0,300.0,25.9,29.700000000000003,24.5,23.8,25.6,,,,,,,,,,,,,,,,,,,,,,,,
2026-08-06T15:22:14.343Z,4.508,2.976,0.0,0.0,0.0,0.0,0.0,0.0,0.0,0.0,0.0,0.0,0.0,0.0,0.0,1.0,9.0,2.0,1.0,0.0,0.0,0.0,0.0,0.0,0.0,0.0,2.0,12.0,1.0,12.04,5.01,2.5,1.49,0.0,0.0,0.0,0.4,0.0,0.1,0.0,0.0,-93.4,0.0,0.0,93.5,0.0,21.8,6.5,6.5,6.6000000000000005,300.0,300.0,25.9,29.700000000000003,24.5,23.8,25.6,,,,,,,,,,,,,,,,,,,,,,,,
2026-08-06T15:22:14.357Z,4.522,2.988,0.0,0.0,0.0,0.0,0.0,0.0,0.0,0.0,0.0,0.0,0.0,0.0,0.0,1.0,9.0,2.0,1.0,0.0,0.0,0.0,0.0,0.0,0.0,0.0,3.0,12.0,1.0,12.04,5.01,2.5,1.49,0.0,0.0,0.0,0.4,0.0,0.7000000000000001,-1.2000000000000002,-0.6000000000000001,-93.4,0.0,0.0,93.5,0.0,21.8,6.5,6.5,6.6000000000000005,300.0,300.0,25.9,29.700000000000003,24.5,23.8,25.6,,,,,,,,,,,,,,,,,,,,,,,,
2026-08-06T15:22:14.367Z,4.532,3.0,0.0,0.0,0.0,0.0,0.0,0.0,0.0,0.0,0.0,0.0,0.0,0.0,0.0,1.0,9.0,2.0,1.0,0.0,0.0,0.0,0.0,0.0,0.0,0.0,4.0,12.0,1.0,12.04,5.01,2.5,1.49,0.0,0.0,0.0,0.4,0.0,-0.4,-0.7000000000000001,-0.6000000000000001,-93.4,0.0,0.0,93.4,0.0,21.8,6.5,6.5,6.6000000000000005,300.0,300.0,25.9,29.700000000000003,24.5,23.8,25.6,,,,,,,,,,,,,,,,,,,,,,,,
2026-08-06T15:22:14.379Z,4.544,3.012,0.0,0.0,0.0,0.0,0.0,0.0,0.0,0.0,0.0,0.0,0.0,0.0,0.0,1.0,9.0,2.0,1.0,0.0,0.0,0.0,0.0,0.0,0.0,0.0,5.0,12.0,1.0,12.04,5.01,2.5,1.49,0.0,0.0,0.0,0.4,0.0,0.1,-0.1,-0.5,-93.4,0.0,0.0,93.3,0.0,21.8,6.5,6.5,6.6000000000000005,300.0,300.0,25.9,29.700000000000003,24.5,23.8,25.6,,,,,,,,,,,,,,,,,,,,,,,,
2026-08-06T15:22:14.391Z,4.556,3.024,0.0,0.0,0.0,0.0,0.0,0.0,0.0,0.0,0.0,0.0,0.0,0.0,0.0,1.0,9.0,2.0,1.0,0.0,0.0,0.0,0.0,0.0,0.0,0.0,6.0,12.0,1.0,12.04,5.01,2.5,1.49,0.0,0.0,0.0,0.4,0.0,0.7000000000000001,-0.6000000000000001,-0.5,-93.4,0.0,0.0,93.7,0.0,21.8,6.5,6.5,6.6000000000000005,300.0,300.0,25.9,29.700000000000003,24.5,23.8,25.6,,,,,,,,,,,,,,,,,,,,,,,,
2026-08-06T15:22:14.404Z,4.569,3.036,0.0,0.0,0.0,0.0,0.0,0.0,0.0,0.0,0.0,0.0,0.0,0.0,0.0,1.0,9.0,2.0,1.0,0.0,0.0,0.0,0.0,0.0,0.0,0.0,1.0,12.0,1.0,12.04,5.01,2.5,1.49,0.0,0.0,0.0,0.4,0.0,0.1,0.4,0.0,-93.4,0.0,0.0,93.5,0.0,21.8,6.5,6.5,6.6000000000000005,300.0,300.0,25.9,29.700000000000003,24.5,23.8,25.6,,,,,,,,,,,,,,,,,,,,,,,,
2026-08-06T15:22:14.415Z,4.58,3.048,0.0,0.0,0.0,0.0,0.0,0.0,0.0,0.0,0.0,0.0,0.0,0.0,0.0,1.0,9.0,2.0,1.0,0.0,0.0,0.0,0.0,0.0,0.0,0.0,2.0,12.0,1.0,12.04,5.01,2.5,1.49,0.0,0.1,0.0,0.4,0.0,-0.4,-0.6000000000000001,-0.5,-93.4,0.0,0.0,93.3,0.0,21.8,6.5,6.5,6.6000000000000005,300.0,300.0,25.9,29.700000000000003,24.5,23.8,25.6,,,,,,,,,,,,,,,,,,,,,,,,
2026-08-06T15:22:14.428Z,4.593,3.06,0.0,0.0,0.0,0.0,0.0,0.0,0.0,0.0,0.0,0.0,0.0,0.0,0.0,1.0,9.0,2.0,1.0,0.0,0.0,0.0,0.0,0.0,0.0,0.0,3.0,12.0,1.0,12.02,5.0200000000000005,2.51,1.49,0.0,0.0,0.0,0.4,0.0,0.6000000000000001,1.6,1.7000000000000002,-93.4,0.0,0.0,93.3,0.0,22.1,6.7,6.7,6.9,300.0,300.0,26.0,29.700000000000003,24.5,23.8,25.6,,,,,,,,,,,,,,,,,,,,,,,,
2026-08-06T15:22:14.439Z,4.604,3.072,0.0,0.0,0.0,0.0,0.0,0.0,0.0,0.0,0.0,0.0,0.0,0.0,0.0,1.0,9.0,2.0,1.0,0.0,0.0,0.0,0.0,0.0,0.0,0.0,4.0,12.0,1.0,12.02,5.0200000000000005,2.51,1.49,0.0,0.0,0.0,0.4,0.0,0.7000000000000001,-1.2000000000000002,-0.5,-93.4,0.0,0.0,93.5,0.0,22.1,6.7,6.7,6.9,300.0,300.0,26.0,29.700000000000003,24.5,23.8,25.6,,,,,,,,,,,,,,,,,,,,,,,,
2026-08-06T15:22:14.451Z,4.616,3.084,0.0,0.0,0.0,0.0,0.0,0.0,0.0,0.0,0.0,0.0,0.0,0.0,0.0,1.0,9.0,2.0,1.0,0.0,0.0,0.0,0.0,0.0,0.0,0.0,6.0,12.0,1.0,12.02,5.0200000000000005,2.51,1.49,0.0,0.0,0.0,0.4,0.0,0.1,-1.2000000000000002,0.5,-93.4,0.0,0.0,93.5,0.0,22.1,6.7,6.7,6.9,300.0,300.0,26.0,29.700000000000003,24.5,23.8,25.6,,,,,,,,,,,,,,,,,,,,,,,,
2026-08-06T15:22:14.463Z,4.628,3.096,0.0,0.0,0.0,0.0,0.0,0.0,0.0,0.0,0.0,0.0,0.0,0.0,0.0,1.0,9.0,2.0,1.0,0.0,0.0,0.0,0.0,0.0,0.0,0.0,6.0,12.0,1.0,12.02,5.0200000000000005,2.51,1.49,0.0,0.0,0.0,0.4,0.0,0.0,0.0,0.0,-93.4,0.0,0.0,93.5,0.0,22.1,6.7,6.7,6.9,300.0,300.0,26.0,29.700000000000003,24.5,23.8,25.6,,,,,,,,,,,,,,,,,,,,,,,,
2026-08-06T15:22:14.475Z,4.64,3.108,0.0,0.0,0.0,0.0,0.0,0.0,0.0,0.0,0.0,0.0,0.0,0.0,0.0,1.0,9.0,2.0,1.0,0.0,0.0,0.0,0.0,0.0,0.0,0.0,2.0,12.0,1.0,12.02,5.0200000000000005,2.51,1.49,0.0,0.0,0.0,0.4,0.0,0.1,1.1,0.0,-93.4,0.0,0.0,93.3,0.0,22.1,6.7,6.7,6.9,300.0,300.0,26.0,29.700000000000003,24.5,23.8,25.6,,,,,,,,,,,,,,,,,,,,,,,,
2026-08-06T15:22:14.492Z,4.657,3.12,0.0,0.0,0.0,0.0,0.0,0.0,0.0,0.0,0.0,0.0,0.0,0.0,0.0,1.0,9.0,2.0,1.0,0.0,0.0,0.0,0.0,0.0,0.0,0.0,4.0,12.0,1.0,12.02,5.0200000000000005,2.51,1.49,0.0,0.0,0.0,0.4,0.0,-0.4,0.5,0.5,-93.4,0.0,0.0,93.5,0.0,22.1,6.7,6.7,6.9,300.0,300.0,26.0,29.700000000000003,24.5,23.8,25.6,,,,,,,,,,,,,,,,,,,,,,,,
2026-08-06T15:22:14.499Z,4.664,3.132,0.0,0.0,0.0,0.0,0.0,0.0,0.0,0.0,0.0,0.0,0.0,0.0,0.0,1.0,9.0,2.0,1.0,0.0,0.0,0.0,0.0,0.0,0.0,0.0,5.0,12.0,1.0,12.02,5.0200000000000005,2.51,1.49,0.0,0.0,0.0,0.4,0.0,0.1,0.0,1.7000000000000002,-93.4,0.0,0.0,93.4,0.0,22.1,6.7,6.7,6.9,300.0,300.0,26.0,29.700000000000003,24.5,23.8,25.6,,,,,,,,,,,,,,,,,,,,,,,,
2026-08-06T15:22:14.512Z,4.677,3.144,0.0,0.0,0.0,0.0,0.0,0.0,0.0,0.0,0.0,0.0,0.0,0.0,0.0,1.0,9.0,2.0,1.0,0.0,0.0,0.0,0.0,0.0,0.0,0.0,6.0,12.0,1.0,12.02,5.0200000000000005,2.51,1.49,0.0,0.0,0.0,0.4,0.0,0.1,0.0,-1.7000000000000002,-93.4,0.0,0.0,93.5,0.0,22.1,6.7,6.7,6.9,300.0,300.0,26.0,29.700000000000003,24.5,23.8,25.6,,,,,,,,,,,,,,,,,,,,,,,,
2026-08-06T15:22:14.523Z,4.688,3.156,0.0,0.0,0.0,0.0,0.0,0.0,0.0,0.0,0.0,0.0,0.0,0.0,0.0,1.0,9.0,2.0,1.0,0.0,0.0,0.0,0.0,0.0,0.0,0.0,1.0,12.0,1.0,12.02,5.0200000000000005,2.51,1.49,0.1,0.0,0.0,0.4,0.0,0.1,-0.5,-0.6000000000000001,-93.4,0.0,0.0,93.3,0.0,22.1,6.7,6.7,6.9,300.0,300.0,26.0,29.700000000000003,24.5,23.8,25.6,,,,,,,,,,,,,,,,,,,,,,,,
2026-08-06T15:22:14.535Z,4.7,3.168,0.0,0.0,0.0,32.0,0.0,0.0,0.0,0.0,0.0,0.0,0.0,0.0,0.0,0.0,9.0,7.0,1.0,0.0,0.0,0.0,0.0,0.0,0.0,0.0,2.0,12.0,1.0,11.99,5.01,2.5,1.5,0.0,0.0,0.0,0.4,0.0,0.1,-1.1,0.0,-93.4,0.0,0.0,93.3,0.0,21.8,6.9,6.9,7.1000000000000005,300.0,300.0,26.0,29.8,24.5,23.8,25.5,,,,,,,,,,,,,,,,,,,,,,,,
2026-08-06T15:22:14.547Z,4.712,3.18,0.0,0.0,0.0,32.0,0.0,0.0,0.0,0.0,0.0,0.0,0.0,0.0,0.0,0.0,9.0,7.0,1.0,0.0,0.0,0.0,0.0,0.0,0.0,0.0,3.0,12.0,1.0,11.99,5.01,2.5,1.5,0.0,0.0,0.0,0.4,0.0,-0.4,0.0,1.0,-93.4,0.0,0.0,93.5,0.0,21.8,6.9,6.9,7.1000000000000005,300.0,300.0,26.0,29.8,24.5,23.8,25.5,,,,,,,,,,,,,,,,,,,,,,,,
2026-08-06T15:22:14.559Z,4.724,3.192,0.0,0.0,0.0,32.0,0.0,0.0,0.0,0.0,0.0,0.0,0.0,0.0,0.0,0.0,9.0,7.0,1.0,0.0,0.0,0.0,0.0,0.0,0.0,0.0,5.0,12.0,1.0,11.99,5.01,2.5,1.5,0.0,0.0,0.0,0.4,0.0,-0.4,1.7000000000000002,1.0,-93.4,0.0,0.0,93.5,0.0,21.8,6.9,6.9,7.1000000000000005,300.0,300.0,26.0,29.8,24.5,23.8,25.5,,,,,,,,,,,,,,,,,,,,,,,,
2026-08-06T15:22:14.571Z,4.736,3.204,0.0,0.0,0.0,32.0,0.0,0.0,0.0,0.0,0.0,0.0,0.0,0.0,0.0,0.0,9.0,7.0,1.0,0.0,0.0,0.0,0.0,0.0,0.0,0.0,6.0,12.0,1.0,11.99,5.01,2.5,1.5,0.0,0.1,0.0,0.4,0.0,0.1,0.5,-1.2000000000000002,-93.4,0.0,0.0,93.3,0.0,21.8,6.9,6.9,7.1000000000000005,300.0,300.0,26.0,29.8,24.5,23.8,25.5,,,,,,,,,,,,,,,,,,,,,,,,
2026-08-06T15:22:14.583Z,4.748,3.216,0.0,0.0,0.0,32.0,0.0,0.0,0.0,0.0,0.0,0.0,0.0,0.0,0.0,0.0,9.0,7.0,1.0,0.0,0.0,0.0,0.0,0.0,0.0,0.0,1.0,12.0,1.0,11.99,5.01,2.5,1.5,0.0,0.1,0.0,0.5,0.0,0.1,-0.5,-0.7000000000000001,-93.4,0.0,0.0,93.5,0.0,21.8,6.9,6.9,7.1000000000000005,300.0,300.0,26.0,29.8,24.5,23.8,25.5,,,,,,,,,,,,,,,,,,,,,,,,
2026-08-06T15:22:14.595Z,4.76,3.228,0.0,0.0,0.0,32.0,0.0,0.0,0.0,0.0,0.0,0.0,0.0,0.0,0.0,0.0,9.0,7.0,1.0,0.0,0.0,0.0,0.0,0.0,0.0,0.0,2.0,12.0,1.0,11.99,5.01,2.5,1.5,0.0,0.0,0.0,0.4,0.0,0.7000000000000001,1.1,0.4,-93.4,0.0,0.0,93.4,0.0,21.8,6.9,6.9,7.1000000000000005,300.0,300.0,26.0,29.8,24.5,23.8,25.5,,,,,,,,,,,,,,,,,,,,,,,,
2026-08-06T15:22:14.607Z,4.772,3.24,0.0,0.0,0.0,32.0,0.0,0.0,0.0,0.0,0.0,0.0,0.0,0.0,0.0,0.0,9.0,7.0,1.0,0.0,0.0,0.0,0.0,0.0,0.0,0.0,3.0,12.0,1.0,11.99,5.01,2.5,1.5,0.0,0.0,0.0,0.4,0.0,-0.4,0.5,-0.1,-93.4,0.0,0.0,93.5,0.0,21.8,6.9,6.9,7.1000000000000005,300.0,300.0,26.0,29.8,24.5,23.8,25.5,,,,,,,,,,,,,,,,,,,,,,,,
2026-08-06T15:22:14.619Z,4.784,3.252,0.0,0.0,0.0,32.0,0.0,0.0,0.0,0.0,0.0,0.0,0.0,0.0,0.0,0.0,9.0,7.0,1.0,0.0,0.0,0.0,0.0,0.0,0.0,0.0,4.0,12.0,1.0,11.99,5.01,2.5,1.5,0.0,0.0,0.0,0.4,0.0,0.7000000000000001,1.1,1.5,-93.4,0.0,0.0,93.4,0.0,21.8,6.9,6.9,7.1000000000000005,300.0,300.0,26.0,29.8,24.5,23.8,25.5,,,,,,,,,,,,,,,,,,,,,,,,
2026-08-06T15:22:14.632Z,4.797,3.264,0.0,0.0,0.0,32.0,0.0,0.0,0.0,0.0,0.0,0.0,0.0,0.0,0.0,0.0,9.0,7.0,1.0,0.0,0.0,0.0,0.0,0.0,0.0,0.0,6.0,12.0,1.0,12.05,5.0200000000000005,2.5,1.49,0.0,0.0,0.0,0.4,0.0,0.1,0.0,0.3,-93.4,0.0,0.0,93.3,0.0,21.200000000000003,7.2,7.2,7.300000000000001,300.0,300.0,26.0,29.700000000000003,24.5,23.8,25.6,,,,,,,,,,,,,,,,,,,,,,,,
2026-08-06T15:22:14.643Z,4.808,3.276,0.0,0.0,0.0,32.0,0.0,0.0,0.0,0.0,0.0,0.0,0.0,0.0,0.0,0.0,9.0,7.0,1.0,0.0,0.0,0.0,0.0,0.0,0.0,0.0,2.0,12.0,1.0,12.05,5.0200000000000005,2.5,1.49,0.0,0.0,0.0,0.4,0.0,0.1,0.0,0.3,-93.4,0.0,0.0,93.5,0.0,21.200000000000003,7.2,7.2,7.300000000000001,300.0,300.0,26.0,29.700000000000003,24.5,23.8,25.6,,,,,,,,,,,,,,,,,,,,,,,,
2026-08-06T15:22:14.655Z,4.82,3.2880000000000003,0.0,0.0,0.0,32.0,0.0,0.0,0.0,0.0,0.0,0.0,0.0,0.0,0.0,0.0,9.0,7.0,1.0,0.0,0.0,0.0,0.0,0.0,0.0,0.0,3.0,12.0,1.0,12.05,5.0200000000000005,2.5,1.49,0.0,0.0,0.0,0.4,0.0,-1.0,0.4,-1.4,-93.4,0.0,0.0,93.5,0.0,21.200000000000003,7.2,7.2,7.300000000000001,300.0,300.0,26.0,29.700000000000003,24.5,23.8,25.6,,,,,,,,,,,,,,,,,,,,,,,,
2026-08-06T15:22:14.667Z,4.832,3.3000000000000003,0.0,0.0,0.0,32.0,0.0,0.0,0.0,0.0,0.0,0.0,0.0,0.0,0.0,0.0,9.0,7.0,1.0,0.0,0.0,0.0,0.0,0.0,0.0,0.0,4.0,12.0,1.0,12.05,5.0200000000000005,2.5,1.49,0.0,0.0,0.0,0.4,0.0,-1.0,-1.2000000000000002,-1.3,-93.4,0.0,0.0,93.5,0.0,21.200000000000003,7.2,7.2,7.300000000000001,300.0,300.0,26.0,29.700000000000003,24.5,23.8,25.6,,,,,,,,,,,,,,,,,,,,,,,,
2026-08-06T15:22:14.679Z,4.844,3.3120000000000003,0.0,0.0,0.0,32.0,0.0,0.0,0.0,0.0,0.0,0.0,0.0,0.0,0.0,0.0,9.0,7.0,1.0,0.0,0.0,0.0,0.0,0.0,0.0,0.0,6.0,12.0,1.0,12.05,5.0200000000000005,2.5,1.49,0.0,0.0,0.0,0.4,0.0,1.2000000000000002,0.4,0.9,-93.4,0.0,0.0,93.5,0.0,21.200000000000003,7.2,7.2,7.300000000000001,300.0,300.0,26.0,29.700000000000003,24.5,23.8,25.6,,,,,,,,,,,,,,,,,,,,,,,,
2026-08-06T15:22:14.691Z,4.856,3.3240000000000003,0.0,0.0,0.0,32.0,0.0,0.0,0.0,0.0,0.0,0.0,0.0,0.0,0.0,0.0,9.0,7.0,1.0,0.0,0.0,0.0,0.0,0.0,0.0,0.0,1.0,12.0,1.0,12.05,5.0200000000000005,2.5,1.49,0.0,0.0,0.0,0.5,0.0,-0.4,0.5,-1.3,-93.4,0.0,0.0,93.5,0.0,21.200000000000003,7.2,7.2,7.300000000000001,300.0,300.0,26.0,29.700000000000003,24.5,23.8,25.6,,,,,,,,,,,,,,,,,,,,,,,,
2026-08-06T15:22:14.703Z,4.868,3.336,0.0,0.0,0.0,32.0,0.0,0.0,0.0,0.0,0.0,0.0,0.0,0.0,0.0,0.0,9.0,7.0,1.0,0.0,0.0,0.0,0.0,0.0,0.0,0.0,2.0,12.0,1.0,12.05,5.0200000000000005,2.5,1.49,0.0,0.0,0.0,0.4,0.0,0.1,0.4,0.3,-93.4,0.0,0.0,93.5,0.0,21.200000000000003,7.2,7.2,7.300000000000001,300.0,300.0,26.0,29.700000000000003,24.5,23.8,25.6,,,,,,,,,,,,,,,,,,,,,,,,
2026-08-06T15:22:14.715Z,4.88,3.348,0.0,0.0,0.0,32.0,0.0,0.0,0.0,0.0,0.0,0.0,0.0,0.0,0.0,0.0,9.0,7.0,1.0,0.0,0.0,0.0,0.0,0.0,0.0,0.0,4.0,12.0,1.0,12.05,5.0200000000000005,2.5,1.49,0.0,0.0,0.0,0.4,0.0,0.1,0.0,-0.1,-93.4,0.0,0.0,93.5,0.0,21.200000000000003,7.2,7.2,7.300000000000001,300.0,300.0,26.0,29.700000000000003,24.5,23.8,25.6,,,,,,,,,,,,,,,,,,,,,,,,
2026-08-06T15:22:14.728Z,4.893,3.36,0.0,0.0,0.0,32.0,0.0,0.0,0.0,0.0,0.0,0.0,0.0,0.0,0.0,0.0,9.0,7.0,1.0,0.0,0.0,0.0,0.0,0.0,0.0,0.0,5.0,12.0,1.0,12.05,5.0200000000000005,2.5,1.49,0.0,0.0,0.0,0.4,0.0,-0.4,-0.6000000000000001,1.0,-93.4,0.0,0.0,93.3,0.0,21.200000000000003,7.2,7.2,7.300000000000001,300.0,300.0,26.0,29.700000000000003,24.5,23.8,25.6,,,,,,,,,,,,,,,,,,,,,,,,
2026-08-06T15:22:14.739Z,4.904,3.372,0.0,0.0,0.0,32.0,0.0,0.0,0.0,0.0,0.0,0.0,0.0,0.0,0.0,0.0,9.0,7.0,1.0,0.0,0.0,0.0,0.0,0.0,0.0,0.0,1.0,12.0,1.0,12.01,5.01,2.51,1.49,0.0,0.0,0.0,0.4,0.0,0.7000000000000001,0.5,1.0,-93.4,0.0,0.0,93.5,0.0,21.200000000000003,7.4,7.4,7.5,300.0,300.0,26.1,29.700000000000003,24.5,23.8,25.6,,,,,,,,,,,,,,,,,,,,,,,,
2026-08-06T15:22:14.751Z,4.916,3.384,0.0,0.0,0.0,32.0,0.0,0.0,0.0,0.0,0.0,0.0,0.0,0.0,0.0,0.0,9.0,7.0,1.0,0.0,0.0,0.0,0.0,0.0,0.0,0.0,1.0,12.0,1.0,12.01,5.01,2.51,1.49,0.0,0.0,0.0,0.4,0.0,-0.4,0.0,-0.1,-93.4,0.0,0.0,93.5,0.0,21.200000000000003,7.4,7.4,7.5,300.0,300.0,26.1,29.700000000000003,24.5,23.8,25.6,,,,,,,,,,,,,,,,,,,,,,,,
2026-08-06T15:22:14.763Z,4.928,3.396,0.0,0.0,0.0,32.0,0.0,0.0,0.0,0.0,0.0,0.0,0.0,0.0,0.0,0.0,9.0,7.0,1.0,0.0,0.0,0.0,0.0,0.0,0.0,0.0,2.0,12.0,1.0,12.01,5.01,2.51,1.49,0.0,0.0,0.0,0.4,0.0,-0.4,-0.6000000000000001,-1.9,-93.4,0.0,0.0,93.5,0.0,21.200000000000003,7.4,7.4,7.5,300.0,300.0,26.1,29.700000000000003,24.5,23.8,25.6,,,,,,,,,,,,,,,,,,,,,,,,
2026-08-06T15:22:14.776Z,4.941,3.408,0.0,0.0,0.0,32.0,0.0,0.0,0.0,0.0,0.0,0.0,0.0,0.0,0.0,0.0,9.0,7.0,1.0,0.0,0.0,0.0,0.0,0.0,0.0,0.0,3.0,12.0,1.0,12.01,5.01,2.51,1.49,0.0,0.1,0.0,0.4,0.0,0.1,0.5,-0.1,-93.4,0.0,0.0,93.5,0.0,21.200000000000003,7.4,7.4,7.5,300.0,300.0,26.1,29.700000000000003,24.5,23.8,25.6,,,,,,,,,,,,,,,,,,,,,,,,
2026-08-06T15:22:14.787Z,4.952,3.42,0.0,0.0,0.0,32.0,0.0,0.0,0.0,0.0,0.0,0.0,0.0,0.0,0.0,0.0,9.0,7.0,1.0,0.0,0.0,0.0,0.0,0.0,0.0,0.0,5.0,12.0,1.0,12.01,5.01,2.51,1.49,0.0,0.0,0.0,0.4,0.0,-0.3,-0.5,-0.1,-93.4,0.0,0.0,93.4,0.0,21.200000000000003,7.4,7.4,7.5,300.0,300.0,26.1,29.700000000000003,24.5,23.8,25.6,,,,,,,,,,,,,,,,,,,,,,,,
2026-08-06T15:22:14.799Z,4.964,3.432,0.0,0.0,0.0,32.0,0.0,0.0,0.0,0.0,0.0,0.0,0.0,0.0,0.0,0.0,9.0,7.0,1.0,0.0,0.0,0.0,0.0,0.0,0.0,0.0,6.0,12.0,1.0,12.01,5.01,2.51,1.49,0.0,0.0,0.0,0.4,0.0,0.2,1.1,1.0,-93.4,0.0,0.0,93.5,0.0,21.200000000000003,7.4,7.4,7.5,300.0,300.0,26.1,29.700000000000003,24.5,23.8,25.6,,,,,,,,,,,,,,,,,,,,,,,,
2026-08-06T15:22:14.811Z,4.976,3.444,0.0,0.0,0.0,32.0,0.0,0.0,0.0,0.0,0.0,0.0,0.0,0.0,0.0,0.0,9.0,7.0,1.0,0.0,0.0,0.0,0.0,0.0,0.0,0.0,1.0,12.0,1.0,12.01,5.01,2.51,1.49,0.0,0.0,0.0,0.4,0.0,0.8,0.0,-1.2000000000000002,-93.4,0.0,0.0,93.5,0.0,21.200000000000003,7.4,7.4,7.5,300.0,300.0,26.1,29.700000000000003,24.5,23.8,25.6,,,,,,,,,,,,,,,,,,,,,,,,
2026-08-06T15:22:14.823Z,4.988,3.456,0.0,0.0,0.0,32.0,0.0,0.0,0.0,0.0,0.0,0.0,0.0,0.0,0.0,0.0,9.0,7.0,1.0,0.0,0.0,0.0,0.0,0.0,0.0,0.0,3.0,12.0,1.0,12.01,5.01,2.51,1.49,0.0,0.0,0.0,0.4,0.0,-0.8,-0.5,-1.2000000000000002,-93.4,0.0,0.0,93.3,0.0,21.200000000000003,7.4,7.4,7.5,300.0,300.0,26.1,29.700000000000003,24.5,23.8,25.6,,,,,,,,,,,,,,,,,,,,,,,,
2026-08-06T15:22:14.836Z,5.001,3.468,0.0,0.0,0.0,32.0,0.0,0.0,0.0,0.0,0.0,0.0,0.0,0.0,0.0,0.0,9.0,7.0,1.0,0.0,0.0,0.0,0.0,0.0,0.0,0.0,4.0,12.0,1.0,12.01,5.01,2.51,1.49,0.0,0.0,0.0,0.4,0.0,-0.2,-1.1,0.5,-93.4,0.0,0.0,93.3,0.0,21.9,7.6,7.6,7.800000000000001,300.0,300.0,26.200000000000003,29.700000000000003,24.5,23.8,25.6,,,,,,,,,,,,,,,,,,,,,,,,
2026-08-06T15:22:14.847Z,5.012,3.48,0.0,0.0,0.0,32.0,0.0,0.0,0.0,0.0,0.0,0.0,0.0,0.0,0.0,0.0,9.0,7.0,1.0,0.0,0.0,0.0,0.0,0.0,0.0,0.0,6.0,12.0,1.0,12.01,5.01,2.51,1.49,0.0,0.0,0.0,0.4,0.0,0.3,0.0,0.5,-93.4,0.0,0.0,93.5,0.0,21.9,7.6,7.6,7.800000000000001,300.0,300.0,26.200000000000003,29.700000000000003,24.5,23.8,25.6,,,,,,,,,,,,,,,,,,,,,,,,
2026-08-06T15:22:14.859Z,5.024,3.492,0.0,0.0,0.0,32.0,0.0,0.0,0.0,0.0,0.0,0.0,0.0,0.0,0.0,0.0,9.0,7.0,1.0,0.0,0.0,0.0,0.0,0.0,0.0,0.0,1.0,12.0,1.0,12.01,5.01,2.51,1.49,0.0,0.0,0.0,0.4,0.0,0.8,0.6000000000000001,1.6,-93.4,0.0,0.0,93.5,0.0,21.9,7.6,7.6,7.800000000000001,300.0,300.0,26.200000000000003,29.700000000000003,24.5,23.8,25.6,,,,,,,,,,,,,,,,,,,,,,,,
2026-08-06T15:22:14.872Z,5.037,3.504,0.0,0.0,0.0,32.0,0.0,0.0,0.0,0.0,0.0,0.0,0.0,0.0,0.0,0.0,9.0,7.0,1.0,0.0,0.0,0.0,0.0,0.0,0.0,0.0,2.0,12.0,1.0,12.01,5.01,2.51,1.49,0.0,0.0,0.0,0.4,0.0,-0.3,0.0,-1.2000000000000002,-93.4,0.0,0.0,93.4,0.0,21.9,7.6,7.6,7.800000000000001,300.0,300.0,26.200000000000003,29.700000000000003,24.5,23.8,25.6,,,,,,,,,,,,,,,,,,,,,,,,
2026-08-06T15:22:14.883Z,5.048,3.516,0.0,0.0,0.0,32.0,0.0,0.0,0.0,0.0,0.0,0.0,0.0,0.0,0.0,0.0,9.0,7.0,1.0,0.0,0.0,0.0,0.0,0.0,0.0,0.0,2.0,12.0,1.0,12.01,5.01,2.51,1.49,0.0,0.0,0.0,0.4,0.0,-0.3,-1.7000000000000002,-1.8,-93.4,0.0,0.0,93.4,0.0,21.9,7.6,7.6,7.800000000000001,300.0,300.0,26.200000000000003,29.700000000000003,24.5,23.8,25.6,,,,,,,,,,,,,,,,,,,,,,,,
2026-08-06T15:22:14.896Z,5.061,3.528,0.0,0.0,0.0,32.0,0.0,0.0,0.0,0.0,0.0,0.0,0.0,0.0,0.0,0.0,9.0,7.0,1.0,0.0,0.0,0.0,0.0,0.0,0.0,0.0,3.0,12.0,1.0,12.01,5.01,2.51,1.49,0.0,0.0,0.0,0.4,0.0,0.2,1.2000000000000002,1.0,-93.4,0.0,0.0,93.4,0.0,21.9,7.6,7.6,7.800000000000001,300.0,300.0,26.200000000000003,29.700000000000003,24.5,23.8,25.6,,,,,,,,,,,,,,,,,,,,,,,,
2026-08-06T15:22:14.907Z,5.072,3.54,0.0,0.0,0.0,32.0,0.0,0.0,0.0,0.0,0.0,0.0,0.0,0.0,0.0,0.0,9.0,7.0,1.0,0.0,0.0,0.0,0.0,0.0,0.0,0.0,5.0,12.0,1.0,12.01,5.01,2.51,1.49,0.0,0.0,0.0,0.4,0.0,0.2,0.0,-0.6000000000000001,-93.4,0.0,0.0,93.5,0.0,21.9,7.6,7.6,7.800000000000001,300.0,300.0,26.200000000000003,29.700000000000003,24.5,23.8,25.6,,,,,,,,,,,,,,,,,,,,,,,,
2026-08-06T15:22:14.919Z,5.084,3.552,0.0,0.0,0.0,32.0,0.0,0.0,0.0,0.0,0.0,0.0,0.0,0.0,0.0,0.0,9.0,7.0,1.0,0.0,0.0,0.0,0.0,0.0,0.0,0.0,6.0,12.0,1.0,12.01,5.01,2.51,1.49,0.0,0.0,0.0,0.4,0.0,0.1,-1.1,0.0,-93.4,0.0,0.0,93.4,0.0,21.9,7.6,7.6,7.800000000000001,300.0,300.0,26.200000000000003,29.700000000000003,24.5,23.8,25.6,,,,,,,,,,,,,,,,,,,,,,,,
2026-08-06T15:22:14.931Z,5.096,3.564,0.0,0.0,0.0,32.0,0.0,0.0,0.0,0.0,0.0,0.0,0.0,0.0,0.0,0.0,9.0,7.0,1.0,0.0,0.0,0.0,0.0,0.0,0.0,0.0,1.0,12.0,1.0,12.01,5.01,2.51,1.49,0.0,0.0,0.0,0.4,0.0,0.2,-0.5,-0.6000000000000001,-93.4,0.0,0.0,93.3,0.0,21.9,7.6,7.6,7.800000000000001,300.0,300.0,26.200000000000003,29.700000000000003,24.5,23.8,25.6,,,,,,,,,,,,,,,,,,,,,,,,
2026-08-06T15:22:14.943Z,5.108,3.576,0.0,0.0,0.0,32.0,0.0,0.0,0.0,0.0,0.0,0.0,0.0,0.0,0.0,0.0,9.0,7.0,1.0,0.0,0.0,0.0,0.0,0.0,0.0,0.0,2.0,12.0,1.0,12.02,5.01,2.5,1.5,0.0,0.0,0.0,0.4,0.0,1.3,1.1,0.5,-93.4,0.0,0.0,93.5,0.0,21.8,7.800000000000001,7.800000000000001,8.0,300.0,300.0,26.200000000000003,29.8,24.5,23.8,25.6,,,,,,,,,,,,,,,,,,,,,,,,
2026-08-06T15:22:14.955Z,5.12,3.588,0.0,0.0,0.0,32.0,0.0,0.0,0.0,0.0,0.0,0.0,0.0,0.0,0.0,0.0,9.0,7.0,1.0,0.0,0.0,0.0,0.0,0.0,0.0,0.0,4.0,12.0,1.0,12.02,5.01,2.5,1.5,0.0,0.0,0.0,0.4,0.0,0.8,0.0,1.0,-93.4,0.0,0.0,93.5,0.0,21.8,7.800000000000001,7.800000000000001,8.0,300.0,300.0,26.200000000000003,29.8,24.5,23.8,25.6,,,,,,,,,,,,,,,,,,,,,,,,
2026-08-06T15:22:14.967Z,5.132,3.6,0.0,0.0,0.0,32.0,0.0,0.0,0.0,0.0,0.0,0.0,0.0,0.0,0.0,0.0,9.0,7.0,1.0,0.0,0.0,0.0,0.0,0.0,0.0,0.0,5.0,12.0,1.0,12.02,5.01,2.5,1.5,0.0,0.0,0.0,0.4,0.0,0.2,1.1,1.0,-93.4,0.0,0.0,93.5,0.0,21.8,7.800000000000001,7.800000000000001,8.0,300.0,300.0,26.200000000000003,29.8,24.5,23.8,25.6,,,,,,,,,,,,,,,,,,,,,,,,
2026-08-06T15:22:14.980Z,5.145,3.612,0.0,0.0,0.0,32.0,0.0,0.0,0.0,0.0,0.0,0.0,0.0,0.0,0.0,0.0,9.0,7.0,1.0,0.0,0.0,0.0,0.0,0.0,0.0,0.0,6.0,12.0,1.0,12.02,5.01,2.5,1.5,0.0,0.0,0.0,0.4,0.0,-0.9,-0.6000000000000001,1.0,-93.4,0.0,0.0,93.3,0.0,21.8,7.800000000000001,7.800000000000001,8.0,300.0,300.0,26.200000000000003,29.8,24.5,23.8,25.6,,,,,,,,,,,,,,,,,,,,,,,,
2026-08-06T15:22:14.992Z,5.157,3.624,0.0,0.0,0.0,32.0,0.0,0.0,0.0,0.0,0.0,0.0,0.0,0.0,0.0,0.0,9.0,7.0,1.0,0.0,0.0,0.0,0.0,0.0,0.0,0.0,1.0,12.0,1.0,12.02,5.01,2.5,1.5,0.0,0.0,0.0,0.4,0.0,-0.3,0.0,-0.1,-93.4,0.0,0.0,93.4,0.0,21.8,7.800000000000001,7.800000000000001,8.0,300.0,300.0,26.200000000000003,29.8,24.5,23.8,25.6,,,,,,,,,,,,,,,,,,,,,,,,
2026-08-06T15:22:15.003Z,5.168,3.636,0.0,0.0,0.0,32.0,0.0,0.0,0.0,0.0,0.0,0.0,0.0,0.0,0.0,0.0,9.0,7.0,1.0,0.0,0.0,0.0,0.0,0.0,0.0,0.0,3.0,12.0,1.0,12.02,5.01,2.5,1.5,0.0,0.0,0.0,0.4,0.0,0.2,-0.6000000000000001,-0.7000000000000001,-93.4,0.0,0.0,93.5,0.0,21.8,7.800000000000001,7.800000000000001,8.0,300.0,300.0,26.200000000000003,29.8,24.5,23.8,25.6,,,,,,,,,,,,,,,,,,,,,,,,
2026-08-06T15:22:15.015Z,5.18,3.648,0.0,0.0,0.0,32.0,0.0,0.0,0.0,0.0,0.0,0.0,0.0,0.0,0.0,0.0,9.0,7.0,1.0,0.0,0.0,0.0,0.0,0.0,0.0,0.0,3.0,12.0,1.0,12.02,5.01,2.5,1.5,0.0,0.0,0.0,0.4,0.0,0.2,0.0,-0.7000000000000001,-93.4,0.0,0.0,93.5,0.0,21.8,7.800000000000001,7.800000000000001,8.0,300.0,300.0,26.200000000000003,29.8,24.5,23.8,25.6,,,,,,,,,,,,,,,,,,,,,,,,
2026-08-06T15:22:15.028Z,5.193,3.66,0.0,0.0,0.0,32.0,0.0,0.0,0.0,0.0,0.0,0.0,0.0,0.0,0.0,0.0,9.0,7.0,1.0,0.0,0.0,0.0,0.0,0.0,0.0,0.0,5.0,12.0,1.0,12.02,5.01,2.5,1.5,0.0,0.0,0.0,0.4,0.0,-0.8,0.5,-0.1,-93.4,0.0,0.0,93.3,0.0,21.8,7.800000000000001,7.800000000000001,8.0,300.0,300.0,26.200000000000003,29.8,24.5,23.8,25.6,,,,,,,,,,,,,,,,,,,,,,,,
2026-08-06T15:22:15.040Z,5.205,3.672,0.0,0.0,0.0,32.0,0.0,0.0,0.0,0.0,0.0,0.0,0.0,0.0,0.0,0.0,9.0,7.0,1.0,0.0,0.0,0.0,0.0,0.0,0.0,0.0,5.0,12.0,1.0,12.02,5.01,2.5,1.49,0.0,0.0,0.0,0.4,0.0,0.3,0.5,-0.7000000000000001,-93.4,0.0,0.0,93.5,0.0,22.1,8.0,8.0,8.200000000000001,300.0,300.0,26.200000000000003,29.8,24.5,23.700000000000003,25.6,,,,,,,,,,,,,,,,,,,,,,,,
2026-08-06T15:22:15.051Z,5.216,3.684,0.0,0.0,0.0,32.0,0.0,0.0,0.0,0.0,0.0,0.0,0.0,0.0,0.0,0.0,9.0,7.0,1.0,0.0,0.0,0.0,0.0,0.0,0.0,0.0,6.0,12.0,1.0,12.02,5.01,2.5,1.49,0.0,0.0,0.0,0.4,0.0,0.3,1.0,-0.7000000000000001,-93.4,0.0,0.0,93.5,0.0,22.1,8.0,8.0,8.200000000000001,300.0,300.0,26.200000000000003,29.8,24.5,23.700000000000003,25.6,,,,,,,,,,,,,,,,,,,,,,,,
2026-08-06T15:22:15.063Z,5.228,3.696,0.0,0.0,0.0,32.0,0.0,0.0,0.0,0.0,0.0,0.0,0.0,0.0,0.0,0.0,9.0,7.0,1.0,0.0,0.0,0.0,0.0,0.0,0.0,0.0,1.0,12.0,1.0,12.02,5.01,2.5,1.49,0.0,0.0,0.0,0.4,0.0,0.3,0.4,-0.1,-93.4,0.0,0.0,93.5,0.0,22.1,8.0,8.0,8.200000000000001,300.0,300.0,26.200000000000003,29.8,24.5,23.700000000000003,25.6,,,,,,,,,,,,,,,,,,,,,,,,
2026-08-06T15:22:15.075Z,5.24,3.708,0.0,0.0,0.0,32.0,0.0,0.0,0.0,0.0,0.0,0.0,0.0,0.0,0.0,0.0,9.0,7.0,1.0,0.0,0.0,0.0,0.0,0.0,0.0,0.0,1.0,12.0,1.0,12.02,5.01,2.5,1.49,0.0,0.0,0.0,0.4,0.0,-0.2,-1.2000000000000002,-0.7000000000000001,-93.4,0.0,0.0,93.4,0.0,22.1,8.0,8.0,8.200000000000001,300.0,300.0,26.200000000000003,29.8,24.5,23.700000000000003,25.6,,,,,,,,,,,,,,,,,,,,,,,,
2026-08-06T15:22:15.087Z,5.252,3.72,0.0,0.0,0.0,32.0,0.0,0.0,0.0,0.0,0.0,0.0,0.0,0.0,0.0,0.0,9.0,7.0,1.0,0.0,0.0,0.0,0.0,0.0,0.0,0.0,2.0,12.0,1.0,12.02,5.01,2.5,1.49,0.0,0.0,0.0,0.5,0.0,-0.9,-0.1,1.5,-93.4,0.0,0.0,93.4,0.0,22.1,8.0,8.0,8.200000000000001,300.0,300.0,26.200000000000003,29.8,24.5,23.700000000000003,25.6,,,,,,,,,,,,,,,,,,,,,,,,
2026-08-06T15:22:15.099Z,5.264,3.732,0.0,0.0,0.0,32.0,0.0,0.0,0.0,0.0,0.0,0.0,0.0,0.0,0.0,0.0,9.0,7.0,1.0,0.0,0.0,0.0,0.0,0.0,0.0,0.0,3.0,12.0,1.0,12.02,5.01,2.5,1.49,0.0,0.0,0.0,0.4,0.0,-0.3,-0.1,-0.7000000000000001,-93.4,0.0,0.0,93.3,0.0,22.1,8.0,8.0,8.200000000000001,300.0,300.0,26.200000000000003,29.8,24.5,23.700000000000003,25.6,,,,,,,,,,,,,,,,,,,,,,,,
2026-08-06T15:22:15.111Z,5.276,3.744,0.0,0.0,0.0,32.0,0.0,0.0,0.0,0.0,0.0,0.0,0.0,0.0,0.0,0.0,9.0,7.0,1.0,0.0,0.0,0.0,0.0,0.0,0.0,0.0,4.0,12.0,1.0,12.02,5.01,2.5,1.49,0.0,0.0,0.0,0.4,0.0,-1.4,-1.3,-1.3,-93.4,0.0,0.0,93.4,0.0,22.1,8.0,8.0,8.200000000000001,300.0,300.0,26.200000000000003,29.8,24.5,23.700000000000003,25.6,,,,,,,,,,,,,,,,,,,,,,,,
2026-08-06T15:22:15.123Z,5.288,3.756,0.0,0.0,0.0,32.0,0.0,0.0,0.0,0.0,0.0,0.0,0.0,0.0,0.0,0.0,9.0,7.0,1.0,0.0,0.0,0.0,0.0,0.0,0.0,0.0,5.0,12.0,1.0,12.02,5.01,2.5,1.49,0.0,0.0,0.0,0.4,0.0,0.2,-1.3,-0.8,-93.4,0.0,0.0,93.6,0.0,22.1,8.0,8.0,8.200000000000001,300.0,300.0,26.200000000000003,29.8,24.5,23.700000000000003,25.6,,,,,,,,,,,,,,,,,,,,,,,,
2026-08-06T15:22:15.135Z,5.3,3.768,0.0,0.0,0.0,32.0,0.0,0.0,0.0,0.0,0.0,0.0,0.0,0.0,0.0,0.0,9.0,7.0,1.0,0.0,0.0,0.0,0.0,0.0,0.0,0.0,6.0,12.0,1.0,12.02,5.01,2.5,1.49,0.0,0.0,0.0,0.4,0.0,-0.9,-0.1,-0.2,-93.4,0.0,0.0,93.5,0.0,22.1,8.0,8.0,8.200000000000001,300.0,300.0,26.200000000000003,29.8,24.5,23.700000000000003,25.6,,,,,,,,,,,,,,,,,,,,,,,,
2026-08-06T15:22:15.149Z,5.314,3.78,0.0,0.0,0.0,32.0,0.0,0.0,0.0,0.0,0.0,0.0,0.0,0.0,0.0,0.0,9.0,7.0,1.0,0.0,0.0,0.0,0.0,0.0,0.0,0.0,1.0,12.0,1.0,12.04,5.0200000000000005,2.51,1.49,0.0,0.0,0.0,0.4,0.0,0.2,-0.1,0.3,-93.4,0.0,0.0,93.5,0.0,21.700000000000003,8.3,8.3,8.4,300.0,300.0,26.1,29.8,24.5,23.8,25.6,,,,,,,,,,,,,,,,,,,,,,,,
2026-08-06T15:22:15.159Z,5.324,3.792,0.0,0.0,0.0,32.0,0.0,0.0,0.0,0.0,0.0,0.0,0.0,0.0,0.0,0.0,9.0,7.0,1.0,0.0,0.0,0.0,0.0,0.0,0.0,0.0,1.0,12.0,1.0,12.04,5.0200000000000005,2.51,1.49,0.0,0.0,0.0,0.4,0.0,-0.2,-0.7000000000000001,-0.2,-93.4,0.0,0.0,93.5,0.0,21.700000000000003,8.3,8.3,8.4,300.0,300.0,26.1,29.8,24.5,23.8,25.6,,,,,,,,,,,,,,,,,,,,,,,,
2026-08-06T15:22:15.171Z,5.336,3.804,0.0,0.0,0.0,32.0,0.0,0.0,0.0,0.0,0.0,0.0,0.0,0.0,0.0,0.0,9.0,7.0,1.0,0.0,0.0,0.0,0.0,0.0,0.0,0.0,2.0,12.0,1.0,12.04,5.0200000000000005,2.51,1.49,0.0,0.0,0.0,0.4,0.0,-0.2,0.0,0.4,-93.4,0.0,0.0,93.5,0.0,21.700000000000003,8.3,8.3,8.4,300.0,300.0,26.1,29.8,24.5,23.8,25.6,,,,,,,,,,,,,,,,,,,,,,,,
2026-08-06T15:22:15.183Z,5.348,3.816,0.0,0.0,0.0,32.0,0.0,0.0,0.0,0.0,0.0,0.0,0.0,0.0,0.0,0.0,9.0,7.0,1.0,0.0,0.0,0.0,0.0,0.0,0.0,0.0,2.0,12.0,1.0,12.04,5.0200000000000005,2.51,1.49,0.0,0.0,0.0,0.4,0.0,0.3,0.4,-1.2000000000000002,-93.4,0.0,0.0,93.5,0.0,21.700000000000003,8.3,8.3,8.4,300.0,300.0,26.1,29.8,24.5,23.8,25.6,,,,,,,,,,,,,,,,,,,,,,,,
2026-08-06T15:22:15.195Z,5.36,3.828,0.0,0.0,0.0,32.0,0.0,0.0,0.0,0.0,0.0,0.0,0.0,0.0,0.0,0.0,9.0,7.0,1.0,0.0,0.0,0.0,0.0,0.0,0.0,0.0,3.0,12.0,1.0,12.04,5.0200000000000005,2.51,1.49,0.0,0.0,0.0,0.4,0.0,0.9,0.5,0.0,-93.4,0.0,0.0,93.5,0.0,21.700000000000003,8.3,8.3,8.4,300.0,300.0,26.1,29.8,24.5,23.8,25.6,,,,,,,,,,,,,,,,,,,,,,,,
2026-08-06T15:22:15.207Z,5.372,3.84,0.0,0.0,0.0,32.0,0.0,0.0,0.0,0.0,0.0,0.0,0.0,0.0,0.0,0.0,9.0,7.0,1.0,0.0,0.0,0.0,0.0,0.0,0.0,0.0,4.0,12.0,1.0,12.04,5.0200000000000005,2.51,1.49,0.0,0.0,0.0,0.4,0.0,0.9,0.0,1.1,-93.4,0.0,0.0,93.5,0.0,21.700000000000003,8.3,8.3,8.4,300.0,300.0,26.1,29.8,24.5,23.8,25.6,,,,,,,,,,,,,,,,,,,,,,,,
2026-08-06T15:22:15.219Z,5.384,3.852,0.0,0.0,0.0,32.0,0.0,0.0,0.0,0.0,0.0,0.0,0.0,0.0,0.0,0.0,9.0,7.0,1.0,0.0,0.0,0.0,0.0,0.0,0.0,0.0,5.0,12.0,1.0,12.04,5.0200000000000005,2.51,1.49,0.0,0.0,0.0,0.4,0.0,0.3,-0.6000000000000001,-0.5,-93.4,0.0,0.0,93.3,0.0,21.700000000000003,8.3,8.3,8.4,300.0,300.0,26.1,29.8,24.5,23.8,25.6,,,,,,,,,,,,,,,,,,,,,,,,
2026-08-06T15:22:15.231Z,5.396,3.864,0.0,0.0,0.0,32.0,0.0,0.0,0.0,0.0,0.0,0.0,0.0,0.0,0.0,0.0,9.0,7.0,1.0,0.0,0.0,0.0,0.0,0.0,0.0,0.0,6.0,12.0,1.0,12.04,5.0200000000000005,2.51,1.49,0.0,0.0,0.0,0.4,0.0,0.3,0.5,1.7000000000000002,-93.4,0.0,0.0,93.4,0.0,21.700000000000003,8.3,8.3,8.4,300.0,300.0,26.1,29.8,24.5,23.8,25.6,,,,,,,,,,,,,,,,,,,,,,,,
2026-08-06T15:22:15.245Z,5.41,3.876,0.0,0.0,0.0,32.0,0.0,0.0,0.0,0.0,0.0,0.0,0.0,0.0,0.0,0.0,9.0,7.0,1.0,0.0,0.0,0.0,0.0,0.0,0.0,0.0,1.0,12.0,1.0,11.99,5.01,2.51,1.49,0.0,0.0,0.0,0.4,0.0,-0.2,1.1,-0.6000000000000001,-93.4,0.0,0.0,93.5,0.0,21.8,8.5,8.5,8.6,300.0,300.0,26.0,29.9,24.5,23.8,25.6,,,,,,,,,,,,,,,,,,,,,,,,
2026-08-06T15:22:15.255Z,5.42,3.888,0.0,0.0,0.0,32.0,0.0,0.0,0.0,0.0,0.0,0.0,0.0,0.0,0.0,0.0,9.0,7.0,1.0,0.0,0.0,0.0,0.0,0.0,0.0,0.0,3.0,12.0,1.0,11.99,5.01,2.51,1.49,0.0,0.0,0.0,0.4,0.0,-0.1,-1.1,0.0,-93.4,0.0,0.0,93.5,0.0,21.8,8.5,8.5,8.6,300.0,300.0,26.0,29.9,24.5,23.8,25.6,,,,,,,,,,,,,,,,,,,,,,,,
2026-08-06T15:22:15.267Z,5.432,3.9,0.0,0.0,0.0,32.0,0.0,0.0,0.0,0.0,0.0,0.0,0.0,0.0,0.0,0.0,9.0,7.0,1.0,0.0,0.0,0.0,0.0,0.0,0.0,0.0,4.0,12.0,1.0,11.99,5.01,2.51,1.49,0.0,0.0,0.0,0.4,0.0,-0.7000000000000001,-1.1,0.6000000000000001,-93.4,0.0,0.0,93.5,0.0,21.8,8.5,8.5,8.6,300.0,300.0,26.0,29.9,24.5,23.8,25.6,,,,,,,,,,,,,,,,,,,,,,,,
2026-08-06T15:22:15.279Z,5.444,3.912,0.0,0.0,0.0,32.0,0.0,0.0,0.0,0.0,0.0,0.0,0.0,0.0,0.0,0.0,9.0,7.0,1.0,0.0,0.0,0.0,0.0,0.0,0.0,0.0,5.0,12.0,1.0,11.99,5.01,2.51,1.49,0.0,0.0,0.0,0.4,0.0,0.3,0.5,0.6000000000000001,-93.4,0.0,0.0,93.5,0.0,21.8,8.5,8.5,8.6,300.0,300.0,26.0,29.9,24.5,23.8,25.6,,,,,,,,,,,,,,,,,,,,,,,,
2026-08-06T15:22:15.291Z,5.456,3.924,0.0,0.0,0.0,32.0,0.0,0.0,0.0,0.0,0.0,0.0,0.0,0.0,0.0,0.0,9.0,7.0,1.0,0.0,0.0,0.0,0.0,0.0,0.0,0.0,1.0,12.0,1.0,11.99,5.01,2.51,1.49,0.0,0.0,0.0,0.4,0.0,-0.2,1.1,1.2000000000000002,-93.4,0.0,0.0,93.4,0.0,21.8,8.5,8.5,8.6,300.0,300.0,26.0,29.9,24.5,23.8,25.6,,,,,,,,,,,,,,,,,,,,,,,,
2026-08-06T15:22:15.303Z,5.468,3.936,0.0,0.0,0.0,32.0,0.0,0.0,0.0,0.0,0.0,0.0,0.0,0.0,0.0,0.0,9.0,7.0,1.0,0.0,0.0,0.0,0.0,0.0,0.0,0.0,1.0,12.0,1.0,11.99,5.01,2.51,1.49,0.0,0.0,0.0,0.4,0.0,-0.7000000000000001,0.0,-1.0,-93.4,0.0,0.0,93.4,0.0,21.8,8.5,8.5,8.6,300.0,300.0,26.0,29.9,24.5,23.8,25.6,,,,,,,,,,,,,,,,,,,,,,,,
2026-08-06T15:22:15.315Z,5.48,3.948,0.1,0.0,0.0,32.0,0.0,0.0,0.0,0.0,0.0,0.0,0.0,0.0,0.0,0.0,9.0,7.0,1.0,0.0,0.0,0.0,0.0,0.0,0.0,0.0,2.0,12.0,1.0,11.99,5.01,2.51,1.49,0.0,0.0,0.0,0.4,0.0,-0.2,0.0,0.0,-93.4,0.0,0.0,93.4,0.0,21.8,8.5,8.5,8.6,300.0,300.0,26.0,29.9,24.5,23.8,25.6,,,,,,,,,,,,,,,,,,,,,,,,
2026-08-06T15:22:15.327Z,5.492,3.96,0.1,0.0,0.0,32.0,0.0,0.0,0.0,0.0,0.0,0.0,0.0,0.0,0.0,0.0,9.0,7.0,1.0,0.0,0.0,0.0,0.0,0.0,0.0,0.0,3.0,12.0,1.0,11.99,5.01,2.51,1.49,0.0,0.0,0.0,0.4,0.0,0.4,0.6000000000000001,0.0,-93.4,0.0,0.0,93.3,0.0,21.8,8.5,8.5,8.6,300.0,300.0,26.0,29.9,24.5,23.8,25.6,,,,,,,,,,,,,,,,,,,,,,,,
2026-08-06T15:22:15.339Z,5.504,3.972,0.0,0.0,0.0,32.0,0.0,0.0,0.0,0.0,0.0,0.0,0.0,0.0,0.0,0.0,9.0,7.0,1.0,0.0,0.0,0.0,0.0,0.0,0.0,0.0,5.0,12.0,1.0,11.99,5.01,2.51,1.49,0.0,0.0,0.0,0.4,0.0,0.3,0.0,0.6000000000000001,-93.4,0.0,0.0,93.5,0.0,21.8,8.5,8.5,8.6,300.0,300.0,26.0,29.9,24.5,23.8,25.6,,,,,,,,,,,,,,,,,,,,,,,,
2026-08-06T15:22:15.351Z,5.516,3.984,0.0,0.0,0.0,32.0,0.0,0.0,0.0,0.0,0.0,0.0,0.0,0.0,0.0,0.0,9.0,7.0,1.0,0.0,0.0,0.0,0.0,0.0,0.0,0.0,6.0,12.0,1.0,12.05,5.0200000000000005,2.5,1.49,0.0,0.0,0.0,0.5,0.0,-0.8,-1.1,-0.5,-93.4,0.0,0.0,93.5,0.0,21.4,8.700000000000001,8.700000000000001,8.8,300.0,300.0,26.200000000000003,29.8,24.5,23.8,25.6,,,,,,,,,,,,,,,,,,,,,,,,
2026-08-06T15:22:15.363Z,5.528,3.996,0.0,0.0,0.0,32.0,0.0,0.0,0.0,0.0,0.0,0.0,0.0,0.0,0.0,0.0,9.0,7.0,1.0,0.0,0.0,0.0,0.0,0.0,0.0,0.0,1.0,12.0,1.0,12.05,5.0200000000000005,2.5,1.49,0.0,0.0,0.0,0.4,0.0,-0.2,-0.6000000000000001,0.6000000000000001,-93.4,0.0,0.0,93.5,0.0,21.4,8.700000000000001,8.700000000000001,8.8,300.0,300.0,26.200000000000003,29.8,24.5,23.8,25.6,,,,,,,,,,,,,,,,,,,,,,,,
2026-08-06T15:22:15.375Z,5.54,4.008,0.0,0.0,0.0,32.0,0.0,0.0,0.0,0.0,0.0,0.0,0.0,0.0,0.0,0.0,9.0,7.0,1.0,0.0,0.0,0.0,0.0,0.0,0.0,0.0,1.0,12.0,1.0,12.05,5.0200000000000005,2.5,1.49,0.0,0.0,0.0,0.4,0.0,-0.2,0.0,0.0,-93.4,0.0,0.0,93.5,0.0,21.4,8.700000000000001,8.700000000000001,8.8,300.0,300.0,26.200000000000003,29.8,24.5,23.8,25.6,,,,,,,,,,,,,,,,,,,,,,,,
2026-08-06T15:22:15.387Z,5.552,4.0200000000000005,0.0,0.0,0.0,32.0,0.0,0.0,0.0,0.0,0.0,0.0,0.0,0.0,0.0,0.0,9.0,7.0,1.0,0.0,0.0,0.0,0.0,0.0,0.0,0.0,2.0,12.0,1.0,12.05,5.0200000000000005,2.5,1.49,0.0,0.0,0.0,0.4,0.0,-0.2,1.1,0.0,-93.4,0.0,0.0,93.4,0.0,21.4,8.700000000000001,8.700000000000001,8.8,300.0,300.0,26.200000000000003,29.8,24.5,23.8,25.6,,,,,,,,,,,,,,,,,,,,,,,,
2026-08-06T15:22:15.400Z,5.565,4.032,0.0,0.0,0.0,32.0,0.0,0.0,0.0,0.0,0.0,0.0,0.0,0.0,0.0,0.0,9.0,7.0,1.0,0.0,0.0,0.0,0.0,0.0,0.0,0.0,3.0,12.0,1.0,12.05,5.0200000000000005,2.5,1.49,0.0,0.0,0.0,0.4,0.0,0.3,-0.6000000000000001,0.0,-93.4,0.0,0.0,93.5,0.0,21.4,8.700000000000001,8.700000000000001,8.8,300.0,300.0,26.200000000000003,29.8,24.5,23.8,25.6,,,,,,,,,,,,,,,,,,,,,,,,
2026-08-06T15:22:15.411Z,5.576,4.0440000000000005,0.0,0.0,0.0,32.0,0.0,0.0,0.0,0.0,0.0,0.0,0.0,0.0,0.0,0.0,9.0,7.0,1.0,0.0,0.0,0.0,0.0,0.0,0.0,0.0,4.0,12.0,1.0,12.05,5.0200000000000005,2.5,1.49,0.0,0.0,0.0,0.4,0.0,-0.2,0.4,0.6000000000000001,-93.4,0.0,0.0,93.4,0.0,21.4,8.700000000000001,8.700000000000001,8.8,300.0,300.0,26.200000000000003,29.8,24.5,23.8,25.6,,,,,,,,,,,,,,,,,,,,,,,,
2026-08-06T15:22:15.423Z,5.588,4.056,0.0,0.0,0.0,32.0,0.0,0.0,0.0,0.0,0.0,0.0,0.0,0.0,0.0,0.0,9.0,7.0,1.0,0.0,0.0,0.0,0.0,0.0,0.0,0.0,5.0,12.0,1.0,12.05,5.0200000000000005,2.5,1.49,0.0,0.0,0.0,0.4,0.0,-1.4,-0.6000000000000001,-1.1,-93.4,0.0,0.0,93.3,0.0,21.4,8.700000000000001,8.700000000000001,8.8,300.0,300.0,26.200000000000003,29.8,24.5,23.8,25.6,,,,,,,,,,,,,,,,,,,,,,,,
2026-08-06T15:22:15.435Z,5.6,4.0680000000000005,0.0,0.0,0.0,32.0,0.0,0.0,0.0,0.0,0.0,0.0,0.0,0.0,0.0,0.0,9.0,7.0,1.0,0.0,0.0,0.0,0.0,0.0,0.0,0.0,6.0,12.0,1.0,12.05,5.0200000000000005,2.5,1.49,0.0,0.1,0.0,0.5,0.0,-0.2,-0.6000000000000001,0.0,-93.4,0.0,0.0,93.5,0.0,21.4,8.700000000000001,8.700000000000001,8.8,300.0,300.0,26.200000000000003,29.8,24.5,23.8,25.6,,,,,,,,,,,,,,,,,,,,,,,,
2026-08-06T15:22:15.448Z,5.613,4.08,0.0,0.0,0.0,32.0,0.0,0.0,0.0,0.0,0.0,0.0,0.0,0.0,0.0,0.0,9.0,7.0,1.0,0.0,0.0,0.0,0.0,0.0,0.0,0.0,1.0,12.0,1.0,12.02,5.01,2.51,1.49,0.0,0.0,0.0,0.4,0.0,-0.8,-0.6000000000000001,-1.2000000000000002,-93.4,0.0,0.0,93.5,0.0,21.9,8.9,8.9,9.0,300.0,300.0,26.3,29.8,24.5,23.8,25.6,,,,,,,,,,,,,,,,,,,,,,,,
2026-08-06T15:22:15.459Z,5.624,4.0920000000000005,0.0,0.0,0.0,32.0,0.0,0.0,0.0,0.0,0.0,0.0,0.0,0.0,0.0,0.0,9.0,7.0,1.0,0.0,0.0,0.0,0.0,0.0,0.0,0.0,2.0,12.0,1.0,12.02,5.01,2.51,1.49,0.0,0.0,0.0,0.4,0.0,0.3,-1.2000000000000002,1.1,-93.4,0.0,0.0,93.5,0.0,21.9,8.9,8.9,9.0,300.0,300.0,26.3,29.8,24.5,23.8,25.6,,,,,,,,,,,,,,,,,,,,,,,,
2026-08-06T15:22:15.471Z,5.636,4.104,0.0,0.0,0.0,32.0,0.0,0.0,0.0,0.0,0.0,0.0,0.0,0.0,0.0,0.0,9.0,7.0,1.0,0.0,0.0,0.0,0.0,0.0,0.0,0.0,2.0,12.0,1.0,12.02,5.01,2.51,1.49,0.0,0.0,0.0,0.5,0.0,-0.2,0.0,-1.1,-93.4,0.0,0.0,93.5,0.0,21.9,8.9,8.9,9.0,300.0,300.0,26.3,29.8,24.5,23.8,25.6,,,,,,,,,,,,,,,,,,,,,,,,
2026-08-06T15:22:15.483Z,5.648,4.116,0.0,0.0,0.0,32.0,0.0,0.0,0.0,0.0,0.0,0.0,0.0,0.0,0.0,0.0,9.0,7.0,1.0,0.0,0.0,0.0,0.0,0.0,0.0,0.0,3.0,12.0,1.0,12.02,5.01,2.51,1.49,0.0,0.1,0.0,0.4,0.0,1.5,0.5,1.2000000000000002,-93.4,0.0,0.0,93.5,0.0,21.9,8.9,8.9,9.0,300.0,300.0,26.3,29.8,24.5,23.8,25.6,,,,,,,,,,,,,,,,,,,,,,,,
2026-08-06T15:22:15.495Z,5.66,4.128,0.0,0.0,0.0,32.0,0.0,0.0,0.0,0.0,0.0,0.0,0.0,0.0,0.0,0.0,9.0,7.0,1.0,0.0,0.0,0.0,0.0,0.0,0.0,0.0,4.0,12.0,1.0,12.02,5.01,2.51,1.49,0.0,0.0,0.0,0.4,0.0,-0.8,0.5,1.7000000000000002,-93.4,0.0,0.0,93.4,0.0,21.9,8.9,8.9,9.0,300.0,300.0,26.3,29.8,24.5,23.8,25.6,,,,,,,,,,,,,,,,,,,,,,,,
2026-08-06T15:22:15.507Z,5.672,4.14,0.0,0.0,0.0,32.0,0.0,0.0,0.0,0.0,0.0,0.0,0.0,0.0,0.0,0.0,9.0,7.0,1.0,0.0,0.0,0.0,0.0,0.0,0.0,0.0,6.0,12.0,1.0,12.02,5.01,2.51,1.49,0.0,0.0,0.0,0.4,0.0,-0.2,-1.8,-1.1,-93.4,0.0,0.0,93.5,0.0,21.9,8.9,8.9,9.0,300.0,300.0,26.3,29.8,24.5,23.8,25.6,,,,,,,,,,,,,,,,,,,,,,,,
2026-08-06T15:22:15.519Z,5.684,4.152,0.0,0.0,0.0,32.0,0.0,0.0,0.0,0.0,0.0,0.0,0.0,0.0,0.0,0.0,9.0,7.0,1.0,0.0,0.0,0.0,0.0,0.0,0.0,0.0,1.0,12.0,1.0,12.02,5.01,2.51,1.49,0.0,0.0,0.0,0.4,0.0,-0.9,0.0,0.0,-93.4,0.0,0.0,93.3,0.0,21.9,8.9,8.9,9.0,300.0,300.0,26.3,29.8,24.5,23.8,25.6,,,,,,,,,,,,,,,,,,,,,,,,
2026-08-06T15:22:15.531Z,5.696,4.164,0.0,0.0,0.0,32.0,0.0,0.0,0.0,0.0,0.0,0.0,0.0,0.0,0.0,0.0,9.0,7.0,1.0,0.0,0.0,0.0,0.0,0.0,0.0,0.0,2.0,12.0,1.0,12.02,5.01,2.51,1.49,0.0,0.0,0.0,0.4,0.0,-0.3,0.0,-0.6000000000000001,-93.4,0.0,0.0,93.4,0.0,21.9,8.9,8.9,9.0,300.0,300.0,26.3,29.8,24.5,23.8,25.6,,,,,,,,,,,,,,,,,,,,,,,,
2026-08-06T15:22:15.543Z,5.708,4.176,0.0,0.0,0.0,32.0,0.0,0.0,0.0,0.0,0.0,1.0,0.0,0.0,0.0,0.0,9.0,7.0,1.0,0.0,0.0,0.0,0.0,0.0,0.0,0.0,3.0,12.0,1.0,12.02,5.01,2.51,1.49,0.0,0.0,0.0,0.4,0.0,-0.8,1.1,0.0,-93.4,0.0,0.0,93.4,0.0,21.9,8.9,8.9,9.0,300.0,300.0,26.3,29.8,24.5,23.8,25.6,,,,,,,,,,,,,,,,,,,,,,,,
2026-08-06T15:22:15.555Z,5.72,4.188,0.0,0.0,0.0,32.0,0.0,0.0,0.0,0.0,0.0,1.0,0.0,0.0,0.0,0.0,9.0,7.0,1.0,0.0,0.0,0.0,0.0,0.0,0.0,0.0,4.0,12.0,1.0,12.02,5.0200000000000005,2.5,1.49,0.0,0.0,0.0,0.4,0.0,-0.3,-0.6000000000000001,-1.7000000000000002,-93.4,0.0,0.0,93.5,0.0,21.9,9.1,9.1,9.2,300.0,300.0,26.3,29.8,24.5,23.8,25.6,,,,,,,,,,,,,,,,,,,,,,,,
2026-08-06T15:22:15.567Z,5.732,4.2,0.0,0.0,0.0,32.0,0.0,0.0,0.0,0.0,0.0,1.0,0.0,0.0,0.0,0.0,9.0,7.0,1.0,0.0,0.0,0.0,0.0,0.0,0.0,0.0,5.0,12.0,1.0,12.02,5.0200000000000005,2.5,1.49,0.0,0.0,0.0,0.4,0.0,-0.8,-0.5,-0.5,-93.4,0.0,0.0,93.5,0.0,21.9,9.1,9.1,9.2,300.0,300.0,26.3,29.8,24.5,23.8,25.6,,,,,,,,,,,,,,,,,,,,,,,,
2026-08-06T15:22:15.579Z,5.744,4.212,0.0,0.0,0.0,32.0,0.0,0.0,0.0,0.0,0.0,1.0,0.0,0.0,0.0,0.0,9.0,7.0,1.0,0.0,0.0,0.0,0.0,0.0,0.0,0.0,6.0,12.0,1.0,12.02,5.0200000000000005,2.5,1.49,0.0,0.1,0.0,0.4,0.0,-0.2,0.0,0.0,-93.4,0.0,0.0,93.5,0.0,21.9,9.1,9.1,9.2,300.0,300.0,26.3,29.8,24.5,23.8,25.6,,,,,,,,,,,,,,,,,,,,,,,,
2026-08-06T15:22:15.591Z,5.756,4.224,0.0,0.0,0.0,32.0,0.0,0.0,0.0,0.0,0.0,1.0,0.0,0.0,0.0,0.0,9.0,7.0,1.0,0.0,0.0,0.0,0.0,0.0,0.0,0.0,1.0,12.0,1.0,12.02,5.0200000000000005,2.5,1.49,0.0,0.0,0.0,0.5,0.0,-0.8,-0.6000000000000001,0.0,-93.4,0.0,0.0,93.5,0.0,21.9,9.1,9.1,9.2,300.0,300.0,26.3,29.8,24.5,23.8,25.6,,,,,,,,,,,,,,,,,,,,,,,,
2026-08-06T15:22:15.605Z,5.77,4.236,0.0,0.0,0.0,32.0,0.0,0.0,0.0,0.0,0.0,1.0,0.0,0.0,0.0,0.0,9.0,7.0,1.0,0.0,0.0,0.0,0.0,0.0,0.0,0.0,2.0,12.0,1.0,12.02,5.0200000000000005,2.5,1.49,0.0,0.0,0.0,0.4,0.0,-0.8,0.5,0.0,-93.4,0.0,0.0,93.5,0.0,21.9,9.1,9.1,9.2,300.0,300.0,26.3,29.8,24.5,23.8,25.6,,,,,,,,,,,,,,,,,,,,,,,,
2026-08-06T15:22:15.615Z,5.78,4.248,0.0,0.0,0.0,32.0,0.0,0.0,0.0,0.0,0.0,1.0,0.0,0.0,0.0,0.0,9.0,7.0,1.0,0.0,0.0,0.0,0.0,0.0,0.0,0.0,2.0,12.0,1.0,12.02,5.0200000000000005,2.5,1.49,0.0,0.0,0.0,0.4,0.0,-0.8,-1.2000000000000002,-1.8,-93.4,0.0,0.0,93.4,0.0,21.9,9.1,9.1,9.2,300.0,300.0,26.3,29.8,24.5,23.8,25.6,,,,,,,,,,,,,,,,,,,,,,,,
2026-08-06T15:22:15.627Z,5.792,4.26,0.0,0.0,0.0,32.0,0.0,0.0,0.0,0.0,0.0,1.0,0.0,0.0,0.0,0.0,9.0,7.0,1.0,0.0,0.0,0.0,0.0,0.0,0.0,0.0,3.0,12.0,1.0,12.02,5.0200000000000005,2.5,1.49,0.0,0.0,0.0,0.4,0.0,0.3,0.0,-1.3,-93.4,0.0,0.0,93.3,0.0,21.9,9.1,9.1,9.2,300.0,300.0,26.3,29.8,24.5,23.8,25.6,,,,,,,,,,,,,,,,,,,,,,,,
2026-08-06T15:22:15.639Z,5.804,4.272,0.0,0.0,0.0,32.0,0.0,0.0,0.0,0.0,0.0,1.0,0.0,0.0,0.0,0.0,9.0,7.0,1.0,0.0,0.0,0.0,0.0,0.0,0.0,0.0,5.0,12.0,1.0,12.02,5.0200000000000005,2.5,1.49,0.0,0.0,0.0,0.4,0.0,-0.2,0.0,2.1,-93.4,0.0,0.0,93.5,0.0,21.9,9.1,9.1,9.2,300.0,300.0,26.3,29.8,24.5,23.8,25.6,,,,,,,,,,,,,,,,,,,,,,,,
2026-08-06T15:22:15.652Z,5.817,4.284,0.0,0.0,0.0,32.0,0.0,0.0,0.0,0.0,0.0,1.0,0.0,0.0,0.0,0.0,9.0,7.0,1.0,0.0,0.0,0.0,0.0,0.0,0.0,0.0,6.0,12.0,1.0,12.02,5.01,2.5,1.5,0.0,0.0,0.0,0.4,0.0,-0.2,-0.6000000000000001,0.9,-93.4,0.0,0.0,93.5,0.0,21.8,9.3,9.3,9.4,300.0,300.0,26.200000000000003,29.9,24.5,23.8,25.6,,,,,,,,,,,,,,,,,,,,,,,,
2026-08-06T15:22:15.663Z,5.828,4.296,0.0,0.0,0.0,32.0,0.0,0.0,0.0,0.0,0.0,1.0,0.0,0.0,0.0,0.0,9.0,7.0,1.0,0.0,0.0,0.0,0.0,0.0,0.0,0.0,1.0,12.0,1.0,12.02,5.01,2.5,1.5,0.0,0.0,0.0,0.4,0.0,-0.2,1.1,0.9,-93.4,0.0,0.0,93.5,0.0,21.8,9.3,9.3,9.4,300.0,300.0,26.200000000000003,29.9,24.5,23.8,25.6,,,,,,,,,,,,,,,,,,,,,,,,
2026-08-06T15:22:15.675Z,5.84,4.308,0.0,0.0,0.0,32.0,0.0,0.0,0.0,0.0,0.0,1.0,0.0,0.0,0.0,0.0,9.0,7.0,1.0,0.0,0.0,0.0,0.0,0.0,0.0,0.0,1.0,12.0,1.0,12.02,5.01,2.5,1.5,0.0,0.0,0.0,0.4,0.0,0.3,1.1,-1.3,-93.4,0.0,0.0,93.4,0.0,21.8,9.3,9.3,9.4,300.0,300.0,26.200000000000003,29.9,24.5,23.8,25.6,,,,,,,,,,,,,,,,,,,,,,,,
2026-08-06T15:22:15.688Z,5.853,4.32,0.0,0.0,0.0,32.0,0.0,0.0,0.0,0.0,0.0,1.0,0.0,0.0,0.0,0.0,9.0,7.0,1.0,0.0,0.0,0.0,0.0,0.0,0.0,0.0,2.0,12.0,1.0,12.02,5.01,2.5,1.5,0.0,0.0,0.0,0.4,0.0,-0.2,0.5,-1.3,-93.4,0.0,0.0,93.4,0.0,21.8,9.3,9.3,9.4,300.0,300.0,26.200000000000003,29.9,24.5,23.8,25.6,,,,,,,,,,,,,,,,,,,,,,,,
2026-08-06T15:22:15.699Z,5.864,4.332,0.0,0.0,0.0,32.0,0.0,0.0,0.0,0.0,0.0,1.0,0.0,0.0,0.0,0.0,9.0,7.0,1.0,0.0,0.0,0.0,0.0,0.0,0.0,0.0,4.0,12.0,1.0,12.02,5.01,2.5,1.5,0.0,0.0,0.0,0.4,0.0,-0.2,-0.6000000000000001,0.3,-93.4,0.0,0.0,93.5,0.0,21.8,9.3,9.3,9.4,300.0,300.0,26.200000000000003,29.9,24.5,23.8,25.6,,,,,,,,,,,,,,,,,,,,,,,,
2026-08-06T15:22:15.712Z,5.877,4.344,0.0,0.0,0.0,32.0,0.0,0.0,0.0,0.0,0.0,1.0,0.0,0.0,0.0,0.0,9.0,7.0,1.0,0.0,0.0,0.0,0.0,0.0,0.0,0.0,5.0,12.0,1.0,12.02,5.01,2.5,1.5,0.0,0.0,0.0,0.4,0.0,-0.2,0.5,-0.7000000000000001,-93.4,0.0,0.0,93.4,0.0,21.8,9.3,9.3,9.4,300.0,300.0,26.200000000000003,29.9,24.5,23.8,25.6,,,,,,,,,,,,,,,,,,,,,,,,
2026-08-06T15:22:15.723Z,5.888,4.356,0.0,0.0,0.0,32.0,0.0,0.0,0.0,0.0,0.0,1.0,0.0,0.0,0.0,0.0,9.0,7.0,1.0,0.0,0.0,0.0,0.0,0.0,0.0,0.0,5.0,12.0,1.0,12.02,5.01,2.5,1.5,0.0,0.0,0.0,0.4,0.0,0.4,0.0,0.3,-93.4,0.0,0.0,93.3,0.0,21.8,9.3,9.3,9.4,300.0,300.0,26.200000000000003,29.9,24.5,23.8,25.6,,,,,,,,,,,,,,,,,,,,,,,,
2026-08-06T15:22:15.735Z,5.9,4.368,0.0,0.0,0.0,32.0,0.0,0.0,0.0,0.0,0.0,1.0,0.0,0.0,0.0,0.0,9.0,7.0,1.0,0.0,0.0,0.0,0.0,0.0,0.0,0.0,6.0,12.0,1.0,12.02,5.01,2.5,1.5,0.0,0.0,0.0,0.4,0.0,1.0,0.0,-0.2,-93.4,0.0,0.0,93.5,0.0,21.8,9.3,9.3,9.4,300.0,300.0,26.200000000000003,29.9,24.5,23.8,25.6,,,,,,,,,,,,,,,,,,,,,,,,
2026-08-06T15:22:15.747Z,5.912,4.38,0.0,0.0,0.0,32.0,0.0,0.0,0.0,0.0,0.0,1.0,0.0,0.0,0.0,0.0,9.0,7.0,1.0,0.0,0.0,0.0,0.0,0.0,0.0,0.0,1.0,12.0,1.0,12.02,5.01,2.5,1.5,0.0,0.0,0.0,0.4,0.0,-0.7000000000000001,-0.6000000000000001,-1.3,-93.4,0.0,0.0,93.5,0.0,21.8,9.3,9.3,9.4,300.0,300.0,26.200000000000003,29.9,24.5,23.8,25.6,,,,,,,,,,,,,,,,,,,,,,,,
2026-08-06T15:22:15.759Z,5.924,4.392,0.0,0.0,0.0,32.0,0.0,0.0,0.0,0.0,0.0,1.0,0.0,0.0,0.0,0.0,9.0,7.0,1.0,0.0,0.0,0.0,0.0,0.0,0.0,0.0,3.0,12.0,1.0,12.05,5.01,2.51,1.49,0.0,0.0,0.0,0.4,0.0,0.4,-0.6000000000000001,0.3,-93.4,0.0,0.0,93.5,0.0,21.4,9.5,9.5,9.6,300.0,300.0,26.3,29.9,24.5,23.8,25.6,,,,,,,,,,,,,,,,,,,,,,,,
2026-08-06T15:22:15.772Z,5.937,4.404,0.0,0.0,0.0,32.0,0.0,0.0,0.0,0.0,0.0,1.0,0.0,0.0,0.0,0.0,9.0,7.0,1.0,0.0,0.0,0.0,0.0,0.0,0.0,0.0,4.0,12.0,1.0,12.05,5.01,2.51,1.49,0.0,0.0,0.0,0.4,0.0,-0.1,1.1,-0.2,-93.4,0.0,0.0,93.4,0.0,21.4,9.5,9.5,9.6,300.0,300.0,26.3,29.9,24.5,23.8,25.6,,,,,,,,,,,,,,,,,,,,,,,,
2026-08-06T15:22:15.783Z,5.948,4.416,0.0,0.0,0.0,32.0,0.0,0.0,0.0,0.0,0.0,1.0,0.0,0.0,0.0,0.0,9.0,7.0,1.0,0.0,0.0,0.0,0.0,0.0,0.0,0.0,4.0,12.0,1.0,12.05,5.01,2.51,1.49,0.0,0.0,0.0,0.4,0.0,0.4,0.5,2.2,-93.4,0.0,0.0,93.5,0.0,21.4,9.5,9.5,9.6,300.0,300.0,26.3,29.9,24.5,23.8,25.6,,,,,,,,,,,,,,,,,,,,,,,,
2026-08-06T15:22:15.796Z,5.961,4.428,0.0,0.0,0.0,32.0,0.0,0.0,0.0,0.0,0.0,1.0,0.0,0.0,0.0,0.0,9.0,7.0,1.0,0.0,0.0,0.0,0.0,0.0,0.0,0.0,5.0,12.0,1.0,12.05,5.01,2.51,1.49,0.0,0.0,0.0,0.4,0.0,-0.1,-0.5,-1.8,-93.4,0.0,0.0,93.5,0.0,21.4,9.5,9.5,9.6,300.0,300.0,26.3,29.9,24.5,23.8,25.6,,,,,,,,,,,,,,,,,,,,,,,,
2026-08-06T15:22:15.807Z,5.972,4.44,0.0,0.0,0.0,32.0,0.0,0.0,0.0,0.0,0.0,1.0,0.0,0.0,0.0,0.0,9.0,7.0,1.0,0.0,0.0,0.0,0.0,0.0,0.0,0.0,1.0,12.0,1.0,12.05,5.01,2.51,1.49,0.0,0.0,0.0,0.4,0.0,-0.7000000000000001,0.6000000000000001,-0.6000000000000001,-93.4,0.0,0.0,93.5,0.0,21.4,9.5,9.5,9.6,300.0,300.0,26.3,29.9,24.5,23.8,25.6,,,,,,,,,,,,,,,,,,,,,,,,
2026-08-06T15:22:15.819Z,5.984,4.452,0.0,0.0,0.0,32.0,0.0,0.0,0.0,0.0,0.0,1.0,0.0,0.0,0.0,0.0,9.0,7.0,1.0,0.0,0.0,0.0,0.0,0.0,0.0,0.0,2.0,12.0,1.0,12.05,5.01,2.51,1.49,0.0,0.0,0.0,0.4,0.0,-0.1,0.5,0.0,-93.4,0.0,0.0,93.5,0.0,21.4,9.5,9.5,9.6,300.0,300.0,26.3,29.9,24.5,23.8,25.6,,,,,,,,,,,,,,,,,,,,,,,,
2026-08-06T15:22:15.831Z,5.996,4.464,0.0,0.0,0.0,32.0,0.0,0.0,0.0,0.0,0.0,1.0,0.0,0.0,0.0,0.0,9.0,7.0,1.0,0.0,0.0,0.0,0.0,0.0,0.0,0.0,3.0,12.0,1.0,12.05,5.01,2.51,1.49,0.0,0.0,0.0,0.4,0.0,0.4,-0.5,0.5,-93.4,0.0,0.0,93.5,0.0,21.4,9.5,9.5,9.6,300.0,300.0,26.3,29.9,24.5,23.8,25.6,,,,,,,,,,,,,,,,,,,,,,,,
2026-08-06T15:22:15.843Z,6.008,4.476,0.0,0.0,0.0,32.0,0.0,0.0,0.0,0.0,0.0,1.0,0.0,0.0,0.0,0.0,9.0,7.0,1.0,0.0,0.0,0.0,0.0,0.0,0.0,0.0,4.0,12.0,1.0,12.05,5.01,2.51,1.49,0.0,0.0,0.0,0.4,0.0,1.0,0.0,1.7000000000000002,-93.4,0.0,0.0,93.5,0.0,21.4,9.5,9.5,9.6,300.0,300.0,26.3,29.9,24.5,23.8,25.6,,,,,,,,,,,,,,,,,,,,,,,,
2026-08-06T15:22:15.856Z,6.021,4.488,0.0,0.0,0.0,32.0,0.0,0.0,0.0,0.0,0.0,1.0,0.0,0.0,0.0,0.0,9.0,7.0,1.0,0.0,0.0,0.0,0.0,0.0,0.0,0.0,6.0,12.0,1.0,12.01,5.0200000000000005,2.51,1.49,0.0,0.0,0.0,0.5,0.0,-0.1,-0.5,0.0,-93.4,0.0,0.0,93.5,0.0,21.700000000000003,9.7,9.7,9.8,300.0,300.0,26.200000000000003,29.9,24.5,23.8,25.6,,,,,,,,,,,,,,,,,,,,,,,,
2026-08-06T15:22:15.867Z,6.032,4.5,0.0,0.0,0.0,32.0,0.0,0.0,0.0,0.0,0.0,1.0,0.0,0.0,0.0,0.0,9.0,7.0,1.0,0.0,0.0,0.0,0.0,0.0,0.0,0.0,1.0,12.0,1.0,12.01,5.0200000000000005,2.51,1.49,0.0,0.0,0.0,0.4,0.0,0.4,0.6000000000000001,0.0,-93.4,0.0,0.0,93.5,0.0,21.700000000000003,9.7,9.7,9.8,300.0,300.0,26.200000000000003,29.9,24.5,23.8,25.6,,,,,,,,,,,,,,,,,,,,,,,,
2026-08-06T15:22:15.879Z,6.044,4.5120000000000005,0.0,0.0,0.0,32.0,0.0,0.0,0.0,0.0,0.0,1.0,0.0,0.0,0.0,0.0,9.0,7.0,1.0,0.0,0.0,0.0,0.0,0.0,0.0,0.0,2.0,12.0,1.0,12.01,5.0200000000000005,2.51,1.49,0.0,0.0,0.0,0.4,0.0,0.4,0.0,0.0,-93.4,0.0,0.0,93.5,0.0,21.700000000000003,9.7,9.7,9.8,300.0,300.0,26.200000000000003,29.9,24.5,23.8,25.6,,,,,,,,,,,,,,,,,,,,,,,,
2026-08-06T15:22:15.891Z,6.056,4.524,0.0,0.0,0.0,32.0,0.0,0.0,0.0,0.0,0.0,1.0,0.0,0.0,0.0,0.0,9.0,7.0,1.0,0.0,0.0,0.0,0.0,0.0,0.0,0.0,3.0,12.0,1.0,12.01,5.0200000000000005,2.51,1.49,0.0,0.0,0.0,0.4,0.0,0.4,0.0,-0.6000000000000001,-93.4,0.0,0.0,93.4,0.0,21.700000000000003,9.7,9.7,9.8,300.0,300.0,26.200000000000003,29.9,24.5,23.8,25.6,,,,,,,,,,,,,,,,,,,,,,,,
2026-08-06T15:22:15.903Z,6.068,4.5360000000000005,0.0,0.0,0.0,32.0,0.0,0.0,0.0,0.0,0.0,1.0,0.0,0.0,0.0,0.0,9.0,7.0,1.0,0.0,0.0,0.0,0.0,0.0,0.0,0.0,4.0,12.0,1.0,12.01,5.0200000000000005,2.51,1.49,0.0,0.0,0.0,0.4,0.0,0.4,0.5,0.0,-93.4,0.0,0.0,93.3,0.0,21.700000000000003,9.7,9.7,9.8,300.0,300.0,26.200000000000003,29.9,24.5,23.8,25.6,,,,,,,,,,,,,,,,,,,,,,,,
2026-08-06T15:22:15.915Z,6.08,4.548,0.0,0.0,0.0,32.0,0.0,0.0,0.0,0.0,0.0,1.0,0.0,0.0,0.0,0.0,9.0,7.0,1.0,0.0,0.0,0.0,0.0,0.0,0.0,0.0,5.0,12.0,1.0,12.01,5.0200000000000005,2.51,1.49,0.0,0.0,0.0,0.4,0.0,0.4,1.1,-1.2000000000000002,-93.4,0.0,0.0,93.5,0.0,21.700000000000003,9.7,9.7,9.8,300.0,300.0,26.200000000000003,29.9,24.5,23.8,25.6,,,,,,,,,,,,,,,,,,,,,,,,
2026-08-06T15:22:15.927Z,6.092,4.5600000000000005,0.0,0.0,0.0,32.0,0.0,0.0,0.0,0.0,0.0,1.0,0.0,0.0,0.0,0.0,9.0,7.0,1.0,0.0,0.0,0.0,0.0,0.0,0.0,0.0,1.0,12.0,1.0,12.01,5.0200000000000005,2.51,1.49,0.0,0.0,0.0,0.4,0.0,-0.2,-0.5,-0.6000000000000001,-93.4,0.0,0.0,93.3,0.0,21.700000000000003,9.7,9.7,9.8,300.0,300.0,26.200000000000003,29.9,24.5,23.8,25.6,,,,,,,,,,,,,,,,,,,,,,,,
2026-08-06T15:22:15.939Z,6.104,4.572,0.0,0.0,0.0,32.0,0.0,0.0,0.0,0.0,0.0,1.0,0.0,0.0,0.0,0.0,9.0,7.0,1.0,0.0,0.0,0.0,0.0,0.0,0.0,0.0,2.0,12.0,1.0,12.01,5.0200000000000005,2.51,1.49,0.0,0.0,0.0,0.4,0.0,-0.2,0.0,-0.1,-93.4,0.0,0.0,93.5,0.0,21.700000000000003,9.7,9.7,9.8,300.0,300.0,26.200000000000003,29.9,24.5,23.8,25.6,,,,,,,,,,,,,,,,,,,,,,,,
2026-08-06T15:22:15.952Z,6.117,4.5840000000000005,0.0,0.0,0.0,32.0,0.0,0.0,0.0,0.0,0.0,1.0,0.0,0.0,0.0,0.0,9.0,7.0,1.0,0.0,0.0,0.0,0.0,0.0,0.0,0.0,3.0,12.0,1.0,12.01,5.0200000000000005,2.51,1.49,0.0,0.0,0.0,0.4,0.0,-0.2,0.5,-0.7000000000000001,-93.4,0.0,0.0,93.5,0.0,21.700000000000003,9.7,9.7,9.8,300.0,300.0,26.200000000000003,29.9,24.5,23.8,25.6,,,,,,,,,,,,,,,,,,,,,,,,
2026-08-06T15:22:15.963Z,6.128,4.596,0.0,0.0,0.0,32.0,0.0,0.0,0.0,0.0,0.0,1.0,0.0,0.0,0.0,0.0,9.0,7.0,1.0,0.0,0.0,0.0,0.0,0.0,0.0,0.0,5.0,12.0,1.0,12.04,5.01,2.5,1.49,0.0,0.1,0.0,0.4,0.0,0.9,0.5,1.6,-93.4,0.0,0.0,93.5,0.0,21.9,9.8,9.8,10.0,300.0,300.0,26.200000000000003,29.9,24.5,23.8,25.6,,,,,,,,,,,,,,,,,,,,,,,,
2026-08-06T15:22:15.975Z,6.14,4.6080000000000005,0.0,0.0,0.0,32.0,0.0,0.0,0.0,0.0,0.0,1.0,0.0,0.0,0.0,0.0,9.0,7.0,1.0,0.0,0.0,0.0,0.0,0.0,0.0,0.0,6.0,12.0,1.0,12.04,5.01,2.5,1.49,0.0,0.0,0.0,0.4,0.0,0.3,-0.6000000000000001,-0.1,-93.4,0.0,0.0,93.4,0.0,21.9,9.8,9.8,10.0,300.0,300.0,26.200000000000003,29.9,24.5,23.8,25.6,,,,,,,,,,,,,,,,,,,,,,,,
2026-08-06T15:22:15.987Z,6.152,4.62,0.0,0.0,0.0,32.0,0.0,0.0,0.0,0.0,0.0,1.0,0.0,0.0,0.0,0.0,9.0,7.0,1.0,0.0,0.0,0.0,0.0,0.0,0.0,0.0,2.0,12.0,1.0,12.04,5.01,2.5,1.49,0.0,0.0,0.0,0.3,0.0,-0.2,0.0,-0.7000000000000001,-93.4,0.0,0.0,93.5,0.0,21.9,9.8,9.8,10.0,300.0,300.0,26.200000000000003,29.9,24.5,23.8,25.6,,,,,,,,,,,,,,,,,,,,,,,,
2026-08-06T15:22:15.999Z,6.164,4.632,0.0,0.0,0.0,32.0,0.0,0.0,0.0,0.0,0.0,1.0,0.0,0.0,0.0,0.0,9.0,7.0,1.0,0.0,0.0,0.0,0.0,0.0,0.0,0.0,2.0,12.0,1.0,12.04,5.01,2.5,1.49,0.0,0.0,0.0,0.4,0.0,-0.2,0.5,-1.2000000000000002,-93.4,0.0,0.0,93.5,0.0,21.9,9.8,9.8,10.0,300.0,300.0,26.200000000000003,29.9,24.5,23.8,25.6,,,,,,,,,,,,,,,,,,,,,,,,
2026-08-06T15:22:16.011Z,6.176,4.644,0.0,0.0,0.0,32.0,0.0,0.0,0.0,0.0,0.0,1.0,0.0,0.0,0.0,0.0,9.0,7.0,1.0,0.0,0.0,0.0,0.0,0.0,0.0,0.0,4.0,12.0,1.0,12.04,5.01,2.5,1.49,0.0,0.0,0.0,0.4,0.0,-0.2,1.1,0.4,-93.4,0.0,0.0,93.4,0.0,21.9,9.8,9.8,10.0,300.0,300.0,26.200000000000003,29.9,24.5,23.8,25.6,,,,,,,,,,,,,,,,,,,,,,,,
2026-08-06T15:22:16.023Z,6.188,4.656,0.0,0.0,0.0,32.0,0.0,0.0,0.0,0.0,0.0,1.0,0.0,0.0,0.0,0.0,9.0,7.0,1.0,0.0,0.0,0.0,0.0,0.0,0.0,0.0,5.0,12.0,1.0,12.04,5.01,2.5,1.49,0.0,0.0,0.0,0.4,0.0,-0.2,0.0,0.4,-93.4,0.0,0.0,93.5,0.0,21.9,9.8,9.8,10.0,300.0,300.0,26.200000000000003,29.9,24.5,23.8,25.6,,,,,,,,,,,,,,,,,,,,,,,,
2026-08-06T15:22:16.035Z,6.2,4.668,0.0,0.0,0.0,32.0,0.0,0.0,0.0,0.0,0.0,1.0,0.0,0.0,0.0,0.0,9.0,7.0,1.0,0.0,0.0,0.0,0.0,0.0,0.0,0.0,6.0,12.0,1.0,12.04,5.01,2.5,1.49,0.0,0.0,0.0,0.4,0.0,0.2,0.0,0.3,-93.4,0.0,0.0,93.4,0.0,21.9,9.8,9.8,10.0,300.0,300.0,26.200000000000003,29.9,24.5,23.8,25.6,,,,,,,,,,,,,,,,,,,,,,,,
2026-08-06T15:22:16.047Z,6.212,4.68,0.0,0.0,0.0,32.0,0.0,0.0,0.0,0.0,0.0,0.0,0.0,0.0,0.0,0.0,9.0,7.0,1.0,0.0,0.0,0.0,0.0,0.0,0.0,0.0,1.0,12.0,1.0,12.04,5.01,2.5,1.49,0.0,0.0,0.0,0.4,0.0,0.2,1.7000000000000002,-0.8,-93.4,0.0,0.0,93.5,0.0,21.9,9.8,9.8,10.0,300.0,300.0,26.200000000000003,29.9,24.5,23.8,25.6,,,,,,,,,,,,,,,,,,,,,,,,
2026-08-06T15:22:16.061Z,6.226,4.692,0.0,0.0,0.0,32.0,0.0,0.0,0.0,0.0,0.0,0.0,0.0,0.0,0.0,0.0,9.0,7.0,1.0,0.0,0.0,0.0,0.0,0.0,0.0,0.0,2.0,12.0,1.0,12.06,5.01,2.5,1.5,0.0,0.0,0.0,0.4,0.0,0.2,0.0,-0.8,-93.4,0.0,0.0,93.5,0.0,21.8,10.0,10.0,10.2,300.0,300.0,26.4,30.0,24.5,23.8,25.6,,,,,,,,,,,,,,,,,,,,,,,,
2026-08-06T15:22:16.071Z,6.236,4.704,0.0,0.0,0.0,32.0,0.0,0.0,0.0,0.0,0.0,0.0,0.0,0.0,0.0,0.0,9.0,7.0,1.0,0.0,0.0,0.0,0.0,0.0,0.0,0.0,4.0,12.0,1.0,12.06,5.01,2.5,1.5,0.0,0.1,0.0,0.4,0.0,0.1,0.0,-0.2,-93.4,0.0,0.0,93.4,0.0,21.8,10.0,10.0,10.2,300.0,300.0,26.4,30.0,24.5,23.8,25.6,,,,,,,,,,,,,,,,,,,,,,,,
2026-08-06T15:22:16.083Z,6.248,4.716,0.0,0.0,0.0,32.0,0.0,0.0,0.0,0.0,0.0,0.0,0.0,0.0,0.0,0.0,9.0,7.0,1.0,0.0,0.0,0.0,0.0,0.0,0.0,0.0,5.0,12.0,1.0,12.06,5.01,2.5,1.5,0.0,0.0,0.0,0.4,0.0,-1.0,1.1,1.5,-93.4,0.0,0.0,93.5,0.0,21.8,10.0,10.0,10.2,300.0,300.0,26.4,30.0,24.5,23.8,25.6,,,,,,,,,,,,,,,,,,,,,,,,
2026-08-06T15:22:16.096Z,6.261,4.728,0.0,0.0,0.0,32.0,0.0,0.0,0.0,0.0,0.0,0.0,0.0,0.0,0.0,0.0,9.0,7.0,1.0,0.0,0.0,0.0,0.0,0.0,0.0,0.0,1.0,12.0,1.0,12.06,5.01,2.5,1.5,0.0,0.1,0.0,0.4,0.0,-0.3,0.5,0.4,-93.4,0.0,0.0,93.5,0.0,21.8,10.0,10.0,10.2,300.0,300.0,26.4,30.0,24.5,23.8,25.6,,,,,,,,,,,,,,,,,,,,,,,,
2026-08-06T15:22:16.107Z,6.272,4.74,0.0,0.0,0.0,32.0,0.0,0.0,0.0,0.0,0.0,0.0,0.0,0.0,0.0,0.0,9.0,7.0,1.0,0.0,0.0,0.0,0.0,0.0,0.0,0.0,2.0,12.0,1.0,12.06,5.01,2.5,1.5,0.0,0.0,0.0,0.4,0.0,-0.9,1.0,-0.7000000000000001,-93.4,0.0,0.0,93.3,0.0,21.8,10.0,10.0,10.2,300.0,300.0,26.4,30.0,24.5,23.8,25.6,,,,,,,,,,,,,,,,,,,,,,,,
2026-08-06T15:22:16.119Z,6.284,4.752,0.0,0.0,0.0,32.0,0.0,0.0,0.0,0.0,0.0,0.0,0.0,0.0,0.0,0.0,9.0,7.0,1.0,0.0,0.0,0.0,0.0,0.0,0.0,0.0,4.0,12.0,1.0,12.06,5.01,2.5,1.5,0.0,0.0,0.0,0.4,0.0,-1.0,-1.2000000000000002,-0.7000000000000001,-93.4,0.0,0.0,93.3,0.0,21.8,10.0,10.0,10.2,300.0,300.0,26.4,30.0,24.5,23.8,25.6,,,,,,,,,,,,,,,,,,,,,,,,
2026-08-06T15:22:16.131Z,6.296,4.764,0.0,0.0,0.0,32.0,0.0,0.0,0.0,0.0,0.0,0.0,0.0,0.0,0.0,0.0,9.0,7.0,1.0,0.0,0.0,0.0,0.0,0.0,0.0,0.0,5.0,12.0,1.0,12.06,5.01,2.5,1.5,0.0,0.0,0.0,0.4,0.0,0.1,-0.6000000000000001,-0.1,-93.4,0.0,0.0,93.4,0.0,21.8,10.0,10.0,10.2,300.0,300.0,26.4,30.0,24.5,23.8,25.6,,,,,,,,,,,,,,,,,,,,,,,,
2026-08-06T15:22:16.143Z,6.308,4.776,0.0,0.0,0.0,32.0,0.0,0.0,0.0,0.0,0.0,0.0,0.0,0.0,0.0,0.0,9.0,7.0,1.0,0.0,0.0,0.0,0.0,0.0,0.0,0.0,1.0,12.0,1.0,12.06,5.01,2.5,1.5,0.0,0.0,0.0,0.4,0.0,-1.0,0.4,-0.7000000000000001,-93.4,0.0,0.0,93.5,0.0,21.8,10.0,10.0,10.2,300.0,300.0,26.4,30.0,24.5,23.8,25.6,,,,,,,,,,,,,,,,,,,,,,,,
2026-08-06T15:22:16.156Z,6.321,4.788,0.0,0.0,0.0,32.0,0.0,0.0,0.0,0.0,0.0,0.0,0.0,0.0,0.0,0.0,9.0,7.0,1.0,0.0,0.0,0.0,0.0,0.0,0.0,0.0,2.0,12.0,1.0,12.06,5.01,2.5,1.5,0.0,0.0,0.0,0.4,0.0,-0.4,1.0,0.3,-93.4,0.0,0.0,93.5,0.0,21.8,10.0,10.0,10.2,300.0,300.0,26.4,30.0,24.5,23.8,25.6,,,,,,,,,,,,,,,,,,,,,,,,
2026-08-06T15:22:16.167Z,6.332,4.8,0.0,0.0,0.0,32.0,0.0,0.0,0.0,0.0,0.0,0.0,0.0,0.0,0.0,0.0,9.0,7.0,1.0,0.0,0.0,0.0,0.0,0.0,0.0,0.0,3.0,12.0,1.0,12.04,5.01,2.51,1.49,0.0,0.0,0.0,0.4,0.0,-0.3,-1.2000000000000002,-0.7000000000000001,-93.4,0.0,0.0,93.5,0.0,22.1,10.2,10.2,10.4,300.0,300.0,26.3,29.9,24.5,23.8,25.6,,,,,,,,,,,,,,,,,,,,,,,,
2026-08-06T15:22:16.179Z,6.344,4.812,0.0,0.0,0.0,32.0,0.0,0.0,0.0,0.0,0.0,0.0,0.0,0.0,0.0,0.0,9.0,7.0,1.0,0.0,0.0,0.0,0.0,0.0,0.0,0.0,4.0,12.0,1.0,12.04,5.01,2.51,1.49,0.0,0.0,0.0,0.4,0.0,-0.3,-1.2000000000000002,-0.7000000000000001,-93.4,0.0,0.0,93.5,0.0,22.1,10.2,10.2,10.4,300.0,300.0,26.3,29.9,24.5,23.8,25.6,,,,,,,,,,,,,,,,,,,,,,,,
2026-08-06T15:22:16.191Z,6.356,4.824,0.0,0.0,0.0,32.0,0.0,0.0,0.0,0.0,0.0,0.0,0.0,0.0,0.0,0.0,9.0,7.0,1.0,0.0,0.0,0.0,0.0,0.0,0.0,0.0,5.0,12.0,1.0,12.04,5.01,2.51,1.49,0.0,0.0,0.0,0.4,0.0,-0.3,0.5,-0.7000000000000001,-93.4,0.0,0.0,93.5,0.0,22.1,10.2,10.2,10.4,300.0,300.0,26.3,29.9,24.5,23.8,25.6,,,,,,,,,,,,,,,,,,,,,,,,
2026-08-06T15:22:16.203Z,6.368,4.836,0.0,0.0,0.0,32.0,0.0,0.0,0.0,0.0,0.0,0.0,0.0,0.0,0.0,0.0,9.0,7.0,1.0,0.0,0.0,0.0,0.0,0.0,0.0,0.0,6.0,12.0,1.0,12.04,5.01,2.51,1.49,0.0,0.0,0.0,0.4,0.0,-0.3,0.0,-0.7000000000000001,-93.4,0.0,0.0,93.5,0.0,22.1,10.2,10.2,10.4,300.0,300.0,26.3,29.9,24.5,23.8,25.6,,,,,,,,,,,,,,,,,,,,,,,,
2026-08-06T15:22:16.215Z,6.38,4.848,0.0,0.0,0.0,32.0,0.0,0.0,0.0,0.0,0.0,0.0,0.0,0.0,0.0,0.0,9.0,7.0,1.0,0.0,0.0,0.0,0.0,0.0,0.0,0.0,2.0,12.0,1.0,12.04,5.01,2.51,1.49,0.0,0.0,0.0,0.4,0.0,1.3,1.0,1.5,-93.4,0.0,0.0,93.4,0.0,22.1,10.2,10.2,10.4,300.0,300.0,26.3,29.9,24.5,23.8,25.6,,,,,,,,,,,,,,,,,,,,,,,,
2026-08-06T15:22:16.228Z,6.393,4.86,0.0,0.0,0.0,32.0,0.0,0.0,0.0,0.0,0.0,0.0,0.0,0.0,0.0,0.0,9.0,7.0,1.0,0.0,0.0,0.0,0.0,0.0,0.0,0.0,3.0,12.0,1.0,12.04,5.01,2.51,1.49,0.0,0.0,0.0,0.4,0.0,0.2,-1.2000000000000002,-0.7000000000000001,-93.4,0.0,0.0,93.3,0.0,22.1,10.2,10.2,10.4,300.0,300.0,26.3,29.9,24.5,23.8,25.6,,,,,,,,,,,,,,,,,,,,,,,,
2026-08-06T15:22:16.239Z,6.404,4.872,0.0,0.0,0.0,32.0,0.0,0.0,0.0,0.0,0.0,0.0,0.0,0.0,0.0,0.0,9.0,7.0,1.0,0.0,0.0,0.0,0.0,0.0,0.0,0.0,5.0,12.0,1.0,12.04,5.01,2.51,1.49,0.0,0.0,0.0,0.4,0.0,-0.2,-0.6000000000000001,-0.7000000000000001,-93.4,0.0,0.0,93.5,0.0,22.1,10.2,10.2,10.4,300.0,300.0,26.3,29.9,24.5,23.8,25.6,,,,,,,,,,,,,,,,,,,,,,,,
2026-08-06T15:22:16.251Z,6.416,4.884,0.0,0.0,0.0,32.0,0.0,0.0,0.0,0.0,0.0,0.0,0.0,0.0,0.0,0.0,9.0,7.0,1.0,0.0,0.0,0.0,0.0,0.0,0.0,0.0,6.0,12.0,1.0,12.04,5.01,2.51,1.49,0.0,0.0,0.0,0.4,0.0,0.2,0.5,0.4,-93.4,0.0,0.0,93.5,0.0,22.1,10.2,10.2,10.4,300.0,300.0,26.3,29.9,24.5,23.8,25.6,,,,,,,,,,,,,,,,,,,,,,,,
2026-08-06T15:22:16.265Z,6.43,4.896,0.0,0.0,0.0,32.0,0.0,0.0,0.0,0.0,0.0,0.0,0.0,0.0,0.0,0.0,9.0,7.0,1.0,0.0,0.0,0.0,0.0,0.0,0.0,0.0,1.0,12.0,1.0,12.05,5.0200000000000005,2.51,1.49,0.0,0.0,0.0,0.5,0.0,-0.8,0.0,-0.6000000000000001,-93.4,0.0,0.0,93.5,0.0,21.700000000000003,10.4,10.4,10.5,300.0,300.0,26.3,30.0,24.5,23.8,25.6,,,,,,,,,,,,,,,,,,,,,,,,
2026-08-06T15:22:16.275Z,6.44,4.908,0.0,0.0,0.0,32.0,0.0,0.0,0.0,0.0,0.0,0.0,0.0,0.0,0.0,0.0,9.0,7.0,1.0,0.0,0.0,0.0,0.0,0.0,0.0,0.0,2.0,12.0,1.0,12.05,5.0200000000000005,2.51,1.49,0.0,0.0,0.0,0.4,0.0,0.3,0.0,0.5,-93.4,0.0,0.0,93.5,0.0,21.700000000000003,10.4,10.4,10.5,300.0,300.0,26.3,30.0,24.5,23.8,25.6,,,,,,,,,,,,,,,,,,,,,,,,
2026-08-06T15:22:16.288Z,6.453,4.92,0.0,0.0,0.0,32.0,0.0,0.0,0.0,0.0,0.0,0.0,0.0,0.0,0.0,0.0,9.0,7.0,1.0,0.0,0.0,0.0,0.0,0.0,0.0,0.0,3.0,12.0,1.0,12.05,5.0200000000000005,2.51,1.49,0.0,0.0,0.0,0.4,0.0,0.9,1.1,-1.2000000000000002,-93.4,0.0,0.0,93.4,0.0,21.700000000000003,10.4,10.4,10.5,300.0,300.0,26.3,30.0,24.5,23.8,25.6,,,,,,,,,,,,,,,,,,,,,,,,
2026-08-06T15:22:16.300Z,6.465,4.932,0.0,0.0,0.0,32.0,0.0,0.0,0.0,0.0,0.0,0.0,0.0,0.0,0.0,0.0,9.0,7.0,1.0,0.0,0.0,0.0,0.0,0.0,0.0,0.0,4.0,12.0,1.0,12.05,5.0200000000000005,2.51,1.49,0.0,0.1,0.0,0.4,0.0,0.3,0.0,0.5,-93.4,0.0,0.0,93.3,0.0,21.700000000000003,10.4,10.4,10.5,300.0,300.0,26.3,30.0,24.5,23.8,25.6,,,,,,,,,,,,,,,,,,,,,,,,
2026-08-06T15:22:16.313Z,6.478,4.944,0.0,0.0,0.0,32.0,0.0,0.0,0.0,0.0,0.0,0.0,0.0,0.0,0.0,0.0,9.0,7.0,1.0,0.0,0.0,0.0,0.0,0.0,0.0,0.0,6.0,12.0,1.0,12.05,5.0200000000000005,2.51,1.49,0.0,0.0,0.0,0.4,0.0,0.3,0.5,0.0,-93.4,0.0,0.0,93.5,0.0,21.700000000000003,10.4,10.4,10.5,300.0,300.0,26.3,30.0,24.5,23.8,25.6,,,,,,,,,,,,,,,,,,,,,,,,
2026-08-06T15:22:16.323Z,6.488,4.956,0.0,0.0,0.0,32.0,0.0,0.0,0.0,0.0,0.0,0.0,0.0,0.0,0.0,0.0,9.0,7.0,1.0,0.0,0.0,0.0,0.0,0.0,0.0,0.0,1.0,12.0,1.0,12.05,5.0200000000000005,2.51,1.49,0.0,0.0,0.0,0.4,0.0,-0.8,-0.6000000000000001,0.5,-93.4,0.0,0.0,93.4,0.0,21.700000000000003,10.4,10.4,10.5,300.0,300.0,26.3,30.0,24.5,23.8,25.6,,,,,,,,,,,,,,,,,,,,,,,,
2026-08-06T15:22:16.335Z,6.5,4.968,0.0,0.0,0.0,32.0,0.0,0.0,0.0,0.0,0.0,0.0,0.0,0.0,0.0,0.0,9.0,7.0,1.0,0.0,0.0,0.0,0.0,0.0,0.0,0.0,2.0,12.0,1.0,12.05,5.0200000000000005,2.51,1.49,0.0,0.0,0.0,0.4,0.0,0.8,1.1,1.6,-93.4,0.0,0.0,93.5,0.0,21.700000000000003,10.4,10.4,10.5,300.0,300.0,26.3,30.0,24.5,23.8,25.6,,,,,,,,,,,,,,,,,,,,,,,,
2026-08-06T15:22:16.347Z,6.512,4.98,0.0,0.0,0.0,32.0,0.0,0.0,0.0,0.0,0.0,0.0,0.0,0.0,0.0,0.0,9.0,7.0,1.0,0.0,0.0,0.0,0.0,0.0,0.0,0.0,4.0,12.0,1.0,12.05,5.0200000000000005,2.51,1.49,0.0,0.0,0.0,0.4,0.0,-0.2,0.0,-0.7000000000000001,-93.4,0.0,0.0,93.5,0.0,21.700000000000003,10.4,10.4,10.5,300.0,300.0,26.3,30.0,24.5,23.8,25.6,,,,,,,,,,,,,,,,,,,,,,,,
2026-08-06T15:22:16.359Z,6.524,4.992,0.0,0.0,0.0,32.0,0.0,0.0,0.0,0.0,0.0,0.0,0.0,0.0,0.0,0.0,9.0,7.0,1.0,0.0,0.0,0.0,0.0,0.0,0.0,0.0,4.0,12.0,1.0,12.05,5.0200000000000005,2.51,1.49,0.0,0.0,0.0,0.4,0.0,-0.8,0.0,-0.1,-93.4,0.0,0.0,93.4,0.0,21.700000000000003,10.4,10.4,10.5,300.0,300.0,26.3,30.0,24.5,23.8,25.6,,,,,,,,,,,,,,,,,,,,,,,,
2026-08-06T15:22:16.371Z,6.536,5.004,0.0,0.0,0.0,32.0,0.0,0.0,0.0,0.0,0.0,0.0,0.0,0.0,0.0,0.0,9.0,7.0,1.0,0.0,0.0,0.0,0.0,0.0,0.0,0.0,5.0,12.0,1.0,11.99,5.01,2.5,1.49,0.0,0.0,0.0,0.4,0.0,0.2,0.0,0.4,-93.4,0.0,0.0,93.5,0.0,21.8,10.6,10.6,10.7,300.0,300.0,26.3,30.0,24.5,23.8,25.6,,,,,,,,,,,,,,,,,,,,,,,,
2026-08-06T15:22:16.384Z,6.549,5.016,0.0,0.0,0.0,32.0,0.0,0.0,0.0,0.0,0.0,0.0,0.0,0.0,0.0,0.0,9.0,7.0,1.0,0.0,0.0,0.0,0.0,0.0,0.0,0.0,6.0,12.0,1.0,11.99,5.01,2.5,1.49,0.0,0.0,0.0,0.4,0.0,-0.2,-0.1,-1.3,-93.4,0.0,0.0,93.5,0.0,21.8,10.6,10.6,10.7,300.0,300.0,26.3,30.0,24.5,23.8,25.6,,,,,,,,,,,,,,,,,,,,,,,,
2026-08-06T15:22:16.396Z,6.561,5.0280000000000005,0.0,0.0,0.0,32.0,0.0,0.0,0.0,0.0,0.0,0.0,0.0,0.0,0.0,0.0,9.0,7.0,1.0,0.0,0.0,0.0,0.0,0.0,0.0,0.0,2.0,12.0,1.0,11.99,5.01,2.5,1.49,0.0,0.0,0.0,0.4,0.0,0.2,0.4,1.5,-93.4,0.0,0.0,93.4,0.0,21.8,10.6,10.6,10.7,300.0,300.0,26.3,30.0,24.5,23.8,25.6,,,,,,,,,,,,,,,,,,,,,,,,
2026-08-06T15:22:16.407Z,6.572,5.04,0.0,0.0,0.0,32.0,0.0,0.0,0.0,0.0,0.0,0.0,0.0,0.0,0.0,0.0,9.0,7.0,1.0,0.0,0.0,0.0,0.0,0.0,0.0,0.0,2.0,12.0,1.0,11.99,5.01,2.5,1.49,0.0,0.0,0.0,0.4,0.0,-0.8,-0.1,-1.9,-93.4,0.0,0.0,93.5,0.0,21.8,10.6,10.6,10.7,300.0,300.0,26.3,30.0,24.5,23.8,25.6,,,,,,,,,,,,,,,,,,,,,,,,
2026-08-06T15:22:16.420Z,6.585,5.0520000000000005,0.0,0.0,0.0,32.0,0.0,0.0,0.0,0.0,0.0,0.0,0.0,0.0,0.0,0.0,9.0,7.0,1.0,0.0,0.0,0.0,0.0,0.0,0.0,0.0,3.0,12.0,1.0,11.99,5.01,2.5,1.49,0.0,0.0,0.0,0.5,0.0,0.8,-1.2000000000000002,-0.7000000000000001,-93.4,0.0,0.0,93.3,0.0,21.8,10.6,10.6,10.7,300.0,300.0,26.3,30.0,24.5,23.8,25.6,,,,,,,,,,,,,,,,,,,,,,,,
2026-08-06T15:22:16.431Z,6.596,5.064,0.0,0.0,0.0,32.0,0.0,0.0,0.0,0.0,0.0,0.0,0.0,0.0,0.0,0.0,9.0,7.0,1.0,0.0,0.0,0.0,0.0,0.0,0.0,0.0,5.0,12.0,1.0,11.99,5.01,2.5,1.49,0.0,0.0,0.0,0.4,0.0,0.8,1.0,-0.1,-93.4,0.0,0.0,93.5,0.0,21.8,10.6,10.6,10.7,300.0,300.0,26.3,30.0,24.5,23.8,25.6,,,,,,,,,,,,,,,,,,,,,,,,
2026-08-06T15:22:16.443Z,6.608,5.0760000000000005,0.0,0.0,0.0,32.0,0.0,0.0,0.0,0.0,0.0,0.0,0.0,0.0,0.0,0.0,9.0,7.0,1.0,0.0,0.0,0.0,0.0,0.0,0.0,0.0,6.0,12.0,1.0,11.99,5.01,2.5,1.49,0.0,0.0,0.0,0.4,0.0,-0.9,-0.1,-0.1,-93.4,0.0,0.0,93.5,0.0,21.8,10.6,10.6,10.7,300.0,300.0,26.3,30.0,24.5,23.8,25.6,,,,,,,,,,,,,,,,,,,,,,,,
2026-08-06T15:22:16.456Z,6.621,5.088,0.0,0.0,0.0,32.0,0.0,0.0,0.0,0.0,0.0,0.0,0.0,0.0,0.0,0.0,9.0,7.0,1.0,0.0,0.0,0.0,0.0,0.0,0.0,0.0,2.0,12.0,1.0,11.99,5.01,2.5,1.49,0.0,0.0,0.0,0.4,0.0,0.2,0.4,0.9,-93.4,0.0,0.0,93.4,0.0,21.8,10.6,10.6,10.7,300.0,300.0,26.3,30.0,24.5,23.8,25.6,,,,,,,,,,,,,,,,,,,,,,,,
2026-08-06T15:22:16.468Z,6.633,5.1000000000000005,0.0,0.0,0.0,32.0,0.0,0.0,0.0,0.0,0.0,0.0,0.0,0.0,0.0,0.0,9.0,7.0,1.0,0.0,0.0,0.0,0.0,0.0,0.0,0.0,2.0,12.0,1.0,12.02,5.0200000000000005,2.51,1.49,0.0,0.0,0.0,0.4,0.0,0.7000000000000001,-0.1,-0.2,-93.4,0.0,0.0,93.5,0.0,21.3,10.8,10.8,10.9,300.0,300.0,26.4,30.0,24.5,23.8,25.6,,,,,,,,,,,,,,,,,,,,,,,,
2026-08-06T15:22:16.479Z,6.644,5.112,0.0,0.0,0.0,32.0,0.0,0.0,0.0,0.0,0.0,0.0,0.0,0.0,0.0,0.0,9.0,7.0,1.0,0.0,0.0,0.0,0.0,0.0,0.0,0.0,4.0,12.0,1.0,12.02,5.0200000000000005,2.51,1.49,0.0,0.0,0.0,0.4,0.0,0.1,0.4,-2.0,-93.4,0.0,0.0,93.6,0.0,21.3,10.8,10.8,10.9,300.0,300.0,26.4,30.0,24.5,23.8,25.6,,,,,,,,,,,,,,,,,,,,,,,,
2026-08-06T15:22:16.491Z,6.656,5.124,0.0,0.0,0.0,32.0,0.0,0.0,0.0,0.0,0.0,0.0,0.0,0.0,0.0,0.0,9.0,7.0,1.0,0.0,0.0,0.0,0.0,0.0,0.0,0.0,5.0,12.0,1.0,12.02,5.0200000000000005,2.51,1.49,0.0,0.0,0.0,0.4,0.0,-0.3,1.0,0.8,-93.4,0.0,0.0,93.4,0.0,21.3,10.8,10.8,10.9,300.0,300.0,26.4,30.0,24.5,23.8,25.6,,,,,,,,,,,,,,,,,,,,,,,,
2026-08-06T15:22:16.504Z,6.669,5.136,0.0,0.0,0.0,32.0,0.0,0.0,0.0,0.0,0.0,0.0,0.0,0.0,0.0,0.0,9.0,7.0,1.0,0.0,0.0,0.0,0.0,0.0,0.0,0.0,6.0,12.0,1.0,12.02,5.0200000000000005,2.51,1.49,0.0,0.0,0.0,0.4,0.0,0.8,-0.1,-0.2,-93.4,0.0,0.0,93.4,0.0,21.3,10.8,10.8,10.9,300.0,300.0,26.4,30.0,24.5,23.8,25.6,,,,,,,,,,,,,,,,,,,,,,,,
2026-08-06T15:22:16.516Z,6.681,5.148,0.0,0.0,0.0,32.0,0.0,0.0,0.0,0.0,0.0,0.0,0.0,0.0,0.0,0.0,9.0,7.0,1.0,0.0,0.0,0.0,0.0,0.0,0.0,0.0,1.0,12.0,1.0,12.02,5.0200000000000005,2.51,1.49,0.0,0.0,0.0,0.5,0.0,0.2,-0.1,-0.8,-93.4,0.0,0.0,93.4,0.0,21.3,10.8,10.8,10.9,300.0,300.0,26.4,30.0,24.5,23.8,25.6,,,,,,,,,,,,,,,,,,,,,,,,
2026-08-06T15:22:16.528Z,6.693,5.16,0.0,0.0,0.0,32.0,0.0,0.0,0.0,0.0,0.0,0.0,0.0,0.0,0.0,0.0,9.0,7.0,1.0,0.0,0.0,0.0,0.0,0.0,0.0,0.0,2.0,12.0,1.0,12.02,5.0200000000000005,2.51,1.49,0.0,0.0,0.0,0.4,0.0,-0.3,-0.2,0.2,-93.4,0.0,0.0,93.5,0.0,21.3,10.8,10.8,10.9,300.0,300.0,26.4,30.0,24.5,23.8,25.6,,,,,,,,,,,,,,,,,,,,,,,,
2026-08-06T15:22:16.539Z,6.704,5.172,-0.1,0.0,0.0,32.0,0.0,0.0,0.0,0.0,0.0,0.0,0.0,0.0,0.0,0.0,9.0,7.0,1.0,0.0,0.0,0.0,0.0,0.0,0.0,0.0,3.0,12.0,1.0,12.02,5.0200000000000005,2.51,1.49,0.0,0.0,0.0,0.4,0.0,0.2,-0.2,-1.5,-93.4,0.0,0.0,93.5,0.0,21.3,10.8,10.8,10.9,300.0,300.0,26.4,30.0,24.5,23.8,25.6,,,,,,,,,,,,,,,,,,,,,,,,
2026-08-06T15:22:16.551Z,6.716,5.184,-0.1,0.0,0.0,32.0,0.0,0.0,0.0,0.0,0.0,1.0,0.0,0.0,0.0,0.0,9.0,7.0,1.0,0.0,0.0,0.0,0.0,0.0,0.0,0.0,5.0,12.0,1.0,12.02,5.0200000000000005,2.51,1.49,0.0,0.1,0.0,0.4,0.0,-0.3,-0.8,0.8,-93.4,0.0,0.0,93.5,0.0,21.3,10.8,10.8,10.9,300.0,300.0,26.4,30.0,24.5,23.8,25.6,,,,,,,,,,,,,,,,,,,,,,,,
2026-08-06T15:22:16.563Z,6.728,5.196,0.0,0.0,0.0,32.0,0.0,0.0,0.0,0.0,0.0,1.0,0.0,0.0,0.0,0.0,9.0,7.0,1.0,0.0,0.0,0.0,0.0,0.0,0.0,0.0,5.0,12.0,1.0,12.02,5.0200000000000005,2.51,1.49,0.0,0.0,0.0,0.4,0.0,0.8,0.3,0.2,-93.4,0.0,0.0,93.5,0.0,21.3,10.8,10.8,10.9,300.0,300.0,26.4,30.0,24.5,23.8,25.6,,,,,,,,,,,,,,,,,,,,,,,,
2026-08-06T15:22:16.575Z,6.74,5.208,-0.1,0.0,0.0,32.0,0.0,0.0,0.0,0.0,0.0,1.0,0.0,0.0,0.0,0.0,9.0,7.0,1.0,0.0,0.0,0.0,0.0,0.0,0.0,0.0,6.0,12.0,1.0,12.02,5.01,2.51,1.49,0.0,0.1,0.0,0.4,0.0,0.8,0.3,0.3,-93.4,0.0,0.0,93.4,0.0,21.9,10.9,10.9,11.1,300.0,300.0,26.3,30.1,24.5,23.8,25.6,,,,,,,,,,,,,,,,,,,,,,,,
2026-08-06T15:22:16.588Z,6.753,5.22,-0.1,0.0,0.0,32.0,0.0,0.0,0.0,0.0,0.0,1.0,0.0,0.0,0.0,0.0,9.0,7.0,1.0,0.0,0.0,0.0,0.0,0.0,0.0,0.0,1.0,12.0,1.0,12.02,5.01,2.51,1.49,0.0,0.0,0.0,0.4,0.0,0.8,0.3,1.5,-93.4,0.0,0.0,93.4,0.0,21.9,10.9,10.9,11.1,300.0,300.0,26.3,30.1,24.5,23.8,25.6,,,,,,,,,,,,,,,,,,,,,,,,
2026-08-06T15:22:16.600Z,6.765,5.232,-0.1,0.0,0.0,32.0,0.0,0.0,0.0,0.0,0.0,1.0,0.0,0.0,0.0,0.0,9.0,7.0,1.0,0.0,0.0,0.0,0.0,0.0,0.0,0.0,2.0,12.0,1.0,12.02,5.01,2.51,1.49,0.0,0.0,0.0,0.4,0.0,-0.3,-0.8,-0.7000000000000001,-93.4,0.0,0.0,93.5,0.0,21.9,10.9,10.9,11.1,300.0,300.0,26.3,30.1,24.5,23.8,25.6,,,,,,,,,,,,,,,,,,,,,,,,
2026-08-06T15:22:16.611Z,6.776,5.244,0.0,0.0,0.0,32.0,0.0,0.0,0.0,0.0,0.0,1.0,0.0,0.0,0.0,0.0,9.0,7.0,1.0,0.0,0.0,0.0,0.0,0.0,0.0,0.0,4.0,12.0,1.0,12.02,5.01,2.51,1.49,0.0,0.0,0.0,0.5,0.0,-0.3,-0.2,0.9,-93.4,0.0,0.0,93.4,0.0,21.9,10.9,10.9,11.1,300.0,300.0,26.3,30.1,24.5,23.8,25.6,,,,,,,,,,,,,,,,,,,,,,,,
2026-08-06T15:22:16.623Z,6.788,5.256,0.0,0.0,0.0,32.0,0.0,0.0,0.0,0.0,0.0,1.0,0.0,0.0,0.0,0.0,9.0,7.0,1.0,0.0,0.0,0.0,0.0,0.0,0.0,0.0,5.0,12.0,1.0,12.02,5.01,2.51,1.49,0.0,0.0,0.0,0.4,0.0,0.1,0.3,-1.3,-93.4,0.0,0.0,93.4,0.0,21.9,10.9,10.9,11.1,300.0,300.0,26.3,30.1,24.5,23.8,25.6,,,,,,,,,,,,,,,,,,,,,,,,
2026-08-06T15:22:16.635Z,6.8,5.268,-0.1,0.0,0.0,32.0,0.0,0.0,0.0,0.0,0.0,1.0,0.0,0.0,0.0,0.0,9.0,7.0,1.0,0.0,0.0,0.0,0.0,0.0,0.0,0.0,5.0,12.0,1.0,12.02,5.01,2.51,1.49,0.0,0.1,0.0,0.4,0.0,0.1,-0.2,-0.2,-93.4,0.0,0.0,93.5,0.0,21.9,10.9,10.9,11.1,300.0,300.0,26.3,30.1,24.5,23.8,25.6,,,,,,,,,,,,,,,,,,,,,,,,
2026-08-06T15:22:16.648Z,6.813,5.28,-0.1,0.0,0.0,32.0,0.0,0.0,0.0,0.0,0.0,1.0,0.0,0.0,0.0,0.0,9.0,7.0,1.0,0.0,0.0,0.0,0.0,0.0,0.0,0.0,1.0,12.0,1.0,12.02,5.01,2.51,1.49,0.0,0.0,0.0,0.4,0.0,-0.3,1.5,0.9,-93.4,0.0,0.0,93.5,0.0,21.9,10.9,10.9,11.1,300.0,300.0,26.3,30.1,24.5,23.8,25.6,,,,,,,,,,,,,,,,,,,,,,,,
2026-08-06T15:22:16.659Z,6.824,5.292,-0.1,0.0,0.0,32.0,0.0,0.0,0.0,0.0,0.0,1.0,0.0,0.0,0.0,0.0,9.0,7.0,1.0,0.0,0.0,0.0,0.0,0.0,0.0,0.0,2.0,12.0,1.0,12.02,5.01,2.51,1.49,0.0,0.0,0.0,0.4,0.0,-0.3,-0.8,0.9,-93.4,0.0,0.0,93.5,0.0,21.9,10.9,10.9,11.1,300.0,300.0,26.3,30.1,24.5,23.8,25.6,,,,,,,,,,,,,,,,,,,,,,,,
2026-08-06T15:22:16.672Z,6.837,5.304,-0.1,0.0,0.0,32.0,0.0,0.0,0.0,0.0,0.0,1.0,0.0,0.0,0.0,0.0,9.0,7.0,1.0,0.0,0.0,0.0,0.0,0.0,0.0,0.0,3.0,12.0,1.0,12.04,5.01,2.51,1.49,0.0,0.0,0.0,0.4,0.0,0.7000000000000001,0.3,0.3,-93.4,0.0,0.0,93.5,0.0,22.1,11.1,11.1,11.3,300.0,300.0,26.200000000000003,30.1,24.5,23.8,25.6,,,,,,,,,,,,,,,,,,,,,,,,
2026-08-06T15:22:16.683Z,6.848,5.316,-0.1,0.0,0.0,32.0,0.0,0.0,0.0,0.0,0.0,1.0,0.0,0.0,0.0,0.0,9.0,7.0,1.0,0.0,0.0,0.0,0.0,0.0,0.0,0.0,5.0,12.0,1.0,12.04,5.01,2.51,1.49,0.0,0.0,0.0,0.5,0.0,-0.3,-0.8,-0.7000000000000001,-93.4,0.0,0.0,93.5,0.0,22.1,11.1,11.1,11.3,300.0,300.0,26.200000000000003,30.1,24.5,23.8,25.6,,,,,,,,,,,,,,,,,,,,,,,,
2026-08-06T15:22:16.695Z,6.86,5.328,-0.1,0.0,0.0,32.0,0.0,0.0,0.0,0.0,0.0,1.0,0.0,0.0,0.0,0.0,9.0,7.0,1.0,0.0,0.0,0.0,0.0,0.0,0.0,0.0,6.0,12.0,1.0,12.04,5.01,2.51,1.49,0.0,0.0,0.0,0.4,0.0,0.1,0.3,0.3,-93.4,0.0,0.0,93.3,0.0,22.1,11.1,11.1,11.3,300.0,300.0,26.200000000000003,30.1,24.5,23.8,25.6,,,,,,,,,,,,,,,,,,,,,,,,
2026-08-06T15:22:16.708Z,6.873,5.34,-0.1,0.0,0.0,32.0,0.0,0.0,0.0,0.0,0.0,1.0,0.0,0.0,0.0,0.0,9.0,7.0,1.0,0.0,0.0,0.0,0.0,0.0,0.0,0.0,1.0,12.0,1.0,12.04,5.01,2.51,1.49,0.0,0.0,0.0,0.4,0.0,0.7000000000000001,-1.4,0.3,-93.4,0.0,0.0,93.5,0.0,22.1,11.1,11.1,11.3,300.0,300.0,26.200000000000003,30.1,24.5,23.8,25.6,,,,,,,,,,,,,,,,,,,,,,,,
2026-08-06T15:22:16.719Z,6.884,5.352,-0.1,0.0,0.0,32.0,0.0,0.0,0.0,0.0,0.0,1.0,0.0,0.0,0.0,0.0,9.0,7.0,1.0,0.0,0.0,0.0,0.0,0.0,0.0,0.0,2.0,12.0,1.0,12.04,5.01,2.51,1.49,0.0,0.0,0.0,0.4,0.0,0.1,0.3,-0.1,-93.4,0.0,0.0,93.4,0.0,22.1,11.1,11.1,11.3,300.0,300.0,26.200000000000003,30.1,24.5,23.8,25.6,,,,,,,,,,,,,,,,,,,,,,,,
2026-08-06T15:22:16.731Z,6.896,5.364,-0.1,0.0,0.0,32.0,0.0,0.0,0.0,0.0,0.0,1.0,0.0,0.0,0.0,0.0,9.0,7.0,1.0,0.0,0.0,0.0,0.0,0.0,0.0,0.0,3.0,12.0,1.0,12.04,5.01,2.51,1.49,0.0,0.0,0.0,0.4,0.0,0.1,-0.7000000000000001,-0.1,-93.4,0.0,0.0,93.5,0.0,22.1,11.1,11.1,11.3,300.0,300.0,26.200000000000003,30.1,24.5,23.8,25.6,,,,,,,,,,,,,,,,,,,,,,,,
2026-08-06T15:22:16.743Z,6.908,5.376,-0.1,0.0,0.0,32.0,0.0,0.0,0.0,0.0,0.0,1.0,0.0,0.0,0.0,0.0,9.0,7.0,1.0,0.0,0.0,0.0,0.0,0.0,0.0,0.0,3.0,12.0,1.0,12.04,5.01,2.51,1.49,0.0,0.0,0.0,0.4,0.0,0.8,-0.1,-0.2,-93.4,0.0,0.0,93.5,0.0,22.1,11.1,11.1,11.3,300.0,300.0,26.200000000000003,30.1,24.5,23.8,25.6,,,,,,,,,,,,,,,,,,,,,,,,
2026-08-06T15:22:16.755Z,6.92,5.388,-0.1,0.0,0.0,32.0,0.0,0.0,0.0,0.0,0.0,1.0,0.0,0.0,0.0,0.0,9.0,7.0,1.0,0.0,0.0,0.0,0.0,0.0,0.0,0.0,4.0,12.0,1.0,12.04,5.01,2.51,1.49,0.0,0.0,0.0,0.4,0.0,-0.3,-1.3,0.3,-93.4,0.0,0.0,93.5,0.0,22.1,11.1,11.1,11.3,300.0,300.0,26.200000000000003,30.1,24.5,23.8,25.6,,,,,,,,,,,,,,,,,,,,,,,,
2026-08-06T15:22:16.768Z,6.933,5.4,-0.1,0.0,0.0,32.0,0.0,0.0,0.0,0.0,0.0,1.0,0.0,0.0,0.0,0.0,9.0,7.0,1.0,0.0,0.0,0.0,0.0,0.0,0.0,0.0,5.0,12.0,1.0,12.04,5.01,2.51,1.49,0.0,0.0,0.0,0.4,0.0,0.2,-0.1,-0.8,-93.4,0.0,0.0,93.5,0.0,22.1,11.1,11.1,11.3,300.0,300.0,26.200000000000003,30.1,24.5,23.8,25.6,,,,,,,,,,,,,,,,,,,,,,,,
2026-08-06T15:22:16.779Z,6.944,5.412,-0.1,0.0,0.0,32.0,0.0,0.0,0.0,0.0,0.0,1.0,0.0,0.0,0.0,0.0,9.0,7.0,1.0,0.0,0.0,0.0,0.0,0.0,0.0,0.0,5.0,12.0,1.0,11.99,5.01,2.51,1.5,0.0,0.1,0.0,0.4,0.0,-0.3,1.5,0.3,-93.4,0.0,0.0,93.4,0.0,21.4,11.3,11.3,11.4,300.0,300.0,26.3,30.1,24.5,23.8,25.6,,,,,,,,,,,,,,,,,,,,,,,,
2026-08-06T15:22:16.791Z,6.956,5.424,-0.1,0.0,0.0,32.0,0.0,0.0,0.0,0.0,0.0,1.0,0.0,0.0,0.0,0.0,9.0,7.0,1.0,0.0,0.0,0.0,0.0,0.0,0.0,0.0,6.0,12.0,1.0,11.99,5.01,2.51,1.5,0.0,0.0,0.0,0.4,0.0,-0.3,-0.7000000000000001,-1.3,-93.4,0.0,0.0,93.6,0.0,21.4,11.3,11.3,11.4,300.0,300.0,26.3,30.1,24.5,23.8,25.6,,,,,,,,,,,,,,,,,,,,,,,,
2026-08-06T15:22:16.803Z,6.968,5.436,0.0,0.0,0.0,32.0,0.0,0.0,0.0,0.0,0.0,1.0,0.0,0.0,0.0,0.0,9.0,7.0,1.0,0.0,0.0,0.0,0.0,0.0,0.0,0.0,1.0,12.0,1.0,11.99,5.01,2.51,1.5,0.0,0.0,0.0,0.4,0.0,-0.3,-0.7000000000000001,-0.1,-93.4,0.0,0.0,93.5,0.0,21.4,11.3,11.3,11.4,300.0,300.0,26.3,30.1,24.5,23.8,25.6,,,,,,,,,,,,,,,,,,,,,,,,
2026-08-06T15:22:16.816Z,6.981,5.448,0.0,0.0,0.0,32.0,0.0,0.0,0.0,0.0,0.0,1.0,0.0,0.0,0.0,0.0,9.0,7.0,1.0,0.0,0.0,0.0,0.0,0.0,0.0,0.0,2.0,12.0,1.0,11.99,5.01,2.51,1.5,0.0,0.0,0.0,0.4,0.0,0.8,1.0,1.0,-93.4,0.0,0.0,93.5,0.0,21.4,11.3,11.3,11.4,300.0,300.0,26.3,30.1,24.5,23.8,25.6,,,,,,,,,,,,,,,,,,,,,,,,
2026-08-06T15:22:16.827Z,6.992,5.46,0.0,0.0,0.0,32.0,0.0,0.0,0.0,0.0,0.0,1.0,0.0,0.0,0.0,0.0,9.0,7.0,1.0,0.0,0.0,0.0,0.0,0.0,0.0,0.0,3.0,12.0,1.0,11.99,5.01,2.51,1.5,0.0,0.0,0.0,0.4,0.0,-1.5,-0.6000000000000001,-1.2000000000000002,-93.4,0.0,0.0,93.5,0.0,21.4,11.3,11.3,11.4,300.0,300.0,26.3,30.1,24.5,23.8,25.6,,,,,,,,,,,,,,,,,,,,,,,,
2026-08-06T15:22:16.839Z,7.004,5.472,0.0,0.0,0.0,32.0,0.0,0.0,0.0,0.0,0.0,1.0,0.0,0.0,0.0,0.0,9.0,7.0,1.0,0.0,0.0,0.0,0.0,0.0,0.0,0.0,4.0,12.0,1.0,11.99,5.01,2.51,1.5,0.0,0.0,0.0,0.4,0.0,-0.9,-0.6000000000000001,0.0,-93.4,0.0,0.0,93.5,0.0,21.4,11.3,11.3,11.4,300.0,300.0,26.3,30.1,24.5,23.8,25.6,,,,,,,,,,,,,,,,,,,,,,,,
2026-08-06T15:22:16.852Z,7.017,5.484,0.0,0.0,0.0,32.0,0.0,0.0,0.0,0.0,0.0,1.0,0.0,0.0,0.0,0.0,9.0,7.0,1.0,0.0,0.0,0.0,0.0,0.0,0.0,0.0,5.0,12.0,1.0,11.99,5.01,2.51,1.5,0.0,0.0,0.0,0.5,0.0,-0.3,-0.6000000000000001,-0.7000000000000001,-93.4,0.0,0.0,93.5,0.0,21.4,11.3,11.3,11.4,300.0,300.0,26.3,30.1,24.5,23.8,25.6,,,,,,,,,,,,,,,,,,,,,,,,
2026-08-06T15:22:16.865Z,7.03,5.496,0.0,0.0,0.0,32.0,0.0,0.0,0.0,0.0,0.0,1.0,0.0,0.0,0.0,0.0,9.0,7.0,1.0,0.0,0.0,0.0,0.0,0.0,0.0,0.0,6.0,12.0,1.0,11.99,5.01,2.51,1.5,0.0,0.0,0.0,0.4,0.0,0.2,0.0,-0.1,-93.4,0.0,0.0,93.5,0.0,21.4,11.3,11.3,11.4,300.0,300.0,26.3,30.1,24.5,23.8,25.6,,,,,,,,,,,,,,,,,,,,,,,,
2026-08-06T15:22:16.876Z,7.041,5.508,0.0,0.0,0.0,32.0,0.0,0.0,0.0,0.0,0.0,1.0,0.0,0.0,0.0,0.0,9.0,7.0,1.0,0.0,0.0,0.0,0.0,0.0,0.0,0.0,1.0,12.0,1.0,12.02,5.01,2.5,1.49,0.0,0.0,0.0,0.4,0.0,-0.3,0.5,-0.1,-93.4,0.0,0.0,93.4,0.0,21.8,11.5,11.4,11.6,300.0,300.0,26.3,30.0,24.5,23.8,25.6,,,,,,,,,,,,,,,,,,,,,,,,
2026-08-06T15:22:16.887Z,7.052,5.5200000000000005,0.0,0.0,0.0,32.0,0.0,0.0,0.0,0.0,0.0,1.0,0.0,0.0,0.0,0.0,9.0,7.0,1.0,0.0,0.0,0.0,0.0,0.0,0.0,0.0,1.0,12.0,1.0,12.02,5.01,2.5,1.49,0.0,0.0,0.0,0.4,0.0,0.2,0.0,-0.1,-93.4,0.0,0.0,93.3,0.0,21.8,11.5,11.4,11.6,300.0,300.0,26.3,30.0,24.5,23.8,25.6,,,,,,,,,,,,,,,,,,,,,,,,
2026-08-06T15:22:16.899Z,7.064,5.532,0.0,0.0,0.0,32.0,0.0,0.0,0.0,0.0,0.0,1.0,0.0,0.0,0.0,0.0,9.0,7.0,1.0,0.0,0.0,0.0,0.0,0.0,0.0,0.0,2.0,12.0,1.0,12.02,5.01,2.5,1.49,0.0,0.0,0.0,0.4,0.0,0.2,1.1,0.4,-93.4,0.0,0.0,93.5,0.0,21.8,11.5,11.4,11.6,300.0,300.0,26.3,30.0,24.5,23.8,25.6,,,,,,,,,,,,,,,,,,,,,,,,
2026-08-06T15:22:16.911Z,7.076,5.5440000000000005,0.0,0.0,0.0,32.0,0.0,0.0,0.0,0.0,0.0,1.0,0.0,0.0,0.0,0.0,9.0,7.0,1.0,0.0,0.0,0.0,0.0,0.0,0.0,0.0,3.0,12.0,1.0,12.02,5.01,2.5,1.49,0.0,0.0,0.0,0.4,0.0,-0.3,0.0,-0.1,-93.4,0.0,0.0,93.4,0.0,21.8,11.5,11.4,11.6,300.0,300.0,26.3,30.0,24.5,23.8,25.6,,,,,,,,,,,,,,,,,,,,,,,,
2026-08-06T15:22:16.923Z,7.088,5.556,0.0,0.0,0.0,32.0,0.0,0.0,0.0,0.0,0.0,1.0,0.0,0.0,0.0,0.0,9.0,7.0,1.0,0.0,0.0,0.0,0.0,0.0,0.0,0.0,3.0,12.0,1.0,12.02,5.01,2.5,1.49,0.0,0.0,0.0,0.4,0.0,0.2,0.5,-0.1,-93.4,0.0,0.0,93.5,0.0,21.8,11.5,11.4,11.6,300.0,300.0,26.3,30.0,24.5,23.8,25.6,,,,,,,,,,,,,,,,,,,,,,,,
2026-08-06T15:22:16.935Z,7.1,5.5680000000000005,0.0,0.0,0.0,32.0,0.0,0.0,0.0,0.0,0.0,1.0,0.0,0.0,0.0,0.0,9.0,7.0,1.0,0.0,0.0,0.0,0.0,0.0,0.0,0.0,5.0,12.0,1.0,12.02,5.01,2.5,1.49,0.0,0.1,0.0,0.4,0.0,0.2,-0.6000000000000001,0.5,-93.4,0.0,0.0,93.5,0.0,21.8,11.5,11.4,11.6,300.0,300.0,26.3,30.0,24.5,23.8,25.6,,,,,,,,,,,,,,,,,,,,,,,,
2026-08-06T15:22:16.947Z,7.112,5.58,0.0,0.0,0.0,32.0,0.0,0.0,0.0,0.0,0.0,1.0,0.0,0.0,0.0,0.0,9.0,7.0,1.0,0.0,0.0,0.0,0.0,0.0,0.0,0.0,6.0,12.0,1.0,12.02,5.01,2.5,1.49,0.0,0.0,0.0,0.4,0.0,0.2,-1.2000000000000002,-0.6000000000000001,-93.4,0.0,0.0,93.5,0.0,21.8,11.5,11.4,11.6,300.0,300.0,26.3,30.0,24.5,23.8,25.6,,,,,,,,,,,,,,,,,,,,,,,,
2026-08-06T15:22:16.960Z,7.125,5.5920000000000005,0.0,0.0,0.0,32.0,0.0,0.0,0.0,0.0,0.0,1.0,0.0,0.0,0.0,0.0,9.0,7.0,1.0,0.0,0.0,0.0,0.0,0.0,0.0,0.0,6.0,12.0,1.0,12.02,5.01,2.5,1.49,0.0,0.0,0.0,0.4,0.0,-0.3,0.0,0.0,-93.4,0.0,0.0,93.5,0.0,21.8,11.5,11.4,11.6,300.0,300.0,26.3,30.0,24.5,23.8,25.6,,,,,,,,,,,,,,,,,,,,,,,,
2026-08-06T15:22:16.972Z,7.137,5.604,0.0,0.0,0.0,32.0,0.0,0.0,0.0,0.0,0.0,1.0,0.0,0.0,0.0,0.0,9.0,7.0,1.0,0.0,0.0,0.0,0.0,0.0,0.0,0.0,1.0,12.0,1.0,12.02,5.01,2.5,1.49,0.0,0.1,0.0,0.5,0.0,0.2,0.0,0.0,-93.4,0.0,0.0,93.4,0.0,21.8,11.5,11.4,11.6,300.0,300.0,26.3,30.0,24.5,23.8,25.6,,,,,,,,,,,,,,,,,,,,,,,,
2026-08-06T15:22:16.984Z,7.149,5.6160000000000005,0.0,0.0,0.0,32.0,0.0,0.0,0.0,0.0,0.0,1.0,0.0,0.0,0.0,0.0,9.0,7.0,1.0,0.0,0.0,0.0,0.0,0.0,0.0,0.0,2.0,12.0,1.0,12.04,5.01,2.51,1.49,0.0,0.0,0.0,0.4,0.0,-0.3,0.5,0.0,-93.4,0.0,0.0,93.5,0.0,21.700000000000003,11.6,11.6,11.8,300.0,300.0,26.3,30.0,24.5,23.8,25.6,,,,,,,,,,,,,,,,,,,,,,,,
2026-08-06T15:22:16.995Z,7.16,5.628,0.0,0.0,0.0,32.0,0.0,0.0,0.0,0.0,0.0,1.0,0.0,0.0,0.0,0.0,9.0,7.0,1.0,0.0,0.0,0.0,0.0,0.0,0.0,0.0,3.0,12.0,1.0,12.04,5.01,2.51,1.49,0.0,0.0,0.0,0.4,0.0,-0.2,-0.6000000000000001,-0.6000000000000001,-93.4,0.0,0.0,93.5,0.0,21.700000000000003,11.6,11.6,11.8,300.0,300.0,26.3,30.0,24.5,23.8,25.6,,,,,,,,,,,,,,,,,,,,,,,,
2026-08-06T15:22:17.008Z,7.173,5.64,0.0,0.0,0.0,32.0,0.0,0.0,0.0,0.0,0.0,1.0,0.0,0.0,0.0,0.0,9.0,7.0,1.0,0.0,0.0,0.0,0.0,0.0,0.0,0.0,4.0,12.0,1.0,12.04,5.01,2.51,1.49,0.0,0.0,0.0,0.4,0.0,-0.8,0.0,1.6,-93.4,0.0,0.0,93.3,0.0,21.700000000000003,11.6,11.6,11.8,300.0,300.0,26.3,30.0,24.5,23.8,25.6,,,,,,,,,,,,,,,,,,,,,,,,
2026-08-06T15:22:17.020Z,7.185,5.652,0.0,0.0,0.0,32.0,0.0,0.0,0.0,0.0,0.0,1.0,0.0,0.0,0.0,0.0,9.0,7.0,1.0,0.0,0.0,0.0,0.0,0.0,0.0,0.0,5.0,12.0,1.0,12.04,5.01,2.51,1.49,0.0,0.0,0.0,0.4,0.0,0.2,0.4,0.4,-93.4,0.0,0.0,93.3,0.0,21.700000000000003,11.6,11.6,11.8,300.0,300.0,26.3,30.0,24.5,23.8,25.6,,,,,,,,,,,,,,,,,,,,,,,,
2026-08-06T15:22:17.031Z,7.196,5.664,0.0,0.0,0.0,32.0,0.0,0.0,0.0,0.0,0.0,1.0,0.0,0.0,0.0,0.0,9.0,7.0,1.0,0.0,0.0,0.0,0.0,0.0,0.0,0.0,6.0,12.0,1.0,12.04,5.01,2.51,1.49,0.0,0.0,0.0,0.4,0.0,0.8,0.0,-0.7000000000000001,-93.4,0.0,0.0,93.5,0.0,21.700000000000003,11.6,11.6,11.8,300.0,300.0,26.3,30.0,24.5,23.8,25.6,,,,,,,,,,,,,,,,,,,,,,,,
2026-08-06T15:22:17.043Z,7.208,5.676,0.0,0.0,0.0,32.0,0.0,0.0,0.0,0.0,0.0,0.0,0.0,0.0,0.0,0.0,9.0,7.0,1.0,0.0,0.0,0.0,0.0,0.0,0.0,0.0,2.0,12.0,1.0,12.04,5.01,2.51,1.49,0.0,0.0,0.0,0.4,0.0,0.2,-0.6000000000000001,-0.1,-93.4,0.0,0.0,93.5,0.0,21.700000000000003,11.6,11.6,11.8,300.0,300.0,26.3,30.0,24.5,23.8,25.6,,,,,,,,,,,,,,,,,,,,,,,,
2026-08-06T15:22:17.055Z,7.22,5.688,0.0,0.0,0.0,32.0,0.0,0.0,0.0,0.0,0.0,0.0,0.0,0.0,0.0,0.0,9.0,7.0,1.0,0.0,0.0,0.0,0.0,0.0,0.0,0.0,3.0,12.0,1.0,12.04,5.01,2.51,1.49,0.0,0.1,0.0,0.4,0.0,0.1,1.0,1.0,-93.4,0.0,0.0,93.5,0.0,21.700000000000003,11.6,11.6,11.8,300.0,300.0,26.3,30.0,24.5,23.8,25.6,,,,,,,,,,,,,,,,,,,,,,,,
2026-08-06T15:22:17.067Z,7.232,5.7,0.0,0.0,0.0,32.0,0.0,0.0,0.0,0.0,0.0,0.0,0.0,0.0,0.0,0.0,9.0,7.0,1.0,0.0,0.0,0.0,0.0,0.0,0.0,0.0,4.0,12.0,1.0,12.04,5.01,2.51,1.49,0.0,0.0,0.0,0.4,0.0,-0.9,-0.1,-0.7000000000000001,-93.4,0.0,0.0,93.5,0.0,21.700000000000003,11.6,11.6,11.8,300.0,300.0,26.3,30.0,24.5,23.8,25.6,,,,,,,,,,,,,,,,,,,,,,,,
2026-08-06T15:22:17.081Z,7.246,5.712,0.0,0.0,0.0,32.0,0.0,0.0,0.0,0.0,0.0,0.0,0.0,0.0,0.0,0.0,9.0,7.0,1.0,0.0,0.0,0.0,0.0,0.0,0.0,0.0,5.0,12.0,1.0,12.04,5.01,2.5,1.49,0.0,0.0,0.0,0.4,0.0,-0.3,0.0,-0.6000000000000001,-93.4,0.0,0.0,93.5,0.0,21.9,11.8,11.8,11.9,300.0,300.0,26.1,30.0,24.5,23.8,25.6,,,,,,,,,,,,,,,,,,,,,,,,
2026-08-06T15:22:17.091Z,7.256,5.724,0.0,0.0,0.0,32.0,0.0,0.0,0.0,0.0,0.0,0.0,0.0,0.0,0.0,0.0,9.0,7.0,1.0,0.0,0.0,0.0,0.0,0.0,0.0,0.0,6.0,12.0,1.0,12.04,5.01,2.5,1.49,0.0,0.0,0.0,0.4,0.0,0.2,-0.6000000000000001,-0.7000000000000001,-93.4,0.0,0.0,93.5,0.0,21.9,11.8,11.8,11.9,300.0,300.0,26.1,30.0,24.5,23.8,25.6,,,,,,,,,,,,,,,,,,,,,,,,
2026-08-06T15:22:17.103Z,7.268,5.736,0.0,0.0,0.0,32.0,0.0,0.0,0.0,0.0,0.0,0.0,0.0,0.0,0.0,0.0,9.0,7.0,1.0,0.0,0.0,0.0,0.0,0.0,0.0,0.0,2.0,12.0,1.0,12.04,5.01,2.5,1.49,0.0,0.0,0.0,0.4,0.0,-0.3,-0.6000000000000001,-0.6000000000000001,-93.4,0.0,0.0,93.5,0.0,21.9,11.8,11.8,11.9,300.0,300.0,26.1,30.0,24.5,23.8,25.6,,,,,,,,,,,,,,,,,,,,,,,,
2026-08-06T15:22:17.115Z,7.28,5.748,0.0,0.0,0.0,32.0,0.0,0.0,0.0,0.0,0.0,0.0,0.0,0.0,0.0,0.0,9.0,7.0,1.0,0.0,0.0,0.0,0.0,0.0,0.0,0.0,3.0,12.0,1.0,12.04,5.01,2.5,1.49,0.0,0.0,0.0,0.4,0.0,0.2,0.5,1.6,-93.4,0.0,0.0,93.3,0.0,21.9,11.8,11.8,11.9,300.0,300.0,26.1,30.0,24.5,23.8,25.6,,,,,,,,,,,,,,,,,,,,,,,,
2026-08-06T15:22:17.127Z,7.292,5.76,0.0,0.0,0.0,32.0,0.0,0.0,0.0,0.0,0.0,0.0,0.0,0.0,0.0,0.0,9.0,7.0,1.0,0.0,0.0,0.0,0.0,0.0,0.0,0.0,5.0,12.0,1.0,12.04,5.01,2.5,1.49,0.0,0.1,0.0,0.4,0.0,-0.3,-0.6000000000000001,-0.6000000000000001,-93.4,0.0,0.0,93.5,0.0,21.9,11.8,11.8,11.9,300.0,300.0,26.1,30.0,24.5,23.8,25.6,,,,,,,,,,,,,,,,,,,,,,,,
2026-08-06T15:22:17.139Z,7.304,5.772,0.0,0.0,0.0,32.0,0.0,0.0,0.0,0.0,0.0,0.0,0.0,0.0,0.0,0.0,9.0,7.0,1.0,0.0,0.0,0.0,0.0,0.0,0.0,0.0,6.0,12.0,1.0,12.04,5.01,2.5,1.49,0.0,0.0,0.0,0.4,0.0,0.2,-0.7000000000000001,2.8000000000000003,-93.4,0.0,0.0,93.5,0.0,21.9,11.8,11.8,11.9,300.0,300.0,26.1,30.0,24.5,23.8,25.6,,,,,,,,,,,,,,,,,,,,,,,,
2026-08-06T15:22:17.152Z,7.317,5.784,0.0,0.0,0.0,32.0,0.0,0.0,0.0,0.0,0.0,0.0,0.0,0.0,0.0,0.0,9.0,7.0,1.0,0.0,0.0,0.0,0.0,0.0,0.0,0.0,1.0,12.0,1.0,12.04,5.01,2.5,1.49,0.0,0.0,0.0,0.4,0.0,0.3,-0.1,-1.2000000000000002,-93.4,0.0,0.0,93.4,0.0,21.9,11.8,11.8,11.9,300.0,300.0,26.1,30.0,24.5,23.8,25.6,,,,,,,,,,,,,,,,,,,,,,,,
2026-08-06T15:22:17.163Z,7.328,5.796,0.0,0.0,0.0,32.0,0.0,0.0,0.0,0.0,0.0,0.0,0.0,0.0,0.0,0.0,9.0,7.0,1.0,0.0,0.0,0.0,0.0,0.0,0.0,0.0,3.0,12.0,1.0,12.04,5.01,2.5,1.49,0.0,0.0,0.0,0.4,0.0,0.3,0.4,-0.1,-93.4,0.0,0.0,93.5,0.0,21.9,11.8,11.8,11.9,300.0,300.0,26.1,30.0,24.5,23.8,25.6,,,,,,,,,,,,,,,,,,,,,,,,
2026-08-06T15:22:17.175Z,7.34,5.808,0.0,0.0,0.0,32.0,0.0,0.0,0.0,0.0,0.0,0.0,0.0,0.0,0.0,0.0,9.0,7.0,1.0,0.0,0.0,0.0,0.0,0.0,0.0,0.0,4.0,12.0,1.0,12.04,5.01,2.5,1.49,0.0,0.0,0.0,0.4,0.0,-0.8,1.0,-0.1,-93.4,0.0,0.0,93.5,0.0,21.9,11.8,11.8,11.9,300.0,300.0,26.1,30.0,24.5,23.8,25.6,,,,,,,,,,,,,,,,,,,,,,,,
2026-08-06T15:22:17.187Z,7.352,5.82,0.0,0.0,0.0,32.0,0.0,0.0,0.0,0.0,0.0,0.0,0.0,0.0,0.0,0.0,9.0,7.0,1.0,0.0,0.0,0.0,0.0,0.0,0.0,0.0,5.0,12.0,1.0,12.05,5.01,2.5,1.49,0.0,0.1,0.0,0.4,0.0,0.3,-0.6000000000000001,-0.6000000000000001,-93.4,0.0,0.0,93.5,0.0,21.8,11.9,11.9,12.1,300.0,300.0,26.3,30.0,24.5,23.8,25.6,,,,,,,,,,,,,,,,,,,,,,,,
2026-08-06T15:22:17.199Z,7.364,5.832,0.0,0.0,0.0,32.0,0.0,0.0,0.0,0.0,0.0,0.0,0.0,0.0,0.0,0.0,9.0,7.0,1.0,0.0,0.0,0.0,0.0,0.0,0.0,0.0,6.0,12.0,1.0,12.05,5.01,2.5,1.49,0.0,0.0,0.0,0.4,0.0,-0.2,0.4,1.6,-93.4,0.0,0.0,93.5,0.0,21.8,11.9,11.9,12.1,300.0,300.0,26.3,30.0,24.5,23.8,25.6,,,,,,,,,,,,,,,,,,,,,,,,
2026-08-06T15:22:17.222Z,7.387,5.844,0.0,0.0,0.0,32.0,0.0,0.0,0.0,0.0,0.0,0.0,0.0,0.0,0.0,0.0,9.0,7.0,1.0,0.0,0.0,0.0,0.0,0.0,0.0,0.0,1.0,12.0,1.0,12.05,5.01,2.5,1.49,0.0,0.0,0.0,0.4,0.0,-0.2,0.5,-1.7000000000000002,-93.4,0.0,0.0,93.6,0.0,21.8,11.9,11.9,12.1,300.0,300.0,26.3,30.0,24.5,23.8,25.6,,,,,,,,,,,,,,,,,,,,,,,,
2026-08-06T15:22:17.224Z,7.389,5.856,0.0,0.0,0.0,32.0,0.0,0.0,0.0,0.0,0.0,0.0,0.0,0.0,0.0,0.0,9.0,7.0,1.0,0.0,0.0,0.0,0.0,0.0,0.0,0.0,2.0,12.0,1.0,12.05,5.01,2.5,1.49,0.0,0.1,0.0,0.4,0.0,-0.2,-1.2000000000000002,-0.6000000000000001,-93.4,0.0,0.0,93.5,0.0,21.8,11.9,11.9,12.1,300.0,300.0,26.3,30.0,24.5,23.8,25.6,,,,,,,,,,,,,,,,,,,,,,,,
2026-08-06T15:22:17.235Z,7.4,5.868,0.0,0.0,0.0,32.0,0.0,0.0,0.0,0.0,0.0,0.0,0.0,0.0,0.0,0.0,9.0,7.0,1.0,0.0,0.0,0.0,0.0,0.0,0.0,0.0,4.0,12.0,1.0,12.05,5.01,2.5,1.49,0.0,0.0,0.0,0.4,0.0,0.3,0.0,-0.1,-93.4,0.0,0.0,93.5,0.0,21.8,11.9,11.9,12.1,300.0,300.0,26.3,30.0,24.5,23.8,25.6,,,,,,,,,,,,,,,,,,,,,,,,
2026-08-06T15:22:17.248Z,7.413,5.88,0.0,0.0,0.0,32.0,0.0,0.0,0.0,0.0,0.0,0.0,0.0,0.0,0.0,0.0,9.0,7.0,1.0,0.0,0.0,0.0,0.0,0.0,0.0,0.0,5.0,12.0,1.0,12.05,5.01,2.5,1.49,0.0,0.0,0.0,0.4,0.0,0.8,0.0,-1.8,-93.4,0.0,0.0,93.5,0.0,21.8,11.9,11.9,12.1,300.0,300.0,26.3,30.0,24.5,23.8,25.6,,,,,,,,,,,,,,,,,,,,,,,,
2026-08-06T15:22:17.261Z,7.426,5.892,0.0,0.0,0.0,32.0,0.0,0.0,0.0,0.0,0.0,0.0,0.0,0.0,0.0,0.0,9.0,7.0,1.0,0.0,0.0,0.0,0.0,0.0,0.0,0.0,6.0,12.0,1.0,12.05,5.01,2.5,1.49,0.0,0.0,0.0,0.4,0.0,-0.2,0.5,1.0,-93.4,0.0,0.0,93.5,0.0,21.8,11.9,11.9,12.1,300.0,300.0,26.3,30.0,24.5,23.8,25.6,,,,,,,,,,,,,,,,,,,,,,,,
2026-08-06T15:22:17.271Z,7.436,5.904,0.0,0.0,0.0,32.0,0.0,0.0,0.0,0.0,0.0,0.0,0.0,0.0,0.0,0.0,9.0,7.0,1.0,0.0,0.0,0.0,0.0,0.0,0.0,0.0,1.0,12.0,1.0,12.05,5.01,2.5,1.49,0.0,0.1,0.0,0.4,0.0,-1.4,-0.5,-0.6000000000000001,-93.4,0.0,0.0,93.5,0.0,21.8,11.9,11.9,12.1,300.0,300.0,26.3,30.0,24.5,23.8,25.6,,,,,,,,,,,,,,,,,,,,,,,,
2026-08-06T15:22:17.284Z,7.449,5.916,0.0,0.0,0.0,32.0,0.0,0.0,0.0,0.0,0.0,0.0,0.0,0.0,0.0,0.0,9.0,7.0,1.0,0.0,0.0,0.0,0.0,0.0,0.0,0.0,2.0,12.0,1.0,12.02,5.01,2.5,1.5,0.0,0.0,0.0,0.4,0.0,0.3,-0.5,-1.2000000000000002,-93.4,0.0,0.0,93.5,0.0,22.1,12.1,12.1,12.2,300.0,300.0,26.3,30.0,24.5,23.700000000000003,25.6,,,,,,,,,,,,,,,,,,,,,,,,
2026-08-06T15:22:17.296Z,7.461,5.928,0.0,0.0,0.0,32.0,0.0,0.0,0.0,0.0,0.0,0.0,0.0,0.0,0.0,0.0,9.0,7.0,1.0,0.0,0.0,0.0,0.0,0.0,0.0,0.0,3.0,12.0,1.0,12.02,5.01,2.5,1.5,0.0,0.0,0.0,0.4,0.0,0.9,0.0,-0.6000000000000001,-93.4,0.0,0.0,93.5,0.0,22.1,12.1,12.1,12.2,300.0,300.0,26.3,30.0,24.5,23.700000000000003,25.6,,,,,,,,,,,,,,,,,,,,,,,,
2026-08-06T15:22:17.307Z,7.472,5.94,0.0,0.0,0.0,32.0,0.0,0.0,0.0,0.0,0.0,0.0,0.0,0.0,0.0,0.0,9.0,7.0,1.0,0.0,0.0,0.0,0.0,0.0,0.0,0.0,5.0,12.0,1.0,12.02,5.01,2.5,1.5,0.0,0.0,0.0,0.4,0.0,-0.2,1.1,1.1,-93.4,0.0,0.0,93.4,0.0,22.1,12.1,12.1,12.2,300.0,300.0,26.3,30.0,24.5,23.700000000000003,25.6,,,,,,,,,,,,,,,,,,,,,,,,
2026-08-06T15:22:17.319Z,7.484,5.952,0.0,0.0,0.0,32.0,0.0,0.0,0.0,0.0,0.0,0.0,0.0,0.0,0.0,0.0,9.0,7.0,1.0,0.0,0.0,0.0,0.0,0.0,0.0,0.0,5.0,12.0,1.0,12.02,5.01,2.5,1.5,0.0,0.0,0.0,0.4,0.0,-0.8,-0.5,0.0,-93.4,0.0,0.0,93.4,0.0,22.1,12.1,12.1,12.2,300.0,300.0,26.3,30.0,24.5,23.700000000000003,25.6,,,,,,,,,,,,,,,,,,,,,,,,
2026-08-06T15:22:17.331Z,7.496,5.964,0.0,0.0,0.0,32.0,0.0,0.0,0.0,0.0,0.0,0.0,0.0,0.0,0.0,0.0,9.0,7.0,1.0,0.0,0.0,0.0,0.0,0.0,0.0,0.0,6.0,12.0,1.0,12.02,5.01,2.5,1.5,0.0,0.0,0.0,0.4,0.0,0.3,0.0,-1.2000000000000002,-93.4,0.0,0.0,93.5,0.0,22.1,12.1,12.1,12.2,300.0,300.0,26.3,30.0,24.5,23.700000000000003,25.6,,,,,,,,,,,,,,,,,,,,,,,,
2026-08-06T15:22:17.344Z,7.509,5.976,0.0,0.0,0.0,32.0,0.0,0.0,0.0,0.0,0.0,0.0,0.0,0.0,0.0,0.0,9.0,7.0,1.0,0.0,0.0,0.0,0.0,0.0,0.0,0.0,1.0,12.0,1.0,12.02,5.01,2.5,1.5,0.0,0.0,0.0,0.4,0.0,0.3,0.5,0.5,-93.4,0.0,0.0,93.5,0.0,22.1,12.1,12.1,12.2,300.0,300.0,26.3,30.0,24.5,23.700000000000003,25.6,,,,,,,,,,,,,,,,,,,,,,,,
2026-08-06T15:22:17.356Z,7.521,5.988,0.0,0.0,0.0,32.0,0.0,0.0,0.0,0.0,0.0,0.0,0.0,0.0,0.0,0.0,9.0,7.0,1.0,0.0,0.0,0.0,0.0,0.0,0.0,0.0,2.0,12.0,1.0,12.02,5.01,2.5,1.5,0.0,0.0,0.0,0.4,0.0,-0.8,0.0,1.1,-93.4,0.0,0.0,93.5,0.0,22.1,12.1,12.1,12.2,300.0,300.0,26.3,30.0,24.5,23.700000000000003,25.6,,,,,,,,,,,,,,,,,,,,,,,,
2026-08-06T15:22:17.367Z,7.532,6.0,0.0,0.0,0.0,32.0,0.0,0.0,0.0,0.0,0.0,0.0,0.0,0.0,0.0,0.0,9.0,7.0,1.0,0.0,0.0,0.0,0.0,0.0,0.0,0.0,3.0,12.0,1.0,12.02,5.01,2.5,1.5,0.0,0.0,0.0,0.4,0.0,-0.8,0.5,1.2000000000000002,-93.4,0.0,0.0,93.4,0.0,22.1,12.1,12.1,12.2,300.0,300.0,26.3,30.0,24.5,23.700000000000003,25.6,,,,,,,,,,,,,,,,,,,,,,,,
2026-08-06T15:22:17.380Z,7.545,6.0120000000000005,0.0,0.0,0.0,32.0,0.0,0.0,0.0,0.0,0.0,0.0,0.0,0.0,0.0,0.0,9.0,7.0,1.0,0.0,0.0,0.0,0.0,0.0,0.0,0.0,4.0,12.0,1.0,12.02,5.01,2.5,1.5,0.0,0.0,0.0,0.4,0.0,-0.2,-1.2000000000000002,0.0,-93.4,0.0,0.0,93.4,0.0,22.1,12.1,12.1,12.2,300.0,300.0,26.3,30.0,24.5,23.700000000000003,25.6,,,,,,,,,,,,,,,,,,,,,,,,
2026-08-06T15:22:17.392Z,7.557,6.024,0.1,0.0,0.0,32.0,0.0,0.0,0.0,0.0,0.0,0.0,0.0,0.0,0.0,0.0,9.0,7.0,1.0,0.0,0.0,0.0,0.0,0.0,0.0,0.0,6.0,12.0,1.0,12.05,5.0200000000000005,2.5,1.49,0.0,0.0,0.0,0.4,0.0,0.4,0.5,-1.1,-93.4,0.0,0.0,93.5,0.0,21.700000000000003,12.3,12.3,12.4,300.0,300.0,26.3,30.0,24.5,23.700000000000003,25.6,,,,,,,,,,,,,,,,,,,,,,,,
2026-08-06T15:22:17.404Z,7.569,6.0360000000000005,0.0,0.0,0.0,32.0,0.0,0.0,0.0,0.0,0.0,0.0,0.0,0.0,0.0,0.0,9.0,7.0,1.0,0.0,0.0,0.0,0.0,0.0,0.0,0.0,6.0,12.0,1.0,12.05,5.0200000000000005,2.5,1.49,0.0,0.0,0.0,0.4,0.0,0.3,0.0,0.0,-93.4,0.0,0.0,93.3,0.0,21.700000000000003,12.3,12.3,12.4,300.0,300.0,26.3,30.0,24.5,23.700000000000003,25.6,,,,,,,,,,,,,,,,,,,,,,,,
2026-08-06T15:22:17.415Z,7.58,6.048,0.1,0.0,0.0,32.0,0.0,0.0,0.0,0.0,0.0,0.0,0.0,0.0,0.0,0.0,9.0,7.0,1.0,0.0,0.0,0.0,0.0,0.0,0.0,0.0,1.0,12.0,1.0,12.05,5.0200000000000005,2.5,1.49,0.0,0.0,0.0,0.5,0.0,-0.2,-0.6000000000000001,0.0,-93.4,0.0,0.0,93.4,0.0,21.700000000000003,12.3,12.3,12.4,300.0,300.0,26.3,30.0,24.5,23.700000000000003,25.6,,,,,,,,,,,,,,,,,,,,,,,,
2026-08-06T15:22:17.427Z,7.592,6.0600000000000005,0.1,0.0,0.0,32.0,0.0,0.0,0.0,0.0,0.0,0.0,0.0,0.0,0.0,0.0,9.0,7.0,1.0,0.0,0.0,0.0,0.0,0.0,0.0,0.0,3.0,12.0,1.0,12.05,5.0200000000000005,2.5,1.49,0.0,0.0,0.0,0.4,0.0,-0.8,0.0,-0.5,-93.4,0.0,0.0,93.4,0.0,21.700000000000003,12.3,12.3,12.4,300.0,300.0,26.3,30.0,24.5,23.700000000000003,25.6,,,,,,,,,,,,,,,,,,,,,,,,
2026-08-06T15:22:17.439Z,7.604,6.072,0.1,0.0,0.0,32.0,0.0,0.0,0.0,0.0,0.0,0.0,0.0,0.0,0.0,0.0,9.0,7.0,1.0,0.0,0.0,0.0,0.0,0.0,0.0,0.0,4.0,12.0,1.0,12.05,5.0200000000000005,2.5,1.49,0.0,0.0,0.0,0.4,0.0,0.8,0.5,1.7000000000000002,-93.4,0.0,0.0,93.5,0.0,21.700000000000003,12.3,12.3,12.4,300.0,300.0,26.3,30.0,24.5,23.700000000000003,25.6,,,,,,,,,,,,,,,,,,,,,,,,
2026-08-06T15:22:17.451Z,7.616,6.0840000000000005,0.0,0.0,0.0,32.0,0.0,0.0,0.0,0.0,0.0,0.0,0.0,0.0,0.0,0.0,9.0,7.0,1.0,0.0,0.0,0.0,0.0,0.0,0.0,0.0,5.0,12.0,1.0,12.05,5.0200000000000005,2.5,1.49,0.0,0.0,0.0,0.4,0.0,0.9,1.1,1.1,-93.4,0.0,0.0,93.5,0.0,21.700000000000003,12.3,12.3,12.4,300.0,300.0,26.3,30.0,24.5,23.700000000000003,25.6,,,,,,,,,,,,,,,,,,,,,,,,
2026-08-06T15:22:17.463Z,7.628,6.096,0.0,0.0,0.0,32.0,0.0,0.0,0.0,0.0,0.0,0.0,0.0,0.0,0.0,0.0,9.0,7.0,1.0,0.0,0.0,0.0,0.0,0.0,0.0,0.0,6.0,12.0,1.0,12.05,5.0200000000000005,2.5,1.49,0.0,0.0,0.0,0.4,0.0,0.3,0.0,0.0,-93.4,0.0,0.0,93.5,0.0,21.700000000000003,12.3,12.3,12.4,300.0,300.0,26.3,30.0,24.5,23.700000000000003,25.6,,,,,,,,,,,,,,,,,,,,,,,,
2026-08-06T15:22:17.475Z,7.64,6.1080000000000005,0.0,0.0,0.0,32.0,0.0,0.0,0.0,0.0,0.0,0.0,0.0,0.0,0.0,0.0,9.0,7.0,1.0,0.0,0.0,0.0,0.0,0.0,0.0,0.0,1.0,12.0,1.0,12.05,5.0200000000000005,2.5,1.49,0.0,0.0,0.0,0.4,0.0,-0.3,-0.6000000000000001,0.5,-93.4,0.0,0.0,93.4,0.0,21.700000000000003,12.3,12.3,12.4,300.0,300.0,26.3,30.0,24.5,23.700000000000003,25.6,,,,,,,,,,,,,,,,,,,,,,,,
2026-08-06T15:22:17.489Z,7.654,6.12,0.0,0.0,0.0,32.0,0.0,0.0,0.0,0.0,0.0,0.0,0.0,0.0,0.0,0.0,9.0,7.0,1.0,0.0,0.0,0.0,0.0,0.0,0.0,0.0,3.0,12.0,1.0,11.99,5.01,2.51,1.49,0.0,0.0,0.0,0.4,0.0,-0.2,0.5,-0.5,-93.4,0.0,0.0,93.5,0.0,21.8,12.4,12.4,12.6,300.0,300.0,26.200000000000003,30.1,24.5,23.8,25.6,,,,,,,,,,,,,,,,,,,,,,,,
2026-08-06T15:22:17.499Z,7.664,6.132000000000001,0.0,0.0,0.0,32.0,0.0,0.0,0.0,0.0,0.0,0.0,0.0,0.0,0.0,0.0,9.0,7.0,1.0,0.0,0.0,0.0,0.0,0.0,0.0,0.0,4.0,12.0,1.0,11.99,5.01,2.51,1.49,0.0,0.0,0.0,0.4,0.0,-0.8,0.5,0.5,-93.4,0.0,0.0,93.4,0.0,21.8,12.4,12.4,12.6,300.0,300.0,26.200000000000003,30.1,24.5,23.8,25.6,,,,,,,,,,,,,,,,,,,,,,,,
2026-08-06T15:22:17.511Z,7.676,6.144,0.0,0.0,0.0,32.0,0.0,0.0,0.0,0.0,0.0,0.0,0.0,0.0,0.0,0.0,9.0,7.0,1.0,0.0,0.0,0.0,0.0,0.0,0.0,0.0,5.0,12.0,1.0,11.99,5.01,2.51,1.49,0.0,0.0,0.0,0.4,0.0,-0.2,0.5,-1.1,-93.4,0.0,0.0,93.4,0.0,21.8,12.4,12.4,12.6,300.0,300.0,26.200000000000003,30.1,24.5,23.8,25.6,,,,,,,,,,,,,,,,,,,,,,,,
2026-08-06T15:22:17.523Z,7.688,6.156,0.0,0.0,0.0,32.0,0.0,0.0,0.0,0.0,0.0,0.0,0.0,0.0,0.0,0.0,9.0,7.0,1.0,0.0,0.0,0.0,0.0,0.0,0.0,0.0,6.0,12.0,1.0,11.99,5.01,2.51,1.49,0.0,0.0,0.0,0.4,0.0,0.9,-0.6000000000000001,0.5,-93.4,0.0,0.0,93.6,0.0,21.8,12.4,12.4,12.6,300.0,300.0,26.200000000000003,30.1,24.5,23.8,25.6,,,,,,,,,,,,,,,,,,,,,,,,
2026-08-06T15:22:17.535Z,7.7,6.168,0.0,0.0,0.0,32.0,0.0,0.0,0.0,0.0,0.0,0.0,0.0,0.0,0.0,0.0,9.0,7.0,1.0,0.0,0.0,0.0,0.0,0.0,0.0,0.0,1.0,12.0,1.0,11.99,5.01,2.51,1.49,0.0,0.0,0.0,0.4,0.0,-0.8,0.5,-1.2000000000000002,-93.4,0.0,0.0,93.5,0.0,21.8,12.4,12.4,12.6,300.0,300.0,26.200000000000003,30.1,24.5,23.8,25.6,,,,,,,,,,,,,,,,,,,,,,,,
2026-08-06T15:22:17.548Z,7.713,6.18,0.0,0.0,0.0,32.0,0.0,0.0,0.0,0.0,0.0,1.0,0.0,0.0,0.0,0.0,9.0,7.0,1.0,0.0,0.0,0.0,0.0,0.0,0.0,0.0,2.0,12.0,1.0,11.99,5.01,2.51,1.49,0.0,0.0,0.0,0.4,0.0,0.2,0.4,0.0,-93.4,0.0,0.0,93.5,0.0,21.8,12.4,12.4,12.6,300.0,300.0,26.200000000000003,30.1,24.5,23.8,25.6,,,,,,,,,,,,,,,,,,,,,,,,
2026-08-06T15:22:17.559Z,7.724,6.192,0.0,0.0,0.0,32.0,0.0,0.0,0.0,0.0,0.0,1.0,0.0,0.0,0.0,0.0,9.0,7.0,1.0,0.0,0.0,0.0,0.0,0.0,0.0,0.0,3.0,12.0,1.0,11.99,5.01,2.51,1.49,0.0,0.0,0.0,0.4,0.0,-0.3,0.0,0.5,-93.4,0.0,0.0,93.5,0.0,21.8,12.4,12.4,12.6,300.0,300.0,26.200000000000003,30.1,24.5,23.8,25.6,,,,,,,,,,,,,,,,,,,,,,,,
2026-08-06T15:22:17.572Z,7.737,6.204,0.0,0.0,0.0,32.0,0.0,0.0,0.0,0.0,0.0,1.0,0.0,0.0,0.0,0.0,9.0,7.0,1.0,0.0,0.0,0.0,0.0,0.0,0.0,0.0,4.0,12.0,1.0,11.99,5.01,2.51,1.49,0.0,0.0,0.0,0.5,0.0,0.2,-0.6000000000000001,0.5,-93.4,0.0,0.0,93.5,0.0,21.8,12.4,12.4,12.6,300.0,300.0,26.200000000000003,30.1,24.5,23.8,25.6,,,,,,,,,,,,,,,,,,,,,,,,
2026-08-06T15:22:17.583Z,7.748,6.216,0.0,0.0,0.0,32.0,0.0,0.0,0.0,0.0,0.0,1.0,0.0,0.0,0.0,0.0,9.0,7.0,1.0,0.0,0.0,0.0,0.0,0.0,0.0,0.0,5.0,12.0,1.0,11.99,5.01,2.51,1.49,0.0,0.0,0.0,0.4,0.0,-0.3,-0.6000000000000001,-1.8,-93.4,0.0,0.0,93.5,0.0,21.8,12.4,12.4,12.6,300.0,300.0,26.200000000000003,30.1,24.5,23.8,25.6,,,,,,,,,,,,,,,,,,,,,,,,
2026-08-06T15:22:17.595Z,7.76,6.228,0.0,0.0,0.0,32.0,0.0,0.0,0.0,0.0,0.0,1.0,0.0,0.0,0.0,0.0,9.0,7.0,1.0,0.0,0.0,0.0,0.0,0.0,0.0,0.0,6.0,12.0,1.0,12.05,5.01,2.5,1.49,0.0,0.0,0.0,0.4,0.0,0.2,0.5,-0.6000000000000001,-93.4,0.0,0.0,93.5,0.0,21.3,12.6,12.6,12.7,300.0,300.0,26.3,30.1,24.5,23.8,25.6,,,,,,,,,,,,,,,,,,,,,,,,
2026-08-06T15:22:17.607Z,7.772,6.24,0.0,0.0,0.0,32.0,0.0,0.0,0.0,0.0,0.0,1.0,0.0,0.0,0.0,0.0,9.0,7.0,1.0,0.0,0.0,0.0,0.0,0.0,0.0,0.0,2.0,12.0,1.0,12.05,5.01,2.5,1.49,0.0,0.0,0.0,0.4,0.0,-0.3,0.5,0.0,-93.4,0.0,0.0,93.5,0.0,21.3,12.6,12.6,12.7,300.0,300.0,26.3,30.1,24.5,23.8,25.6,,,,,,,,,,,,,,,,,,,,,,,,
2026-08-06T15:22:17.619Z,7.784,6.252,0.0,0.0,0.0,32.0,0.0,0.0,0.0,0.0,0.0,1.0,0.0,0.0,0.0,0.0,9.0,7.0,1.0,0.0,0.0,0.0,0.0,0.0,0.0,0.0,3.0,12.0,1.0,12.05,5.01,2.5,1.49,0.0,0.0,0.0,0.4,0.0,0.2,-0.6000000000000001,0.5,-93.4,0.0,0.0,93.3,0.0,21.3,12.6,12.6,12.7,300.0,300.0,26.3,30.1,24.5,23.8,25.6,,,,,,,,,,,,,,,,,,,,,,,,
2026-08-06T15:22:17.631Z,7.796,6.264,0.0,0.0,0.0,32.0,0.0,0.0,0.0,0.0,0.0,1.0,0.0,0.0,0.0,0.0,9.0,7.0,1.0,0.0,0.0,0.0,0.0,0.0,0.0,0.0,4.0,12.0,1.0,12.05,5.01,2.5,1.49,0.0,0.0,0.0,0.4,0.0,1.4,1.6,1.7000000000000002,-93.4,0.0,0.0,93.5,0.0,21.3,12.6,12.6,12.7,300.0,300.0,26.3,30.1,24.5,23.8,25.6,,,,,,,,,,,,,,,,,,,,,,,,
2026-08-06T15:22:17.643Z,7.808,6.276,0.0,0.0,0.0,32.0,0.0,0.0,0.0,0.0,0.0,1.0,0.0,0.0,0.0,0.0,9.0,7.0,1.0,0.0,0.0,0.0,0.0,0.0,0.0,0.0,5.0,12.0,1.0,12.05,5.01,2.5,1.49,0.0,0.0,0.0,0.4,0.0,-0.3,0.0,-0.6000000000000001,-93.4,0.0,0.0,93.5,0.0,21.3,12.6,12.6,12.7,300.0,300.0,26.3,30.1,24.5,23.8,25.6,,,,,,,,,,,,,,,,,,,,,,,,
2026-08-06T15:22:17.655Z,7.82,6.288,0.0,0.0,0.0,32.0,0.0,0.0,0.0,0.0,0.0,1.0,0.0,0.0,0.0,0.0,9.0,7.0,1.0,0.0,0.0,0.0,0.0,0.0,0.0,0.0,6.0,12.0,1.0,12.05,5.01,2.5,1.49,0.0,0.0,0.0,0.5,0.0,-0.4,-0.6000000000000001,-0.6000000000000001,-93.4,0.0,0.0,93.5,0.0,21.3,12.6,12.6,12.7,300.0,300.0,26.3,30.1,24.5,23.8,25.6,,,,,,,,,,,,,,,,,,,,,,,,
2026-08-06T15:22:17.668Z,7.833,6.3,0.0,0.0,0.0,32.0,0.0,0.0,0.0,0.0,0.0,1.0,0.0,0.0,0.0,0.0,9.0,7.0,1.0,0.0,0.0,0.0,0.0,0.0,0.0,0.0,2.0,12.0,1.0,12.05,5.01,2.5,1.49,0.0,0.0,0.0,0.4,0.0,-0.9,0.0,-0.6000000000000001,-93.4,0.0,0.0,93.4,0.0,21.3,12.6,12.6,12.7,300.0,300.0,26.3,30.1,24.5,23.8,25.6,,,,,,,,,,,,,,,,,,,,,,,,
2026-08-06T15:22:17.680Z,7.845,6.312,0.0,0.0,0.0,32.0,0.0,0.0,0.0,0.0,0.0,1.0,0.0,0.0,0.0,0.0,9.0,7.0,1.0,0.0,0.0,0.0,0.0,0.0,0.0,0.0,2.0,12.0,1.0,12.05,5.01,2.5,1.49,0.0,0.0,0.0,0.4,0.0,-0.3,1.0,-0.6000000000000001,-93.4,0.0,0.0,93.5,0.0,21.3,12.6,12.6,12.7,300.0,300.0,26.3,30.1,24.5,23.8,25.6,,,,,,,,,,,,,,,,,,,,,,,,
2026-08-06T15:22:17.692Z,7.857,6.324,0.0,0.0,0.0,32.0,0.0,0.0,0.0,0.0,0.0,1.0,0.0,0.0,0.0,0.0,9.0,7.0,1.0,0.0,0.0,0.0,0.0,0.0,0.0,0.0,3.0,12.0,1.0,12.04,5.0200000000000005,2.51,1.49,0.0,0.0,0.0,0.4,0.0,0.7000000000000001,1.6,2.9000000000000004,-93.4,0.0,0.0,93.5,0.0,21.700000000000003,12.7,12.7,12.9,300.0,300.0,26.4,30.1,24.5,23.8,25.6,,,,,,,,,,,,,,,,,,,,,,,,
2026-08-06T15:22:17.704Z,7.869,6.336,0.0,0.0,0.0,32.0,0.0,0.0,0.0,0.0,0.0,1.0,0.0,0.0,0.0,0.0,9.0,7.0,1.0,0.0,0.0,0.0,0.0,0.0,0.0,0.0,3.0,12.0,1.0,12.04,5.0200000000000005,2.51,1.49,0.0,0.0,0.0,0.4,0.0,0.2,0.0,0.5,-93.4,0.0,0.0,93.5,0.0,21.700000000000003,12.7,12.7,12.9,300.0,300.0,26.4,30.1,24.5,23.8,25.6,,,,,,,,,,,,,,,,,,,,,,,,
2026-08-06T15:22:17.716Z,7.881,6.348,0.0,0.0,0.0,32.0,0.0,0.0,0.0,0.0,0.0,1.0,0.0,0.0,0.0,0.0,9.0,7.0,1.0,0.0,0.0,0.0,0.0,0.0,0.0,0.0,4.0,12.0,1.0,12.04,5.0200000000000005,2.51,1.49,0.0,0.0,0.0,0.4,0.0,-0.4,-0.6000000000000001,0.4,-93.4,0.0,0.0,93.3,0.0,21.700000000000003,12.7,12.7,12.9,300.0,300.0,26.4,30.1,24.5,23.8,25.6,,,,,,,,,,,,,,,,,,,,,,,,
2026-08-06T15:22:17.727Z,7.892,6.36,0.0,0.0,0.0,32.0,0.0,0.0,0.0,0.0,0.0,1.0,0.0,0.0,0.0,0.0,9.0,7.0,1.0,0.0,0.0,0.0,0.0,0.0,0.0,0.0,6.0,12.0,1.0,12.04,5.0200000000000005,2.51,1.49,0.0,0.0,0.0,0.4,0.0,0.1,1.0,0.0,-93.4,0.0,0.0,93.4,0.0,21.700000000000003,12.7,12.7,12.9,300.0,300.0,26.4,30.1,24.5,23.8,25.6,,,,,,,,,,,,,,,,,,,,,,,,
2026-08-06T15:22:17.740Z,7.905,6.372,0.0,0.0,0.0,32.0,0.0,0.0,0.0,0.0,0.0,1.0,0.0,0.0,0.0,0.0,9.0,7.0,1.0,0.0,0.0,0.0,0.0,0.0,0.0,0.0,1.0,12.0,1.0,12.04,5.0200000000000005,2.51,1.49,0.0,0.0,0.0,0.4,0.0,-1.0,1.1,1.1,-93.4,0.0,0.0,93.5,0.0,21.700000000000003,12.7,12.7,12.9,300.0,300.0,26.4,30.1,24.5,23.8,25.6,,,,,,,,,,,,,,,,,,,,,,,,
2026-08-06T15:22:17.751Z,7.916,6.384,0.0,0.0,0.0,32.0,0.0,0.0,0.0,0.0,0.0,1.0,0.0,0.0,0.0,0.0,9.0,7.0,1.0,0.0,0.0,0.0,0.0,0.0,0.0,0.0,2.0,12.0,1.0,12.04,5.0200000000000005,2.51,1.49,0.0,0.0,0.0,0.4,0.0,0.1,-1.2000000000000002,0.5,-93.4,0.0,0.0,93.5,0.0,21.700000000000003,12.7,12.7,12.9,300.0,300.0,26.4,30.1,24.5,23.8,25.6,,,,,,,,,,,,,,,,,,,,,,,,
2026-08-06T15:22:17.763Z,7.928,6.396,0.0,0.0,0.0,32.0,0.0,0.0,0.0,0.0,0.0,1.0,0.0,0.0,0.0,0.0,9.0,7.0,1.0,0.0,0.0,0.0,0.0,0.0,0.0,0.0,4.0,12.0,1.0,12.04,5.0200000000000005,2.51,1.49,0.0,0.0,0.0,0.4,0.0,-0.3,-0.6000000000000001,0.0,-93.4,0.0,0.0,93.4,0.0,21.700000000000003,12.7,12.7,12.9,300.0,300.0,26.4,30.1,24.5,23.8,25.6,,,,,,,,,,,,,,,,,,,,,,,,
2026-08-06T15:22:17.775Z,7.94,6.408,0.0,0.0,0.0,32.0,0.0,0.0,0.0,0.0,0.0,1.0,0.0,0.0,0.0,0.0,9.0,7.0,1.0,0.0,0.0,0.0,0.0,0.0,0.0,0.0,5.0,12.0,1.0,12.04,5.0200000000000005,2.51,1.49,0.0,0.0,0.0,0.4,0.0,-0.3,-0.6000000000000001,-0.6000000000000001,-93.4,0.0,0.0,93.5,0.0,21.700000000000003,12.7,12.7,12.9,300.0,300.0,26.4,30.1,24.5,23.8,25.6,,,,,,,,,,,,,,,,,,,,,,,,
2026-08-06T15:22:17.788Z,7.953,6.42,0.0,0.0,0.0,32.0,0.0,0.0,0.0,0.0,0.0,1.0,0.0,0.0,0.0,0.0,9.0,7.0,1.0,0.0,0.0,0.0,0.0,0.0,0.0,0.0,6.0,12.0,1.0,12.04,5.0200000000000005,2.51,1.49,0.0,0.0,0.0,0.4,0.0,0.2,1.7000000000000002,2.3000000000000003,-93.4,0.0,0.0,93.5,0.0,21.700000000000003,12.7,12.7,12.9,300.0,300.0,26.4,30.1,24.5,23.8,25.6,,,,,,,,,,,,,,,,,,,,,,,,
2026-08-06T15:22:17.799Z,7.964,6.432,0.0,0.0,0.0,32.0,0.0,0.0,0.0,0.0,0.0,1.0,0.0,0.0,0.0,0.0,9.0,7.0,1.0,0.0,0.0,0.0,0.0,0.0,0.0,0.0,1.0,12.0,1.0,12.04,5.0200000000000005,2.5,1.49,0.0,0.0,0.0,0.4,0.0,0.2,0.5,1.1,-93.4,0.0,0.0,93.5,0.0,21.8,12.9,12.9,13.0,300.0,300.0,26.5,30.1,24.5,23.8,25.6,,,,,,,,,,,,,,,,,,,,,,,,
2026-08-06T15:22:17.813Z,7.978,6.444,0.1,0.0,0.0,32.0,0.0,0.0,0.0,0.0,0.0,1.0,0.0,0.0,0.0,0.0,9.0,7.0,1.0,0.0,0.0,0.0,0.0,0.0,0.0,0.0,2.0,12.0,1.0,12.04,5.0200000000000005,2.5,1.49,0.0,0.0,0.0,0.4,0.0,0.8,-0.5,0.5,-93.4,0.0,0.0,93.4,0.0,21.8,12.9,12.9,13.0,300.0,300.0,26.5,30.1,24.5,23.8,25.6,,,,,,,,,,,,,,,,,,,,,,,,
2026-08-06T15:22:17.824Z,7.989,6.456,0.1,0.0,0.0,32.0,0.0,0.0,0.0,0.0,0.0,1.0,0.0,0.0,0.0,0.0,9.0,7.0,1.0,0.0,0.0,0.0,0.0,0.0,0.0,0.0,2.0,12.0,1.0,12.04,5.0200000000000005,2.5,1.49,0.0,0.0,0.0,0.4,0.0,0.2,-1.1,-1.8,-93.4,0.0,0.0,93.4,0.0,21.8,12.9,12.9,13.0,300.0,300.0,26.5,30.1,24.5,23.8,25.6,,,,,,,,,,,,,,,,,,,,,,,,
2026-08-06T15:22:17.835Z,8.0,6.468,0.1,0.0,0.0,32.0,0.0,0.0,0.0,0.0,0.0,1.0,0.0,0.0,0.0,0.0,9.0,7.0,1.0,0.0,0.0,0.0,0.0,0.0,0.0,0.0,3.0,12.0,1.0,12.04,5.0200000000000005,2.5,1.49,0.0,0.0,0.0,0.4,0.0,0.3,0.6000000000000001,0.0,-93.4,0.0,0.0,93.6,0.0,21.8,12.9,12.9,13.0,300.0,300.0,26.5,30.1,24.5,23.8,25.6,,,,,,,,,,,,,,,,,,,,,,,,
2026-08-06T15:22:17.847Z,8.012,6.48,0.1,0.0,0.0,32.0,0.0,0.0,0.0,0.0,0.0,1.0,0.0,0.0,0.0,0.0,9.0,7.0,1.0,0.0,0.0,0.0,0.0,0.0,0.0,0.0,5.0,12.0,1.0,12.04,5.0200000000000005,2.5,1.49,0.0,0.0,0.0,0.5,0.0,0.3,0.0,0.5,-93.4,0.0,0.0,93.5,0.0,21.8,12.9,12.9,13.0,300.0,300.0,26.5,30.1,24.5,23.8,25.6,,,,,,,,,,,,,,,,,,,,,,,,
2026-08-06T15:22:17.860Z,8.025,6.492,0.1,0.0,0.0,32.0,0.0,0.0,0.0,0.0,0.0,1.0,0.0,0.0,0.0,0.0,9.0,7.0,1.0,0.0,0.0,0.0,0.0,0.0,0.0,0.0,6.0,12.0,1.0,12.04,5.0200000000000005,2.5,1.49,0.0,0.0,0.0,0.4,0.0,0.9,-1.1,0.0,-93.4,0.0,0.0,93.5,0.0,21.8,12.9,12.9,13.0,300.0,300.0,26.5,30.1,24.5,23.8,25.6,,,,,,,,,,,,,,,,,,,,,,,,
2026-08-06T15:22:17.871Z,8.036,6.504,0.1,0.0,0.0,32.0,0.0,0.0,0.0,0.0,0.0,1.0,0.0,0.0,0.0,0.0,9.0,7.0,1.0,0.0,0.0,0.0,0.0,0.0,0.0,0.0,1.0,12.0,1.0,12.04,5.0200000000000005,2.5,1.49,0.0,0.0,0.0,0.4,0.0,-0.2,-1.1,-0.5,-93.4,0.0,0.0,93.5,0.0,21.8,12.9,12.9,13.0,300.0,300.0,26.5,30.1,24.5,23.8,25.6,,,,,,,,,,,,,,,,,,,,,,,,
2026-08-06T15:22:17.883Z,8.048,6.516,0.1,0.0,0.0,32.0,0.0,0.0,0.0,0.0,0.0,1.0,0.0,0.0,0.0,0.0,9.0,7.0,1.0,0.0,0.0,0.0,0.0,0.0,0.0,0.0,2.0,12.0,1.0,12.04,5.0200000000000005,2.5,1.49,0.0,0.0,0.0,0.4,0.0,-0.8,0.5,-0.5,-93.4,0.0,0.0,93.5,0.0,21.8,12.9,12.9,13.0,300.0,300.0,26.5,30.1,24.5,23.8,25.6,,,,,,,,,,,,,,,,,,,,,,,,
2026-08-06T15:22:17.896Z,8.061,6.5280000000000005,0.1,0.0,0.0,32.0,0.0,0.0,0.0,0.0,0.0,1.0,0.0,0.0,0.0,0.0,9.0,7.0,1.0,0.0,0.0,0.0,0.0,0.0,0.0,0.0,3.0,12.0,1.0,11.99,5.01,2.51,1.49,0.0,0.0,0.0,0.4,0.0,-0.2,-1.1,-1.2000000000000002,-93.4,0.0,0.0,93.5,0.0,21.9,13.0,13.0,13.2,300.0,300.0,26.4,30.1,24.5,23.8,25.6,,,,,,,,,,,,,,,,,,,,,,,,
2026-08-06T15:22:17.907Z,8.072,6.54,0.1,0.0,0.0,32.0,0.0,0.0,0.0,0.0,0.0,1.0,0.0,0.0,0.0,0.0,9.0,7.0,1.0,0.0,0.0,0.0,0.0,0.0,0.0,0.0,5.0,12.0,1.0,11.99,5.01,2.51,1.49,0.0,0.0,0.0,0.4,0.0,-0.2,-0.5,1.1,-93.4,0.0,0.0,93.4,0.0,21.9,13.0,13.0,13.2,300.0,300.0,26.4,30.1,24.5,23.8,25.6,,,,,,,,,,,,,,,,,,,,,,,,
2026-08-06T15:22:17.919Z,8.084,6.5520000000000005,0.1,0.0,0.0,32.0,0.0,0.0,0.0,0.0,0.0,1.0,0.0,0.0,0.0,0.0,9.0,7.0,1.0,0.0,0.0,0.0,0.0,0.0,0.0,0.0,6.0,12.0,1.0,11.99,5.01,2.51,1.49,0.0,0.0,0.0,0.4,0.0,0.9,0.5,0.5,-93.4,0.0,0.0,93.5,0.0,21.9,13.0,13.0,13.2,300.0,300.0,26.4,30.1,24.5,23.8,25.6,,,,,,,,,,,,,,,,,,,,,,,,
2026-08-06T15:22:17.931Z,8.096,6.564,0.1,0.0,0.0,32.0,0.0,0.0,0.0,0.0,0.0,1.0,0.0,0.0,0.0,0.0,9.0,7.0,1.0,0.0,0.0,0.0,0.0,0.0,0.0,0.0,1.0,12.0,1.0,11.99,5.01,2.51,1.49,0.0,0.0,0.0,0.4,0.0,-0.3,1.1,0.0,-93.4,0.0,0.0,93.5,0.0,21.9,13.0,13.0,13.2,300.0,300.0,26.4,30.1,24.5,23.8,25.6,,,,,,,,,,,,,,,,,,,,,,,,
2026-08-06T15:22:17.943Z,8.108,6.5760000000000005,0.1,0.0,0.0,32.0,0.0,0.0,0.0,0.0,0.0,1.0,0.0,0.0,0.0,0.0,9.0,7.0,1.0,0.0,0.0,0.0,0.0,0.0,0.0,0.0,2.0,12.0,1.0,11.99,5.01,2.51,1.49,0.0,0.0,0.0,0.5,0.0,-0.3,0.0,-1.8,-93.4,0.0,0.0,93.5,0.0,21.9,13.0,13.0,13.2,300.0,300.0,26.4,30.1,24.5,23.8,25.6,,,,,,,,,,,,,,,,,,,,,,,,
2026-08-06T15:22:17.956Z,8.121,6.588,0.0,0.0,0.0,32.0,0.0,0.0,0.0,0.0,0.0,1.0,0.0,0.0,0.0,0.0,9.0,7.0,1.0,0.0,0.0,0.0,0.0,0.0,0.0,0.0,3.0,12.0,1.0,11.99,5.01,2.51,1.49,0.0,0.0,0.0,0.5,0.0,0.2,-0.7000000000000001,-0.7000000000000001,-93.4,0.0,0.0,93.5,0.0,21.9,13.0,13.0,13.2,300.0,300.0,26.4,30.1,24.5,23.8,25.6,,,,,,,,,,,,,,,,,,,,,,,,
2026-08-06T15:22:17.968Z,8.133,6.6000000000000005,0.0,0.0,0.0,32.0,0.0,0.0,0.0,0.0,0.0,1.0,0.0,0.0,0.0,0.0,9.0,7.0,1.0,0.0,0.0,0.0,0.0,0.0,0.0,0.0,4.0,12.0,1.0,11.99,5.01,2.51,1.49,0.0,0.0,0.0,0.4,0.0,0.2,-0.6000000000000001,1.0,-93.4,0.0,0.0,93.5,0.0,21.9,13.0,13.0,13.2,300.0,300.0,26.4,30.1,24.5,23.8,25.6,,,,,,,,,,,,,,,,,,,,,,,,
2026-08-06T15:22:17.979Z,8.144,6.612,0.0,0.0,0.0,32.0,0.0,0.0,0.0,0.0,0.0,1.0,0.0,0.0,0.0,0.0,9.0,7.0,1.0,0.0,0.0,0.0,0.0,0.0,0.0,0.0,5.0,12.0,1.0,11.99,5.01,2.51,1.49,0.0,0.0,0.0,0.4,0.0,-0.2,0.0,-0.1,-93.4,0.0,0.0,93.5,0.0,21.9,13.0,13.0,13.2,300.0,300.0,26.4,30.1,24.5,23.8,25.6,,,,,,,,,,,,,,,,,,,,,,,,
2026-08-06T15:22:17.991Z,8.156,6.6240000000000006,0.0,0.0,0.0,32.0,0.0,0.0,0.0,0.0,0.0,1.0,0.0,0.0,0.0,0.0,9.0,7.0,1.0,0.0,0.0,0.0,0.0,0.0,0.0,0.0,6.0,12.0,1.0,11.99,5.01,2.51,1.49,0.0,0.0,0.0,0.5,0.0,0.3,-0.1,1.0,-93.4,0.0,0.0,93.5,0.0,21.9,13.0,13.0,13.2,300.0,300.0,26.4,30.1,24.5,23.8,25.6,,,,,,,,,,,,,,,,,,,,,,,,
2026-08-06T15:22:18.004Z,8.169,6.636,0.0,0.0,0.0,32.0,0.0,0.0,0.0,0.0,0.0,1.0,0.0,0.0,0.0,0.0,9.0,7.0,1.0,0.0,0.0,0.0,0.0,0.0,0.0,0.0,1.0,12.0,1.0,12.02,5.01,2.51,1.49,0.0,0.0,0.0,0.4,0.0,0.9,-0.6000000000000001,1.0,-93.4,0.0,0.0,93.5,0.0,21.9,13.2,13.2,13.3,300.0,300.0,26.4,30.1,24.5,23.8,25.6,,,,,,,,,,,,,,,,,,,,,,,,
2026-08-06T15:22:18.015Z,8.18,6.648000000000001,0.0,0.0,0.0,32.0,0.0,0.0,0.0,0.0,0.0,1.0,0.0,0.0,0.0,0.0,9.0,7.0,1.0,0.0,0.0,0.0,0.0,0.0,0.0,0.0,2.0,12.0,1.0,12.02,5.01,2.51,1.49,0.0,0.0,0.0,0.4,0.0,0.3,1.0,-1.2000000000000002,-93.4,0.0,0.0,93.4,0.0,21.9,13.2,13.2,13.3,300.0,300.0,26.4,30.1,24.5,23.8,25.6,,,,,,,,,,,,,,,,,,,,,,,,
2026-08-06T15:22:18.027Z,8.192,6.66,0.0,0.0,0.0,32.0,0.0,0.0,0.0,0.0,0.0,1.0,0.0,0.0,0.0,0.0,9.0,7.0,1.0,0.0,0.0,0.0,0.0,0.0,0.0,0.0,4.0,12.0,1.0,12.02,5.01,2.51,1.49,0.0,0.0,0.0,0.4,0.0,-0.2,-0.1,0.0,-93.4,0.0,0.0,93.5,0.0,21.9,13.2,13.2,13.3,300.0,300.0,26.4,30.1,24.5,23.8,25.6,,,,,,,,,,,,,,,,,,,,,,,,
2026-08-06T15:22:18.039Z,8.204,6.672,0.0,0.0,0.0,32.0,0.0,0.0,0.0,0.0,0.0,1.0,0.0,0.0,0.0,0.0,9.0,7.0,1.0,0.0,0.0,0.0,0.0,0.0,0.0,0.0,5.0,12.0,1.0,12.02,5.01,2.51,1.49,0.0,0.0,0.0,0.4,0.0,-0.2,0.5,0.5,-93.4,0.0,0.0,93.5,0.0,21.9,13.2,13.2,13.3,300.0,300.0,26.4,30.1,24.5,23.8,25.6,,,,,,,,,,,,,,,,,,,,,,,,
2026-08-06T15:22:18.052Z,8.217,6.684,0.0,0.0,0.0,32.0,0.0,0.0,0.0,0.0,0.0,0.0,0.0,0.0,0.0,0.0,9.0,7.0,1.0,0.0,0.0,0.0,0.0,0.0,0.0,0.0,6.0,12.0,1.0,12.02,5.01,2.51,1.49,0.0,0.0,0.0,0.4,0.0,0.3,0.0,-1.8,-93.4,0.0,0.0,93.5,0.0,21.9,13.2,13.2,13.3,300.0,300.0,26.4,30.1,24.5,23.8,25.6,,,,,,,,,,,,,,,,,,,,,,,,
2026-08-06T15:22:18.063Z,8.228,6.696,0.0,0.0,0.0,32.0,0.0,0.0,0.0,0.0,0.0,0.0,0.0,0.0,0.0,0.0,9.0,7.0,1.0,0.0,0.0,0.0,0.0,0.0,0.0,0.0,1.0,12.0,1.0,12.02,5.01,2.51,1.49,0.0,0.0,0.0,0.4,0.0,0.3,-0.6000000000000001,0.0,-93.4,0.0,0.0,93.5,0.0,21.9,13.2,13.2,13.3,300.0,300.0,26.4,30.1,24.5,23.8,25.6,,,,,,,,,,,,,,,,,,,,,,,,
2026-08-06T15:22:18.075Z,8.24,6.708,0.0,0.0,0.0,32.0,0.0,0.0,0.0,0.0,0.0,0.0,0.0,0.0,0.0,0.0,9.0,7.0,1.0,0.0,0.0,0.0,0.0,0.0,0.0,0.0,3.0,12.0,1.0,12.02,5.01,2.51,1.49,0.0,0.0,0.0,0.4,0.0,-0.2,1.0,-0.6000000000000001,-93.4,0.0,0.0,93.3,0.0,21.9,13.2,13.2,13.3,300.0,300.0,26.4,30.1,24.5,23.8,25.6,,,,,,,,,,,,,,,,,,,,,,,,
2026-08-06T15:22:18.087Z,8.252,6.72,0.0,0.0,0.0,32.0,0.0,0.0,0.0,0.0,0.0,0.0,0.0,0.0,0.0,0.0,9.0,7.0,1.0,0.0,0.0,0.0,0.0,0.0,0.0,0.0,4.0,12.0,1.0,12.02,5.01,2.51,1.49,0.0,0.0,0.0,0.4,0.0,0.2,-0.6000000000000001,-0.7000000000000001,-93.4,0.0,0.0,93.4,0.0,21.9,13.2,13.2,13.3,300.0,300.0,26.4,30.1,24.5,23.8,25.6,,,,,,,,,,,,,,,,,,,,,,,,
2026-08-06T15:22:18.100Z,8.265,6.732,0.0,0.0,0.0,32.0,0.0,0.0,0.0,0.0,0.0,0.0,0.0,0.0,0.0,0.0,9.0,7.0,1.0,0.0,0.0,0.0,0.0,0.0,0.0,0.0,5.0,12.0,1.0,12.05,5.0200000000000005,2.51,1.49,0.0,0.0,0.0,0.4,0.0,-0.2,-0.1,-0.8,-93.4,0.0,0.0,93.5,0.0,21.700000000000003,13.3,13.3,13.5,300.0,300.0,26.4,30.1,24.5,23.8,25.6,,,,,,,,,,,,,,,,,,,,,,,,
2026-08-06T15:22:18.112Z,8.277,6.744,0.0,0.0,0.0,32.0,0.0,0.0,0.0,0.0,0.0,0.0,0.0,0.0,0.0,0.0,9.0,7.0,1.0,0.0,0.0,0.0,0.0,0.0,0.0,0.0,6.0,12.0,1.0,12.05,5.0200000000000005,2.51,1.49,0.0,0.0,0.0,0.4,0.0,-0.8,0.4,1.0,-93.4,0.0,0.0,93.4,0.0,21.700000000000003,13.3,13.3,13.5,300.0,300.0,26.4,30.1,24.5,23.8,25.6,,,,,,,,,,,,,,,,,,,,,,,,
2026-08-06T15:22:18.123Z,8.288,6.756,0.0,0.0,0.0,32.0,0.0,0.0,0.0,0.0,0.0,0.0,0.0,0.0,0.0,0.0,9.0,7.0,1.0,0.0,0.0,0.0,0.0,0.0,0.0,0.0,1.0,12.0,1.0,12.05,5.0200000000000005,2.51,1.49,0.0,0.0,0.0,0.4,0.0,-0.2,0.4,0.9,-93.4,0.0,0.0,93.5,0.0,21.700000000000003,13.3,13.3,13.5,300.0,300.0,26.4,30.1,24.5,23.8,25.6,,,,,,,,,,,,,,,,,,,,,,,,
2026-08-06T15:22:18.135Z,8.3,6.768,0.0,0.0,0.0,32.0,0.0,0.0,0.0,0.0,0.0,0.0,0.0,0.0,0.0,0.0,9.0,7.0,1.0,0.0,0.0,0.0,0.0,0.0,0.0,0.0,2.0,12.0,1.0,12.05,5.0200000000000005,2.51,1.49,0.0,0.0,0.0,0.4,0.0,-1.4,-0.1,-0.1,-93.4,0.0,0.0,93.5,0.0,21.700000000000003,13.3,13.3,13.5,300.0,300.0,26.4,30.1,24.5,23.8,25.6,,,,,,,,,,,,,,,,,,,,,,,,
2026-08-06T15:22:18.147Z,8.312,6.78,0.0,0.0,0.0,32.0,0.0,0.0,0.0,0.0,0.0,0.0,0.0,0.0,0.0,0.0,9.0,7.0,1.0,0.0,0.0,0.0,0.0,0.0,0.0,0.0,3.0,12.0,1.0,12.05,5.0200000000000005,2.51,1.49,0.0,0.0,0.0,0.4,0.0,0.3,-0.7000000000000001,-0.1,-93.4,0.0,0.0,93.5,0.0,21.700000000000003,13.3,13.3,13.5,300.0,300.0,26.4,30.1,24.5,23.8,25.6,,,,,,,,,,,,,,,,,,,,,,,,
2026-08-06T15:22:18.160Z,8.325,6.792,0.0,0.0,0.0,32.0,0.0,0.0,0.0,0.0,0.0,0.0,0.0,0.0,0.0,0.0,9.0,7.0,1.0,0.0,0.0,0.0,0.0,0.0,0.0,0.0,4.0,12.0,1.0,12.05,5.0200000000000005,2.51,1.49,0.0,0.0,0.0,0.4,0.0,-0.2,0.0,0.4,-93.4,0.0,0.0,93.5,0.0,21.700000000000003,13.3,13.3,13.5,300.0,300.0,26.4,30.1,24.5,23.8,25.6,,,,,,,,,,,,,,,,,,,,,,,,
2026-08-06T15:22:18.171Z,8.336,6.804,0.0,0.0,0.0,32.0,0.0,0.0,0.0,0.0,0.0,0.0,0.0,0.0,0.0,0.0,9.0,7.0,1.0,0.0,0.0,0.0,0.0,0.0,0.0,0.0,4.0,12.0,1.0,12.05,5.0200000000000005,2.51,1.49,0.0,0.0,0.0,0.4,0.0,-0.8,0.5,-0.7000000000000001,-93.4,0.0,0.0,93.4,0.0,21.700000000000003,13.3,13.3,13.5,300.0,300.0,26.4,30.1,24.5,23.8,25.6,,,,,,,,,,,,,,,,,,,,,,,,
2026-08-06T15:22:18.183Z,8.348,6.816,0.0,0.0,0.0,32.0,0.0,0.0,0.0,0.0,0.0,0.0,0.0,0.0,0.0,0.0,9.0,7.0,1.0,0.0,0.0,0.0,0.0,0.0,0.0,0.0,6.0,12.0,1.0,12.05,5.0200000000000005,2.51,1.49,0.0,0.0,0.0,0.4,0.0,0.3,-0.6000000000000001,-0.1,-93.4,0.0,0.0,93.5,0.0,21.700000000000003,13.3,13.3,13.5,300.0,300.0,26.4,30.1,24.5,23.8,25.6,,,,,,,,,,,,,,,,,,,,,,,,
2026-08-06T15:22:18.195Z,8.36,6.828,0.0,0.0,0.0,32.0,0.0,0.0,0.0,0.0,0.0,0.0,0.0,0.0,0.0,0.0,9.0,7.0,1.0,0.0,0.0,0.0,0.0,0.0,0.0,0.0,1.0,12.0,1.0,12.05,5.0200000000000005,2.51,1.49,0.0,0.1,0.0,0.5,0.0,0.3,0.0,0.4,-93.4,0.0,0.0,93.5,0.0,21.700000000000003,13.3,13.3,13.5,300.0,300.0,26.4,30.1,24.5,23.8,25.6,,,,,,,,,,,,,,,,,,,,,,,,
2026-08-06T15:22:18.207Z,8.372,6.84,0.0,0.0,0.0,32.0,0.0,0.0,0.0,0.0,0.0,0.0,0.0,0.0,0.0,0.0,9.0,7.0,1.0,0.0,0.0,0.0,0.0,0.0,0.0,0.0,2.0,12.0,1.0,12.01,5.01,2.51,1.49,0.0,0.1,0.0,0.4,0.0,-0.7000000000000001,-0.5,-1.2000000000000002,-93.4,0.0,0.0,93.4,0.0,21.9,13.5,13.5,13.6,300.0,300.0,26.4,30.1,24.5,23.8,25.6,,,,,,,,,,,,,,,,,,,,,,,,
2026-08-06T15:22:18.219Z,8.384,6.852,0.0,0.0,0.0,32.0,0.0,0.0,0.0,0.0,0.0,0.0,0.0,0.0,0.0,0.0,9.0,7.0,1.0,0.0,0.0,0.0,0.0,0.0,0.0,0.0,3.0,12.0,1.0,12.01,5.01,2.51,1.49,0.0,0.0,0.0,0.4,0.0,-0.7000000000000001,1.2000000000000002,0.0,-93.4,0.0,0.0,93.4,0.0,21.9,13.5,13.5,13.6,300.0,300.0,26.4,30.1,24.5,23.8,25.6,,,,,,,,,,,,,,,,,,,,,,,,
2026-08-06T15:22:18.231Z,8.396,6.864,0.0,0.0,0.0,32.0,0.0,0.0,0.0,0.0,0.0,0.0,0.0,0.0,0.0,0.0,9.0,7.0,1.0,0.0,0.0,0.0,0.0,0.0,0.0,0.0,4.0,12.0,1.0,12.01,5.01,2.51,1.49,0.0,0.0,0.0,0.4,0.0,0.4,-0.5,-0.6000000000000001,-93.4,0.0,0.0,93.5,0.0,21.9,13.5,13.5,13.6,300.0,300.0,26.4,30.1,24.5,23.8,25.6,,,,,,,,,,,,,,,,,,,,,,,,
2026-08-06T15:22:18.243Z,8.408,6.876,0.0,0.0,0.0,32.0,0.0,0.0,0.0,0.0,0.0,0.0,0.0,0.0,0.0,0.0,9.0,7.0,1.0,0.0,0.0,0.0,0.0,0.0,0.0,0.0,6.0,12.0,1.0,12.01,5.01,2.51,1.49,0.0,0.0,0.0,0.4,0.0,-0.2,-0.5,-0.1,-93.4,0.0,0.0,93.5,0.0,21.9,13.5,13.5,13.6,300.0,300.0,26.4,30.1,24.5,23.8,25.6,,,,,,,,,,,,,,,,,,,,,,,,
2026-08-06T15:22:18.256Z,8.421,6.888,0.0,0.0,0.0,32.0,0.0,0.0,0.0,0.0,0.0,0.0,0.0,0.0,0.0,0.0,9.0,7.0,1.0,0.0,0.0,0.0,0.0,0.0,0.0,0.0,1.0,12.0,1.0,12.01,5.01,2.51,1.49,0.0,0.0,0.0,0.4,0.0,-0.2,0.0,0.4,-93.4,0.0,0.0,93.5,0.0,21.9,13.5,13.5,13.6,300.0,300.0,26.4,30.1,24.5,23.8,25.6,,,,,,,,,,,,,,,,,,,,,,,,
2026-08-06T15:22:18.268Z,8.433,6.9,0.0,0.0,0.0,32.0,0.0,0.0,0.0,0.0,0.0,0.0,0.0,0.0,0.0,0.0,9.0,7.0,1.0,0.0,0.0,0.0,0.0,0.0,0.0,0.0,2.0,12.0,1.0,12.01,5.01,2.51,1.49,0.0,0.0,0.0,0.4,0.0,0.3,0.0,-0.7000000000000001,-93.4,0.0,0.0,93.4,0.0,21.9,13.5,13.5,13.6,300.0,300.0,26.4,30.1,24.5,23.8,25.6,,,,,,,,,,,,,,,,,,,,,,,,
2026-08-06T15:22:18.279Z,8.444,6.912,0.0,0.0,0.0,32.0,0.0,0.0,0.0,0.0,0.0,0.0,0.0,0.0,0.0,0.0,9.0,7.0,1.0,0.0,0.0,0.0,0.0,0.0,0.0,0.0,3.0,12.0,1.0,12.01,5.01,2.51,1.49,0.0,0.0,0.0,0.5,0.0,-0.2,0.0,0.4,-93.4,0.0,0.0,93.5,0.0,21.9,13.5,13.5,13.6,300.0,300.0,26.4,30.1,24.5,23.8,25.6,,,,,,,,,,,,,,,,,,,,,,,,
2026-08-06T15:22:18.292Z,8.457,6.924,0.0,0.0,0.0,32.0,0.0,0.0,0.0,0.0,0.0,0.0,0.0,0.0,0.0,0.0,9.0,7.0,1.0,0.0,0.0,0.0,0.0,0.0,0.0,0.0,3.0,12.0,1.0,12.01,5.01,2.51,1.49,0.0,0.0,0.0,0.4,0.0,-0.2,0.6000000000000001,-0.1,-93.4,0.0,0.0,93.4,0.0,21.9,13.5,13.5,13.6,300.0,300.0,26.4,30.1,24.5,23.8,25.6,,,,,,,,,,,,,,,,,,,,,,,,
2026-08-06T15:22:18.305Z,8.47,6.936,0.0,0.0,0.0,32.0,0.0,0.0,0.0,0.0,0.0,0.0,0.0,0.0,0.0,0.0,9.0,7.0,1.0,0.0,0.0,0.0,0.0,0.0,0.0,0.0,5.0,12.0,1.0,12.05,5.01,2.5,1.49,0.0,0.0,0.0,0.4,0.0,0.3,1.2000000000000002,0.4,-93.4,0.0,0.0,93.5,0.0,21.200000000000003,13.6,13.6,13.7,300.0,300.0,26.4,30.1,24.5,23.8,25.6,,,,,,,,,,,,,,,,,,,,,,,,
2026-08-06T15:22:18.315Z,8.48,6.948,0.0,0.0,0.0,32.0,0.0,0.0,0.0,0.0,0.0,0.0,0.0,0.0,0.0,0.0,9.0,7.0,1.0,0.0,0.0,0.0,0.0,0.0,0.0,0.0,6.0,12.0,1.0,12.05,5.01,2.5,1.49,0.0,0.0,0.0,0.4,0.0,-0.2,0.1,0.0,-93.4,0.0,0.0,93.3,0.0,21.200000000000003,13.6,13.6,13.7,300.0,300.0,26.4,30.1,24.5,23.8,25.6,,,,,,,,,,,,,,,,,,,,,,,,
2026-08-06T15:22:18.327Z,8.492,6.96,0.0,0.0,0.0,32.0,0.0,0.0,0.0,0.0,0.0,0.0,0.0,0.0,0.0,0.0,9.0,7.0,1.0,0.0,0.0,0.0,0.0,0.0,0.0,0.0,1.0,12.0,1.0,12.05,5.01,2.5,1.49,0.0,0.0,0.0,0.4,0.0,-0.8,0.1,-0.7000000000000001,-93.4,0.0,0.0,93.5,0.0,21.200000000000003,13.6,13.6,13.7,300.0,300.0,26.4,30.1,24.5,23.8,25.6,,,,,,,,,,,,,,,,,,,,,,,,
2026-08-06T15:22:18.339Z,8.504,6.972,0.0,0.0,0.0,32.0,0.0,0.0,0.0,0.0,0.0,0.0,0.0,0.0,0.0,0.0,9.0,7.0,1.0,0.0,0.0,0.0,0.0,0.0,0.0,0.0,2.0,12.0,1.0,12.05,5.01,2.5,1.49,0.0,0.0,0.0,0.5,0.0,-0.2,-0.4,0.4,-93.4,0.0,0.0,93.5,0.0,21.200000000000003,13.6,13.6,13.7,300.0,300.0,26.4,30.1,24.5,23.8,25.6,,,,,,,,,,,,,,,,,,,,,,,,
2026-08-06T15:22:18.351Z,8.516,6.984,0.0,0.0,0.0,32.0,0.0,0.0,0.0,0.0,0.0,0.0,0.0,0.0,0.0,0.0,9.0,7.0,1.0,0.0,0.0,0.0,0.0,0.0,0.0,0.0,3.0,12.0,1.0,12.05,5.01,2.5,1.49,0.0,0.0,0.0,0.4,0.0,-0.8,0.1,-1.7000000000000002,-93.4,0.0,0.0,93.5,0.0,21.200000000000003,13.6,13.6,13.7,300.0,300.0,26.4,30.1,24.5,23.8,25.6,,,,,,,,,,,,,,,,,,,,,,,,
2026-08-06T15:22:18.363Z,8.528,6.996,0.0,0.0,0.0,32.0,0.0,0.0,0.0,0.0,0.0,0.0,0.0,0.0,0.0,0.0,9.0,7.0,1.0,0.0,0.0,0.0,0.0,0.0,0.0,0.0,5.0,12.0,1.0,12.05,5.01,2.5,1.49,0.0,0.0,0.0,0.4,0.0,-0.2,-0.4,0.5,-93.4,0.0,0.0,93.5,0.0,21.200000000000003,13.6,13.6,13.7,300.0,300.0,26.4,30.1,24.5,23.8,25.6,,,,,,,,,,,,,,,,,,,,,,,,
2026-08-06T15:22:18.376Z,8.541,7.008,0.0,0.0,0.0,32.0,0.0,0.0,0.0,0.0,0.0,0.0,0.0,0.0,0.0,0.0,9.0,7.0,1.0,0.0,0.0,0.0,0.0,0.0,0.0,0.0,6.0,12.0,1.0,12.05,5.01,2.5,1.49,0.0,0.0,0.0,0.4,0.0,0.8,-0.4,-1.2000000000000002,-93.4,0.0,0.0,93.5,0.0,21.200000000000003,13.6,13.6,13.7,300.0,300.0,26.4,30.1,24.5,23.8,25.6,,,,,,,,,,,,,,,,,,,,,,,,
2026-08-06T15:22:18.387Z,8.552,7.0200000000000005,0.0,0.0,0.0,32.0,0.0,0.0,0.0,0.0,0.0,0.0,0.0,0.0,0.0,0.0,9.0,7.0,1.0,0.0,0.0,0.0,0.0,0.0,0.0,0.0,1.0,12.0,1.0,12.05,5.01,2.5,1.49,0.0,0.0,0.0,0.4,0.0,0.2,-0.4,0.4,-93.4,0.0,0.0,93.5,0.0,21.200000000000003,13.6,13.6,13.7,300.0,300.0,26.4,30.1,24.5,23.8,25.6,,,,,,,,,,,,,,,,,,,,,,,,
2026-08-06T15:22:18.399Z,8.564,7.032,0.0,0.0,0.0,32.0,0.0,0.0,0.0,0.0,0.0,0.0,0.0,0.0,0.0,0.0,9.0,7.0,1.0,0.0,0.0,0.0,0.0,0.0,0.0,0.0,2.0,12.0,1.0,12.05,5.01,2.5,1.49,0.0,0.0,0.0,0.4,0.0,-0.8,1.2000000000000002,1.1,-93.4,0.0,0.0,93.5,0.0,21.200000000000003,13.6,13.6,13.7,300.0,300.0,26.4,30.1,24.5,23.8,25.6,,,,,,,,,,,,,,,,,,,,,,,,
2026-08-06T15:22:18.411Z,8.576,7.0440000000000005,0.0,0.0,0.0,32.0,0.0,0.0,0.0,0.0,0.0,0.0,0.0,0.0,0.0,0.0,9.0,7.0,1.0,0.0,0.0,0.0,0.0,0.0,0.0,0.0,4.0,12.0,1.0,12.02,5.0200000000000005,2.51,1.49,0.0,0.0,0.0,0.4,0.0,-0.3,0.6000000000000001,0.0,-93.4,0.0,0.0,93.4,0.0,21.8,13.7,13.7,13.9,300.0,300.0,26.5,30.1,24.5,23.8,25.6,,,,,,,,,,,,,,,,,,,,,,,,
2026-08-06T15:22:18.423Z,8.588,7.056,0.0,0.0,0.0,32.0,0.0,0.0,0.0,0.0,0.0,0.0,0.0,0.0,0.0,0.0,9.0,7.0,1.0,0.0,0.0,0.0,0.0,0.0,0.0,0.0,5.0,12.0,1.0,12.02,5.0200000000000005,2.51,1.49,0.0,0.0,0.0,0.4,0.0,0.8,-0.4,0.4,-93.4,0.0,0.0,93.4,0.0,21.8,13.7,13.7,13.9,300.0,300.0,26.5,30.1,24.5,23.8,25.6,,,,,,,,,,,,,,,,,,,,,,,,
2026-08-06T15:22:18.436Z,8.601,7.0680000000000005,0.0,0.0,0.0,32.0,0.0,0.0,0.0,0.0,0.0,0.0,0.0,0.0,0.0,0.0,9.0,7.0,1.0,0.0,0.0,0.0,0.0,0.0,0.0,0.0,6.0,12.0,1.0,12.02,5.0200000000000005,2.51,1.49,0.0,0.1,0.0,0.4,0.0,0.8,-0.5,-0.7000000000000001,-93.4,0.0,0.0,93.5,0.0,21.8,13.7,13.7,13.9,300.0,300.0,26.5,30.1,24.5,23.8,25.6,,,,,,,,,,,,,,,,,,,,,,,,
2026-08-06T15:22:18.448Z,8.613,7.08,0.0,0.0,0.0,32.0,0.0,0.0,0.0,0.0,0.0,0.0,0.0,0.0,0.0,0.0,9.0,7.0,1.0,0.0,0.0,0.0,0.0,0.0,0.0,0.0,1.0,12.0,1.0,12.02,5.0200000000000005,2.51,1.49,0.0,0.1,0.0,0.4,0.0,0.2,0.0,-0.7000000000000001,-93.4,0.0,0.0,93.5,0.0,21.8,13.7,13.7,13.9,300.0,300.0,26.5,30.1,24.5,23.8,25.6,,,,,,,,,,,,,,,,,,,,,,,,
2026-08-06T15:22:18.460Z,8.625,7.0920000000000005,0.0,0.0,0.0,32.0,0.0,0.0,0.0,0.0,0.0,0.0,0.0,0.0,0.0,0.0,9.0,7.0,1.0,0.0,0.0,0.0,0.0,0.0,0.0,0.0,3.0,12.0,1.0,12.02,5.0200000000000005,2.51,1.49,0.0,0.0,0.0,0.4,0.0,-0.3,0.0,0.4,-93.4,0.0,0.0,93.5,0.0,21.8,13.7,13.7,13.9,300.0,300.0,26.5,30.1,24.5,23.8,25.6,,,,,,,,,,,,,,,,,,,,,,,,
2026-08-06T15:22:18.471Z,8.636,7.104,0.0,0.0,0.0,32.0,0.0,0.0,0.0,0.0,0.0,0.0,0.0,0.0,0.0,0.0,9.0,7.0,1.0,0.0,0.0,0.0,0.0,0.0,0.0,0.0,4.0,12.0,1.0,12.02,5.0200000000000005,2.51,1.49,0.0,0.0,0.0,0.4,0.0,0.3,-0.4,1.0,-93.4,0.0,0.0,93.4,0.0,21.8,13.7,13.7,13.9,300.0,300.0,26.5,30.1,24.5,23.8,25.6,,,,,,,,,,,,,,,,,,,,,,,,
2026-08-06T15:22:18.483Z,8.648,7.1160000000000005,0.0,0.0,0.0,32.0,0.0,0.0,0.0,0.0,0.0,0.0,0.0,0.0,0.0,0.0,9.0,7.0,1.0,0.0,0.0,0.0,0.0,0.0,0.0,0.0,6.0,12.0,1.0,12.02,5.0200000000000005,2.51,1.49,0.0,0.0,0.0,0.4,0.0,0.8,0.0,1.0,-93.4,0.0,0.0,93.5,0.0,21.8,13.7,13.7,13.9,300.0,300.0,26.5,30.1,24.5,23.8,25.6,,,,,,,,,,,,,,,,,,,,,,,,
2026-08-06T15:22:18.495Z,8.66,7.128,0.0,0.0,0.0,32.0,0.0,0.0,0.0,0.0,0.0,0.0,0.0,0.0,0.0,0.0,9.0,7.0,1.0,0.0,0.0,0.0,0.0,0.0,0.0,0.0,1.0,12.0,1.0,12.02,5.0200000000000005,2.51,1.49,0.0,0.0,0.0,0.4,0.0,-0.9,0.0,1.0,-93.4,0.0,0.0,93.5,0.0,21.8,13.7,13.7,13.9,300.0,300.0,26.5,30.1,24.5,23.8,25.6,,,,,,,,,,,,,,,,,,,,,,,,
2026-08-06T15:22:18.509Z,8.674,7.140000000000001,0.0,0.0,0.0,32.0,0.0,0.0,0.0,0.0,0.0,0.0,0.0,0.0,0.0,0.0,9.0,7.0,1.0,0.0,0.0,0.0,0.0,0.0,0.0,0.0,3.0,12.0,1.0,12.04,5.01,2.51,1.49,0.0,0.0,0.0,0.4,0.0,0.2,1.2000000000000002,-0.1,-93.4,0.0,0.0,93.3,0.0,22.1,13.9,13.9,14.0,300.0,300.0,26.5,30.1,24.5,23.8,25.6,,,,,,,,,,,,,,,,,,,,,,,,
2026-08-06T15:22:18.520Z,8.685,7.152,0.0,0.0,0.0,32.0,0.0,0.0,0.0,0.0,0.0,0.0,0.0,0.0,0.0,0.0,9.0,7.0,1.0,0.0,0.0,0.0,0.0,0.0,0.0,0.0,5.0,12.0,1.0,12.04,5.01,2.51,1.49,0.0,0.0,0.0,0.4,0.0,0.2,0.6000000000000001,-0.1,-93.4,0.0,0.0,93.5,0.0,22.1,13.9,13.9,14.0,300.0,300.0,26.5,30.1,24.5,23.8,25.6,,,,,,,,,,,,,,,,,,,,,,,,
2026-08-06T15:22:18.531Z,8.696,7.164000000000001,0.0,0.0,0.0,32.0,0.0,0.0,0.0,0.0,0.0,0.0,0.0,0.0,0.0,0.0,9.0,7.0,1.0,0.0,0.0,0.0,0.0,0.0,0.0,0.0,6.0,12.0,1.0,12.04,5.01,2.51,1.49,0.0,0.0,0.0,0.4,0.0,-0.2,-1.7000000000000002,0.4,-93.4,0.0,0.0,93.5,0.0,22.1,13.9,13.9,14.0,300.0,300.0,26.5,30.1,24.5,23.8,25.6,,,,,,,,,,,,,,,,,,,,,,,,
2026-08-06T15:22:18.543Z,8.708,7.176,0.0,0.0,0.0,32.0,0.0,0.0,0.0,0.0,0.0,0.0,0.0,0.0,0.0,0.0,9.0,7.0,1.0,0.0,0.0,0.0,0.0,0.0,0.0,0.0,2.0,12.0,1.0,12.04,5.01,2.51,1.49,0.0,0.0,0.0,0.4,0.0,-0.8,-0.5,0.4,-93.4,0.0,0.0,93.5,0.0,22.1,13.9,13.9,14.0,300.0,300.0,26.5,30.1,24.5,23.8,25.6,,,,,,,,,,,,,,,,,,,,,,,,
2026-08-06T15:22:18.555Z,8.72,7.188,0.0,0.0,0.0,32.0,0.0,0.0,0.0,0.0,0.0,1.0,0.0,0.0,0.0,0.0,9.0,7.0,1.0,0.0,0.0,0.0,0.0,0.0,0.0,0.0,3.0,12.0,1.0,12.04,5.01,2.51,1.49,0.0,0.0,0.0,0.4,0.0,0.8,1.1,-0.1,-93.4,0.0,0.0,93.5,0.0,22.1,13.9,13.9,14.0,300.0,300.0,26.5,30.1,24.5,23.8,25.6,,,,,,,,,,,,,,,,,,,,,,,,
2026-08-06T15:22:18.568Z,8.733,7.2,0.0,0.0,0.0,32.0,0.0,0.0,0.0,0.0,0.0,1.0,0.0,0.0,0.0,0.0,9.0,7.0,1.0,0.0,0.0,0.0,0.0,0.0,0.0,0.0,4.0,12.0,1.0,12.04,5.01,2.51,1.49,0.0,0.0,0.0,0.4,0.0,0.8,-1.1,0.4,-93.4,0.0,0.0,93.5,0.0,22.1,13.9,13.9,14.0,300.0,300.0,26.5,30.1,24.5,23.8,25.6,,,,,,,,,,,,,,,,,,,,,,,,
2026-08-06T15:22:18.580Z,8.745,7.212,0.0,0.0,0.0,32.0,0.0,0.0,0.0,0.0,0.0,1.0,0.0,0.0,0.0,0.0,9.0,7.0,1.0,0.0,0.0,0.0,0.0,0.0,0.0,0.0,4.0,12.0,1.0,12.04,5.01,2.51,1.49,0.0,0.0,0.0,0.4,0.0,-0.3,0.0,-0.7000000000000001,-93.4,0.0,0.0,93.4,0.0,22.1,13.9,13.9,14.0,300.0,300.0,26.5,30.1,24.5,23.8,25.6,,,,,,,,,,,,,,,,,,,,,,,,
2026-08-06T15:22:18.591Z,8.756,7.224,0.0,0.0,0.0,32.0,0.0,0.0,0.0,0.0,0.0,1.0,0.0,0.0,0.0,0.0,9.0,7.0,1.0,0.0,0.0,0.0,0.0,0.0,0.0,0.0,6.0,12.0,1.0,12.04,5.01,2.51,1.49,0.0,0.0,0.0,0.4,0.0,0.2,1.1,1.5,-93.4,0.0,0.0,93.5,0.0,22.1,13.9,13.9,14.0,300.0,300.0,26.5,30.1,24.5,23.8,25.6,,,,,,,,,,,,,,,,,,,,,,,,
2026-08-06T15:22:18.604Z,8.769,7.236,0.0,0.0,0.0,32.0,0.0,0.0,0.0,0.0,0.0,1.0,0.0,0.0,0.0,0.0,9.0,7.0,1.0,0.0,0.0,0.0,0.0,0.0,0.0,0.0,1.0,12.0,1.0,12.04,5.01,2.51,1.49,0.0,0.0,0.0,0.4,0.0,-0.2,0.6000000000000001,0.4,-93.4,0.0,0.0,93.5,0.0,22.1,13.9,13.9,14.0,300.0,300.0,26.5,30.1,24.5,23.8,25.6,,,,,,,,,,,,,,,,,,,,,,,,
2026-08-06T15:22:18.615Z,8.78,7.248,0.0,0.0,0.0,32.0,0.0,0.0,0.0,0.0,0.0,1.0,0.0,0.0,0.0,0.0,9.0,7.0,1.0,0.0,0.0,0.0,0.0,0.0,0.0,0.0,2.0,12.0,1.0,12.02,5.01,2.5,1.5,0.0,0.0,0.0,0.4,0.0,-0.2,-0.5,-0.1,-93.4,0.0,0.0,93.3,0.0,21.8,14.0,14.0,14.2,300.0,300.0,26.5,30.1,24.5,23.8,25.6,,,,,,,,,,,,,,,,,,,,,,,,
2026-08-06T15:22:18.627Z,8.792,7.26,0.0,0.0,0.0,32.0,0.0,0.0,0.0,0.0,0.0,1.0,0.0,0.0,0.0,0.0,9.0,7.0,1.0,0.0,0.0,0.0,0.0,0.0,0.0,0.0,4.0,12.0,1.0,12.02,5.01,2.5,1.5,0.0,0.0,0.0,0.4,0.0,0.3,-0.5,-0.8,-93.4,0.0,0.0,93.5,0.0,21.8,14.0,14.0,14.2,300.0,300.0,26.5,30.1,24.5,23.8,25.6,,,,,,,,,,,,,,,,,,,,,,,,
2026-08-06T15:22:18.639Z,8.804,7.272,0.0,0.0,0.0,32.0,0.0,0.0,0.0,0.0,0.0,1.0,0.0,0.0,0.0,0.0,9.0,7.0,1.0,0.0,0.0,0.0,0.0,0.0,0.0,0.0,5.0,12.0,1.0,12.02,5.01,2.5,1.5,0.0,0.1,0.0,0.4,0.0,0.3,0.6000000000000001,-0.1,-93.4,0.0,0.0,93.5,0.0,21.8,14.0,14.0,14.2,300.0,300.0,26.5,30.1,24.5,23.8,25.6,,,,,,,,,,,,,,,,,,,,,,,,
2026-08-06T15:22:18.651Z,8.816,7.284,0.0,0.0,0.0,32.0,0.0,0.0,0.0,0.0,0.0,1.0,0.0,0.0,0.0,0.0,9.0,7.0,1.0,0.0,0.0,0.0,0.0,0.0,0.0,0.0,1.0,12.0,1.0,12.02,5.01,2.5,1.5,0.0,0.0,0.0,0.4,0.0,-0.2,0.0,-0.1,-93.4,0.0,0.0,93.5,0.0,21.8,14.0,14.0,14.2,300.0,300.0,26.5,30.1,24.5,23.8,25.6,,,,,,,,,,,,,,,,,,,,,,,,
2026-08-06T15:22:18.663Z,8.828,7.296,0.0,0.0,0.0,32.0,0.0,0.0,0.0,0.0,0.0,1.0,0.0,0.0,0.0,0.0,9.0,7.0,1.0,0.0,0.0,0.0,0.0,0.0,0.0,0.0,2.0,12.0,1.0,12.02,5.01,2.5,1.5,0.0,0.0,0.0,0.4,0.0,-0.8,0.5,-0.1,-93.4,0.0,0.0,93.5,0.0,21.8,14.0,14.0,14.2,300.0,300.0,26.5,30.1,24.5,23.8,25.6,,,,,,,,,,,,,,,,,,,,,,,,
2026-08-06T15:22:18.675Z,8.84,7.308,0.0,0.0,0.0,32.0,0.0,0.0,0.0,0.0,0.0,1.0,0.0,0.0,0.0,0.0,9.0,7.0,1.0,0.0,0.0,0.0,0.0,0.0,0.0,0.0,3.0,12.0,1.0,12.02,5.01,2.5,1.5,0.0,0.0,0.0,0.4,0.0,0.2,0.0,1.0,-93.4,0.0,0.0,93.4,0.0,21.8,14.0,14.0,14.2,300.0,300.0,26.5,30.1,24.5,23.8,25.6,,,,,,,,,,,,,,,,,,,,,,,,
2026-08-06T15:22:18.687Z,8.852,7.32,0.0,0.0,0.0,32.0,0.0,0.0,0.0,0.0,0.0,1.0,0.0,0.0,0.0,0.0,9.0,7.0,1.0,0.0,0.0,0.0,0.0,0.0,0.0,0.0,4.0,12.0,1.0,12.02,5.01,2.5,1.5,0.0,0.0,0.0,0.4,0.0,0.2,1.1,-0.7000000000000001,-93.4,0.0,0.0,93.5,0.0,21.8,14.0,14.0,14.2,300.0,300.0,26.5,30.1,24.5,23.8,25.6,,,,,,,,,,,,,,,,,,,,,,,,
2026-08-06T15:22:18.699Z,8.864,7.332,0.0,0.0,0.0,32.0,0.0,0.0,0.0,0.0,0.0,1.0,0.0,0.0,0.0,0.0,9.0,7.0,1.0,0.0,0.0,0.0,0.0,0.0,0.0,0.0,6.0,12.0,1.0,12.02,5.01,2.5,1.5,0.0,0.0,0.0,0.4,0.0,-0.3,0.0,-1.3,-93.4,0.0,0.0,93.5,0.0,21.8,14.0,14.0,14.2,300.0,300.0,26.5,30.1,24.5,23.8,25.6,,,,,,,,,,,,,,,,,,,,,,,,
2026-08-06T15:22:18.713Z,8.878,7.344,0.0,0.0,0.0,32.0,0.0,0.0,0.0,0.0,0.0,1.0,0.0,0.0,0.0,0.0,9.0,7.0,1.0,0.0,0.0,0.0,0.0,0.0,0.0,0.0,1.0,12.0,1.0,12.04,5.0200000000000005,2.51,1.49,0.0,0.0,0.0,0.4,0.0,-0.3,0.5,1.0,-93.4,0.0,0.0,93.3,0.0,21.4,14.2,14.2,14.3,300.0,300.0,26.5,30.1,24.5,23.8,25.6,,,,,,,,,,,,,,,,,,,,,,,,
2026-08-06T15:22:18.723Z,8.888,7.356,0.0,0.0,0.0,32.0,0.0,0.0,0.0,0.0,0.0,1.0,0.0,0.0,0.0,0.0,9.0,7.0,1.0,0.0,0.0,0.0,0.0,0.0,0.0,0.0,3.0,12.0,1.0,12.04,5.0200000000000005,2.51,1.49,0.0,0.0,0.0,0.5,0.0,-0.9,-1.2000000000000002,0.4,-93.4,0.0,0.0,93.3,0.0,21.4,14.2,14.2,14.3,300.0,300.0,26.5,30.1,24.5,23.8,25.6,,,,,,,,,,,,,,,,,,,,,,,,
2026-08-06T15:22:18.736Z,8.901,7.368,0.0,0.0,0.0,32.0,0.0,0.0,0.0,0.0,0.0,1.0,0.0,0.0,0.0,0.0,9.0,7.0,1.0,0.0,0.0,0.0,0.0,0.0,0.0,0.0,5.0,12.0,1.0,12.04,5.0200000000000005,2.51,1.49,0.0,0.0,0.0,0.4,0.0,0.2,0.5,1.5,-93.4,0.0,0.0,93.5,0.0,21.4,14.2,14.2,14.3,300.0,300.0,26.5,30.1,24.5,23.8,25.6,,,,,,,,,,,,,,,,,,,,,,,,
2026-08-06T15:22:18.747Z,8.912,7.38,0.0,0.0,0.0,32.0,0.0,0.0,0.0,0.0,0.0,1.0,0.0,0.0,0.0,0.0,9.0,7.0,1.0,0.0,0.0,0.0,0.0,0.0,0.0,0.0,6.0,12.0,1.0,12.04,5.0200000000000005,2.51,1.49,0.0,0.0,0.0,0.4,0.0,-0.3,0.5,-0.1,-93.4,0.0,0.0,93.5,0.0,21.4,14.2,14.2,14.3,300.0,300.0,26.5,30.1,24.5,23.8,25.6,,,,,,,,,,,,,,,,,,,,,,,,
2026-08-06T15:22:18.759Z,8.924,7.392,0.0,0.0,0.0,32.0,0.0,0.0,0.0,0.0,0.0,1.0,0.0,0.0,0.0,0.0,9.0,7.0,1.0,0.0,0.0,0.0,0.0,0.0,0.0,0.0,1.0,12.0,1.0,12.04,5.0200000000000005,2.51,1.49,0.0,0.0,0.0,0.4,0.0,-0.3,0.0,-0.1,-93.4,0.0,0.0,93.5,0.0,21.4,14.2,14.2,14.3,300.0,300.0,26.5,30.1,24.5,23.8,25.6,,,,,,,,,,,,,,,,,,,,,,,,
2026-08-06T15:22:18.771Z,8.936,7.404,0.0,0.0,0.0,32.0,0.0,0.0,0.0,0.0,0.0,1.0,0.0,0.0,0.0,0.0,9.0,7.0,1.0,0.0,0.0,0.0,0.0,0.0,0.0,0.0,1.0,12.0,1.0,12.04,5.0200000000000005,2.51,1.49,0.0,0.0,0.0,0.4,0.0,0.2,0.0,1.5,-93.4,0.0,0.0,93.4,0.0,21.4,14.2,14.2,14.3,300.0,300.0,26.5,30.1,24.5,23.8,25.6,,,,,,,,,,,,,,,,,,,,,,,,
2026-08-06T15:22:18.783Z,8.948,7.416,0.0,0.0,0.0,32.0,0.0,0.0,0.0,0.0,0.0,1.0,0.0,0.0,0.0,0.0,9.0,7.0,1.0,0.0,0.0,0.0,0.0,0.0,0.0,0.0,3.0,12.0,1.0,12.04,5.0200000000000005,2.51,1.49,0.0,0.0,0.0,0.4,0.0,0.2,0.5,0.4,-93.4,0.0,0.0,93.4,0.0,21.4,14.2,14.2,14.3,300.0,300.0,26.5,30.1,24.5,23.8,25.6,,,,,,,,,,,,,,,,,,,,,,,,
2026-08-06T15:22:18.795Z,8.96,7.428,0.0,0.0,0.0,32.0,0.0,0.0,0.0,0.0,0.0,1.0,0.0,0.0,0.0,0.0,9.0,7.0,1.0,0.0,0.0,0.0,0.0,0.0,0.0,0.0,4.0,12.0,1.0,12.04,5.0200000000000005,2.51,1.49,0.0,0.0,0.0,0.4,0.0,-0.9,0.0,-0.1,-93.4,0.0,0.0,93.5,0.0,21.4,14.2,14.2,14.3,300.0,300.0,26.5,30.1,24.5,23.8,25.6,,,,,,,,,,,,,,,,,,,,,,,,
2026-08-06T15:22:18.808Z,8.973,7.44,0.0,0.0,0.0,32.0,0.0,0.0,0.0,0.0,0.0,1.0,0.0,0.0,0.0,0.0,9.0,7.0,1.0,0.0,0.0,0.0,0.0,0.0,0.0,0.0,5.0,12.0,1.0,12.04,5.0200000000000005,2.51,1.49,0.0,0.0,0.0,0.4,0.0,-0.9,-0.6000000000000001,-0.1,-93.4,0.0,0.0,93.5,0.0,21.4,14.2,14.2,14.3,300.0,300.0,26.5,30.1,24.5,23.8,25.6,,,,,,,,,,,,,,,,,,,,,,,,
2026-08-06T15:22:18.819Z,8.984,7.452,0.0,0.0,0.0,32.0,0.0,0.0,0.0,0.0,0.0,1.0,0.0,0.0,0.0,0.0,9.0,7.0,1.0,0.0,0.0,0.0,0.0,0.0,0.0,0.0,1.0,12.0,1.0,12.02,5.01,2.51,1.5,0.0,0.0,0.0,0.4,0.0,-0.3,-1.2000000000000002,-0.1,-93.4,0.0,0.0,93.4,0.0,21.4,14.3,14.3,14.4,300.0,300.0,26.5,30.1,24.5,23.700000000000003,25.6,,,,,,,,,,,,,,,,,,,,,,,,
2026-08-06T15:22:18.832Z,8.997,7.464,0.0,0.0,0.0,32.0,0.0,0.0,0.0,0.0,0.0,1.0,0.0,0.0,0.0,0.0,9.0,7.0,1.0,0.0,0.0,0.0,0.0,0.0,0.0,0.0,2.0,12.0,1.0,12.02,5.01,2.51,1.5,0.0,0.0,0.0,0.4,0.0,-0.9,0.0,-0.1,-93.4,0.0,0.0,93.5,0.0,21.4,14.3,14.3,14.4,300.0,300.0,26.5,30.1,24.5,23.700000000000003,25.6,,,,,,,,,,,,,,,,,,,,,,,,
2026-08-06T15:22:18.843Z,9.008,7.476,0.0,0.0,0.0,32.0,0.0,0.0,0.0,0.0,0.0,1.0,0.0,0.0,0.0,0.0,9.0,7.0,1.0,0.0,0.0,0.0,0.0,0.0,0.0,0.0,3.0,12.0,1.0,12.02,5.01,2.51,1.5,0.0,0.0,0.0,0.4,0.0,-0.3,0.0,1.0,-93.4,0.0,0.0,93.5,0.0,21.4,14.3,14.3,14.4,300.0,300.0,26.5,30.1,24.5,23.700000000000003,25.6,,,,,,,,,,,,,,,,,,,,,,,,
2026-08-06T15:22:18.855Z,9.02,7.488,0.0,0.0,0.0,32.0,0.0,0.0,0.0,0.0,0.0,1.0,0.0,0.0,0.0,0.0,9.0,7.0,1.0,0.0,0.0,0.0,0.0,0.0,0.0,0.0,4.0,12.0,1.0,12.02,5.01,2.51,1.5,0.0,0.0,0.0,0.4,0.0,-0.9,0.5,-1.2000000000000002,-93.4,0.0,0.0,93.4,0.0,21.4,14.3,14.3,14.4,300.0,300.0,26.5,30.1,24.5,23.700000000000003,25.6,,,,,,,,,,,,,,,,,,,,,,,,
2026-08-06T15:22:18.867Z,9.032,7.5,0.0,0.0,0.0,32.0,0.0,0.0,0.0,0.0,0.0,1.0,0.0,0.0,0.0,0.0,9.0,7.0,1.0,0.0,0.0,0.0,0.0,0.0,0.0,0.0,6.0,12.0,1.0,12.02,5.01,2.51,1.5,0.0,0.0,0.0,0.4,0.0,0.8,0.5,-0.6000000000000001,-93.4,0.0,0.0,93.5,0.0,21.4,14.3,14.3,14.4,300.0,300.0,26.5,30.1,24.5,23.700000000000003,25.6,,,,,,,,,,,,,,,,,,,,,,,,
2026-08-06T15:22:18.880Z,9.045,7.512,0.0,0.0,0.0,32.0,0.0,0.0,0.0,0.0,0.0,1.0,0.0,0.0,0.0,0.0,9.0,7.0,1.0,0.0,0.0,0.0,0.0,0.0,0.0,0.0,1.0,12.0,1.0,12.02,5.01,2.51,1.5,0.0,0.0,0.0,0.4,0.0,-0.3,0.0,0.4,-93.4,0.0,0.0,93.5,0.0,21.4,14.3,14.3,14.4,300.0,300.0,26.5,30.1,24.5,23.700000000000003,25.6,,,,,,,,,,,,,,,,,,,,,,,,
2026-08-06T15:22:18.891Z,9.056,7.524,0.0,0.0,0.0,32.0,0.0,0.0,0.0,0.0,0.0,1.0,0.0,0.0,0.0,0.0,9.0,7.0,1.0,0.0,0.0,0.0,0.0,0.0,0.0,0.0,1.0,12.0,1.0,12.02,5.01,2.51,1.5,0.0,0.0,0.0,0.4,0.0,-0.3,0.0,-0.1,-93.4,0.0,0.0,93.5,0.0,21.4,14.3,14.3,14.4,300.0,300.0,26.5,30.1,24.5,23.700000000000003,25.6,,,,,,,,,,,,,,,,,,,,,,,,
2026-08-06T15:22:18.903Z,9.068,7.536,0.0,0.0,0.0,32.0,0.0,0.0,0.0,0.0,0.0,1.0,0.0,0.0,0.0,0.0,9.0,7.0,1.0,0.0,0.0,0.0,0.0,0.0,0.0,0.0,3.0,12.0,1.0,12.02,5.01,2.51,1.5,0.0,0.0,0.0,0.4,0.0,-0.3,-0.5,-0.1,-93.4,0.0,0.0,93.5,0.0,21.4,14.3,14.3,14.4,300.0,300.0,26.5,30.1,24.5,23.700000000000003,25.6,,,,,,,,,,,,,,,,,,,,,,,,
2026-08-06T15:22:18.917Z,9.082,7.548,0.0,0.0,0.0,32.0,0.0,0.0,0.0,0.0,0.0,1.0,0.0,0.0,0.0,0.0,9.0,7.0,1.0,0.0,0.0,0.0,0.0,0.0,0.0,0.0,3.0,12.0,1.0,12.02,5.01,2.5,1.49,0.0,0.0,0.0,0.4,0.0,0.2,-0.6000000000000001,0.9,-93.4,0.0,0.0,93.5,0.0,21.8,14.4,14.4,14.6,300.0,300.0,26.4,30.1,24.5,23.8,25.6,,,,,,,,,,,,,,,,,,,,,,,,
2026-08-06T15:22:18.927Z,9.092,7.56,0.0,0.0,0.0,32.0,0.0,0.0,0.0,0.0,0.0,1.0,0.0,0.0,0.0,0.0,9.0,7.0,1.0,0.0,0.0,0.0,0.0,0.0,0.0,0.0,5.0,12.0,1.0,12.02,5.01,2.5,1.49,0.0,0.0,0.0,0.4,0.0,-0.9,0.5,-0.7000000000000001,-93.4,0.0,0.0,93.5,0.0,21.8,14.4,14.4,14.6,300.0,300.0,26.4,30.1,24.5,23.8,25.6,,,,,,,,,,,,,,,,,,,,,,,,
2026-08-06T15:22:18.939Z,9.104,7.572,0.0,0.0,0.0,32.0,0.0,0.0,0.0,0.0,0.0,1.0,0.0,0.0,0.0,0.0,9.0,7.0,1.0,0.0,0.0,0.0,0.0,0.0,0.0,0.0,5.0,12.0,1.0,12.02,5.01,2.5,1.49,0.0,0.0,0.0,0.4,0.0,-0.3,0.5,0.3,-93.4,0.0,0.0,93.5,0.0,21.8,14.4,14.4,14.6,300.0,300.0,26.4,30.1,24.5,23.8,25.6,,,,,,,,,,,,,,,,,,,,,,,,
2026-08-06T15:22:18.951Z,9.116,7.584,0.0,0.0,0.0,32.0,0.0,0.0,0.0,0.0,0.0,1.0,0.0,0.0,0.0,0.0,9.0,7.0,1.0,0.0,0.0,0.0,0.0,0.0,0.0,0.0,6.0,12.0,1.0,12.02,5.01,2.5,1.49,0.0,0.0,0.0,0.4,0.0,0.2,0.0,-0.2,-93.4,0.0,0.0,93.5,0.0,21.8,14.4,14.4,14.6,300.0,300.0,26.4,30.1,24.5,23.8,25.6,,,,,,,,,,,,,,,,,,,,,,,,
2026-08-06T15:22:18.963Z,9.128,7.596,0.0,0.0,0.0,32.0,0.0,0.0,0.0,0.0,0.0,1.0,0.0,0.0,0.0,0.0,9.0,7.0,1.0,0.0,0.0,0.0,0.0,0.0,0.0,0.0,2.0,12.0,1.0,12.02,5.01,2.5,1.49,0.0,0.0,0.0,0.4,0.0,-0.3,-0.6000000000000001,-0.8,-93.4,0.0,0.0,93.5,0.0,21.8,14.4,14.4,14.6,300.0,300.0,26.4,30.1,24.5,23.8,25.6,,,,,,,,,,,,,,,,,,,,,,,,
2026-08-06T15:22:18.975Z,9.14,7.608,0.0,0.0,0.0,32.0,0.0,0.0,0.0,0.0,0.0,1.0,0.0,0.0,0.0,0.0,9.0,7.0,1.0,0.0,0.0,0.0,0.0,0.0,0.0,0.0,3.0,12.0,1.0,12.02,5.01,2.5,1.49,0.0,0.0,0.0,0.4,0.0,0.8,0.4,1.5,-93.4,0.0,0.0,93.5,0.0,21.8,14.4,14.4,14.6,300.0,300.0,26.4,30.1,24.5,23.8,25.6,,,,,,,,,,,,,,,,,,,,,,,,
2026-08-06T15:22:18.988Z,9.153,7.62,0.0,0.0,0.0,32.0,0.0,0.0,0.0,0.0,0.0,1.0,0.0,0.0,0.0,0.0,9.0,7.0,1.0,0.0,0.0,0.0,0.0,0.0,0.0,0.0,4.0,12.0,1.0,12.02,5.01,2.5,1.49,0.0,0.0,0.0,0.4,0.0,0.3,1.6,-0.1,-93.4,0.0,0.0,93.4,0.0,21.8,14.4,14.4,14.6,300.0,300.0,26.4,30.1,24.5,23.8,25.6,,,,,,,,,,,,,,,,,,,,,,,,
2026-08-06T15:22:19.000Z,9.165,7.632000000000001,0.0,0.0,0.0,32.0,0.0,0.0,0.0,0.0,0.0,1.0,0.0,0.0,0.0,0.0,9.0,7.0,1.0,0.0,0.0,0.0,0.0,0.0,0.0,0.0,5.0,12.0,1.0,12.02,5.01,2.5,1.49,0.0,0.0,0.0,0.4,0.0,-0.8,0.0,-1.3,-93.4,0.0,0.0,93.5,0.0,21.8,14.4,14.4,14.6,300.0,300.0,26.4,30.1,24.5,23.8,25.6,,,,,,,,,,,,,,,,,,,,,,,,
2026-08-06T15:22:19.012Z,9.177,7.644,0.0,0.0,0.0,32.0,0.0,0.0,0.0,0.0,0.0,1.0,0.0,0.0,0.0,0.0,9.0,7.0,1.0,0.0,0.0,0.0,0.0,0.0,0.0,0.0,6.0,12.0,1.0,12.02,5.01,2.5,1.49,0.0,0.0,0.0,0.4,0.0,0.3,-0.1,-0.1,-93.4,0.0,0.0,93.3,0.0,21.8,14.4,14.4,14.6,300.0,300.0,26.4,30.1,24.5,23.8,25.6,,,,,,,,,,,,,,,,,,,,,,,,
2026-08-06T15:22:19.024Z,9.189,7.656000000000001,0.0,0.0,0.0,32.0,0.0,0.0,0.0,0.0,0.0,1.0,0.0,0.0,0.0,0.0,9.0,7.0,1.0,0.0,0.0,0.0,0.0,0.0,0.0,0.0,1.0,12.0,1.0,11.99,5.0200000000000005,2.5,1.5,0.0,0.0,0.0,0.4,0.0,0.3,-0.1,-0.7000000000000001,-93.4,0.0,0.0,93.4,0.0,21.8,14.5,14.5,14.7,300.0,300.0,26.6,30.200000000000003,24.5,23.8,25.6,,,,,,,,,,,,,,,,,,,,,,,,
2026-08-06T15:22:19.035Z,9.2,7.668,0.0,0.0,0.0,32.0,0.0,0.0,0.0,0.0,0.0,1.0,0.0,0.0,0.0,0.0,9.0,7.0,1.0,0.0,0.0,0.0,0.0,0.0,0.0,0.0,2.0,12.0,1.0,11.99,5.0200000000000005,2.5,1.5,0.0,0.0,0.0,0.4,0.0,-0.2,0.4,0.4,-93.4,0.0,0.0,93.5,0.0,21.8,14.5,14.5,14.7,300.0,300.0,26.6,30.200000000000003,24.5,23.8,25.6,,,,,,,,,,,,,,,,,,,,,,,,
2026-08-06T15:22:19.047Z,9.212,7.68,0.0,0.0,0.0,32.0,0.0,0.0,0.0,0.0,0.0,0.0,0.0,0.0,0.0,0.0,9.0,7.0,1.0,0.0,0.0,0.0,0.0,0.0,0.0,0.0,4.0,12.0,1.0,11.99,5.0200000000000005,2.5,1.5,0.0,0.0,0.0,0.4,0.0,-0.8,-1.2000000000000002,0.3,-93.4,0.0,0.0,93.5,0.0,21.8,14.5,14.5,14.7,300.0,300.0,26.6,30.200000000000003,24.5,23.8,25.6,,,,,,,,,,,,,,,,,,,,,,,,
2026-08-06T15:22:19.059Z,9.224,7.692,0.0,0.0,0.0,32.0,0.0,0.0,0.0,0.0,0.0,0.0,0.0,0.0,0.0,0.0,9.0,7.0,1.0,0.0,0.0,0.0,0.0,0.0,0.0,0.0,5.0,12.0,1.0,11.99,5.0200000000000005,2.5,1.5,0.0,0.0,0.0,0.4,0.0,0.9,-0.6000000000000001,1.0,-93.4,0.0,0.0,93.5,0.0,21.8,14.5,14.5,14.7,300.0,300.0,26.6,30.200000000000003,24.5,23.8,25.6,,,,,,,,,,,,,,,,,,,,,,,,
2026-08-06T15:22:19.071Z,9.236,7.704,0.0,0.0,0.0,32.0,0.0,0.0,0.0,0.0,0.0,0.0,0.0,0.0,0.0,0.0,9.0,7.0,1.0,0.0,0.0,0.0,0.0,0.0,0.0,0.0,6.0,12.0,1.0,11.99,5.0200000000000005,2.5,1.5,0.0,0.0,0.0,0.4,0.0,0.8,1.6,0.4,-93.4,0.0,0.0,93.5,0.0,21.8,14.5,14.5,14.7,300.0,300.0,26.6,30.200000000000003,24.5,23.8,25.6,,,,,,,,,,,,,,,,,,,,,,,,
2026-08-06T15:22:19.085Z,9.25,7.716,0.0,0.0,0.0,32.0,0.0,0.0,0.0,0.0,0.0,0.0,0.0,0.0,0.0,0.0,9.0,7.0,1.0,0.0,0.0,0.0,0.0,0.0,0.0,0.0,1.0,12.0,1.0,11.99,5.0200000000000005,2.5,1.5,0.0,0.0,0.0,0.4,0.0,-0.2,0.5,-0.2,-93.4,0.0,0.0,93.5,0.0,21.8,14.5,14.5,14.7,300.0,300.0,26.6,30.200000000000003,24.5,23.8,25.6,,,,,,,,,,,,,,,,,,,,,,,,
2026-08-06T15:22:19.095Z,9.26,7.728,0.0,0.0,0.0,32.0,0.0,0.0,0.0,0.0,0.0,0.0,0.0,0.0,0.0,0.0,9.0,7.0,1.0,0.0,0.0,0.0,0.0,0.0,0.0,0.0,2.0,12.0,1.0,11.99,5.0200000000000005,2.5,1.5,0.0,0.0,0.0,0.4,0.0,-0.8,-0.6000000000000001,-0.2,-93.4,0.0,0.0,93.5,0.0,21.8,14.5,14.5,14.7,300.0,300.0,26.6,30.200000000000003,24.5,23.8,25.6,,,,,,,,,,,,,,,,,,,,,,,,
2026-08-06T15:22:19.107Z,9.272,7.74,0.0,0.0,0.0,32.0,0.0,0.0,0.0,0.0,0.0,0.0,0.0,0.0,0.0,0.0,9.0,7.0,1.0,0.0,0.0,0.0,0.0,0.0,0.0,0.0,3.0,12.0,1.0,11.99,5.0200000000000005,2.5,1.5,0.0,0.0,0.0,0.4,0.0,0.9,0.0,0.3,-93.4,0.0,0.0,93.4,0.0,21.8,14.5,14.5,14.7,300.0,300.0,26.6,30.200000000000003,24.5,23.8,25.6,,,,,,,,,,,,,,,,,,,,,,,,
2026-08-06T15:22:19.120Z,9.285,7.752,0.0,0.0,0.0,32.0,0.0,0.0,0.0,0.0,0.0,0.0,0.0,0.0,0.0,0.0,9.0,7.0,1.0,0.0,0.0,0.0,0.0,0.0,0.0,0.0,3.0,12.0,1.0,12.01,5.01,2.51,1.49,0.0,0.0,0.0,0.4,0.0,0.3,0.5,-1.3,-93.4,0.0,0.0,93.3,0.0,22.1,14.7,14.7,14.8,300.0,300.0,26.6,30.200000000000003,24.5,23.700000000000003,25.6,,,,,,,,,,,,,,,,,,,,,,,,
2026-08-06T15:22:19.132Z,9.297,7.764,0.0,0.0,0.0,32.0,0.0,0.0,0.0,0.0,0.0,0.0,0.0,0.0,0.0,0.0,9.0,7.0,1.0,0.0,0.0,0.0,0.0,0.0,0.0,0.0,5.0,12.0,1.0,12.01,5.01,2.51,1.49,0.0,0.0,0.0,0.4,0.0,-0.8,1.0,-0.2,-93.4,0.0,0.0,93.5,0.0,22.1,14.7,14.7,14.8,300.0,300.0,26.6,30.200000000000003,24.5,23.700000000000003,25.6,,,,,,,,,,,,,,,,,,,,,,,,
2026-08-06T15:22:19.143Z,9.308,7.776,0.0,0.0,0.0,32.0,0.0,0.0,0.0,0.0,0.0,0.0,0.0,0.0,0.0,0.0,9.0,7.0,1.0,0.0,0.0,0.0,0.0,0.0,0.0,0.0,6.0,12.0,1.0,12.01,5.01,2.51,1.49,0.0,0.0,0.0,0.4,0.0,-0.2,0.4,0.3,-93.4,0.0,0.0,93.4,0.0,22.1,14.7,14.7,14.8,300.0,300.0,26.6,30.200000000000003,24.5,23.700000000000003,25.6,,,,,,,,,,,,,,,,,,,,,,,,
2026-08-06T15:22:19.155Z,9.32,7.788,0.0,0.0,0.0,32.0,0.0,0.0,0.0,0.0,0.0,0.0,0.0,0.0,0.0,0.0,9.0,7.0,1.0,0.0,0.0,0.0,0.0,0.0,0.0,0.0,1.0,12.0,1.0,12.01,5.01,2.51,1.49,0.0,0.0,0.0,0.4,0.0,-0.2,-0.7000000000000001,2.1,-93.4,0.0,0.0,93.5,0.0,22.1,14.7,14.7,14.8,300.0,300.0,26.6,30.200000000000003,24.5,23.700000000000003,25.6,,,,,,,,,,,,,,,,,,,,,,,,
2026-08-06T15:22:19.168Z,9.333,7.8,0.0,0.0,0.0,32.0,0.0,0.0,0.0,0.0,0.0,0.0,0.0,0.0,0.0,0.0,9.0,7.0,1.0,0.0,0.0,0.0,0.0,0.0,0.0,0.0,1.0,12.0,1.0,12.01,5.01,2.51,1.49,0.0,0.0,0.0,0.4,0.0,0.3,1.6,1.6,-93.4,0.0,0.0,93.5,0.0,22.1,14.7,14.7,14.8,300.0,300.0,26.6,30.200000000000003,24.5,23.700000000000003,25.6,,,,,,,,,,,,,,,,,,,,,,,,
2026-08-06T15:22:19.179Z,9.344,7.812,0.0,0.0,0.0,32.0,0.0,0.0,0.0,0.0,0.0,0.0,0.0,0.0,0.0,0.0,9.0,7.0,1.0,0.0,0.0,0.0,0.0,0.0,0.0,0.0,2.0,12.0,1.0,12.01,5.01,2.51,1.49,0.0,0.0,0.0,0.4,0.0,0.3,-0.7000000000000001,-1.2000000000000002,-93.4,0.0,0.0,93.5,0.0,22.1,14.7,14.7,14.8,300.0,300.0,26.6,30.200000000000003,24.5,23.700000000000003,25.6,,,,,,,,,,,,,,,,,,,,,,,,
2026-08-06T15:22:19.191Z,9.356,7.824,0.0,0.0,0.0,32.0,0.0,0.0,0.0,0.0,0.0,0.0,0.0,0.0,0.0,0.0,9.0,7.0,1.0,0.0,0.0,0.0,0.0,0.0,0.0,0.0,3.0,12.0,1.0,12.01,5.01,2.51,1.49,0.0,0.0,0.0,0.4,0.0,0.9,0.4,0.4,-93.4,0.0,0.0,93.5,0.0,22.1,14.7,14.7,14.8,300.0,300.0,26.6,30.200000000000003,24.5,23.700000000000003,25.6,,,,,,,,,,,,,,,,,,,,,,,,
2026-08-06T15:22:19.203Z,9.368,7.836,0.0,0.0,0.0,32.0,0.0,0.0,0.0,0.0,0.0,0.0,0.0,0.0,0.0,0.0,9.0,7.0,1.0,0.0,0.0,0.0,0.0,0.0,0.0,0.0,5.0,12.0,1.0,12.01,5.01,2.51,1.49,0.0,0.0,0.0,0.4,0.0,-0.2,-1.2000000000000002,-0.7000000000000001,-93.4,0.0,0.0,93.3,0.0,22.1,14.7,14.7,14.8,300.0,300.0,26.6,30.200000000000003,24.5,23.700000000000003,25.6,,,,,,,,,,,,,,,,,,,,,,,,
2026-08-06T15:22:19.215Z,9.38,7.848,0.0,0.0,0.0,32.0,0.0,0.0,0.0,0.0,0.0,0.0,0.0,0.0,0.0,0.0,9.0,7.0,1.0,0.0,0.0,0.0,0.0,0.0,0.0,0.0,6.0,12.0,1.0,12.01,5.01,2.51,1.49,0.0,0.0,0.0,0.4,0.0,0.3,0.5,1.0,-93.4,0.0,0.0,93.3,0.0,22.1,14.7,14.7,14.8,300.0,300.0,26.6,30.200000000000003,24.5,23.700000000000003,25.6,,,,,,,,,,,,,,,,,,,,,,,,
2026-08-06T15:22:19.229Z,9.394,7.86,0.0,0.0,0.0,32.0,0.0,0.0,0.0,0.0,0.0,0.0,0.0,0.0,0.0,0.0,9.0,7.0,1.0,0.0,0.0,0.0,0.0,0.0,0.0,0.0,1.0,12.0,1.0,12.04,5.0200000000000005,2.51,1.49,0.0,0.0,0.0,0.4,0.0,0.3,0.5,1.0,-93.4,0.0,0.0,93.5,0.0,21.8,14.8,14.8,15.0,300.0,300.0,26.5,30.200000000000003,24.5,23.8,25.6,,,,,,,,,,,,,,,,,,,,,,,,
2026-08-06T15:22:19.239Z,9.404,7.872,0.0,0.0,0.0,32.0,0.0,0.0,0.0,0.0,0.0,0.0,0.0,0.0,0.0,0.0,9.0,7.0,1.0,0.0,0.0,0.0,0.0,0.0,0.0,0.0,1.0,12.0,1.0,12.04,5.0200000000000005,2.51,1.49,0.0,0.0,0.0,0.4,0.0,-1.3,-1.2000000000000002,-0.6000000000000001,-93.4,0.0,0.0,93.5,0.0,21.8,14.8,14.8,15.0,300.0,300.0,26.5,30.200000000000003,24.5,23.8,25.6,,,,,,,,,,,,,,,,,,,,,,,,
2026-08-06T15:22:19.251Z,9.416,7.884,0.0,0.0,0.0,32.0,0.0,0.0,0.0,0.0,0.0,0.0,0.0,0.0,0.0,0.0,9.0,7.0,1.0,0.0,0.0,0.0,0.0,0.0,0.0,0.0,3.0,12.0,1.0,12.04,5.0200000000000005,2.51,1.49,0.0,0.0,0.0,0.4,0.0,-0.1,0.0,-1.8,-93.4,0.0,0.0,93.5,0.0,21.8,14.8,14.8,15.0,300.0,300.0,26.5,30.200000000000003,24.5,23.8,25.6,,,,,,,,,,,,,,,,,,,,,,,,
2026-08-06T15:22:19.263Z,9.428,7.896,0.0,0.0,0.0,32.0,0.0,0.0,0.0,0.0,0.0,0.0,0.0,0.0,0.0,0.0,9.0,7.0,1.0,0.0,0.0,0.0,0.0,0.0,0.0,0.0,4.0,12.0,1.0,12.04,5.0200000000000005,2.51,1.49,0.0,0.0,0.0,0.4,0.0,0.4,0.0,0.5,-93.4,0.0,0.0,93.5,0.0,21.8,14.8,14.8,15.0,300.0,300.0,26.5,30.200000000000003,24.5,23.8,25.6,,,,,,,,,,,,,,,,,,,,,,,,
2026-08-06T15:22:19.275Z,9.44,7.908,0.0,0.0,0.0,32.0,0.0,0.0,0.0,0.0,0.0,0.0,0.0,0.0,0.0,0.0,9.0,7.0,1.0,0.0,0.0,0.0,0.0,0.0,0.0,0.0,5.0,12.0,1.0,12.04,5.0200000000000005,2.51,1.49,0.0,0.1,0.0,0.4,0.0,0.4,0.0,-0.6000000000000001,-93.4,0.0,0.0,93.4,0.0,21.8,14.8,14.8,15.0,300.0,300.0,26.5,30.200000000000003,24.5,23.8,25.6,,,,,,,,,,,,,,,,,,,,,,,,
2026-08-06T15:22:19.287Z,9.452,7.92,0.0,0.0,0.0,32.0,0.0,0.0,0.0,0.0,0.0,0.0,0.0,0.0,0.0,0.0,9.0,7.0,1.0,0.0,0.0,0.0,0.0,0.0,0.0,0.0,6.0,12.0,1.0,12.04,5.0200000000000005,2.51,1.49,0.0,0.0,0.0,0.4,0.0,-0.1,0.5,0.5,-93.4,0.0,0.0,93.5,0.0,21.8,14.8,14.8,15.0,300.0,300.0,26.5,30.200000000000003,24.5,23.8,25.6,,,,,,,,,,,,,,,,,,,,,,,,
2026-08-06T15:22:19.299Z,9.464,7.932,0.0,0.0,0.0,32.0,0.0,0.0,0.0,0.0,0.0,0.0,0.0,0.0,0.0,0.0,9.0,7.0,1.0,0.0,0.0,0.0,0.0,0.0,0.0,0.0,1.0,12.0,1.0,12.04,5.0200000000000005,2.51,1.49,0.0,0.0,0.0,0.4,0.0,0.4,-1.2000000000000002,-1.2000000000000002,-93.4,0.0,0.0,93.5,0.0,21.8,14.8,14.8,15.0,300.0,300.0,26.5,30.200000000000003,24.5,23.8,25.6,,,,,,,,,,,,,,,,,,,,,,,,
2026-08-06T15:22:19.311Z,9.476,7.944,0.0,0.0,0.0,32.0,0.0,0.0,0.0,0.0,0.0,0.0,0.0,0.0,0.0,0.0,9.0,7.0,1.0,0.0,0.0,0.0,0.0,0.0,0.0,0.0,3.0,12.0,1.0,12.04,5.0200000000000005,2.51,1.49,0.0,0.0,0.0,0.3,0.0,-0.7000000000000001,-0.6000000000000001,0.5,-93.4,0.0,0.0,93.4,0.0,21.8,14.8,14.8,15.0,300.0,300.0,26.5,30.200000000000003,24.5,23.8,25.6,,,,,,,,,,,,,,,,,,,,,,,,
2026-08-06T15:22:19.325Z,9.49,7.956,0.0,0.0,0.0,32.0,0.0,0.0,0.0,0.0,0.0,0.0,0.0,0.0,0.0,0.0,9.0,7.0,1.0,0.0,0.0,0.0,0.0,0.0,0.0,0.0,4.0,12.0,1.0,12.08,5.01,2.5,1.49,0.0,0.0,0.0,0.4,0.0,0.3,1.1,2.2,-93.4,0.0,0.0,93.5,0.0,21.9,14.9,14.9,15.1,300.0,300.0,26.4,30.200000000000003,24.5,23.8,25.6,,,,,,,,,,,,,,,,,,,,,,,,
2026-08-06T15:22:19.335Z,9.5,7.968,0.0,0.0,0.0,32.0,0.0,0.0,0.0,0.0,0.0,0.0,0.0,0.0,0.0,0.0,9.0,7.0,1.0,0.0,0.0,0.0,0.0,0.0,0.0,0.0,6.0,12.0,1.0,12.08,5.01,2.5,1.49,0.0,0.1,0.0,0.4,0.0,-0.7000000000000001,-0.6000000000000001,-0.6000000000000001,-93.4,0.0,0.0,93.5,0.0,21.9,14.9,14.9,15.1,300.0,300.0,26.4,30.200000000000003,24.5,23.8,25.6,,,,,,,,,,,,,,,,,,,,,,,,
2026-08-06T15:22:19.347Z,9.512,7.98,0.0,0.0,0.0,32.0,0.0,0.0,0.0,0.0,0.0,0.0,0.0,0.0,0.0,0.0,9.0,7.0,1.0,0.0,0.0,0.0,0.0,0.0,0.0,0.0,1.0,12.0,1.0,12.08,5.01,2.5,1.49,0.0,0.0,0.0,0.4,0.0,0.3,0.0,1.1,-93.4,0.0,0.0,93.5,0.0,21.9,14.9,14.9,15.1,300.0,300.0,26.4,30.200000000000003,24.5,23.8,25.6,,,,,,,,,,,,,,,,,,,,,,,,
2026-08-06T15:22:19.360Z,9.525,7.992,0.0,0.0,0.0,32.0,0.0,0.0,0.0,0.0,0.0,0.0,0.0,0.0,0.0,0.0,9.0,7.0,1.0,0.0,0.0,0.0,0.0,0.0,0.0,0.0,2.0,12.0,1.0,12.08,5.01,2.5,1.49,0.0,0.0,0.0,0.4,0.0,-0.2,0.0,-0.6000000000000001,-93.4,0.0,0.0,93.5,0.0,21.9,14.9,14.9,15.1,300.0,300.0,26.4,30.200000000000003,24.5,23.8,25.6,,,,,,,,,,,,,,,,,,,,,,,,
2026-08-06T15:22:19.372Z,9.537,8.004,0.0,0.0,0.0,32.0,0.0,0.0,0.0,0.0,0.0,0.0,0.0,0.0,0.0,0.0,9.0,7.0,1.0,0.0,0.0,0.0,0.0,0.0,0.0,0.0,3.0,12.0,1.0,12.08,5.01,2.5,1.49,0.0,0.0,0.0,0.4,0.0,-0.1,0.5,-0.6000000000000001,-93.4,0.0,0.0,93.3,0.0,21.9,14.9,14.9,15.1,300.0,300.0,26.4,30.200000000000003,24.5,23.8,25.6,,,,,,,,,,,,,,,,,,,,,,,,
2026-08-06T15:22:19.383Z,9.548,8.016,0.0,0.0,0.0,32.0,0.0,0.0,0.0,0.0,0.0,0.0,0.0,0.0,0.0,0.0,9.0,7.0,1.0,0.0,0.0,0.0,0.0,0.0,0.0,0.0,4.0,12.0,1.0,12.08,5.01,2.5,1.49,0.0,0.1,0.0,0.4,0.0,-0.1,0.0,1.1,-93.4,0.0,0.0,93.5,0.0,21.9,14.9,14.9,15.1,300.0,300.0,26.4,30.200000000000003,24.5,23.8,25.6,,,,,,,,,,,,,,,,,,,,,,,,
2026-08-06T15:22:19.395Z,9.56,8.028,0.0,0.0,0.0,32.0,0.0,0.0,0.0,0.0,0.0,0.0,0.0,0.0,0.0,0.0,9.0,7.0,1.0,0.0,0.0,0.0,0.0,0.0,0.0,0.0,5.0,12.0,1.0,12.08,5.01,2.5,1.49,0.0,0.0,0.0,0.4,0.0,-0.1,0.0,-0.5,-93.4,0.0,0.0,93.5,0.0,21.9,14.9,14.9,15.1,300.0,300.0,26.4,30.200000000000003,24.5,23.8,25.6,,,,,,,,,,,,,,,,,,,,,,,,
2026-08-06T15:22:19.407Z,9.572,8.040000000000001,0.0,0.0,0.0,32.0,0.0,0.0,0.0,0.0,0.0,0.0,0.0,0.0,0.0,0.0,9.0,7.0,1.0,0.0,0.0,0.0,0.0,0.0,0.0,0.0,6.0,12.0,1.0,12.08,5.01,2.5,1.49,0.0,0.0,0.0,0.4,0.0,-0.1,0.0,0.6000000000000001,-93.4,0.0,0.0,93.4,0.0,21.9,14.9,14.9,15.1,300.0,300.0,26.4,30.200000000000003,24.5,23.8,25.6,,,,,,,,,,,,,,,,,,,,,,,,
2026-08-06T15:22:19.419Z,9.584,8.052,0.0,0.0,0.0,32.0,0.0,0.0,0.0,0.0,0.0,0.0,0.0,0.0,0.0,0.0,9.0,7.0,1.0,0.0,0.0,0.0,0.0,0.0,0.0,0.0,1.0,12.0,1.0,12.08,5.01,2.5,1.49,0.0,0.0,0.0,0.4,0.0,0.4,0.5,0.0,-93.4,0.0,0.0,93.5,0.0,21.9,14.9,14.9,15.1,300.0,300.0,26.4,30.200000000000003,24.5,23.8,25.6,,,,,,,,,,,,,,,,,,,,,,,,
2026-08-06T15:22:19.431Z,9.596,8.064,0.0,0.0,0.0,32.0,0.0,0.0,0.0,0.0,0.0,0.0,0.0,0.0,0.0,0.0,9.0,7.0,1.0,0.0,0.0,0.0,0.0,0.0,0.0,0.0,2.0,12.0,1.0,12.05,5.0200000000000005,2.5,1.49,0.0,0.0,0.0,0.4,0.0,-0.1,-1.1,-1.1,-93.4,0.0,0.0,93.5,0.0,21.4,15.1,15.1,15.2,300.0,300.0,26.5,30.200000000000003,24.5,23.8,25.6,,,,,,,,,,,,,,,,,,,,,,,,
2026-08-06T15:22:19.443Z,9.608,8.076,0.0,0.0,0.0,32.0,0.0,0.0,0.0,0.0,0.0,0.0,0.0,0.0,0.0,0.0,9.0,7.0,1.0,0.0,0.0,0.0,0.0,0.0,0.0,0.0,4.0,12.0,1.0,12.05,5.0200000000000005,2.5,1.49,0.0,0.1,0.0,0.5,0.0,-0.1,0.0,0.0,-93.4,0.0,0.0,93.5,0.0,21.4,15.1,15.1,15.2,300.0,300.0,26.5,30.200000000000003,24.5,23.8,25.6,,,,,,,,,,,,,,,,,,,,,,,,
2026-08-06T15:22:19.455Z,9.62,8.088000000000001,0.0,0.0,0.0,32.0,0.0,0.0,0.0,0.0,0.0,0.0,0.0,0.0,0.0,0.0,9.0,7.0,1.0,0.0,0.0,0.0,0.0,0.0,0.0,0.0,5.0,12.0,1.0,12.05,5.0200000000000005,2.5,1.49,0.0,0.0,0.0,0.4,0.0,0.4,0.0,-0.6000000000000001,-93.4,0.0,0.0,93.5,0.0,21.4,15.1,15.1,15.2,300.0,300.0,26.5,30.200000000000003,24.5,23.8,25.6,,,,,,,,,,,,,,,,,,,,,,,,
2026-08-06T15:22:19.467Z,9.632,8.1,0.0,0.0,0.0,32.0,0.0,0.0,0.0,0.0,0.0,0.0,0.0,0.0,0.0,0.0,9.0,7.0,1.0,0.0,0.0,0.0,0.0,0.0,0.0,0.0,6.0,12.0,1.0,12.05,5.0200000000000005,2.5,1.49,0.0,0.0,0.0,0.4,0.0,1.0,0.5,1.7000000000000002,-93.4,0.0,0.0,93.4,0.0,21.4,15.1,15.1,15.2,300.0,300.0,26.5,30.200000000000003,24.5,23.8,25.6,,,,,,,,,,,,,,,,,,,,,,,,
2026-08-06T15:22:19.479Z,9.644,8.112,0.0,0.0,0.0,32.0,0.0,0.0,0.0,0.0,0.0,0.0,0.0,0.0,0.0,0.0,9.0,7.0,1.0,0.0,0.0,0.0,0.0,0.0,0.0,0.0,1.0,12.0,1.0,12.05,5.0200000000000005,2.5,1.49,0.0,0.0,0.0,0.4,0.0,0.3,0.0,0.0,-93.4,0.0,0.0,93.4,0.0,21.4,15.1,15.1,15.2,300.0,300.0,26.5,30.200000000000003,24.5,23.8,25.6,,,,,,,,,,,,,,,,,,,,,,,,
2026-08-06T15:22:19.492Z,9.657,8.124,0.0,0.0,0.0,32.0,0.0,0.0,0.0,0.0,0.0,0.0,0.0,0.0,0.0,0.0,9.0,7.0,1.0,0.0,0.0,0.0,0.0,0.0,0.0,0.0,2.0,12.0,1.0,12.05,5.0200000000000005,2.5,1.49,0.0,0.1,0.0,0.4,0.0,-0.7000000000000001,-1.2000000000000002,-1.2000000000000002,-93.4,0.0,0.0,93.5,0.0,21.4,15.1,15.1,15.2,300.0,300.0,26.5,30.200000000000003,24.5,23.8,25.6,,,,,,,,,,,,,,,,,,,,,,,,
2026-08-06T15:22:19.503Z,9.668,8.136000000000001,0.0,0.0,0.0,32.0,0.0,0.0,0.0,0.0,0.0,0.0,0.0,0.0,0.0,0.0,9.0,7.0,1.0,0.0,0.0,0.0,0.0,0.0,0.0,0.0,4.0,12.0,1.0,12.05,5.0200000000000005,2.5,1.49,0.0,0.0,0.0,0.4,0.0,0.3,0.0,0.4,-93.4,0.0,0.0,93.5,0.0,21.4,15.1,15.1,15.2,300.0,300.0,26.5,30.200000000000003,24.5,23.8,25.6,,,,,,,,,,,,,,,,,,,,,,,,
2026-08-06T15:22:19.515Z,9.68,8.148,0.0,0.0,0.0,32.0,0.0,0.0,0.0,0.0,0.0,0.0,0.0,0.0,0.0,0.0,9.0,7.0,1.0,0.0,0.0,0.0,0.0,0.0,0.0,0.0,5.0,12.0,1.0,12.05,5.0200000000000005,2.5,1.49,0.0,0.0,0.0,0.4,0.0,-0.7000000000000001,1.1,-0.6000000000000001,-93.4,0.0,0.0,93.3,0.0,21.4,15.1,15.1,15.2,300.0,300.0,26.5,30.200000000000003,24.5,23.8,25.6,,,,,,,,,,,,,,,,,,,,,,,,
2026-08-06T15:22:19.528Z,9.693,8.16,0.0,0.0,0.0,32.0,0.0,0.0,0.0,0.0,0.0,0.0,0.0,0.0,0.0,0.0,9.0,7.0,1.0,0.0,0.0,0.0,0.0,0.0,0.0,0.0,6.0,12.0,1.0,12.01,5.01,2.51,1.49,0.0,0.0,0.0,0.4,0.0,0.4,0.0,1.7000000000000002,-93.4,0.0,0.0,93.5,0.0,22.200000000000003,15.2,15.2,15.3,300.0,300.0,26.4,30.200000000000003,24.5,23.8,25.6,,,,,,,,,,,,,,,,,,,,,,,,
2026-08-06T15:22:19.539Z,9.704,8.172,0.0,0.0,0.0,32.0,0.0,0.0,0.0,0.0,0.0,0.0,0.0,0.0,0.0,0.0,9.0,7.0,1.0,0.0,0.0,0.0,0.0,0.0,0.0,0.0,1.0,12.0,1.0,12.01,5.01,2.51,1.49,0.0,0.0,0.0,0.4,0.0,0.4,0.6000000000000001,0.5,-93.4,0.0,0.0,93.5,0.0,22.200000000000003,15.2,15.2,15.3,300.0,300.0,26.4,30.200000000000003,24.5,23.8,25.6,,,,,,,,,,,,,,,,,,,,,,,,
2026-08-06T15:22:19.551Z,9.716,8.184000000000001,0.0,0.0,0.0,32.0,0.0,0.0,0.0,0.0,0.0,1.0,0.0,0.0,0.0,0.0,9.0,7.0,1.0,0.0,0.0,0.0,0.0,0.0,0.0,0.0,2.0,12.0,1.0,12.01,5.01,2.51,1.49,0.0,0.0,0.0,0.4,0.0,0.4,1.2000000000000002,-0.5,-93.4,0.0,0.0,93.5,0.0,22.200000000000003,15.2,15.2,15.3,300.0,300.0,26.4,30.200000000000003,24.5,23.8,25.6,,,,,,,,,,,,,,,,,,,,,,,,
2026-08-06T15:22:19.564Z,9.729,8.196,0.0,0.0,0.0,32.0,0.0,0.0,0.0,0.0,0.0,1.0,0.0,0.0,0.0,0.0,9.0,7.0,1.0,0.0,0.0,0.0,0.0,0.0,0.0,0.0,3.0,12.0,1.0,12.01,5.01,2.51,1.49,0.0,0.0,0.0,0.4,0.0,0.4,0.0,0.0,-93.4,0.0,0.0,93.5,0.0,22.200000000000003,15.2,15.2,15.3,300.0,300.0,26.4,30.200000000000003,24.5,23.8,25.6,,,,,,,,,,,,,,,,,,,,,,,,
2026-08-06T15:22:19.575Z,9.74,8.208,0.0,0.0,0.0,32.0,0.0,0.0,0.0,0.0,0.0,1.0,0.0,0.0,0.0,0.0,9.0,7.0,1.0,0.0,0.0,0.0,0.0,0.0,0.0,0.0,5.0,12.0,1.0,12.01,5.01,2.51,1.49,0.0,0.0,0.0,0.4,0.0,-0.7000000000000001,0.6000000000000001,0.5,-93.4,0.0,0.0,93.4,0.0,22.200000000000003,15.2,15.2,15.3,300.0,300.0,26.4,30.200000000000003,24.5,23.8,25.6,,,,,,,,,,,,,,,,,,,,,,,,
2026-08-06T15:22:19.587Z,9.752,8.22,0.0,0.0,0.0,32.0,0.0,0.0,0.0,0.0,0.0,1.0,0.0,0.0,0.0,0.0,9.0,7.0,1.0,0.0,0.0,0.0,0.0,0.0,0.0,0.0,6.0,12.0,1.0,12.01,5.01,2.51,1.49,0.0,0.0,0.0,0.4,0.0,0.3,-1.1,1.1,-93.4,0.0,0.0,93.5,0.0,22.200000000000003,15.2,15.2,15.3,300.0,300.0,26.4,30.200000000000003,24.5,23.8,25.6,,,,,,,,,,,,,,,,,,,,,,,,
2026-08-06T15:22:19.600Z,9.765,8.232,0.0,0.0,0.0,32.0,0.0,0.0,0.0,0.0,0.0,1.0,0.0,0.0,0.0,0.0,9.0,7.0,1.0,0.0,0.0,0.0,0.0,0.0,0.0,0.0,1.0,12.0,1.0,12.01,5.01,2.51,1.49,0.0,0.0,0.0,0.4,0.0,-0.7000000000000001,0.6000000000000001,1.1,-93.4,0.0,0.0,93.5,0.0,22.200000000000003,15.2,15.2,15.3,300.0,300.0,26.4,30.200000000000003,24.5,23.8,25.6,,,,,,,,,,,,,,,,,,,,,,,,
2026-08-06T15:22:19.611Z,9.776,8.244,0.0,0.0,0.0,32.0,0.0,0.0,0.0,0.0,0.0,1.0,0.0,0.0,0.0,0.0,9.0,7.0,1.0,0.0,0.0,0.0,0.0,0.0,0.0,0.0,3.0,12.0,1.0,12.01,5.01,2.51,1.49,0.0,0.0,0.0,0.4,0.0,0.3,0.6000000000000001,-0.6000000000000001,-93.4,0.0,0.0,93.7,0.0,22.200000000000003,15.2,15.2,15.3,300.0,300.0,26.4,30.200000000000003,24.5,23.8,25.6,,,,,,,,,,,,,,,,,,,,,,,,
2026-08-06T15:22:19.623Z,9.788,8.256,0.0,0.0,0.0,32.0,0.0,0.0,0.0,0.0,0.0,1.0,0.0,0.0,0.0,0.0,9.0,7.0,1.0,0.0,0.0,0.0,0.0,0.0,0.0,0.0,4.0,12.0,1.0,12.01,5.01,2.51,1.49,0.0,0.0,0.0,0.4,0.0,0.3,0.0,-0.6000000000000001,-93.4,0.0,0.0,93.5,0.0,22.200000000000003,15.2,15.2,15.3,300.0,300.0,26.4,30.200000000000003,24.5,23.8,25.6,,,,,,,,,,,,,,,,,,,,,,,,
2026-08-06T15:22:19.635Z,9.8,8.268,0.0,0.0,0.0,32.0,0.0,0.0,0.0,0.0,0.0,1.0,0.0,0.0,0.0,0.0,9.0,7.0,1.0,0.0,0.0,0.0,0.0,0.0,0.0,0.0,5.0,12.0,1.0,12.02,5.01,2.51,1.49,-0.1,0.1,0.0,0.4,0.0,-0.2,0.0,1.1,-93.4,0.0,0.0,93.5,0.0,22.1,15.3,15.3,15.4,300.0,300.0,26.5,30.200000000000003,24.5,23.8,25.6,,,,,,,,,,,,,,,,,,,,,,,,
2026-08-06T15:22:19.647Z,9.812,8.28,0.0,0.0,0.0,32.0,0.0,0.0,0.0,0.0,0.0,1.0,0.0,0.0,0.0,0.0,9.0,7.0,1.0,0.0,0.0,0.0,0.0,0.0,0.0,0.0,6.0,12.0,1.0,12.02,5.01,2.51,1.49,0.0,0.0,0.0,0.4,0.0,0.4,0.0,-0.5,-93.4,0.0,0.0,93.5,0.0,22.1,15.3,15.3,15.4,300.0,300.0,26.5,30.200000000000003,24.5,23.8,25.6,,,,,,,,,,,,,,,,,,,,,,,,
2026-08-06T15:22:19.659Z,9.824,8.292,0.0,0.0,0.0,32.0,0.0,0.0,0.0,0.0,0.0,1.0,0.0,0.0,0.0,0.0,9.0,7.0,1.0,0.0,0.0,0.0,0.0,0.0,0.0,0.0,2.0,12.0,1.0,12.02,5.01,2.51,1.49,0.0,0.0,0.0,0.4,0.0,-0.1,0.6000000000000001,1.2000000000000002,-93.4,0.0,0.0,93.5,0.0,22.1,15.3,15.3,15.4,300.0,300.0,26.5,30.200000000000003,24.5,23.8,25.6,,,,,,,,,,,,,,,,,,,,,,,,
2026-08-06T15:22:19.671Z,9.836,8.304,0.0,0.0,0.0,32.0,0.0,0.0,0.0,0.0,0.0,1.0,0.0,0.0,0.0,0.0,9.0,7.0,1.0,0.0,0.0,0.0,0.0,0.0,0.0,0.0,3.0,12.0,1.0,12.02,5.01,2.51,1.49,0.0,0.0,0.0,0.4,0.0,0.4,0.0,-1.1,-93.4,0.0,0.0,93.5,0.0,22.1,15.3,15.3,15.4,300.0,300.0,26.5,30.200000000000003,24.5,23.8,25.6,,,,,,,,,,,,,,,,,,,,,,,,
2026-08-06T15:22:19.683Z,9.848,8.316,0.0,0.0,0.0,32.0,0.0,0.0,0.0,0.0,0.0,1.0,0.0,0.0,0.0,0.0,9.0,7.0,1.0,0.0,0.0,0.0,0.0,0.0,0.0,0.0,4.0,12.0,1.0,12.02,5.01,2.51,1.49,0.0,0.0,0.0,0.5,0.0,-0.7000000000000001,-1.1,-0.5,-93.4,0.0,0.0,93.5,0.0,22.1,15.3,15.3,15.4,300.0,300.0,26.5,30.200000000000003,24.5,23.8,25.6,,,,,,,,,,,,,,,,,,,,,,,,
2026-08-06T15:22:19.695Z,9.86,8.328,0.0,0.0,0.0,32.0,0.0,0.0,0.0,0.0,0.0,1.0,0.0,0.0,0.0,0.0,9.0,7.0,1.0,0.0,0.0,0.0,0.0,0.0,0.0,0.0,5.0,12.0,1.0,12.02,5.01,2.51,1.49,0.0,0.0,0.0,0.4,0.0,-0.1,1.2000000000000002,0.6000000000000001,-93.4,0.0,0.0,93.5,0.0,22.1,15.3,15.3,15.4,300.0,300.0,26.5,30.200000000000003,24.5,23.8,25.6,,,,,,,,,,,,,,,,,,,,,,,,
2026-08-06T15:22:19.707Z,9.872,8.34,0.0,0.0,0.0,32.0,0.0,0.0,0.0,0.0,0.0,1.0,0.0,0.0,0.0,0.0,9.0,7.0,1.0,0.0,0.0,0.0,0.0,0.0,0.0,0.0,6.0,12.0,1.0,12.02,5.01,2.51,1.49,0.0,0.0,0.0,0.4,0.0,0.3,0.0,-0.5,-93.4,0.0,0.0,93.5,0.0,22.1,15.3,15.3,15.4,300.0,300.0,26.5,30.200000000000003,24.5,23.8,25.6,,,,,,,,,,,,,,,,,,,,,,,,
2026-08-06T15:22:19.720Z,9.885,8.352,0.0,0.0,0.0,32.0,0.0,0.0,0.0,0.0,0.0,1.0,0.0,0.0,0.0,0.0,9.0,7.0,1.0,0.0,0.0,0.0,0.0,0.0,0.0,0.0,1.0,12.0,1.0,12.02,5.01,2.51,1.49,0.0,0.0,0.0,0.4,0.0,0.3,0.0,0.6000000000000001,-93.4,0.0,0.0,93.4,0.0,22.1,15.3,15.3,15.4,300.0,300.0,26.5,30.200000000000003,24.5,23.8,25.6,,,,,,,,,,,,,,,,,,,,,,,,
2026-08-06T15:22:19.732Z,9.897,8.364,0.0,0.0,0.0,32.0,0.0,0.0,0.0,0.0,0.0,1.0,0.0,0.0,0.0,0.0,9.0,7.0,1.0,0.0,0.0,0.0,0.0,0.0,0.0,0.0,2.0,12.0,1.0,11.99,5.01,2.51,1.5,0.0,0.0,0.0,0.4,0.0,-0.7000000000000001,-0.4,-1.1,-93.4,0.0,0.0,93.5,0.0,21.9,15.4,15.4,15.6,300.0,300.0,26.5,30.200000000000003,24.5,23.700000000000003,25.6,,,,,,,,,,,,,,,,,,,,,,,,
2026-08-06T15:22:19.744Z,9.909,8.376,0.0,0.0,0.0,32.0,0.0,0.0,0.0,0.0,0.0,1.0,0.0,0.0,0.0,0.0,9.0,7.0,1.0,0.0,0.0,0.0,0.0,0.0,0.0,0.0,4.0,12.0,1.0,11.99,5.01,2.51,1.5,0.0,0.0,0.0,0.4,0.0,-0.7000000000000001,-0.5,-1.8,-93.4,0.0,0.0,93.5,0.0,21.9,15.4,15.4,15.6,300.0,300.0,26.5,30.200000000000003,24.5,23.700000000000003,25.6,,,,,,,,,,,,,,,,,,,,,,,,
2026-08-06T15:22:19.755Z,9.92,8.388,0.0,0.0,0.0,32.0,0.0,0.0,0.0,0.0,0.0,1.0,0.0,0.0,0.0,0.0,9.0,7.0,1.0,0.0,0.0,0.0,0.0,0.0,0.0,0.0,4.0,12.0,1.0,11.99,5.01,2.51,1.5,0.0,0.0,0.0,0.4,0.0,0.3,0.6000000000000001,-0.5,-93.4,0.0,0.0,93.5,0.0,21.9,15.4,15.4,15.6,300.0,300.0,26.5,30.200000000000003,24.5,23.700000000000003,25.6,,,,,,,,,,,,,,,,,,,,,,,,
2026-08-06T15:22:19.767Z,9.932,8.4,0.0,0.0,0.0,32.0,0.0,0.0,0.0,0.0,0.0,1.0,0.0,0.0,0.0,0.0,9.0,7.0,1.0,0.0,0.0,0.0,0.0,0.0,0.0,0.0,6.0,12.0,1.0,11.99,5.01,2.51,1.5,0.0,0.0,0.0,0.4,0.0,0.4,0.7000000000000001,1.1,-93.4,0.0,0.0,93.5,0.0,21.9,15.4,15.4,15.6,300.0,300.0,26.5,30.200000000000003,24.5,23.700000000000003,25.6,,,,,,,,,,,,,,,,,,,,,,,,
2026-08-06T15:22:19.779Z,9.944,8.412,0.0,0.0,0.0,32.0,0.0,0.0,0.0,0.0,0.0,1.0,0.0,0.0,0.0,0.0,9.0,7.0,1.0,0.0,0.0,0.0,0.0,0.0,0.0,0.0,6.0,12.0,1.0,11.99,5.01,2.51,1.5,0.0,0.0,0.0,0.4,0.0,-0.2,-0.4,0.0,-93.4,0.0,0.0,93.5,0.0,21.9,15.4,15.4,15.6,300.0,300.0,26.5,30.200000000000003,24.5,23.700000000000003,25.6,,,,,,,,,,,,,,,,,,,,,,,,
2026-08-06T15:22:19.791Z,9.956,8.424,0.0,0.0,0.0,32.0,0.0,0.0,0.0,0.0,0.0,1.0,0.0,0.0,0.0,0.0,9.0,7.0,1.0,0.0,0.0,0.0,0.0,0.0,0.0,0.0,2.0,12.0,1.0,11.99,5.01,2.51,1.5,0.0,0.0,0.0,0.4,0.0,0.9,0.1,-0.5,-93.4,0.0,0.0,93.5,0.0,21.9,15.4,15.4,15.6,300.0,300.0,26.5,30.200000000000003,24.5,23.700000000000003,25.6,,,,,,,,,,,,,,,,,,,,,,,,
2026-08-06T15:22:19.804Z,9.969,8.436,0.0,0.0,0.0,32.0,0.0,0.0,0.0,0.0,0.0,1.0,0.0,0.0,0.0,0.0,9.0,7.0,1.0,0.0,0.0,0.0,0.0,0.0,0.0,0.0,3.0,12.0,1.0,11.99,5.01,2.51,1.5,0.0,0.0,0.0,0.4,0.0,-0.7000000000000001,0.1,0.6000000000000001,-93.4,0.0,0.0,93.5,0.0,21.9,15.4,15.4,15.6,300.0,300.0,26.5,30.200000000000003,24.5,23.700000000000003,25.6,,,,,,,,,,,,,,,,,,,,,,,,
2026-08-06T15:22:19.815Z,9.98,8.448,0.0,0.0,0.0,32.0,0.0,0.0,0.0,0.0,0.0,1.0,0.0,0.0,0.0,0.0,9.0,7.0,1.0,0.0,0.0,0.0,0.0,0.0,0.0,0.0,5.0,12.0,1.0,11.99,5.01,2.51,1.5,0.0,0.0,0.0,0.4,0.0,0.3,-1.0,1.1,-93.4,0.0,0.0,93.5,0.0,21.9,15.4,15.4,15.6,300.0,300.0,26.5,30.200000000000003,24.5,23.700000000000003,25.6,,,,,,,,,,,,,,,,,,,,,,,,
2026-08-06T15:22:19.827Z,9.992,8.46,0.1,0.0,0.0,32.0,0.0,0.0,0.0,0.0,0.0,1.0,0.0,0.0,0.0,0.0,9.0,7.0,1.0,0.0,0.0,0.0,0.0,0.0,0.0,0.0,6.0,12.0,1.0,11.99,5.01,2.51,1.5,0.0,0.0,0.0,0.5,0.0,0.3,-0.4,-0.5,-93.4,0.0,0.0,93.5,0.0,21.9,15.4,15.4,15.6,300.0,300.0,26.5,30.200000000000003,24.5,23.700000000000003,25.6,,,,,,,,,,,,,,,,,,,,,,,,
2026-08-06T15:22:19.839Z,10.004,8.472,0.0,0.0,0.0,32.0,0.0,0.0,0.0,0.0,0.0,1.0,0.0,0.0,0.0,0.0,9.0,7.0,1.0,0.0,0.0,0.0,0.0,0.0,0.0,0.0,1.0,12.0,1.0,12.05,5.01,2.51,1.49,0.0,0.1,0.0,0.4,0.0,0.9,0.6000000000000001,0.5,-93.4,0.0,0.0,93.5,0.0,21.8,15.5,15.5,15.7,300.0,300.0,26.6,30.200000000000003,24.5,23.700000000000003,25.6,,,,,,,,,,,,,,,,,,,,,,,,
2026-08-06T15:22:19.852Z,10.017,8.484,0.0,0.0,0.0,32.0,0.0,0.0,0.0,0.0,0.0,1.0,0.0,0.0,0.0,0.0,9.0,7.0,1.0,0.0,0.0,0.0,0.0,0.0,0.0,0.0,2.0,12.0,1.0,12.05,5.01,2.51,1.49,0.0,0.0,0.0,0.4,0.0,-0.2,0.0,-0.6000000000000001,-93.4,0.0,0.0,93.5,0.0,21.8,15.5,15.5,15.7,300.0,300.0,26.6,30.200000000000003,24.5,23.700000000000003,25.6,,,,,,,,,,,,,,,,,,,,,,,,
2026-08-06T15:22:19.864Z,10.029,8.496,0.0,0.0,0.0,32.0,0.0,0.0,0.0,0.0,0.0,1.0,0.0,0.0,0.0,0.0,9.0,7.0,1.0,0.0,0.0,0.0,0.0,0.0,0.0,0.0,3.0,12.0,1.0,12.05,5.01,2.51,1.49,0.0,0.0,0.0,0.4,0.0,-0.8,-1.1,-1.2000000000000002,-93.5,0.0,0.0,93.5,0.0,21.8,15.5,15.5,15.7,300.0,300.0,26.6,30.200000000000003,24.5,23.700000000000003,25.6,,,,,,,,,,,,,,,,,,,,,,,,
2026-08-06T15:22:19.875Z,10.04,8.508000000000001,0.0,0.0,0.0,32.0,0.0,0.0,0.0,0.0,0.0,1.0,0.0,0.0,0.0,0.0,9.0,7.0,1.0,0.0,0.0,0.0,0.0,0.0,0.0,0.0,4.0,12.0,1.0,12.05,5.01,2.51,1.49,0.0,0.0,0.0,0.4,0.0,-0.2,-1.1,-0.1,-93.4,0.0,0.0,93.5,0.0,21.8,15.5,15.5,15.7,300.0,300.0,26.6,30.200000000000003,24.5,23.700000000000003,25.6,,,,,,,,,,,,,,,,,,,,,,,,
2026-08-06T15:22:19.887Z,10.052,8.52,0.0,0.0,0.0,32.0,0.0,0.0,0.0,0.0,0.0,1.0,0.0,0.0,0.0,0.0,9.0,7.0,1.0,0.0,0.0,0.0,0.0,0.0,0.0,0.0,6.0,12.0,1.0,12.05,5.01,2.51,1.49,0.0,0.0,0.0,0.4,0.0,-0.2,0.0,-0.1,-93.5,0.0,0.0,93.5,0.0,21.8,15.5,15.5,15.7,300.0,300.0,26.6,30.200000000000003,24.5,23.700000000000003,25.6,,,,,,,,,,,,,,,,,,,,,,,,
2026-08-06T15:22:19.899Z,10.064,8.532,0.0,0.0,0.0,32.0,0.0,0.0,0.0,0.0,0.0,1.0,0.0,0.0,0.0,0.0,9.0,7.0,1.0,0.0,0.0,0.0,0.0,0.0,0.0,0.0,1.0,12.0,1.0,12.05,5.01,2.51,1.49,0.0,0.0,0.0,0.4,0.0,0.3,0.5,1.0,-93.4,0.0,0.0,93.5,0.0,21.8,15.5,15.5,15.7,300.0,300.0,26.6,30.200000000000003,24.5,23.700000000000003,25.6,,,,,,,,,,,,,,,,,,,,,,,,
2026-08-06T15:22:19.911Z,10.076,8.544,0.0,0.0,0.0,32.0,0.0,0.0,0.0,0.0,0.0,1.0,0.0,0.0,0.0,0.0,9.0,7.0,1.0,0.0,0.0,0.0,0.0,0.0,0.0,0.0,2.0,12.0,1.0,12.05,5.01,2.51,1.49,0.0,0.0,0.0,0.4,0.0,-0.2,-1.1,-1.8,-93.4,0.0,0.0,93.3,0.0,21.8,15.5,15.5,15.7,300.0,300.0,26.6,30.200000000000003,24.5,23.700000000000003,25.6,,,,,,,,,,,,,,,,,,,,,,,,
2026-08-06T15:22:19.935Z,10.1,8.556000000000001,0.0,0.0,0.0,32.0,0.0,0.0,0.0,0.0,0.0,1.0,0.0,0.0,0.0,0.0,9.0,7.0,1.0,0.0,0.0,0.0,0.0,0.0,0.0,0.0,3.0,12.0,1.0,12.05,5.01,2.51,1.49,0.0,0.0,0.0,0.4,0.0,0.3,-1.1,-0.6000000000000001,-93.4,0.0,0.0,93.5,0.0,21.8,15.5,15.5,15.7,300.0,300.0,26.6,30.200000000000003,24.5,23.700000000000003,25.6,,,,,,,,,,,,,,,,,,,,,,,,
2026-08-06T15:22:19.937Z,10.102,8.568,0.0,0.0,0.0,32.0,0.0,0.0,0.0,0.0,0.0,1.0,0.0,0.0,0.0,0.0,9.0,7.0,1.0,0.0,0.0,0.0,0.0,0.0,0.0,0.0,4.0,12.0,1.0,12.05,5.0200000000000005,2.51,1.49,0.0,0.0,0.0,0.4,0.0,0.3,0.6000000000000001,-0.1,-93.4,0.0,0.0,93.5,0.0,21.700000000000003,15.6,15.6,15.8,300.0,300.0,26.5,30.200000000000003,24.5,23.700000000000003,25.6,,,,,,,,,,,,,,,,,,,,,,,,
2026-08-06T15:22:19.947Z,10.112,8.58,0.0,0.0,0.0,32.0,0.0,0.0,0.0,0.0,0.0,1.0,0.0,0.0,0.0,0.0,9.0,7.0,1.0,0.0,0.0,0.0,0.0,0.0,0.0,0.0,5.0,12.0,1.0,12.05,5.0200000000000005,2.51,1.49,0.0,0.0,0.0,0.4,0.0,0.9,0.0,1.0,-93.4,0.0,0.0,93.5,0.0,21.700000000000003,15.6,15.6,15.8,300.0,300.0,26.5,30.200000000000003,24.5,23.700000000000003,25.6,,,,,,,,,,,,,,,,,,,,,,,,
2026-08-06T15:22:19.960Z,10.125,8.592,0.0,0.0,0.0,32.0,0.0,0.0,0.0,0.0,0.0,1.0,0.0,0.0,0.0,0.0,9.0,7.0,1.0,0.0,0.0,0.0,0.0,0.0,0.0,0.0,6.0,12.0,1.0,12.05,5.0200000000000005,2.51,1.49,0.0,0.0,0.0,0.4,0.0,0.9,0.0,0.0,-93.4,0.0,0.0,93.5,0.0,21.700000000000003,15.6,15.6,15.8,300.0,300.0,26.5,30.200000000000003,24.5,23.700000000000003,25.6,,,,,,,,,,,,,,,,,,,,,,,,
2026-08-06T15:22:19.971Z,10.136,8.604000000000001,0.0,0.0,0.0,32.0,0.0,0.0,0.0,0.0,0.0,1.0,0.0,0.0,0.0,0.0,9.0,7.0,1.0,0.0,0.0,0.0,0.0,0.0,0.0,0.0,1.0,12.0,1.0,12.05,5.0200000000000005,2.51,1.49,0.0,0.0,0.0,0.4,0.0,-0.3,-1.1,-1.2000000000000002,-93.4,0.0,0.0,93.3,0.0,21.700000000000003,15.6,15.6,15.8,300.0,300.0,26.5,30.200000000000003,24.5,23.700000000000003,25.6,,,,,,,,,,,,,,,,,,,,,,,,
2026-08-06T15:22:19.983Z,10.148,8.616,0.0,0.0,0.0,32.0,0.0,0.0,0.0,0.0,0.0,1.0,0.0,0.0,0.0,0.0,9.0,7.0,1.0,0.0,0.0,0.0,0.0,0.0,0.0,0.0,2.0,12.0,1.0,12.05,5.0200000000000005,2.51,1.49,0.0,0.0,0.0,0.4,0.0,-0.3,0.0,0.0,-93.4,0.0,0.0,93.5,0.0,21.700000000000003,15.6,15.6,15.8,300.0,300.0,26.5,30.200000000000003,24.5,23.700000000000003,25.6,,,,,,,,,,,,,,,,,,,,,,,,
2026-08-06T15:22:19.996Z,10.161,8.628,0.0,0.0,0.0,32.0,0.0,0.0,0.0,0.0,0.0,1.0,0.0,0.0,0.0,0.0,9.0,7.0,1.0,0.0,0.0,0.0,0.0,0.0,0.0,0.0,3.0,12.0,1.0,12.05,5.0200000000000005,2.51,1.49,0.0,0.0,0.0,0.5,0.0,-0.9,-0.6000000000000001,-0.5,-93.4,0.0,0.0,93.5,0.0,21.700000000000003,15.6,15.6,15.8,300.0,300.0,26.5,30.200000000000003,24.5,23.700000000000003,25.6,,,,,,,,,,,,,,,,,,,,,,,,
2026-08-06T15:22:20.007Z,10.172,8.64,0.0,0.0,0.0,32.0,0.0,0.0,0.0,0.0,0.0,1.0,0.0,0.0,0.0,0.0,9.0,7.0,1.0,0.0,0.0,0.0,0.0,0.0,0.0,0.0,4.0,12.0,1.0,12.05,5.0200000000000005,2.51,1.49,0.0,0.0,0.0,0.4,0.0,-0.3,0.5,-1.1,-93.4,0.0,0.0,93.4,0.0,21.700000000000003,15.6,15.6,15.8,300.0,300.0,26.5,30.200000000000003,24.5,23.700000000000003,25.6,,,,,,,,,,,,,,,,,,,,,,,,
2026-08-06T15:22:20.020Z,10.185,8.652000000000001,0.0,0.0,0.0,32.0,0.0,0.0,0.0,0.0,0.0,1.0,0.0,0.0,0.0,0.0,9.0,7.0,1.0,0.0,0.0,0.0,0.0,0.0,0.0,0.0,6.0,12.0,1.0,12.05,5.0200000000000005,2.51,1.49,0.0,0.0,0.0,0.4,0.0,0.8,0.0,0.5,-93.4,0.0,0.0,93.3,0.0,21.700000000000003,15.6,15.6,15.8,300.0,300.0,26.5,30.200000000000003,24.5,23.700000000000003,25.6,,,,,,,,,,,,,,,,,,,,,,,,
2026-08-06T15:22:20.033Z,10.198,8.664,0.0,0.0,0.0,32.0,0.0,0.0,0.0,0.0,0.0,1.0,0.0,0.0,0.0,0.0,9.0,7.0,1.0,0.0,0.0,0.0,0.0,0.0,0.0,0.0,6.0,12.0,1.0,12.05,5.0200000000000005,2.51,1.49,0.0,0.0,0.0,0.4,0.0,0.2,0.0,0.5,-93.4,0.0,0.0,93.5,0.0,21.700000000000003,15.6,15.6,15.8,300.0,300.0,26.5,30.200000000000003,24.5,23.700000000000003,25.6,,,,,,,,,,,,,,,,,,,,,,,,
2026-08-06T15:22:20.043Z,10.208,8.676,0.0,0.0,0.0,32.0,0.0,0.0,0.0,0.0,0.0,1.0,0.0,0.0,0.0,0.0,9.0,7.0,1.0,0.0,0.0,0.0,0.0,0.0,0.0,0.0,1.0,12.0,1.0,12.04,5.0200000000000005,2.51,1.49,0.0,0.1,0.0,0.4,0.0,0.8,1.0,-0.1,-93.4,0.0,0.0,93.5,0.0,21.9,15.8,15.8,15.9,300.0,300.0,26.6,30.3,24.5,23.700000000000003,25.6,,,,,,,,,,,,,,,,,,,,,,,,
2026-08-06T15:22:20.055Z,10.22,8.688,0.0,0.0,0.0,32.0,0.0,0.0,0.0,0.0,0.0,0.0,0.0,0.0,0.0,0.0,9.0,7.0,1.0,0.0,0.0,0.0,0.0,0.0,0.0,0.0,3.0,12.0,1.0,12.04,5.0200000000000005,2.51,1.49,0.0,0.0,0.0,0.4,0.0,-0.3,-0.6000000000000001,-0.1,-93.4,0.0,0.0,93.5,0.0,21.9,15.8,15.8,15.9,300.0,300.0,26.6,30.3,24.5,23.700000000000003,25.6,,,,,,,,,,,,,,,,,,,,,,,,
2026-08-06T15:22:20.067Z,10.232,8.700000000000001,0.0,0.0,0.0,32.0,0.0,0.0,0.0,0.0,0.0,0.0,0.0,0.0,0.0,0.0,9.0,7.0,1.0,0.0,0.0,0.0,0.0,0.0,0.0,0.0,4.0,12.0,1.0,12.04,5.0200000000000005,2.51,1.49,0.0,0.0,0.0,0.4,0.0,0.2,-1.2000000000000002,-0.6000000000000001,-93.4,0.0,0.0,93.4,0.0,21.9,15.8,15.8,15.9,300.0,300.0,26.6,30.3,24.5,23.700000000000003,25.6,,,,,,,,,,,,,,,,,,,,,,,,
2026-08-06T15:22:20.081Z,10.246,8.712,0.0,0.0,0.0,32.0,0.0,0.0,0.0,0.0,0.0,0.0,0.0,0.0,0.0,0.0,9.0,7.0,1.0,0.0,0.0,0.0,0.0,0.0,0.0,0.0,5.0,12.0,1.0,12.04,5.0200000000000005,2.51,1.49,0.0,0.0,0.0,0.4,0.0,0.2,1.0,2.2,-93.4,0.0,0.0,93.5,0.0,21.9,15.8,15.8,15.9,300.0,300.0,26.6,30.3,24.5,23.700000000000003,25.6,,,,,,,,,,,,,,,,,,,,,,,,
2026-08-06T15:22:20.091Z,10.256,8.724,0.0,0.0,0.0,32.0,0.0,0.0,0.0,0.0,0.0,0.0,0.0,0.0,0.0,0.0,9.0,7.0,1.0,0.0,0.0,0.0,0.0,0.0,0.0,0.0,5.0,12.0,1.0,12.04,5.0200000000000005,2.51,1.49,0.0,0.0,0.0,0.4,0.0,-0.9,-0.6000000000000001,-1.3,-93.4,0.0,0.0,93.5,0.0,21.9,15.8,15.8,15.9,300.0,300.0,26.6,30.3,24.5,23.700000000000003,25.6,,,,,,,,,,,,,,,,,,,,,,,,
2026-08-06T15:22:20.103Z,10.268,8.736,0.0,0.0,0.0,32.0,0.0,0.0,0.0,0.0,0.0,0.0,0.0,0.0,0.0,0.0,9.0,7.0,1.0,0.0,0.0,0.0,0.0,0.0,0.0,0.0,1.0,12.0,1.0,12.04,5.0200000000000005,2.51,1.49,0.0,0.0,0.0,0.4,0.0,-0.3,0.5,1.5,-93.4,0.0,0.0,93.5,0.0,21.9,15.8,15.8,15.9,300.0,300.0,26.6,30.3,24.5,23.700000000000003,25.6,,,,,,,,,,,,,,,,,,,,,,,,
2026-08-06T15:22:20.115Z,10.28,8.748,0.0,0.0,0.0,32.0,0.0,0.0,0.0,0.0,0.0,0.0,0.0,0.0,0.0,0.0,9.0,7.0,1.0,0.0,0.0,0.0,0.0,0.0,0.0,0.0,2.0,12.0,1.0,12.04,5.0200000000000005,2.51,1.49,0.0,0.0,0.0,0.5,0.0,0.8,-1.2000000000000002,-0.7000000000000001,-93.4,0.0,0.0,93.3,0.0,21.9,15.8,15.8,15.9,300.0,300.0,26.6,30.3,24.5,23.700000000000003,25.6,,,,,,,,,,,,,,,,,,,,,,,,
2026-08-06T15:22:20.128Z,10.293,8.76,0.0,0.0,0.0,32.0,0.0,0.0,0.0,0.0,0.0,0.0,0.0,0.0,0.0,0.0,9.0,7.0,1.0,0.0,0.0,0.0,0.0,0.0,0.0,0.0,3.0,12.0,1.0,12.04,5.0200000000000005,2.51,1.49,0.0,0.0,0.0,0.3,0.0,0.3,0.4,0.4,-93.4,0.0,0.0,93.5,0.0,21.9,15.8,15.8,15.9,300.0,300.0,26.6,30.3,24.5,23.700000000000003,25.6,,,,,,,,,,,,,,,,,,,,,,,,
2026-08-06T15:22:20.140Z,10.305,8.772,-0.1,0.0,0.0,32.0,0.0,0.0,0.0,0.0,0.0,0.0,0.0,0.0,0.0,0.0,9.0,7.0,1.0,0.0,0.0,0.0,0.0,0.0,0.0,0.0,4.0,12.0,1.0,12.05,5.0200000000000005,2.5,1.49,0.0,0.0,0.0,0.4,0.0,-0.2,0.5,-0.7000000000000001,-93.4,0.0,0.0,93.5,0.0,21.9,15.9,15.9,16.0,300.0,300.0,26.5,30.3,24.6,23.8,25.6,,,,,,,,,,,,,,,,,,,,,,,,
2026-08-06T15:22:20.151Z,10.316,8.784,-0.1,0.0,0.0,32.0,0.0,0.0,0.0,0.0,0.0,0.0,0.0,0.0,0.0,0.0,9.0,7.0,1.0,0.0,0.0,0.0,0.0,0.0,0.0,0.0,4.0,12.0,1.0,12.05,5.0200000000000005,2.5,1.49,0.0,0.0,0.0,0.4,0.0,0.2,0.0,1.5,-93.4,0.0,0.0,93.5,0.0,21.9,15.9,15.9,16.0,300.0,300.0,26.5,30.3,24.6,23.8,25.6,,,,,,,,,,,,,,,,,,,,,,,,
2026-08-06T15:22:20.163Z,10.328,8.796,0.0,0.0,0.0,32.0,0.0,0.0,0.0,0.0,0.0,0.0,0.0,0.0,0.0,0.0,9.0,7.0,1.0,0.0,0.0,0.0,0.0,0.0,0.0,0.0,6.0,12.0,1.0,12.05,5.0200000000000005,2.5,1.49,0.0,0.0,0.0,0.4,0.0,-0.8,0.0,-1.3,-93.4,0.0,0.0,93.5,0.0,21.9,15.9,15.9,16.0,300.0,300.0,26.5,30.3,24.6,23.8,25.6,,,,,,,,,,,,,,,,,,,,,,,,
2026-08-06T15:22:20.175Z,10.34,8.808,0.0,0.0,0.0,32.0,0.0,0.0,0.0,0.0,0.0,0.0,0.0,0.0,0.0,0.0,9.0,7.0,1.0,0.0,0.0,0.0,0.0,0.0,0.0,0.0,1.0,12.0,1.0,12.05,5.0200000000000005,2.5,1.49,0.0,0.0,0.0,0.4,0.0,0.8,0.5,0.3,-93.4,0.0,0.0,93.5,0.0,21.9,15.9,15.9,16.0,300.0,300.0,26.5,30.3,24.6,23.8,25.6,,,,,,,,,,,,,,,,,,,,,,,,
2026-08-06T15:22:20.187Z,10.352,8.82,-0.1,0.0,0.0,32.0,0.0,0.0,0.0,0.0,0.0,0.0,0.0,0.0,0.0,0.0,9.0,7.0,1.0,0.0,0.0,0.0,0.0,0.0,0.0,0.0,2.0,12.0,1.0,12.05,5.0200000000000005,2.5,1.49,0.0,0.0,0.0,0.5,0.0,-0.3,0.5,0.4,-93.4,0.0,0.0,93.5,0.0,21.9,15.9,15.9,16.0,300.0,300.0,26.5,30.3,24.6,23.8,25.6,,,,,,,,,,,,,,,,,,,,,,,,
2026-08-06T15:22:20.199Z,10.364,8.832,0.0,0.0,0.0,32.0,0.0,0.0,0.0,0.0,0.0,0.0,0.0,0.0,0.0,0.0,9.0,7.0,1.0,0.0,0.0,0.0,0.0,0.0,0.0,0.0,3.0,12.0,1.0,12.05,5.0200000000000005,2.5,1.49,0.0,0.0,0.0,0.4,0.0,-0.3,0.6000000000000001,-0.1,-93.4,0.0,0.0,93.5,0.0,21.9,15.9,15.9,16.0,300.0,300.0,26.5,30.3,24.6,23.8,25.6,,,,,,,,,,,,,,,,,,,,,,,,
2026-08-06T15:22:20.211Z,10.376,8.844,0.0,0.0,0.0,32.0,0.0,0.0,0.0,0.0,0.0,0.0,0.0,0.0,0.0,0.0,9.0,7.0,1.0,0.0,0.0,0.0,0.0,0.0,0.0,0.0,4.0,12.0,1.0,12.05,5.0200000000000005,2.5,1.49,0.0,0.0,0.0,0.4,0.0,0.2,1.2000000000000002,1.0,-93.4,0.0,0.0,93.3,0.0,21.9,15.9,15.9,16.0,300.0,300.0,26.5,30.3,24.6,23.8,25.6,,,,,,,,,,,,,,,,,,,,,,,,
2026-08-06T15:22:20.223Z,10.388,8.856,0.0,0.0,0.0,32.0,0.0,0.0,0.0,0.0,0.0,0.0,0.0,0.0,0.0,0.0,9.0,7.0,1.0,0.0,0.0,0.0,0.0,0.0,0.0,0.0,5.0,12.0,1.0,12.05,5.0200000000000005,2.5,1.49,0.0,0.1,0.0,0.4,0.0,-0.9,0.6000000000000001,-0.1,-93.4,0.0,0.0,93.4,0.0,21.9,15.9,15.9,16.0,300.0,300.0,26.5,30.3,24.6,23.8,25.6,,,,,,,,,,,,,,,,,,,,,,,,
2026-08-06T15:22:20.236Z,10.401,8.868,0.0,0.0,0.0,32.0,0.0,0.0,0.0,0.0,0.0,0.0,0.0,0.0,0.0,0.0,9.0,7.0,1.0,0.0,0.0,0.0,0.0,0.0,0.0,0.0,6.0,12.0,1.0,12.05,5.0200000000000005,2.5,1.49,0.0,0.0,0.0,0.4,0.0,0.2,0.0,-0.7000000000000001,-93.4,0.0,0.0,93.5,0.0,21.9,15.9,15.9,16.0,300.0,300.0,26.5,30.3,24.6,23.8,25.6,,,,,,,,,,,,,,,,,,,,,,,,
2026-08-06T15:22:20.247Z,10.412,8.88,0.0,0.0,0.0,32.0,0.0,0.0,0.0,0.0,0.0,0.0,0.0,0.0,0.0,0.0,9.0,7.0,1.0,0.0,0.0,0.0,0.0,0.0,0.0,0.0,2.0,12.0,1.0,12.02,5.01,2.51,1.49,0.0,0.1,0.0,0.4,0.0,0.2,-0.5,-0.1,-93.4,0.0,0.0,93.4,0.0,22.1,16.0,16.0,16.1,300.0,300.0,26.5,30.200000000000003,24.5,23.8,25.6,,,,,,,,,,,,,,,,,,,,,,,,
2026-08-06T15:22:20.260Z,10.425,8.892,0.0,0.0,0.0,32.0,0.0,0.0,0.0,0.0,0.0,0.0,0.0,0.0,0.0,0.0,9.0,7.0,1.0,0.0,0.0,0.0,0.0,0.0,0.0,0.0,3.0,12.0,1.0,12.02,5.01,2.51,1.49,0.0,0.0,0.0,0.4,0.0,-0.2,-1.1,-0.7000000000000001,-93.4,0.0,0.0,93.5,0.0,22.1,16.0,16.0,16.1,300.0,300.0,26.5,30.200000000000003,24.5,23.8,25.6,,,,,,,,,,,,,,,,,,,,,,,,
2026-08-06T15:22:20.271Z,10.436,8.904,0.0,0.0,0.0,32.0,0.0,0.0,0.0,0.0,0.0,0.0,0.0,0.0,0.0,0.0,9.0,7.0,1.0,0.0,0.0,0.0,0.0,0.0,0.0,0.0,4.0,12.0,1.0,12.02,5.01,2.51,1.49,0.0,0.0,0.0,0.4,0.0,-0.2,0.0,1.0,-93.4,0.0,0.0,93.4,0.0,22.1,16.0,16.0,16.1,300.0,300.0,26.5,30.200000000000003,24.5,23.8,25.6,,,,,,,,,,,,,,,,,,,,,,,,
2026-08-06T15:22:20.283Z,10.448,8.916,0.0,0.0,0.0,32.0,0.0,0.0,0.0,0.0,0.0,0.0,0.0,0.0,0.0,0.0,9.0,7.0,1.0,0.0,0.0,0.0,0.0,0.0,0.0,0.0,5.0,12.0,1.0,12.02,5.01,2.51,1.49,0.0,0.0,0.0,0.4,0.0,0.3,0.0,-1.2000000000000002,-93.4,0.0,0.0,93.5,0.0,22.1,16.0,16.0,16.1,300.0,300.0,26.5,30.200000000000003,24.5,23.8,25.6,,,,,,,,,,,,,,,,,,,,,,,,
2026-08-06T15:22:20.295Z,10.46,8.928,0.0,0.0,0.0,32.0,0.0,0.0,0.0,0.0,0.0,0.0,0.0,0.0,0.0,0.0,9.0,7.0,1.0,0.0,0.0,0.0,0.0,0.0,0.0,0.0,6.0,12.0,1.0,12.02,5.01,2.51,1.49,0.0,0.0,0.0,0.4,0.0,0.9,-0.5,-0.5,-93.4,0.0,0.0,93.5,0.0,22.1,16.0,16.0,16.1,300.0,300.0,26.5,30.200000000000003,24.5,23.8,25.6,,,,,,,,,,,,,,,,,,,,,,,,
2026-08-06T15:22:20.307Z,10.472,8.94,0.0,0.0,0.0,32.0,0.0,0.0,0.0,0.0,0.0,0.0,0.0,0.0,0.0,0.0,9.0,7.0,1.0,0.0,0.0,0.0,0.0,0.0,0.0,0.0,1.0,12.0,1.0,12.02,5.01,2.51,1.49,0.0,0.0,0.0,0.4,0.0,-0.2,-0.4,1.1,-93.4,0.0,0.0,93.5,0.0,22.1,16.0,16.0,16.1,300.0,300.0,26.5,30.200000000000003,24.5,23.8,25.6,,,,,,,,,,,,,,,,,,,,,,,,
2026-08-06T15:22:20.319Z,10.484,8.952,0.0,0.0,0.0,32.0,0.0,0.0,0.0,0.0,0.0,0.0,0.0,0.0,0.0,0.0,9.0,7.0,1.0,0.0,0.0,0.0,0.0,0.0,0.0,0.0,2.0,12.0,1.0,12.02,5.01,2.51,1.49,0.0,0.0,0.0,0.4,0.0,0.3,0.6000000000000001,0.0,-93.4,0.0,0.0,93.5,0.0,22.1,16.0,16.0,16.1,300.0,300.0,26.5,30.200000000000003,24.5,23.8,25.6,,,,,,,,,,,,,,,,,,,,,,,,
2026-08-06T15:22:20.332Z,10.497,8.964,0.0,0.0,0.0,32.0,0.0,0.0,0.0,0.0,0.0,0.0,0.0,0.0,0.0,0.0,9.0,7.0,1.0,0.0,0.0,0.0,0.0,0.0,0.0,0.0,4.0,12.0,1.0,12.02,5.01,2.51,1.49,0.0,0.0,0.0,0.4,0.0,-0.1,0.0,1.2000000000000002,-93.4,0.0,0.0,93.5,0.0,22.1,16.0,16.0,16.1,300.0,300.0,26.5,30.200000000000003,24.5,23.8,25.6,,,,,,,,,,,,,,,,,,,,,,,,
2026-08-06T15:22:20.345Z,10.51,8.976,0.0,0.0,0.0,32.0,0.0,0.0,0.0,0.0,0.0,0.0,0.0,0.0,0.0,0.0,9.0,7.0,1.0,0.0,0.0,0.0,0.0,0.0,0.0,0.0,5.0,12.0,1.0,12.05,5.0200000000000005,2.51,1.5,0.0,0.0,0.0,0.4,0.0,-0.7000000000000001,-0.5,-0.5,-93.4,0.0,0.0,93.6,0.0,21.700000000000003,16.1,16.1,16.2,300.0,300.0,26.700000000000003,30.200000000000003,24.5,23.8,25.6,,,,,,,,,,,,,,,,,,,,,,,,
2026-08-06T15:22:20.355Z,10.52,8.988,0.1,0.0,0.0,32.0,0.0,0.0,0.0,0.0,0.0,0.0,0.0,0.0,0.0,0.0,9.0,7.0,1.0,0.0,0.0,0.0,0.0,0.0,0.0,0.0,6.0,12.0,1.0,12.05,5.0200000000000005,2.51,1.5,0.0,0.0,0.0,0.4,0.0,-0.1,-1.7000000000000002,1.2000000000000002,-93.4,0.0,0.0,93.5,0.0,21.700000000000003,16.1,16.1,16.2,300.0,300.0,26.700000000000003,30.200000000000003,24.5,23.8,25.6,,,,,,,,,,,,,,,,,,,,,,,,
2026-08-06T15:22:20.367Z,10.532,9.0,0.1,0.0,0.0,32.0,0.0,0.0,0.0,0.0,0.0,0.0,0.0,0.0,0.0,0.0,9.0,7.0,1.0,0.0,0.0,0.0,0.0,0.0,0.0,0.0,2.0,12.0,1.0,12.05,5.0200000000000005,2.51,1.5,0.0,0.0,0.0,0.4,0.0,0.4,0.0,0.6000000000000001,-93.4,0.0,0.0,93.5,0.0,21.700000000000003,16.1,16.1,16.2,300.0,300.0,26.700000000000003,30.200000000000003,24.5,23.8,25.6,,,,,,,,,,,,,,,,,,,,,,,,
2026-08-06T15:22:20.380Z,10.545,9.012,0.0,0.0,0.0,32.0,0.0,0.0,0.0,0.0,0.0,0.0,0.0,0.0,0.0,0.0,9.0,7.0,1.0,0.0,0.0,0.0,0.0,0.0,0.0,0.0,3.0,12.0,1.0,12.05,5.0200000000000005,2.51,1.5,0.0,0.0,0.0,0.4,0.0,-0.1,-0.5,0.0,-93.4,0.0,0.0,93.4,0.0,21.700000000000003,16.1,16.1,16.2,300.0,300.0,26.700000000000003,30.200000000000003,24.5,23.8,25.6,,,,,,,,,,,,,,,,,,,,,,,,
2026-08-06T15:22:20.391Z,10.556,9.024,0.0,0.0,0.0,32.0,0.0,0.0,0.0,0.0,0.0,0.0,0.0,0.0,0.0,0.0,9.0,7.0,1.0,0.0,0.0,0.0,0.0,0.0,0.0,0.0,3.0,12.0,1.0,12.05,5.0200000000000005,2.51,1.5,0.0,0.0,0.0,0.4,0.0,0.4,-0.5,0.5,-93.4,0.0,0.0,93.5,0.0,21.700000000000003,16.1,16.1,16.2,300.0,300.0,26.700000000000003,30.200000000000003,24.5,23.8,25.6,,,,,,,,,,,,,,,,,,,,,,,,
2026-08-06T15:22:20.403Z,10.568,9.036,0.0,0.0,0.0,32.0,0.0,0.0,0.0,0.0,0.0,0.0,0.0,0.0,0.0,0.0,9.0,7.0,1.0,0.0,0.0,0.0,0.0,0.0,0.0,0.0,4.0,12.0,1.0,12.05,5.0200000000000005,2.51,1.5,0.0,0.0,0.0,0.4,0.0,-0.1,-1.7000000000000002,-0.6000000000000001,-93.4,0.0,0.0,93.5,0.0,21.700000000000003,16.1,16.1,16.2,300.0,300.0,26.700000000000003,30.200000000000003,24.5,23.8,25.6,,,,,,,,,,,,,,,,,,,,,,,,
2026-08-06T15:22:20.415Z,10.58,9.048,0.0,0.0,0.0,32.0,0.0,0.0,0.0,0.0,0.0,0.0,0.0,0.0,0.0,0.0,9.0,7.0,1.0,0.0,0.0,0.0,0.0,0.0,0.0,0.0,5.0,12.0,1.0,12.05,5.0200000000000005,2.51,1.5,0.0,0.0,0.0,0.4,0.0,0.9,-0.5,-0.5,-93.4,0.0,0.0,93.3,0.0,21.700000000000003,16.1,16.1,16.2,300.0,300.0,26.700000000000003,30.200000000000003,24.5,23.8,25.6,,,,,,,,,,,,,,,,,,,,,,,,
2026-08-06T15:22:20.427Z,10.592,9.06,0.0,0.0,0.0,32.0,0.0,0.0,0.0,0.0,0.0,0.0,0.0,0.0,0.0,0.0,9.0,7.0,1.0,0.0,0.0,0.0,0.0,0.0,0.0,0.0,6.0,12.0,1.0,12.05,5.0200000000000005,2.51,1.5,0.0,0.0,0.0,0.4,0.0,0.3,0.6000000000000001,0.0,-93.4,0.0,0.0,93.5,0.0,21.700000000000003,16.1,16.1,16.2,300.0,300.0,26.700000000000003,30.200000000000003,24.5,23.8,25.6,,,,,,,,,,,,,,,,,,,,,,,,
2026-08-06T15:22:20.439Z,10.604,9.072,0.0,0.0,0.0,32.0,0.0,0.0,0.0,0.0,0.0,0.0,0.0,0.0,0.0,0.0,9.0,7.0,1.0,0.0,0.0,0.0,0.0,0.0,0.0,0.0,1.0,12.0,1.0,12.05,5.0200000000000005,2.51,1.5,0.0,0.0,0.0,0.4,0.0,-0.8,0.0,1.1,-93.4,0.0,0.0,93.5,0.0,21.700000000000003,16.1,16.1,16.2,300.0,300.0,26.700000000000003,30.200000000000003,24.5,23.8,25.6,,,,,,,,,,,,,,,,,,,,,,,,
2026-08-06T15:22:20.452Z,10.617,9.084,0.0,0.0,0.0,32.0,0.0,0.0,0.0,0.0,0.0,0.0,0.0,0.0,0.0,0.0,9.0,7.0,1.0,0.0,0.0,0.0,0.0,0.0,0.0,0.0,1.0,12.0,1.0,12.06,5.01,2.5,1.49,0.0,0.0,0.0,0.4,0.0,0.8,0.5,2.2,-93.4,0.0,0.0,93.5,0.0,21.9,16.2,16.2,16.3,300.0,300.0,26.5,30.3,24.5,23.8,25.6,,,,,,,,,,,,,,,,,,,,,,,,
2026-08-06T15:22:20.463Z,10.628,9.096,0.0,0.0,0.0,32.0,0.0,0.0,0.0,0.0,0.0,0.0,0.0,0.0,0.0,0.0,9.0,7.0,1.0,0.0,0.0,0.0,0.0,0.0,0.0,0.0,2.0,12.0,1.0,12.06,5.01,2.5,1.49,0.0,0.0,0.0,0.4,0.0,-0.2,1.7000000000000002,0.5,-93.4,0.0,0.0,93.5,0.0,21.9,16.2,16.2,16.3,300.0,300.0,26.5,30.3,24.5,23.8,25.6,,,,,,,,,,,,,,,,,,,,,,,,
2026-08-06T15:22:20.475Z,10.64,9.108,0.0,0.0,0.0,32.0,0.0,0.0,0.0,0.0,0.0,0.0,0.0,0.0,0.0,0.0,9.0,7.0,1.0,0.0,0.0,0.0,0.0,0.0,0.0,0.0,4.0,12.0,1.0,12.06,5.01,2.5,1.49,0.0,0.0,0.0,0.4,0.0,0.3,-0.5,-0.6000000000000001,-93.4,0.0,0.0,93.5,0.0,21.9,16.2,16.2,16.3,300.0,300.0,26.5,30.3,24.5,23.8,25.6,,,,,,,,,,,,,,,,,,,,,,,,
2026-08-06T15:22:20.487Z,10.652,9.12,0.0,0.0,0.0,32.0,0.0,0.0,0.0,0.0,0.0,0.0,0.0,0.0,0.0,0.0,9.0,7.0,1.0,0.0,0.0,0.0,0.0,0.0,0.0,0.0,5.0,12.0,1.0,12.06,5.01,2.5,1.49,0.0,0.0,0.0,0.4,0.0,-0.2,0.6000000000000001,0.0,-93.4,0.0,0.0,93.5,0.0,21.9,16.2,16.2,16.3,300.0,300.0,26.5,30.3,24.5,23.8,25.6,,,,,,,,,,,,,,,,,,,,,,,,
2026-08-06T15:22:20.499Z,10.664,9.132,0.0,0.0,0.0,32.0,0.0,0.0,0.0,0.0,0.0,0.0,0.0,0.0,0.0,0.0,9.0,7.0,1.0,0.0,0.0,0.0,0.0,0.0,0.0,0.0,6.0,12.0,1.0,12.06,5.01,2.5,1.49,0.0,0.0,0.0,0.4,0.0,-0.2,-1.0,1.2000000000000002,-93.4,0.0,0.0,93.5,0.0,21.9,16.2,16.2,16.3,300.0,300.0,26.5,30.3,24.5,23.8,25.6,,,,,,,,,,,,,,,,,,,,,,,,
2026-08-06T15:22:20.512Z,10.677,9.144,0.0,0.0,0.0,32.0,0.0,0.0,0.0,0.0,0.0,0.0,0.0,0.0,0.0,0.0,9.0,7.0,1.0,0.0,0.0,0.0,0.0,0.0,0.0,0.0,6.0,12.0,1.0,12.06,5.01,2.5,1.49,0.0,0.0,0.0,0.4,0.0,-0.2,0.0,0.5,-93.4,0.0,0.0,93.4,0.0,21.9,16.2,16.2,16.3,300.0,300.0,26.5,30.3,24.5,23.8,25.6,,,,,,,,,,,,,,,,,,,,,,,,
2026-08-06T15:22:20.523Z,10.688,9.156,0.0,0.0,0.0,32.0,0.0,0.0,0.0,0.0,0.0,0.0,0.0,0.0,0.0,0.0,9.0,7.0,1.0,0.0,0.0,0.0,0.0,0.0,0.0,0.0,2.0,12.0,1.0,12.06,5.01,2.5,1.49,0.0,0.0,0.0,0.4,0.0,0.3,0.0,-0.6000000000000001,-93.4,0.0,0.0,93.5,0.0,21.9,16.2,16.2,16.3,300.0,300.0,26.5,30.3,24.5,23.8,25.6,,,,,,,,,,,,,,,,,,,,,,,,
2026-08-06T15:22:20.535Z,10.7,9.168,0.0,0.0,0.0,32.0,0.0,0.0,0.0,0.0,0.0,0.0,0.0,0.0,0.0,0.0,9.0,7.0,1.0,0.0,0.0,0.0,0.0,0.0,0.0,0.0,3.0,12.0,1.0,12.06,5.01,2.5,1.49,0.0,0.0,0.0,0.4,0.0,-0.8,0.0,-0.6000000000000001,-93.4,0.0,0.0,93.5,0.0,21.9,16.2,16.2,16.3,300.0,300.0,26.5,30.3,24.5,23.8,25.6,,,,,,,,,,,,,,,,,,,,,,,,
2026-08-06T15:22:20.549Z,10.714,9.18,0.0,0.0,0.0,32.0,0.0,0.0,0.0,0.0,0.0,0.0,0.0,0.0,0.0,0.0,9.0,7.0,1.0,0.0,0.0,0.0,0.0,0.0,0.0,0.0,4.0,12.0,1.0,12.05,5.01,2.5,1.49,0.0,0.0,0.0,0.5,0.0,-0.2,-0.4,0.0,-93.4,0.0,0.0,93.5,0.0,21.200000000000003,16.3,16.3,16.400000000000002,300.0,300.0,26.6,30.200000000000003,24.5,23.8,25.6,,,,,,,,,,,,,,,,,,,,,,,,
2026-08-06T15:22:20.560Z,10.725,9.192,0.0,0.0,0.0,32.0,0.0,0.0,0.0,0.0,0.0,1.0,0.0,0.0,0.0,0.0,9.0,7.0,1.0,0.0,0.0,0.0,0.0,0.0,0.0,0.0,5.0,12.0,1.0,12.05,5.01,2.5,1.49,0.0,0.0,0.0,0.4,0.0,0.3,0.6000000000000001,-0.5,-93.4,0.0,0.0,93.5,0.0,21.200000000000003,16.3,16.3,16.400000000000002,300.0,300.0,26.6,30.200000000000003,24.5,23.8,25.6,,,,,,,,,,,,,,,,,,,,,,,,
2026-08-06T15:22:20.572Z,10.737,9.204,0.0,0.0,0.0,32.0,0.0,0.0,0.0,0.0,0.0,1.0,0.0,0.0,0.0,0.0,9.0,7.0,1.0,0.0,0.0,0.0,0.0,0.0,0.0,0.0,5.0,12.0,1.0,12.05,5.01,2.5,1.49,0.0,0.1,0.0,0.5,0.0,-0.8,1.2000000000000002,0.5,-93.4,0.0,0.0,93.5,0.0,21.200000000000003,16.3,16.3,16.400000000000002,300.0,300.0,26.6,30.200000000000003,24.5,23.8,25.6,,,,,,,,,,,,,,,,,,,,,,,,
2026-08-06T15:22:20.583Z,10.748,9.216,0.0,0.0,0.0,32.0,0.0,0.0,0.0,0.0,0.0,1.0,0.0,0.0,0.0,0.0,9.0,7.0,1.0,0.0,0.0,0.0,0.0,0.0,0.0,0.0,1.0,12.0,1.0,12.05,5.01,2.5,1.49,0.0,0.0,0.0,0.4,0.0,0.3,-0.4,-0.6000000000000001,-93.4,0.0,0.0,93.5,0.0,21.200000000000003,16.3,16.3,16.400000000000002,300.0,300.0,26.6,30.200000000000003,24.5,23.8,25.6,,,,,,,,,,,,,,,,,,,,,,,,
2026-08-06T15:22:20.596Z,10.761,9.228,0.0,0.0,0.0,32.0,0.0,0.0,0.0,0.0,0.0,1.0,0.0,0.0,0.0,0.0,9.0,7.0,1.0,0.0,0.0,0.0,0.0,0.0,0.0,0.0,2.0,12.0,1.0,12.05,5.01,2.5,1.49,0.0,0.0,0.0,0.4,0.0,-0.2,0.1,1.2000000000000002,-93.4,0.0,0.0,93.5,0.0,21.200000000000003,16.3,16.3,16.400000000000002,300.0,300.0,26.6,30.200000000000003,24.5,23.8,25.6,,,,,,,,,,,,,,,,,,,,,,,,
2026-08-06T15:22:20.607Z,10.772,9.24,0.0,0.0,0.0,32.0,0.0,0.0,0.0,0.0,0.0,1.0,0.0,0.0,0.0,0.0,9.0,7.0,1.0,0.0,0.0,0.0,0.0,0.0,0.0,0.0,4.0,12.0,1.0,12.05,5.01,2.5,1.49,0.0,0.0,0.0,0.4,0.0,-0.8,0.7000000000000001,-0.5,-93.4,0.0,0.0,93.4,0.0,21.200000000000003,16.3,16.3,16.400000000000002,300.0,300.0,26.6,30.200000000000003,24.5,23.8,25.6,,,,,,,,,,,,,,,,,,,,,,,,
2026-08-06T15:22:20.619Z,10.784,9.252,0.0,0.0,0.0,32.0,0.0,0.0,0.0,0.0,0.0,1.0,0.0,0.0,0.0,0.0,9.0,7.0,1.0,0.0,0.0,0.0,0.0,0.0,0.0,0.0,5.0,12.0,1.0,12.05,5.01,2.5,1.49,0.0,0.0,0.0,0.4,0.0,-0.3,0.1,0.5,-93.4,0.0,0.0,93.3,0.0,21.200000000000003,16.3,16.3,16.400000000000002,300.0,300.0,26.6,30.200000000000003,24.5,23.8,25.6,,,,,,,,,,,,,,,,,,,,,,,,
2026-08-06T15:22:20.632Z,10.797,9.264,0.0,0.0,0.0,32.0,0.0,0.0,0.0,0.0,0.0,1.0,0.0,0.0,0.0,0.0,9.0,7.0,1.0,0.0,0.0,0.0,0.0,0.0,0.0,0.0,6.0,12.0,1.0,12.05,5.01,2.5,1.49,0.0,0.0,0.0,0.4,0.0,0.2,0.0,0.5,-93.4,0.0,0.0,93.5,0.0,21.200000000000003,16.3,16.3,16.400000000000002,300.0,300.0,26.6,30.200000000000003,24.5,23.8,25.6,,,,,,,,,,,,,,,,,,,,,,,,
2026-08-06T15:22:20.643Z,10.808,9.276,0.0,0.0,0.0,32.0,0.0,0.0,0.0,0.0,0.0,1.0,0.0,0.0,0.0,0.0,9.0,7.0,1.0,0.0,0.0,0.0,0.0,0.0,0.0,0.0,1.0,12.0,1.0,12.05,5.01,2.5,1.49,0.0,0.0,0.0,0.4,0.0,0.2,0.0,1.1,-93.4,0.0,0.0,93.5,0.0,21.200000000000003,16.3,16.3,16.400000000000002,300.0,300.0,26.6,30.200000000000003,24.5,23.8,25.6,,,,,,,,,,,,,,,,,,,,,,,,
2026-08-06T15:22:20.655Z,10.82,9.288,0.0,0.0,0.0,32.0,0.0,0.0,0.0,0.0,0.0,1.0,0.0,0.0,0.0,0.0,9.0,7.0,1.0,0.0,0.0,0.0,0.0,0.0,0.0,0.0,3.0,12.0,1.0,12.02,5.01,2.51,1.49,0.0,0.1,0.0,0.4,0.0,0.8,1.2000000000000002,0.0,-93.4,0.0,0.0,93.7,0.0,21.9,16.400000000000002,16.400000000000002,16.6,300.0,300.0,26.5,30.3,24.5,23.8,25.6,,,,,,,,,,,,,,,,,,,,,,,,
2026-08-06T15:22:20.667Z,10.832,9.3,0.0,0.0,0.0,32.0,0.0,0.0,0.0,0.0,0.0,1.0,0.0,0.0,0.0,0.0,9.0,7.0,1.0,0.0,0.0,0.0,0.0,0.0,0.0,0.0,4.0,12.0,1.0,12.02,5.01,2.51,1.49,0.0,0.0,0.0,0.4,0.0,0.8,1.2000000000000002,1.1,-93.4,0.0,0.0,93.5,0.0,21.9,16.400000000000002,16.400000000000002,16.6,300.0,300.0,26.5,30.3,24.5,23.8,25.6,,,,,,,,,,,,,,,,,,,,,,,,
2026-08-06T15:22:20.679Z,10.844,9.312,0.0,0.0,0.0,32.0,0.0,0.0,0.0,0.0,0.0,1.0,0.0,0.0,0.0,0.0,9.0,7.0,1.0,0.0,0.0,0.0,0.0,0.0,0.0,0.0,4.0,12.0,1.0,12.02,5.01,2.51,1.49,0.0,0.0,0.0,0.4,0.0,0.2,0.6000000000000001,-0.6000000000000001,-93.4,0.0,0.0,93.5,0.0,21.9,16.400000000000002,16.400000000000002,16.6,300.0,300.0,26.5,30.3,24.5,23.8,25.6,,,,,,,,,,,,,,,,,,,,,,,,
2026-08-06T15:22:20.692Z,10.857,9.324,0.0,0.0,0.0,32.0,0.0,0.0,0.0,0.0,0.0,1.0,0.0,0.0,0.0,0.0,9.0,7.0,1.0,0.0,0.0,0.0,0.0,0.0,0.0,0.0,5.0,12.0,1.0,12.02,5.01,2.51,1.49,0.0,0.0,0.0,0.4,0.0,-0.9,-0.5,0.5,-93.4,0.0,0.0,93.5,0.0,21.9,16.400000000000002,16.400000000000002,16.6,300.0,300.0,26.5,30.3,24.5,23.8,25.6,,,,,,,,,,,,,,,,,,,,,,,,
2026-08-06T15:22:20.704Z,10.869,9.336,0.0,0.0,0.0,32.0,0.0,0.0,0.0,0.0,0.0,1.0,0.0,0.0,0.0,0.0,9.0,7.0,1.0,0.0,0.0,0.0,0.0,0.0,0.0,0.0,6.0,12.0,1.0,12.02,5.01,2.51,1.49,0.0,0.1,0.0,0.5,0.0,0.2,0.0,1.7000000000000002,-93.4,0.0,0.0,93.4,0.0,21.9,16.400000000000002,16.400000000000002,16.6,300.0,300.0,26.5,30.3,24.5,23.8,25.6,,,,,,,,,,,,,,,,,,,,,,,,
2026-08-06T15:22:20.715Z,10.88,9.348,0.0,0.0,0.0,32.0,0.0,0.0,0.0,0.0,0.0,1.0,0.0,0.0,0.0,0.0,9.0,7.0,1.0,0.0,0.0,0.0,0.0,0.0,0.0,0.0,1.0,12.0,1.0,12.02,5.01,2.51,1.49,0.0,0.1,0.0,0.4,0.0,0.2,0.6000000000000001,-2.3000000000000003,-93.4,0.0,0.0,93.3,0.0,21.9,16.400000000000002,16.400000000000002,16.6,300.0,300.0,26.5,30.3,24.5,23.8,25.6,,,,,,,,,,,,,,,,,,,,,,,,
2026-08-06T15:22:20.727Z,10.892,9.36,0.0,0.0,0.0,32.0,0.0,0.0,0.0,0.0,0.0,1.0,0.0,0.0,0.0,0.0,9.0,7.0,1.0,0.0,0.0,0.0,0.0,0.0,0.0,0.0,2.0,12.0,1.0,12.02,5.01,2.51,1.49,0.0,0.0,0.0,0.4,0.0,-0.8,-1.0,-1.1,-93.4,0.0,0.0,93.5,0.0,21.9,16.400000000000002,16.400000000000002,16.6,300.0,300.0,26.5,30.3,24.5,23.8,25.6,,,,,,,,,,,,,,,,,,,,,,,,
2026-08-06T15:22:20.739Z,10.904,9.372,0.0,0.0,0.0,32.0,0.0,0.0,0.0,0.0,0.0,1.0,0.0,0.0,0.0,0.0,9.0,7.0,1.0,0.0,0.0,0.0,0.0,0.0,0.0,0.0,3.0,12.0,1.0,12.02,5.01,2.51,1.49,0.0,0.0,0.0,0.4,0.0,-0.8,-0.5,0.6000000000000001,-93.4,0.0,0.0,93.5,0.0,21.9,16.400000000000002,16.400000000000002,16.6,300.0,300.0,26.5,30.3,24.5,23.8,25.6,,,,,,,,,,,,,,,,,,,,,,,,
2026-08-06T15:22:20.752Z,10.917,9.384,0.0,0.0,0.0,32.0,0.0,0.0,0.0,0.0,0.0,1.0,0.0,0.0,0.0,0.0,9.0,7.0,1.0,0.0,0.0,0.0,0.0,0.0,0.0,0.0,5.0,12.0,1.0,12.04,5.01,2.51,1.49,0.0,0.0,0.0,0.4,0.0,-0.2,0.0,-0.5,-93.4,0.0,0.0,93.5,0.0,22.1,16.5,16.5,16.7,300.0,300.0,26.5,30.200000000000003,24.5,23.8,25.6,,,,,,,,,,,,,,,,,,,,,,,,
2026-08-06T15:22:20.763Z,10.928,9.396,0.0,0.0,0.0,32.0,0.0,0.0,0.0,0.0,0.0,1.0,0.0,0.0,0.0,0.0,9.0,7.0,1.0,0.0,0.0,0.0,0.0,0.0,0.0,0.0,6.0,12.0,1.0,12.04,5.01,2.51,1.49,0.0,0.1,0.0,0.4,0.0,0.2,1.8,1.2000000000000002,-93.4,0.0,0.0,93.4,0.0,22.1,16.5,16.5,16.7,300.0,300.0,26.5,30.200000000000003,24.5,23.8,25.6,,,,,,,,,,,,,,,,,,,,,,,,
2026-08-06T15:22:20.775Z,10.94,9.408,0.0,0.0,0.0,32.0,0.0,0.0,0.0,0.0,0.0,1.0,0.0,0.0,0.0,0.0,9.0,7.0,1.0,0.0,0.0,0.0,0.0,0.0,0.0,0.0,1.0,12.0,1.0,12.04,5.01,2.51,1.49,0.0,0.0,0.0,0.4,0.0,-0.2,-1.0,-0.4,-93.4,0.0,0.0,93.5,0.0,22.1,16.5,16.5,16.7,300.0,300.0,26.5,30.200000000000003,24.5,23.8,25.6,,,,,,,,,,,,,,,,,,,,,,,,
2026-08-06T15:22:20.787Z,10.952,9.42,0.1,0.0,0.0,32.0,0.0,0.0,0.0,0.0,0.0,1.0,0.0,0.0,0.0,0.0,9.0,7.0,1.0,0.0,0.0,0.0,0.0,0.0,0.0,0.0,3.0,12.0,1.0,12.04,5.01,2.51,1.49,0.0,0.0,0.0,0.4,0.0,0.2,0.0,-1.1,-93.4,0.0,0.0,93.5,0.0,22.1,16.5,16.5,16.7,300.0,300.0,26.5,30.200000000000003,24.5,23.8,25.6,,,,,,,,,,,,,,,,,,,,,,,,
2026-08-06T15:22:20.799Z,10.964,9.432,0.1,0.0,0.0,32.0,0.0,0.0,0.0,0.0,0.0,1.0,0.0,0.0,0.0,0.0,9.0,7.0,1.0,0.0,0.0,0.0,0.0,0.0,0.0,0.0,4.0,12.0,1.0,12.04,5.01,2.51,1.49,0.0,0.0,0.0,0.4,0.0,0.2,0.1,1.2000000000000002,-93.4,0.0,0.0,93.5,0.0,22.1,16.5,16.5,16.7,300.0,300.0,26.5,30.200000000000003,24.5,23.8,25.6,,,,,,,,,,,,,,,,,,,,,,,,
2026-08-06T15:22:20.811Z,10.976,9.444,0.1,0.0,0.0,32.0,0.0,0.0,0.0,0.0,0.0,1.0,0.0,0.0,0.0,0.0,9.0,7.0,1.0,0.0,0.0,0.0,0.0,0.0,0.0,0.0,4.0,12.0,1.0,12.04,5.01,2.51,1.49,0.0,0.0,0.0,0.4,0.0,0.2,1.3,0.6000000000000001,-93.4,0.0,0.0,93.4,0.0,22.1,16.5,16.5,16.7,300.0,300.0,26.5,30.200000000000003,24.5,23.8,25.6,,,,,,,,,,,,,,,,,,,,,,,,
2026-08-06T15:22:20.823Z,10.988,9.456,0.1,0.0,0.0,32.0,0.0,0.0,0.0,0.0,0.0,1.0,0.0,0.0,0.0,0.0,9.0,7.0,1.0,0.0,0.0,0.0,0.0,0.0,0.0,0.0,6.0,12.0,1.0,12.04,5.01,2.51,1.49,-0.1,0.0,0.0,0.4,0.0,-0.8,0.1,0.6000000000000001,-93.4,0.0,0.0,93.5,0.0,22.1,16.5,16.5,16.7,300.0,300.0,26.5,30.200000000000003,24.5,23.8,25.6,,,,,,,,,,,,,,,,,,,,,,,,
2026-08-06T15:22:20.836Z,11.001,9.468,0.1,0.0,0.0,32.0,0.0,0.0,0.0,0.0,0.0,1.0,0.0,0.0,0.0,0.0,9.0,7.0,1.0,0.0,0.0,0.0,0.0,0.0,0.0,0.0,6.0,12.0,1.0,12.04,5.01,2.51,1.49,0.0,0.0,0.0,0.5,0.0,-0.8,0.1,0.6000000000000001,-93.4,0.0,0.0,93.5,0.0,22.1,16.5,16.5,16.7,300.0,300.0,26.5,30.200000000000003,24.5,23.8,25.6,,,,,,,,,,,,,,,,,,,,,,,,
2026-08-06T15:22:20.847Z,11.012,9.48,0.1,0.0,0.0,32.0,0.0,0.0,0.0,0.0,0.0,1.0,0.0,0.0,0.0,0.0,9.0,7.0,1.0,0.0,0.0,0.0,0.0,0.0,0.0,0.0,2.0,12.0,1.0,12.04,5.01,2.51,1.49,0.0,0.0,0.0,0.4,0.0,-0.8,0.0,-0.5,-93.4,0.0,0.0,93.5,0.0,22.1,16.5,16.5,16.7,300.0,300.0,26.5,30.200000000000003,24.5,23.8,25.6,,,,,,,,,,,,,,,,,,,,,,,,
2026-08-06T15:22:20.860Z,11.025,9.492,0.1,0.0,0.0,32.0,0.0,0.0,0.0,0.0,0.0,1.0,0.0,0.0,0.0,0.0,9.0,7.0,1.0,0.0,0.0,0.0,0.0,0.0,0.0,0.0,3.0,12.0,1.0,12.02,5.01,2.5,1.5,0.0,0.1,0.0,0.4,0.0,-0.2,1.2000000000000002,0.0,-93.4,0.0,0.0,93.5,0.0,21.8,16.6,16.6,16.8,300.0,300.0,26.5,30.200000000000003,24.5,23.8,25.6,,,,,,,,,,,,,,,,,,,,,,,,
2026-08-06T15:22:20.871Z,11.036,9.504,0.1,0.0,0.0,32.0,0.0,0.0,0.0,0.0,0.0,1.0,0.0,0.0,0.0,0.0,9.0,7.0,1.0,0.0,0.0,0.0,0.0,0.0,0.0,0.0,4.0,12.0,1.0,12.02,5.01,2.5,1.5,0.0,0.0,0.0,0.4,0.0,-0.2,-0.4,0.6000000000000001,-93.4,0.0,0.0,93.5,0.0,21.8,16.6,16.6,16.8,300.0,300.0,26.5,30.200000000000003,24.5,23.8,25.6,,,,,,,,,,,,,,,,,,,,,,,,
2026-08-06T15:22:20.883Z,11.048,9.516,0.1,0.0,0.0,32.0,0.0,0.0,0.0,0.0,0.0,1.0,0.0,0.0,0.0,0.0,9.0,7.0,1.0,0.0,0.0,0.0,0.0,0.0,0.0,0.0,5.0,12.0,1.0,12.02,5.01,2.5,1.5,0.0,0.0,0.0,0.4,0.0,-0.3,-1.0,1.1,-93.4,0.0,0.0,93.5,0.0,21.8,16.6,16.6,16.8,300.0,300.0,26.5,30.200000000000003,24.5,23.8,25.6,,,,,,,,,,,,,,,,,,,,,,,,
2026-08-06T15:22:20.895Z,11.06,9.528,0.1,0.0,0.0,32.0,0.0,0.0,0.0,0.0,0.0,1.0,0.0,0.0,0.0,0.0,9.0,7.0,1.0,0.0,0.0,0.0,0.0,0.0,0.0,0.0,1.0,12.0,1.0,12.02,5.01,2.5,1.5,0.0,0.0,0.0,0.4,0.0,0.8,0.6000000000000001,-0.6000000000000001,-93.4,0.0,0.0,93.5,0.0,21.8,16.6,16.6,16.8,300.0,300.0,26.5,30.200000000000003,24.5,23.8,25.6,,,,,,,,,,,,,,,,,,,,,,,,
2026-08-06T15:22:20.907Z,11.072,9.54,0.1,0.0,0.0,32.0,0.0,0.0,0.0,0.0,0.0,1.0,0.0,0.0,0.0,0.0,9.0,7.0,1.0,0.0,0.0,0.0,0.0,0.0,0.0,0.0,2.0,12.0,1.0,12.02,5.01,2.5,1.5,0.0,0.0,0.0,0.4,0.0,-0.3,-0.4,-1.1,-93.4,0.0,0.0,93.3,0.0,21.8,16.6,16.6,16.8,300.0,300.0,26.5,30.200000000000003,24.5,23.8,25.6,,,,,,,,,,,,,,,,,,,,,,,,
2026-08-06T15:22:20.919Z,11.084,9.552,0.0,0.0,0.0,32.0,0.0,0.0,0.0,0.0,0.0,1.0,0.0,0.0,0.0,0.0,9.0,7.0,1.0,0.0,0.0,0.0,0.0,0.0,0.0,0.0,3.0,12.0,1.0,12.02,5.01,2.5,1.5,0.0,0.0,0.0,0.4,0.0,-0.3,-0.4,0.0,-93.4,0.0,0.0,93.5,0.0,21.8,16.6,16.6,16.8,300.0,300.0,26.5,30.200000000000003,24.5,23.8,25.6,,,,,,,,,,,,,,,,,,,,,,,,
2026-08-06T15:22:20.931Z,11.096,9.564,0.1,0.0,0.0,32.0,0.0,0.0,0.0,0.0,0.0,1.0,0.0,0.0,0.0,0.0,9.0,7.0,1.0,0.0,0.0,0.0,0.0,0.0,0.0,0.0,4.0,12.0,1.0,12.02,5.01,2.5,1.5,0.0,0.0,0.0,0.4,0.0,0.2,0.0,0.0,-93.4,0.0,0.0,93.5,0.0,21.8,16.6,16.6,16.8,300.0,300.0,26.5,30.200000000000003,24.5,23.8,25.6,,,,,,,,,,,,,,,,,,,,,,,,
2026-08-06T15:22:20.943Z,11.108,9.576,0.0,0.0,0.0,32.0,0.0,0.0,0.0,0.0,0.0,1.0,0.0,0.0,0.0,0.0,9.0,7.0,1.0,0.0,0.0,0.0,0.0,0.0,0.0,0.0,5.0,12.0,1.0,12.02,5.01,2.5,1.5,0.0,0.0,0.0,0.4,0.0,-0.9,-0.5,-3.5,-93.4,0.0,0.0,93.5,0.0,21.8,16.6,16.6,16.8,300.0,300.0,26.5,30.200000000000003,24.5,23.8,25.6,,,,,,,,,,,,,,,,,,,,,,,,
2026-08-06T15:22:20.957Z,11.122,9.588,0.0,0.0,0.0,32.0,0.0,0.0,0.0,0.0,0.0,1.0,0.0,0.0,0.0,0.0,9.0,7.0,1.0,0.0,0.0,0.0,0.0,0.0,0.0,0.0,6.0,12.0,1.0,12.02,5.0200000000000005,2.5,1.49,0.0,0.0,0.0,0.4,0.0,0.7000000000000001,0.6000000000000001,1.1,-93.4,0.0,0.0,93.5,0.0,21.700000000000003,16.7,16.7,16.900000000000002,300.0,300.0,26.4,30.200000000000003,24.5,23.8,25.6,,,,,,,,,,,,,,,,,,,,,,,,
2026-08-06T15:22:20.968Z,11.133,9.6,0.0,0.0,0.0,32.0,0.0,0.0,0.0,0.0,0.0,1.0,0.0,0.0,0.0,0.0,9.0,7.0,1.0,0.0,0.0,0.0,0.0,0.0,0.0,0.0,1.0,12.0,1.0,12.02,5.0200000000000005,2.5,1.49,0.0,0.0,0.0,0.4,0.0,0.7000000000000001,0.0,1.1,-93.4,0.0,0.0,93.6,0.0,21.700000000000003,16.7,16.7,16.900000000000002,300.0,300.0,26.4,30.200000000000003,24.5,23.8,25.6,,,,,,,,,,,,,,,,,,,,,,,,
2026-08-06T15:22:20.979Z,11.144,9.612,0.0,0.0,0.0,32.0,0.0,0.0,0.0,0.0,0.0,1.0,0.0,0.0,0.0,0.0,9.0,7.0,1.0,0.0,0.0,0.0,0.0,0.0,0.0,0.0,2.0,12.0,1.0,12.02,5.0200000000000005,2.5,1.49,0.0,0.1,0.0,0.4,0.0,0.2,0.0,0.0,-93.4,0.0,0.0,93.5,0.0,21.700000000000003,16.7,16.7,16.900000000000002,300.0,300.0,26.4,30.200000000000003,24.5,23.8,25.6,,,,,,,,,,,,,,,,,,,,,,,,
2026-08-06T15:22:20.992Z,11.157,9.624,0.0,0.0,0.0,32.0,0.0,0.0,0.0,0.0,0.0,1.0,0.0,0.0,0.0,0.0,9.0,7.0,1.0,0.0,0.0,0.0,0.0,0.0,0.0,0.0,4.0,12.0,1.0,12.02,5.0200000000000005,2.5,1.49,0.0,0.0,0.0,0.4,0.0,0.7000000000000001,0.6000000000000001,0.5,-93.4,0.0,0.0,93.5,0.0,21.700000000000003,16.7,16.7,16.900000000000002,300.0,300.0,26.4,30.200000000000003,24.5,23.8,25.6,,,,,,,,,,,,,,,,,,,,,,,,
2026-08-06T15:22:21.003Z,11.168,9.636,0.0,0.0,0.0,32.0,0.0,0.0,0.0,0.0,0.0,1.0,0.0,0.0,0.0,0.0,9.0,7.0,1.0,0.0,0.0,0.0,0.0,0.0,0.0,0.0,5.0,12.0,1.0,12.02,5.0200000000000005,2.5,1.49,0.0,0.0,0.0,0.4,0.0,0.2,1.7000000000000002,1.6,-93.4,0.0,0.0,93.3,0.0,21.700000000000003,16.7,16.7,16.900000000000002,300.0,300.0,26.4,30.200000000000003,24.5,23.8,25.6,,,,,,,,,,,,,,,,,,,,,,,,
2026-08-06T15:22:21.015Z,11.18,9.648,0.0,0.0,0.0,32.0,0.0,0.0,0.0,0.0,0.0,1.0,0.0,0.0,0.0,0.0,9.0,7.0,1.0,0.0,0.0,0.0,0.0,0.0,0.0,0.0,6.0,12.0,1.0,12.02,5.0200000000000005,2.5,1.49,0.0,0.1,0.0,0.4,0.0,0.7000000000000001,-0.5,-0.6000000000000001,-93.4,0.0,0.0,93.4,0.0,21.700000000000003,16.7,16.7,16.900000000000002,300.0,300.0,26.4,30.200000000000003,24.5,23.8,25.6,,,,,,,,,,,,,,,,,,,,,,,,
2026-08-06T15:22:21.027Z,11.192,9.66,0.0,0.0,0.0,32.0,0.0,0.0,0.0,0.0,0.0,1.0,0.0,0.0,0.0,0.0,9.0,7.0,1.0,0.0,0.0,0.0,0.0,0.0,0.0,0.0,1.0,12.0,1.0,12.02,5.0200000000000005,2.5,1.49,0.0,0.0,0.0,0.4,0.0,-0.9,-0.5,-0.6000000000000001,-93.4,0.0,0.0,93.5,0.0,21.700000000000003,16.7,16.7,16.900000000000002,300.0,300.0,26.4,30.200000000000003,24.5,23.8,25.6,,,,,,,,,,,,,,,,,,,,,,,,
2026-08-06T15:22:21.039Z,11.204,9.672,0.0,0.0,0.0,32.0,0.0,0.0,0.0,0.0,0.0,1.0,0.0,0.0,0.0,0.0,9.0,7.0,1.0,0.0,0.0,0.0,0.0,0.0,0.0,0.0,1.0,12.0,1.0,12.02,5.0200000000000005,2.5,1.49,0.0,0.0,0.0,0.5,0.0,-0.3,0.6000000000000001,1.1,-93.4,0.0,0.0,93.5,0.0,21.700000000000003,16.7,16.7,16.900000000000002,300.0,300.0,26.4,30.200000000000003,24.5,23.8,25.6,,,,,,,,,,,,,,,,,,,,,,,,
2026-08-06T15:22:21.051Z,11.216,9.684,0.0,0.0,0.0,32.0,0.0,0.0,0.0,0.0,0.0,0.0,0.0,0.0,0.0,0.0,9.0,7.0,1.0,0.0,0.0,0.0,0.0,0.0,0.0,0.0,2.0,12.0,1.0,12.02,5.0200000000000005,2.5,1.49,0.0,0.0,0.0,0.4,0.0,-0.3,0.6000000000000001,-0.6000000000000001,-93.4,0.0,0.0,93.5,0.0,21.700000000000003,16.7,16.7,16.900000000000002,300.0,300.0,26.4,30.200000000000003,24.5,23.8,25.6,,,,,,,,,,,,,,,,,,,,,,,,
2026-08-06T15:22:21.063Z,11.228,9.696,0.0,0.0,0.0,32.0,0.0,0.0,0.0,0.0,0.0,0.0,0.0,0.0,0.0,0.0,9.0,7.0,1.0,0.0,0.0,0.0,0.0,0.0,0.0,0.0,4.0,12.0,1.0,12.02,5.0200000000000005,2.51,1.49,0.0,0.0,0.0,0.4,0.0,0.2,-1.1,-0.6000000000000001,-93.4,0.0,0.0,93.5,0.0,21.9,16.8,16.8,17.0,300.0,300.0,26.5,30.200000000000003,24.5,23.8,25.6,,,,,,,,,,,,,,,,,,,,,,,,
2026-08-06T15:22:21.075Z,11.24,9.708,0.0,0.0,0.0,32.0,0.0,0.0,0.0,0.0,0.0,0.0,0.0,0.0,0.0,0.0,9.0,7.0,1.0,0.0,0.0,0.0,0.0,0.0,0.0,0.0,5.0,12.0,1.0,12.02,5.0200000000000005,2.51,1.49,0.0,0.0,0.0,0.4,0.0,0.7000000000000001,-0.5,0.0,-93.4,0.0,0.0,93.5,0.0,21.9,16.8,16.8,17.0,300.0,300.0,26.5,30.200000000000003,24.5,23.8,25.6,,,,,,,,,,,,,,,,,,,,,,,,
2026-08-06T15:22:21.087Z,11.252,9.72,0.0,0.0,0.0,32.0,0.0,0.0,0.0,0.0,0.0,0.0,0.0,0.0,0.0,0.0,9.0,7.0,1.0,0.0,0.0,0.0,0.0,0.0,0.0,0.0,6.0,12.0,1.0,12.02,5.0200000000000005,2.51,1.49,0.0,0.0,0.0,0.4,0.0,0.7000000000000001,1.7000000000000002,0.5,-93.4,0.0,0.0,93.5,0.0,21.9,16.8,16.8,17.0,300.0,300.0,26.5,30.200000000000003,24.5,23.8,25.6,,,,,,,,,,,,,,,,,,,,,,,,
2026-08-06T15:22:21.100Z,11.265,9.732,0.0,0.0,0.0,32.0,0.0,0.0,0.0,0.0,0.0,0.0,0.0,0.0,0.0,0.0,9.0,7.0,1.0,0.0,0.0,0.0,0.0,0.0,0.0,0.0,2.0,12.0,1.0,12.02,5.0200000000000005,2.51,1.49,0.0,0.0,0.0,0.5,0.0,0.1,1.2000000000000002,0.0,-93.4,0.0,0.0,93.5,0.0,21.9,16.8,16.8,17.0,300.0,300.0,26.5,30.200000000000003,24.5,23.8,25.6,,,,,,,,,,,,,,,,,,,,,,,,
2026-08-06T15:22:21.111Z,11.276,9.744,0.0,0.0,0.0,32.0,0.0,0.0,0.0,0.0,0.0,0.0,0.0,0.0,0.0,0.0,9.0,7.0,1.0,0.0,0.0,0.0,0.0,0.0,0.0,0.0,2.0,12.0,1.0,12.02,5.0200000000000005,2.51,1.49,0.0,0.0,0.0,0.4,0.0,-0.3,0.0,0.5,-93.4,0.0,0.0,93.4,0.0,21.9,16.8,16.8,17.0,300.0,300.0,26.5,30.200000000000003,24.5,23.8,25.6,,,,,,,,,,,,,,,,,,,,,,,,
2026-08-06T15:22:21.124Z,11.289,9.756,0.0,0.0,0.0,32.0,0.0,0.0,0.0,0.0,0.0,0.0,0.0,0.0,0.0,0.0,9.0,7.0,1.0,0.0,0.0,0.0,0.0,0.0,0.0,0.0,3.0,12.0,1.0,12.02,5.0200000000000005,2.51,1.49,0.0,0.0,0.0,0.4,0.0,-1.5,-1.7000000000000002,-1.2000000000000002,-93.4,0.0,0.0,93.5,0.0,21.9,16.8,16.8,17.0,300.0,300.0,26.5,30.200000000000003,24.5,23.8,25.6,,,,,,,,,,,,,,,,,,,,,,,,
2026-08-06T15:22:21.135Z,11.3,9.768,0.0,0.0,0.0,32.0,0.0,0.0,0.0,0.0,0.0,0.0,0.0,0.0,0.0,0.0,9.0,7.0,1.0,0.0,0.0,0.0,0.0,0.0,0.0,0.0,3.0,12.0,1.0,12.02,5.0200000000000005,2.51,1.49,0.0,0.0,0.0,0.4,0.0,0.1,0.0,0.4,-93.4,0.0,0.0,93.5,0.0,21.9,16.8,16.8,17.0,300.0,300.0,26.5,30.200000000000003,24.5,23.8,25.6,,,,,,,,,,,,,,,,,,,,,,,,
2026-08-06T15:22:21.147Z,11.312,9.78,0.0,0.0,0.0,32.0,0.0,0.0,0.0,0.0,0.0,0.0,0.0,0.0,0.0,0.0,9.0,7.0,1.0,0.0,0.0,0.0,0.0,0.0,0.0,0.0,4.0,12.0,1.0,12.02,5.0200000000000005,2.51,1.49,0.0,0.0,0.0,0.4,0.0,-0.4,0.0,-0.6000000000000001,-93.4,0.0,0.0,93.5,0.0,21.9,16.8,16.8,17.0,300.0,300.0,26.5,30.200000000000003,24.5,23.8,25.6,,,,,,,,,,,,,,,,,,,,,,,,
2026-08-06T15:22:21.160Z,11.325,9.792,0.0,0.0,0.0,32.0,0.0,0.0,0.0,0.0,0.0,0.0,0.0,0.0,0.0,0.0,9.0,7.0,1.0,0.0,0.0,0.0,0.0,0.0,0.0,0.0,5.0,12.0,1.0,12.04,5.0200000000000005,2.51,1.49,0.0,0.0,0.0,0.4,0.0,-0.4,-1.2000000000000002,-0.6000000000000001,-93.4,0.0,0.0,93.5,0.0,22.1,16.900000000000002,16.900000000000002,17.1,300.0,300.0,26.6,30.200000000000003,24.5,23.8,25.6,,,,,,,,,,,,,,,,,,,,,,,,
2026-08-06T15:22:21.171Z,11.336,9.804,0.0,0.0,0.0,32.0,0.0,0.0,0.0,0.0,0.0,0.0,0.0,0.0,0.0,0.0,9.0,7.0,1.0,0.0,0.0,0.0,0.0,0.0,0.0,0.0,6.0,12.0,1.0,12.04,5.0200000000000005,2.51,1.49,0.0,0.0,0.0,0.4,0.0,0.1,-0.1,-0.1,-93.4,0.0,0.0,93.5,0.0,22.1,16.900000000000002,16.900000000000002,17.1,300.0,300.0,26.6,30.200000000000003,24.5,23.8,25.6,,,,,,,,,,,,,,,,,,,,,,,,
2026-08-06T15:22:21.183Z,11.348,9.816,0.0,0.0,0.0,32.0,0.0,0.0,0.0,0.0,0.0,0.0,0.0,0.0,0.0,0.0,9.0,7.0,1.0,0.0,0.0,0.0,0.0,0.0,0.0,0.0,2.0,12.0,1.0,12.04,5.0200000000000005,2.51,1.49,0.0,0.0,0.0,0.4,0.0,-0.4,0.4,-0.6000000000000001,-93.4,0.0,0.0,93.4,0.0,22.1,16.900000000000002,16.900000000000002,17.1,300.0,300.0,26.6,30.200000000000003,24.5,23.8,25.6,,,,,,,,,,,,,,,,,,,,,,,,
2026-08-06T15:22:21.195Z,11.36,9.828,0.0,0.0,0.0,32.0,0.0,0.0,0.0,0.0,0.0,0.0,0.0,0.0,0.0,0.0,9.0,7.0,1.0,0.0,0.0,0.0,0.0,0.0,0.0,0.0,3.0,12.0,1.0,12.04,5.0200000000000005,2.51,1.49,0.0,0.0,0.0,0.4,0.0,0.1,0.5,1.7000000000000002,-93.4,0.0,0.0,93.4,0.0,22.1,16.900000000000002,16.900000000000002,17.1,300.0,300.0,26.6,30.200000000000003,24.5,23.8,25.6,,,,,,,,,,,,,,,,,,,,,,,,
2026-08-06T15:22:21.207Z,11.372,9.84,0.0,0.0,0.0,32.0,0.0,0.0,0.0,0.0,0.0,0.0,0.0,0.0,0.0,0.0,9.0,7.0,1.0,0.0,0.0,0.0,0.0,0.0,0.0,0.0,4.0,12.0,1.0,12.04,5.0200000000000005,2.51,1.49,0.0,0.0,0.0,0.4,0.0,0.1,-0.6000000000000001,0.0,-93.4,0.0,0.0,93.3,0.0,22.1,16.900000000000002,16.900000000000002,17.1,300.0,300.0,26.6,30.200000000000003,24.5,23.8,25.6,,,,,,,,,,,,,,,,,,,,,,,,
2026-08-06T15:22:21.219Z,11.384,9.852,0.0,0.0,0.0,32.0,0.0,0.0,0.0,0.0,0.0,0.0,0.0,0.0,0.0,0.0,9.0,7.0,1.0,0.0,0.0,0.0,0.0,0.0,0.0,0.0,4.0,12.0,1.0,12.04,5.0200000000000005,2.51,1.49,0.0,0.0,0.0,0.4,0.0,0.2,-0.6000000000000001,0.0,-93.4,0.0,0.0,93.5,0.0,22.1,16.900000000000002,16.900000000000002,17.1,300.0,300.0,26.6,30.200000000000003,24.5,23.8,25.6,,,,,,,,,,,,,,,,,,,,,,,,
2026-08-06T15:22:21.231Z,11.396,9.864,0.0,0.0,0.0,32.0,0.0,0.0,0.0,0.0,0.0,0.0,0.0,0.0,0.0,0.0,9.0,7.0,1.0,0.0,0.0,0.0,0.0,0.0,0.0,0.0,6.0,12.0,1.0,12.04,5.0200000000000005,2.51,1.49,0.0,0.0,0.0,0.4,0.0,0.2,1.1,1.7000000000000002,-93.4,0.0,0.0,93.5,0.0,22.1,16.900000000000002,16.900000000000002,17.1,300.0,300.0,26.6,30.200000000000003,24.5,23.8,25.6,,,,,,,,,,,,,,,,,,,,,,,,
2026-08-06T15:22:21.243Z,11.408,9.876,0.0,0.0,0.0,32.0,0.0,0.0,0.0,0.0,0.0,0.0,0.0,0.0,0.0,0.0,9.0,7.0,1.0,0.0,0.0,0.0,0.0,0.0,0.0,0.0,6.0,12.0,1.0,12.04,5.0200000000000005,2.51,1.49,0.0,0.0,0.0,0.4,0.0,-0.3,0.0,0.6000000000000001,-93.4,0.0,0.0,93.5,0.0,22.1,16.900000000000002,16.900000000000002,17.1,300.0,300.0,26.6,30.200000000000003,24.5,23.8,25.6,,,,,,,,,,,,,,,,,,,,,,,,
2026-08-06T15:22:21.255Z,11.42,9.888,0.0,0.0,0.0,32.0,0.0,0.0,0.0,0.0,0.0,0.0,0.0,0.0,0.0,0.0,9.0,7.0,1.0,0.0,0.0,0.0,0.0,0.0,0.0,0.0,2.0,12.0,1.0,12.04,5.0200000000000005,2.51,1.49,0.0,0.1,0.0,0.4,0.0,-0.3,0.0,0.6000000000000001,-93.4,0.0,0.0,93.5,0.0,22.1,16.900000000000002,16.900000000000002,17.1,300.0,300.0,26.6,30.200000000000003,24.5,23.8,25.6,,,,,,,,,,,,,,,,,,,,,,,,
2026-08-06T15:22:21.267Z,11.432,9.9,0.0,0.0,0.0,32.0,0.0,0.0,0.0,0.0,0.0,0.0,0.0,0.0,0.0,0.0,9.0,7.0,1.0,0.0,0.0,0.0,0.0,0.0,0.0,0.0,3.0,12.0,1.0,12.04,5.01,2.5,1.49,0.0,0.0,0.0,0.4,0.0,-0.3,-0.6000000000000001,0.0,-93.4,0.0,0.0,93.5,0.0,21.700000000000003,17.0,17.0,17.2,300.0,300.0,26.700000000000003,30.200000000000003,24.5,23.8,25.6,,,,,,,,,,,,,,,,,,,,,,,,
2026-08-06T15:22:21.279Z,11.444,9.912,0.0,0.0,0.0,32.0,0.0,0.0,0.0,0.0,0.0,0.0,0.0,0.0,0.0,0.0,9.0,7.0,1.0,0.0,0.0,0.0,0.0,0.0,0.0,0.0,4.0,12.0,1.0,12.04,5.01,2.5,1.49,0.0,0.0,0.0,0.4,0.0,0.2,0.5,-0.5,-93.4,0.0,0.0,93.4,0.0,21.700000000000003,17.0,17.0,17.2,300.0,300.0,26.700000000000003,30.200000000000003,24.5,23.8,25.6,,,,,,,,,,,,,,,,,,,,,,,,
2026-08-06T15:22:21.294Z,11.459,9.924,0.0,0.0,0.0,32.0,0.0,0.0,0.0,0.0,0.0,0.0,0.0,0.0,0.0,0.0,9.0,7.0,1.0,0.0,0.0,0.0,0.0,0.0,0.0,0.0,5.0,12.0,1.0,12.04,5.01,2.5,1.49,0.0,0.0,0.0,0.5,0.0,-0.3,-0.6000000000000001,1.2000000000000002,-93.4,0.0,0.0,93.4,0.0,21.700000000000003,17.0,17.0,17.2,300.0,300.0,26.700000000000003,30.200000000000003,24.5,23.8,25.6,,,,,,,,,,,,,,,,,,,,,,,,
2026-08-06T15:22:21.303Z,11.468,9.936,0.0,0.0,0.0,32.0,0.0,0.0,0.0,0.0,0.0,0.0,0.0,0.0,0.0,0.0,9.0,7.0,1.0,0.0,0.0,0.0,0.0,0.0,0.0,0.0,6.0,12.0,1.0,12.04,5.01,2.5,1.49,0.0,0.0,0.0,0.4,0.0,-0.2,0.0,1.2000000000000002,-93.4,0.0,0.0,93.3,0.0,21.700000000000003,17.0,17.0,17.2,300.0,300.0,26.700000000000003,30.200000000000003,24.5,23.8,25.6,,,,,,,,,,,,,,,,,,,,,,,,
2026-08-06T15:22:21.315Z,11.48,9.948,0.0,0.0,0.0,32.0,0.0,0.0,0.0,0.0,0.0,0.0,0.0,0.0,0.0,0.0,9.0,7.0,1.0,0.0,0.0,0.0,0.0,0.0,0.0,0.0,1.0,12.0,1.0,12.04,5.01,2.5,1.49,0.0,0.0,0.0,0.4,0.0,-0.2,-1.2000000000000002,0.0,-93.4,0.0,0.0,93.3,0.0,21.700000000000003,17.0,17.0,17.2,300.0,300.0,26.700000000000003,30.200000000000003,24.5,23.8,25.6,,,,,,,,,,,,,,,,,,,,,,,,
2026-08-06T15:22:21.327Z,11.492,9.96,0.0,0.0,0.0,32.0,0.0,0.0,0.0,0.0,0.0,0.0,0.0,0.0,0.0,0.0,9.0,7.0,1.0,0.0,0.0,0.0,0.0,0.0,0.0,0.0,2.0,12.0,1.0,12.04,5.01,2.5,1.49,0.0,0.0,0.0,0.4,0.0,-0.2,1.1,0.0,-93.4,0.0,0.0,93.5,0.0,21.700000000000003,17.0,17.0,17.2,300.0,300.0,26.700000000000003,30.200000000000003,24.5,23.8,25.6,,,,,,,,,,,,,,,,,,,,,,,,
2026-08-06T15:22:21.340Z,11.505,9.972,0.0,0.0,0.0,32.0,0.0,0.0,0.0,0.0,0.0,0.0,0.0,0.0,0.0,0.0,9.0,7.0,1.0,0.0,0.0,0.0,0.0,0.0,0.0,0.0,4.0,12.0,1.0,12.04,5.01,2.5,1.49,0.0,0.0,0.0,0.4,0.0,-0.2,-1.1,-1.2000000000000002,-93.4,0.0,0.0,93.5,0.0,21.700000000000003,17.0,17.0,17.2,300.0,300.0,26.700000000000003,30.200000000000003,24.5,23.8,25.6,,,,,,,,,,,,,,,,,,,,,,,,
2026-08-06T15:22:21.351Z,11.516,9.984,0.0,0.0,0.0,32.0,0.0,0.0,0.0,0.0,0.0,0.0,0.0,0.0,0.0,0.0,9.0,7.0,1.0,0.0,0.0,0.0,0.0,0.0,0.0,0.0,5.0,12.0,1.0,12.04,5.01,2.5,1.49,0.0,0.0,0.0,0.4,0.0,0.8,0.0,0.0,-93.4,0.0,0.0,93.4,0.0,21.700000000000003,17.0,17.0,17.2,300.0,300.0,26.700000000000003,30.200000000000003,24.5,23.8,25.6,,,,,,,,,,,,,,,,,,,,,,,,
2026-08-06T15:22:21.365Z,11.53,9.996,0.0,0.0,0.0,32.0,0.0,0.0,0.0,0.0,0.0,0.0,0.0,0.0,0.0,0.0,9.0,7.0,1.0,0.0,0.0,0.0,0.0,0.0,0.0,0.0,6.0,12.0,1.0,12.02,5.01,2.51,1.49,0.0,0.0,0.0,0.4,0.0,0.3,-0.5,1.1,-93.4,0.0,0.0,93.5,0.0,21.9,17.1,17.1,17.2,300.0,300.0,26.6,30.200000000000003,24.5,23.8,25.6,,,,,,,,,,,,,,,,,,,,,,,,
2026-08-06T15:22:21.375Z,11.54,10.008,0.0,0.0,0.0,32.0,0.0,0.0,0.0,0.0,0.0,0.0,0.0,0.0,0.0,0.0,9.0,7.0,1.0,0.0,0.0,0.0,0.0,0.0,0.0,0.0,2.0,12.0,1.0,12.02,5.01,2.51,1.49,0.0,0.0,0.0,0.4,0.0,0.3,0.0,0.0,-93.4,0.0,0.0,93.5,0.0,21.9,17.1,17.1,17.2,300.0,300.0,26.6,30.200000000000003,24.5,23.8,25.6,,,,,,,,,,,,,,,,,,,,,,,,
2026-08-06T15:22:21.387Z,11.552,10.02,0.0,0.0,0.0,32.0,0.0,0.0,0.0,0.0,0.0,0.0,0.0,0.0,0.0,0.0,9.0,7.0,1.0,0.0,0.0,0.0,0.0,0.0,0.0,0.0,3.0,12.0,1.0,12.02,5.01,2.51,1.49,0.0,0.0,0.0,0.4,0.0,-0.2,0.0,-1.1,-93.4,0.0,0.0,93.5,0.0,21.9,17.1,17.1,17.2,300.0,300.0,26.6,30.200000000000003,24.5,23.8,25.6,,,,,,,,,,,,,,,,,,,,,,,,
2026-08-06T15:22:21.399Z,11.564,10.032,0.0,0.0,0.0,32.0,0.0,0.0,0.0,0.0,0.0,0.0,0.0,0.0,0.0,0.0,9.0,7.0,1.0,0.0,0.0,0.0,0.0,0.0,0.0,0.0,4.0,12.0,1.0,12.02,5.01,2.51,1.49,0.0,0.0,0.0,0.4,0.0,-0.2,-0.6000000000000001,-1.7000000000000002,-93.4,0.0,0.0,93.3,0.0,21.9,17.1,17.1,17.2,300.0,300.0,26.6,30.200000000000003,24.5,23.8,25.6,,,,,,,,,,,,,,,,,,,,,,,,
2026-08-06T15:22:21.411Z,11.576,10.044,0.0,0.0,0.0,32.0,0.0,0.0,0.0,0.0,0.0,0.0,0.0,0.0,0.0,0.0,9.0,7.0,1.0,0.0,0.0,0.0,0.0,0.0,0.0,0.0,5.0,12.0,1.0,12.02,5.01,2.51,1.49,0.0,0.0,0.0,0.4,0.0,-0.2,0.5,0.0,-93.4,0.0,0.0,93.3,0.0,21.9,17.1,17.1,17.2,300.0,300.0,26.6,30.200000000000003,24.5,23.8,25.6,,,,,,,,,,,,,,,,,,,,,,,,
2026-08-06T15:22:21.423Z,11.588,10.056,0.0,0.0,0.0,32.0,0.0,0.0,0.0,0.0,0.0,0.0,0.0,0.0,0.0,0.0,9.0,7.0,1.0,0.0,0.0,0.0,0.0,0.0,0.0,0.0,1.0,12.0,1.0,12.02,5.01,2.51,1.49,0.0,0.0,0.0,0.4,0.0,-0.2,-0.5,1.8,-93.4,0.0,0.0,93.5,0.0,21.9,17.1,17.1,17.2,300.0,300.0,26.6,30.200000000000003,24.5,23.8,25.6,,,,,,,,,,,,,,,,,,,,,,,,
2026-08-06T15:22:21.436Z,11.601,10.068,0.0,0.0,0.0,32.0,0.0,0.0,0.0,0.0,0.0,0.0,0.0,0.0,0.0,0.0,9.0,7.0,1.0,0.0,0.0,0.0,0.0,0.0,0.0,0.0,2.0,12.0,1.0,12.02,5.01,2.51,1.49,0.0,0.0,0.0,0.4,0.0,0.3,1.7000000000000002,0.6000000000000001,-93.4,0.0,0.0,93.5,0.0,21.9,17.1,17.1,17.2,300.0,300.0,26.6,30.200000000000003,24.5,23.8,25.6,,,,,,,,,,,,,,,,,,,,,,,,
2026-08-06T15:22:21.447Z,11.612,10.08,0.0,0.0,0.0,32.0,0.0,0.0,0.0,0.0,0.0,0.0,0.0,0.0,0.0,0.0,9.0,7.0,1.0,0.0,0.0,0.0,0.0,0.0,0.0,0.0,2.0,12.0,1.0,12.02,5.01,2.51,1.49,0.0,0.0,0.0,0.4,0.0,0.3,-0.6000000000000001,-0.5,-93.4,0.0,0.0,93.5,0.0,21.9,17.1,17.1,17.2,300.0,300.0,26.6,30.200000000000003,24.5,23.8,25.6,,,,,,,,,,,,,,,,,,,,,,,,
2026-08-06T15:22:21.459Z,11.624,10.092,0.0,0.0,0.0,32.0,0.0,0.0,0.0,0.0,0.0,0.0,0.0,0.0,0.0,0.0,9.0,7.0,1.0,0.0,0.0,0.0,0.0,0.0,0.0,0.0,3.0,12.0,1.0,12.02,5.01,2.51,1.49,0.0,0.0,0.0,0.4,0.0,-0.2,0.5,0.0,-93.4,0.0,0.0,93.5,0.0,21.9,17.1,17.1,17.2,300.0,300.0,26.6,30.200000000000003,24.5,23.8,25.6,,,,,,,,,,,,,,,,,,,,,,,,
2026-08-06T15:22:21.471Z,11.636,10.104,0.0,0.0,0.0,32.0,0.0,0.0,0.0,0.0,0.0,0.0,0.0,0.0,0.0,0.0,9.0,7.0,1.0,0.0,0.0,0.0,0.0,0.0,0.0,0.0,5.0,12.0,1.0,12.05,5.0200000000000005,2.5,1.5,0.0,0.0,0.0,0.4,0.0,-0.2,0.0,0.6000000000000001,-93.4,0.0,0.0,93.3,0.0,21.4,17.2,17.2,17.3,300.0,300.0,26.5,30.200000000000003,24.5,23.700000000000003,25.6,,,,,,,,,,,,,,,,,,,,,,,,
2026-08-06T15:22:21.483Z,11.648,10.116,0.0,0.0,0.0,32.0,0.0,0.0,0.0,0.0,0.0,0.0,0.0,0.0,0.0,0.0,9.0,7.0,1.0,0.0,0.0,0.0,0.0,0.0,0.0,0.0,5.0,12.0,1.0,12.05,5.0200000000000005,2.5,1.5,0.0,0.0,0.0,0.4,0.0,0.4,0.0,1.2000000000000002,-93.4,0.0,0.0,93.5,0.0,21.4,17.2,17.2,17.3,300.0,300.0,26.5,30.200000000000003,24.5,23.700000000000003,25.6,,,,,,,,,,,,,,,,,,,,,,,,
2026-08-06T15:22:21.495Z,11.66,10.128,0.0,0.0,0.0,32.0,0.0,0.0,0.0,0.0,0.0,0.0,0.0,0.0,0.0,0.0,9.0,7.0,1.0,0.0,0.0,0.0,0.0,0.0,0.0,0.0,1.0,12.0,1.0,12.05,5.0200000000000005,2.5,1.5,0.0,0.0,0.0,0.4,0.0,-0.2,0.0,0.0,-93.4,0.0,0.0,93.4,0.0,21.4,17.2,17.2,17.3,300.0,300.0,26.5,30.200000000000003,24.5,23.700000000000003,25.6,,,,,,,,,,,,,,,,,,,,,,,,
2026-08-06T15:22:21.507Z,11.672,10.14,0.0,0.0,0.0,32.0,0.0,0.0,0.0,0.0,0.0,0.0,0.0,0.0,0.0,0.0,9.0,7.0,1.0,0.0,0.0,0.0,0.0,0.0,0.0,0.0,2.0,12.0,1.0,12.05,5.0200000000000005,2.5,1.5,0.0,0.0,0.0,0.4,0.0,0.9,-0.5,-0.6000000000000001,-93.4,0.0,0.0,93.3,0.0,21.4,17.2,17.2,17.3,300.0,300.0,26.5,30.200000000000003,24.5,23.700000000000003,25.6,,,,,,,,,,,,,,,,,,,,,,,,
2026-08-06T15:22:21.519Z,11.684,10.152,0.0,0.0,0.0,32.0,0.0,0.0,0.0,0.0,0.0,0.0,0.0,0.0,0.0,0.0,9.0,7.0,1.0,0.0,0.0,0.0,0.0,0.0,0.0,0.0,4.0,12.0,1.0,12.05,5.0200000000000005,2.5,1.5,0.0,0.1,0.0,0.4,0.0,0.3,0.0,0.5,-93.4,0.0,0.0,93.5,0.0,21.4,17.2,17.2,17.3,300.0,300.0,26.5,30.200000000000003,24.5,23.700000000000003,25.6,,,,,,,,,,,,,,,,,,,,,,,,
2026-08-06T15:22:21.531Z,11.696,10.164,0.0,0.0,0.0,32.0,0.0,0.0,0.0,0.0,0.0,0.0,0.0,0.0,0.0,0.0,9.0,7.0,1.0,0.0,0.0,0.0,0.0,0.0,0.0,0.0,5.0,12.0,1.0,12.05,5.0200000000000005,2.5,1.5,0.0,0.0,0.0,0.4,0.0,0.9,1.2000000000000002,0.5,-93.4,0.0,0.0,93.5,0.0,21.4,17.2,17.2,17.3,300.0,300.0,26.5,30.200000000000003,24.5,23.700000000000003,25.6,,,,,,,,,,,,,,,,,,,,,,,,
2026-08-06T15:22:21.543Z,11.708,10.176,0.0,0.0,0.0,32.0,0.0,0.0,0.0,0.0,0.0,0.0,0.0,0.0,0.0,0.0,9.0,7.0,1.0,0.0,0.0,0.0,0.0,0.0,0.0,0.0,1.0,12.0,1.0,12.05,5.0200000000000005,2.5,1.5,0.0,0.0,0.0,0.4,0.0,-0.1,-0.5,1.1,-93.4,0.0,0.0,93.4,0.0,21.4,17.2,17.2,17.3,300.0,300.0,26.5,30.200000000000003,24.5,23.700000000000003,25.6,,,,,,,,,,,,,,,,,,,,,,,,
2026-08-06T15:22:21.555Z,11.72,10.188,0.0,0.0,0.0,32.0,0.0,0.0,0.0,0.0,0.0,0.0,0.0,0.0,0.0,0.0,9.0,7.0,1.0,0.0,0.0,0.0,0.0,0.0,0.0,0.0,2.0,12.0,1.0,12.05,5.0200000000000005,2.5,1.5,0.0,0.0,0.0,0.4,0.0,0.9,0.6000000000000001,1.1,-93.4,0.0,0.0,93.5,0.0,21.4,17.2,17.2,17.3,300.0,300.0,26.5,30.200000000000003,24.5,23.700000000000003,25.6,,,,,,,,,,,,,,,,,,,,,,,,
2026-08-06T15:22:21.568Z,11.733,10.2,0.0,0.0,0.0,32.0,0.0,0.0,0.0,0.0,0.0,0.0,0.0,0.0,0.0,0.0,9.0,7.0,1.0,0.0,0.0,0.0,0.0,0.0,0.0,0.0,3.0,12.0,1.0,12.05,5.01,2.51,1.5,0.0,0.0,0.0,0.4,0.0,0.3,0.0,0.0,-93.4,0.0,0.0,93.4,0.0,21.9,17.3,17.3,17.400000000000002,300.0,300.0,26.3,30.200000000000003,24.5,23.700000000000003,25.6,,,,,,,,,,,,,,,,,,,,,,,,
2026-08-06T15:22:21.579Z,11.744,10.212,0.0,0.0,0.0,32.0,0.0,0.0,0.0,0.0,0.0,0.0,0.0,0.0,0.0,0.0,9.0,7.0,1.0,0.0,0.0,0.0,0.0,0.0,0.0,0.0,4.0,12.0,1.0,12.05,5.01,2.51,1.5,0.0,0.0,0.0,0.4,0.0,-0.1,0.0,-0.6000000000000001,-93.4,0.0,0.0,93.4,0.0,21.9,17.3,17.3,17.400000000000002,300.0,300.0,26.3,30.200000000000003,24.5,23.700000000000003,25.6,,,,,,,,,,,,,,,,,,,,,,,,
2026-08-06T15:22:21.591Z,11.756,10.224,0.0,0.0,0.0,32.0,0.0,0.0,0.0,0.0,0.0,0.0,0.0,0.0,0.0,0.0,9.0,7.0,1.0,0.0,0.0,0.0,0.0,0.0,0.0,0.0,5.0,12.0,1.0,12.05,5.01,2.51,1.5,0.0,0.0,0.0,0.4,0.0,0.4,-0.5,0.5,-93.4,0.0,0.0,93.5,0.0,21.9,17.3,17.3,17.400000000000002,300.0,300.0,26.3,30.200000000000003,24.5,23.700000000000003,25.6,,,,,,,,,,,,,,,,,,,,,,,,
2026-08-06T15:22:21.604Z,11.769,10.236,0.0,0.0,0.0,32.0,0.0,0.0,0.0,0.0,0.0,0.0,0.0,0.0,0.0,0.0,9.0,7.0,1.0,0.0,0.0,0.0,0.0,0.0,0.0,0.0,5.0,12.0,1.0,12.05,5.01,2.51,1.5,0.0,0.0,0.0,0.4,0.0,-0.1,-0.5,1.0,-93.4,0.0,0.0,93.3,0.0,21.9,17.3,17.3,17.400000000000002,300.0,300.0,26.3,30.200000000000003,24.5,23.700000000000003,25.6,,,,,,,,,,,,,,,,,,,,,,,,
2026-08-06T15:22:21.615Z,11.78,10.248,0.0,0.0,0.0,32.0,0.0,0.0,0.0,0.0,0.0,0.0,0.0,0.0,0.0,0.0,9.0,7.0,1.0,0.0,0.0,0.0,0.0,0.0,0.0,0.0,6.0,12.0,1.0,12.05,5.01,2.51,1.5,0.0,0.0,0.0,0.4,0.0,-0.1,0.0,1.0,-93.4,0.0,0.0,93.4,0.0,21.9,17.3,17.3,17.400000000000002,300.0,300.0,26.3,30.200000000000003,24.5,23.700000000000003,25.6,,,,,,,,,,,,,,,,,,,,,,,,
2026-08-06T15:22:21.627Z,11.792,10.26,0.0,0.0,0.0,32.0,0.0,0.0,0.0,0.0,0.0,0.0,0.0,0.0,0.0,0.0,9.0,7.0,1.0,0.0,0.0,0.0,0.0,0.0,0.0,0.0,6.0,12.0,1.0,12.05,5.01,2.51,1.5,0.0,0.0,0.0,0.4,0.0,-0.2,1.2000000000000002,-0.7000000000000001,-93.4,0.0,0.0,93.5,0.0,21.9,17.3,17.3,17.400000000000002,300.0,300.0,26.3,30.200000000000003,24.5,23.700000000000003,25.6,,,,,,,,,,,,,,,,,,,,,,,,
2026-08-06T15:22:21.639Z,11.804,10.272,0.0,0.0,0.0,32.0,0.0,0.0,0.0,0.0,0.0,0.0,0.0,0.0,0.0,0.0,9.0,7.0,1.0,0.0,0.0,0.0,0.0,0.0,0.0,0.0,2.0,12.0,1.0,12.05,5.01,2.51,1.5,0.0,0.0,0.0,0.4,0.0,-0.8,-0.5,-1.3,-93.4,0.0,0.0,93.5,0.0,21.9,17.3,17.3,17.400000000000002,300.0,300.0,26.3,30.200000000000003,24.5,23.700000000000003,25.6,,,,,,,,,,,,,,,,,,,,,,,,
2026-08-06T15:22:21.651Z,11.816,10.284,0.0,0.0,0.0,32.0,0.0,0.0,0.0,0.0,0.0,0.0,0.0,0.0,0.0,0.0,9.0,7.0,1.0,0.0,0.0,0.0,0.0,0.0,0.0,0.0,3.0,12.0,1.0,12.05,5.01,2.51,1.5,0.0,0.0,0.0,0.4,0.0,-0.2,-1.1,-0.7000000000000001,-93.4,0.0,0.0,93.5,0.0,21.9,17.3,17.3,17.400000000000002,300.0,300.0,26.3,30.200000000000003,24.5,23.700000000000003,25.6,,,,,,,,,,,,,,,,,,,,,,,,
2026-08-06T15:22:21.663Z,11.828,10.296,0.0,0.0,0.0,32.0,0.0,0.0,0.0,0.0,0.0,0.0,0.0,0.0,0.0,0.0,9.0,7.0,1.0,0.0,0.0,0.0,0.0,0.0,0.0,0.0,4.0,12.0,1.0,12.05,5.01,2.51,1.5,0.0,0.0,0.0,0.4,0.0,-0.8,1.1,-0.1,-93.4,0.0,0.0,93.3,0.0,21.9,17.3,17.3,17.400000000000002,300.0,300.0,26.3,30.200000000000003,24.5,23.700000000000003,25.6,,,,,,,,,,,,,,,,,,,,,,,,
2026-08-06T15:22:21.675Z,11.84,10.308,0.0,0.0,0.0,32.0,0.0,0.0,0.0,0.0,0.0,0.0,0.0,0.0,0.0,0.0,9.0,7.0,1.0,0.0,0.0,0.0,0.0,0.0,0.0,0.0,5.0,12.0,1.0,12.04,5.0200000000000005,2.5,1.49,0.0,0.0,0.0,0.4,0.0,-0.2,1.1,0.9,-93.4,0.0,0.0,93.5,0.0,21.200000000000003,17.400000000000002,17.400000000000002,17.5,300.0,300.0,26.4,30.200000000000003,24.6,23.700000000000003,25.6,,,,,,,,,,,,,,,,,,,,,,,,
2026-08-06T15:22:21.687Z,11.852,10.32,0.0,0.0,0.0,32.0,0.0,0.0,0.0,0.0,0.0,0.0,0.0,0.0,0.0,0.0,9.0,7.0,1.0,0.0,0.0,0.0,0.0,0.0,0.0,0.0,6.0,12.0,1.0,12.04,5.0200000000000005,2.5,1.49,0.0,0.0,0.0,0.4,0.0,-0.2,-1.1,0.4,-93.4,0.0,0.0,93.5,0.0,21.200000000000003,17.400000000000002,17.400000000000002,17.5,300.0,300.0,26.4,30.200000000000003,24.6,23.700000000000003,25.6,,,,,,,,,,,,,,,,,,,,,,,,
2026-08-06T15:22:21.699Z,11.864,10.332,0.0,0.0,0.0,32.0,0.0,0.0,0.0,0.0,0.0,0.0,0.0,0.0,0.0,0.0,9.0,7.0,1.0,0.0,0.0,0.0,0.0,0.0,0.0,0.0,6.0,12.0,1.0,12.04,5.0200000000000005,2.5,1.49,0.0,0.0,0.0,0.4,0.0,-0.8,0.0,-1.3,-93.4,0.0,0.0,93.6,0.0,21.200000000000003,17.400000000000002,17.400000000000002,17.5,300.0,300.0,26.4,30.200000000000003,24.6,23.700000000000003,25.6,,,,,,,,,,,,,,,,,,,,,,,,
2026-08-06T15:22:21.711Z,11.876,10.344,0.0,0.0,0.0,32.0,0.0,0.0,0.0,0.0,0.0,0.0,0.0,0.0,0.0,0.0,9.0,7.0,1.0,0.0,0.0,0.0,0.0,0.0,0.0,0.0,1.0,12.0,1.0,12.04,5.0200000000000005,2.5,1.49,0.0,0.0,0.0,0.4,0.0,-0.2,-0.6000000000000001,-0.7000000000000001,-93.4,0.0,0.0,93.3,0.0,21.200000000000003,17.400000000000002,17.400000000000002,17.5,300.0,300.0,26.4,30.200000000000003,24.6,23.700000000000003,25.6,,,,,,,,,,,,,,,,,,,,,,,,
2026-08-06T15:22:21.723Z,11.888,10.356,0.0,0.0,0.0,32.0,0.0,0.0,0.0,0.0,0.0,0.0,0.0,0.0,0.0,0.0,9.0,7.0,1.0,0.0,0.0,0.0,0.0,0.0,0.0,0.0,2.0,12.0,1.0,12.04,5.0200000000000005,2.5,1.49,0.0,0.0,0.0,0.4,0.0,-0.2,0.0,-1.8,-93.4,0.0,0.0,93.5,0.0,21.200000000000003,17.400000000000002,17.400000000000002,17.5,300.0,300.0,26.4,30.200000000000003,24.6,23.700000000000003,25.6,,,,,,,,,,,,,,,,,,,,,,,,
2026-08-06T15:22:21.735Z,11.9,10.368,0.0,0.0,0.0,32.0,0.0,0.0,0.0,0.0,0.0,0.0,0.0,0.0,0.0,0.0,9.0,7.0,1.0,0.0,0.0,0.0,0.0,0.0,0.0,0.0,3.0,12.0,1.0,12.04,5.0200000000000005,2.5,1.49,0.0,0.0,0.0,0.4,0.0,-0.2,0.0,0.5,-93.4,0.0,0.0,93.5,0.0,21.200000000000003,17.400000000000002,17.400000000000002,17.5,300.0,300.0,26.4,30.200000000000003,24.6,23.700000000000003,25.6,,,,,,,,,,,,,,,,,,,,,,,,
2026-08-06T15:22:21.747Z,11.912,10.38,0.0,0.0,0.0,32.0,0.0,0.0,0.0,0.0,0.0,0.0,0.0,0.0,0.0,0.0,9.0,7.0,1.0,0.0,0.0,0.0,0.0,0.0,0.0,0.0,3.0,12.0,1.0,12.04,5.0200000000000005,2.5,1.49,0.0,0.0,0.0,0.4,0.0,-0.8,-0.5,0.5,-93.4,0.0,0.0,93.5,0.0,21.200000000000003,17.400000000000002,17.400000000000002,17.5,300.0,300.0,26.4,30.200000000000003,24.6,23.700000000000003,25.6,,,,,,,,,,,,,,,,,,,,,,,,
2026-08-06T15:22:21.759Z,11.924,10.392,0.0,0.0,0.0,32.0,0.0,0.0,0.0,0.0,0.0,0.0,0.0,0.0,0.0,0.0,9.0,7.0,1.0,0.0,0.0,0.0,0.0,0.0,0.0,0.0,5.0,12.0,1.0,12.04,5.0200000000000005,2.5,1.49,0.0,0.0,0.0,0.4,0.0,0.3,0.0,0.0,-93.4,0.0,0.0,93.5,0.0,21.200000000000003,17.400000000000002,17.400000000000002,17.5,300.0,300.0,26.4,30.200000000000003,24.6,23.700000000000003,25.6,,,,,,,,,,,,,,,,,,,,,,,,
2026-08-06T15:22:21.772Z,11.937,10.404,0.0,0.0,0.0,32.0,0.0,0.0,0.0,0.0,0.0,0.0,0.0,0.0,0.0,0.0,9.0,7.0,1.0,0.0,0.0,0.0,0.0,0.0,0.0,0.0,6.0,12.0,1.0,12.04,5.01,2.51,1.49,0.0,0.0,0.0,0.4,0.0,-0.1,1.2000000000000002,0.0,-93.4,0.0,0.0,93.3,0.0,22.200000000000003,17.5,17.5,17.6,300.0,300.0,26.4,30.200000000000003,24.5,23.8,25.6,,,,,,,,,,,,,,,,,,,,,,,,
2026-08-06T15:22:21.783Z,11.948,10.416,0.0,0.0,0.0,32.0,0.0,0.0,0.0,0.0,0.0,0.0,0.0,0.0,0.0,0.0,9.0,7.0,1.0,0.0,0.0,0.0,0.0,0.0,0.0,0.0,2.0,12.0,1.0,12.04,5.01,2.51,1.49,0.0,0.0,0.0,0.4,0.0,-0.1,0.0,0.5,-93.4,0.0,0.0,93.5,0.0,22.200000000000003,17.5,17.5,17.6,300.0,300.0,26.4,30.200000000000003,24.5,23.8,25.6,,,,,,,,,,,,,,,,,,,,,,,,
2026-08-06T15:22:21.795Z,11.96,10.428,0.0,0.0,0.0,32.0,0.0,0.0,0.0,0.0,0.0,0.0,0.0,0.0,0.0,0.0,9.0,7.0,1.0,0.0,0.0,0.0,0.0,0.0,0.0,0.0,3.0,12.0,1.0,12.04,5.01,2.51,1.49,0.0,0.1,0.0,0.4,0.0,0.9,1.2000000000000002,0.5,-93.4,0.0,0.0,93.5,0.0,22.200000000000003,17.5,17.5,17.6,300.0,300.0,26.4,30.200000000000003,24.5,23.8,25.6,,,,,,,,,,,,,,,,,,,,,,,,
2026-08-06T15:22:21.807Z,11.972,10.44,0.0,0.0,0.0,32.0,0.0,0.0,0.0,0.0,0.0,0.0,0.0,0.0,0.0,0.0,9.0,7.0,1.0,0.0,0.0,0.0,0.0,0.0,0.0,0.0,5.0,12.0,1.0,12.04,5.01,2.51,1.49,0.0,0.0,0.0,0.4,0.0,-0.2,0.6000000000000001,0.0,-93.4,0.0,0.0,93.4,0.0,22.200000000000003,17.5,17.5,17.6,300.0,300.0,26.4,30.200000000000003,24.5,23.8,25.6,,,,,,,,,,,,,,,,,,,,,,,,
2026-08-06T15:22:21.819Z,11.984,10.452,0.0,0.0,0.0,32.0,0.0,0.0,0.0,0.0,0.0,0.0,0.0,0.0,0.0,0.0,9.0,7.0,1.0,0.0,0.0,0.0,0.0,0.0,0.0,0.0,6.0,12.0,1.0,12.04,5.01,2.51,1.49,0.0,0.0,0.0,0.4,0.0,0.4,0.1,-0.7000000000000001,-93.4,0.0,0.0,93.5,0.0,22.200000000000003,17.5,17.5,17.6,300.0,300.0,26.4,30.200000000000003,24.5,23.8,25.6,,,,,,,,,,,,,,,,,,,,,,,,
2026-08-06T15:22:21.831Z,11.996,10.464,0.0,0.0,0.0,32.0,0.0,0.0,0.0,0.0,0.0,0.0,0.0,0.0,0.0,0.0,9.0,7.0,1.0,0.0,0.0,0.0,0.0,0.0,0.0,0.0,1.0,12.0,1.0,12.04,5.01,2.51,1.49,0.0,0.0,0.0,0.4,0.0,0.3,0.6000000000000001,-0.7000000000000001,-93.4,0.0,0.0,93.5,0.0,22.200000000000003,17.5,17.5,17.6,300.0,300.0,26.4,30.200000000000003,24.5,23.8,25.6,,,,,,,,,,,,,,,,,,,,,,,,
2026-08-06T15:22:21.843Z,12.008,10.476,0.0,0.0,0.0,32.0,0.0,0.0,0.0,0.0,0.0,0.0,0.0,0.0,0.0,0.0,9.0,7.0,1.0,0.0,0.0,0.0,0.0,0.0,0.0,0.0,2.0,12.0,1.0,12.04,5.01,2.51,1.49,0.0,0.0,0.0,0.4,0.0,-0.7000000000000001,-0.5,1.5,-93.4,0.0,0.0,93.4,0.0,22.200000000000003,17.5,17.5,17.6,300.0,300.0,26.4,30.200000000000003,24.5,23.8,25.6,,,,,,,,,,,,,,,,,,,,,,,,
2026-08-06T15:22:21.855Z,12.02,10.488,0.0,0.0,0.0,32.0,0.0,0.0,0.0,0.0,0.0,0.0,0.0,0.0,0.0,0.0,9.0,7.0,1.0,0.0,0.0,0.0,0.0,0.0,0.0,0.0,3.0,12.0,1.0,12.04,5.01,2.51,1.49,0.0,0.0,0.0,0.4,0.0,-0.1,1.2000000000000002,-0.1,-93.4,0.0,0.0,93.5,0.0,22.200000000000003,17.5,17.5,17.6,300.0,300.0,26.4,30.200000000000003,24.5,23.8,25.6,,,,,,,,,,,,,,,,,,,,,,,,
2026-08-06T15:22:21.867Z,12.032,10.5,0.0,0.0,0.0,32.0,0.0,0.0,0.0,0.0,0.0,0.0,0.0,0.0,0.0,0.0,9.0,7.0,1.0,0.0,0.0,0.0,0.0,0.0,0.0,0.0,4.0,12.0,1.0,12.04,5.01,2.51,1.49,0.0,0.0,0.0,0.4,0.0,0.4,0.5,-0.1,-93.4,0.0,0.0,93.5,0.0,22.200000000000003,17.5,17.5,17.6,300.0,300.0,26.4,30.200000000000003,24.5,23.8,25.6,,,,,,,,,,,,,,,,,,,,,,,,
2026-08-06T15:22:21.879Z,12.044,10.512,0.0,0.0,0.0,32.0,0.0,0.0,0.0,0.0,0.0,0.0,0.0,0.0,0.0,0.0,9.0,7.0,1.0,0.0,0.0,0.0,0.0,0.0,0.0,0.0,5.0,12.0,1.0,12.02,5.01,2.51,1.49,0.0,0.0,0.0,0.4,0.0,-0.1,0.5,-1.3,-93.4,0.0,0.0,93.5,0.0,22.4,17.6,17.6,17.7,300.0,300.0,26.5,30.3,24.5,23.8,25.6,,,,,,,,,,,,,,,,,,,,,,,,
2026-08-06T15:22:21.891Z,12.056,10.524,0.0,0.0,0.0,32.0,0.0,0.0,0.0,0.0,0.0,0.0,0.0,0.0,0.0,0.0,9.0,7.0,1.0,0.0,0.0,0.0,0.0,0.0,0.0,0.0,1.0,12.0,1.0,12.02,5.01,2.51,1.49,0.0,0.0,0.0,0.4,0.0,-0.7000000000000001,-1.8,-0.7000000000000001,-93.4,0.0,0.0,93.5,0.0,22.4,17.6,17.6,17.7,300.0,300.0,26.5,30.3,24.5,23.8,25.6,,,,,,,,,,,,,,,,,,,,,,,,
2026-08-06T15:22:21.903Z,12.068,10.536,0.0,0.0,0.0,32.0,0.0,0.0,0.0,0.0,0.0,0.0,0.0,0.0,0.0,0.0,9.0,7.0,1.0,0.0,0.0,0.0,0.0,0.0,0.0,0.0,2.0,12.0,1.0,12.02,5.01,2.51,1.49,0.0,0.0,0.0,0.4,0.0,-1.3,0.4,-0.1,-93.4,0.0,0.0,93.4,0.0,22.4,17.6,17.6,17.7,300.0,300.0,26.5,30.3,24.5,23.8,25.6,,,,,,,,,,,,,,,,,,,,,,,,
2026-08-06T15:22:21.915Z,12.08,10.548,0.0,0.0,0.0,32.0,0.0,0.0,0.0,0.0,0.0,0.0,0.0,0.0,0.0,0.0,9.0,7.0,1.0,0.0,0.0,0.0,0.0,0.0,0.0,0.0,3.0,12.0,1.0,12.02,5.01,2.51,1.49,0.0,0.0,0.0,0.4,0.0,-0.1,-0.6000000000000001,-0.7000000000000001,-93.4,0.0,0.0,93.5,0.0,22.4,17.6,17.6,17.7,300.0,300.0,26.5,30.3,24.5,23.8,25.6,,,,,,,,,,,,,,,,,,,,,,,,
2026-08-06T15:22:21.928Z,12.093,10.56,0.0,0.0,0.0,32.0,0.0,0.0,0.0,0.0,0.0,0.0,0.0,0.0,0.0,0.0,9.0,7.0,1.0,0.0,0.0,0.0,0.0,0.0,0.0,0.0,4.0,12.0,1.0,12.02,5.01,2.51,1.49,0.0,0.0,0.0,0.4,0.0,1.0,-0.1,0.4,-93.4,0.0,0.0,93.5,0.0,22.4,17.6,17.6,17.7,300.0,300.0,26.5,30.3,24.5,23.8,25.6,,,,,,,,,,,,,,,,,,,,,,,,
2026-08-06T15:22:21.939Z,12.104,10.572,0.0,0.0,0.0,32.0,0.0,0.0,0.0,0.0,0.0,0.0,0.0,0.0,0.0,0.0,9.0,7.0,1.0,0.0,0.0,0.0,0.0,0.0,0.0,0.0,4.0,12.0,1.0,12.02,5.01,2.51,1.49,0.0,0.0,0.0,0.4,0.0,0.4,-0.7000000000000001,-0.7000000000000001,-93.4,0.0,0.0,93.5,0.0,22.4,17.6,17.6,17.7,300.0,300.0,26.5,30.3,24.5,23.8,25.6,,,,,,,,,,,,,,,,,,,,,,,,
2026-08-06T15:22:21.951Z,12.116,10.584,0.0,0.0,0.0,32.0,0.0,0.0,0.0,0.0,0.0,0.0,0.0,0.0,0.0,0.0,9.0,7.0,1.0,0.0,0.0,0.0,0.0,0.0,0.0,0.0,6.0,12.0,1.0,12.02,5.01,2.51,1.49,0.0,0.0,0.0,0.4,0.0,1.6,0.4,0.4,-93.4,0.0,0.0,93.3,0.0,22.4,17.6,17.6,17.7,300.0,300.0,26.5,30.3,24.5,23.8,25.6,,,,,,,,,,,,,,,,,,,,,,,,
2026-08-06T15:22:21.963Z,12.128,10.596,0.0,0.0,0.0,32.0,0.0,0.0,0.0,0.0,0.0,0.0,0.0,0.0,0.0,0.0,9.0,7.0,1.0,0.0,0.0,0.0,0.0,0.0,0.0,0.0,1.0,12.0,1.0,12.02,5.01,2.51,1.49,0.0,0.0,0.0,0.4,0.0,-0.1,0.0,0.4,-93.4,0.0,0.0,93.4,0.0,22.4,17.6,17.6,17.7,300.0,300.0,26.5,30.3,24.5,23.8,25.6,,,,,,,,,,,,,,,,,,,,,,,,
2026-08-06T15:22:21.977Z,12.142,10.608,0.0,0.0,0.0,32.0,0.0,0.0,0.0,0.0,0.0,0.0,0.0,0.0,0.0,0.0,9.0,7.0,1.0,0.0,0.0,0.0,0.0,0.0,0.0,0.0,3.0,12.0,1.0,12.06,5.01,2.51,1.5,0.0,0.0,0.0,0.4,0.0,-0.1,-1.2000000000000002,0.0,-93.4,0.0,0.0,93.5,0.0,21.8,17.7,17.7,17.8,300.0,300.0,26.5,30.200000000000003,24.5,23.8,25.6,,,,,,,,,,,,,,,,,,,,,,,,
2026-08-06T15:22:21.987Z,12.152,10.62,0.0,0.0,0.0,32.0,0.0,0.0,0.0,0.0,0.0,0.0,0.0,0.0,0.0,0.0,9.0,7.0,1.0,0.0,0.0,0.0,0.0,0.0,0.0,0.0,3.0,12.0,1.0,12.06,5.01,2.51,1.5,0.0,0.0,0.0,0.4,0.0,0.4,0.0,1.0,-93.4,0.0,0.0,93.5,0.0,21.8,17.7,17.7,17.8,300.0,300.0,26.5,30.200000000000003,24.5,23.8,25.6,,,,,,,,,,,,,,,,,,,,,,,,
2026-08-06T15:22:21.999Z,12.164,10.632,0.0,0.0,0.0,32.0,0.0,0.0,0.0,0.0,0.0,0.0,0.0,0.0,0.0,0.0,9.0,7.0,1.0,0.0,0.0,0.0,0.0,0.0,0.0,0.0,5.0,12.0,1.0,12.06,5.01,2.51,1.5,0.0,0.0,0.0,0.4,0.0,1.0,0.5,0.0,-93.4,0.0,0.0,93.3,0.0,21.8,17.7,17.7,17.8,300.0,300.0,26.5,30.200000000000003,24.5,23.8,25.6,,,,,,,,,,,,,,,,,,,,,,,,
2026-08-06T15:22:22.011Z,12.176,10.644,0.0,0.0,0.0,32.0,0.0,0.0,0.0,0.0,0.0,0.0,0.0,0.0,0.0,0.0,9.0,7.0,1.0,0.0,0.0,0.0,0.0,0.0,0.0,0.0,6.0,12.0,1.0,12.06,5.01,2.51,1.5,0.0,0.0,0.0,0.4,0.0,0.3,1.1,0.5,-93.4,0.0,0.0,93.5,0.0,21.8,17.7,17.7,17.8,300.0,300.0,26.5,30.200000000000003,24.5,23.8,25.6,,,,,,,,,,,,,,,,,,,,,,,,
2026-08-06T15:22:22.023Z,12.188,10.656,0.0,0.0,0.0,32.0,0.0,0.0,0.0,0.0,0.0,0.0,0.0,0.0,0.0,0.0,9.0,7.0,1.0,0.0,0.0,0.0,0.0,0.0,0.0,0.0,1.0,12.0,1.0,12.06,5.01,2.51,1.5,0.0,0.0,0.0,0.4,0.0,-0.1,0.0,0.0,-93.4,0.0,0.0,93.5,0.0,21.8,17.7,17.7,17.8,300.0,300.0,26.5,30.200000000000003,24.5,23.8,25.6,,,,,,,,,,,,,,,,,,,,,,,,
2026-08-06T15:22:22.035Z,12.2,10.668,0.0,0.0,0.0,32.0,0.0,0.0,0.0,0.0,0.0,0.0,0.0,0.0,0.0,0.0,9.0,7.0,1.0,0.0,0.0,0.0,0.0,0.0,0.0,0.0,2.0,12.0,1.0,12.06,5.01,2.51,1.5,0.0,0.0,0.0,0.4,0.0,-0.1,0.5,0.5,-93.4,0.0,0.0,93.4,0.0,21.8,17.7,17.7,17.8,300.0,300.0,26.5,30.200000000000003,24.5,23.8,25.6,,,,,,,,,,,,,,,,,,,,,,,,
2026-08-06T15:22:22.047Z,12.212,10.68,0.0,0.0,0.0,32.0,0.0,0.0,0.0,0.0,0.0,0.0,0.0,0.0,0.0,0.0,9.0,7.0,1.0,0.0,0.0,0.0,0.0,0.0,0.0,0.0,2.0,12.0,1.0,12.06,5.01,2.51,1.5,0.0,0.1,0.0,0.4,0.0,0.9,0.0,1.1,-93.4,0.0,0.0,93.5,0.0,21.8,17.7,17.7,17.8,300.0,300.0,26.5,30.200000000000003,24.5,23.8,25.6,,,,,,,,,,,,,,,,,,,,,,,,
2026-08-06T15:22:22.059Z,12.224,10.692,0.0,0.0,0.0,32.0,0.0,0.0,0.0,0.0,0.0,0.0,0.0,0.0,0.0,0.0,9.0,7.0,1.0,0.0,0.0,0.0,0.0,0.0,0.0,0.0,3.0,12.0,1.0,12.06,5.01,2.51,1.5,0.0,0.0,0.0,0.5,0.0,0.3,0.0,0.6000000000000001,-93.4,0.0,0.0,93.5,0.0,21.8,17.7,17.7,17.8,300.0,300.0,26.5,30.200000000000003,24.5,23.8,25.6,,,,,,,,,,,,,,,,,,,,,,,,
2026-08-06T15:22:22.072Z,12.237,10.704,0.0,0.0,0.0,32.0,0.0,0.0,0.0,0.0,0.0,0.0,0.0,0.0,0.0,0.0,9.0,7.0,1.0,0.0,0.0,0.0,0.0,0.0,0.0,0.0,4.0,12.0,1.0,12.06,5.01,2.51,1.5,0.0,0.0,0.0,0.4,0.0,-0.2,-0.6000000000000001,-0.5,-93.4,0.0,0.0,93.5,0.0,21.8,17.7,17.7,17.8,300.0,300.0,26.5,30.200000000000003,24.5,23.8,25.6,,,,,,,,,,,,,,,,,,,,,,,,
2026-08-06T15:22:22.083Z,12.248,10.716,0.0,0.0,0.0,32.0,0.0,0.0,0.0,0.0,0.0,0.0,0.0,0.0,0.0,0.0,9.0,7.0,1.0,0.0,0.0,0.0,0.0,0.0,0.0,0.0,4.0,12.0,1.0,12.02,5.0200000000000005,2.5,1.49,0.0,0.0,0.0,0.4,0.0,0.4,0.5,0.0,-93.4,0.0,0.0,93.5,0.0,21.9,17.8,17.8,17.900000000000002,300.0,300.0,26.5,30.200000000000003,24.5,23.8,25.6,,,,,,,,,,,,,,,,,,,,,,,,
2026-08-06T15:22:22.095Z,12.26,10.728,0.0,0.0,0.0,32.0,0.0,0.0,0.0,0.0,0.0,0.0,0.0,0.0,0.0,0.0,9.0,7.0,1.0,0.0,0.0,0.0,0.0,0.0,0.0,0.0,6.0,12.0,1.0,12.02,5.0200000000000005,2.5,1.49,0.0,0.0,0.0,0.4,0.0,-0.2,-0.1,-0.5,-93.4,0.0,0.0,93.4,0.0,21.9,17.8,17.8,17.900000000000002,300.0,300.0,26.5,30.200000000000003,24.5,23.8,25.6,,,,,,,,,,,,,,,,,,,,,,,,
2026-08-06T15:22:22.107Z,12.272,10.74,0.0,0.0,0.0,32.0,0.0,0.0,0.0,0.0,0.0,0.0,0.0,0.0,0.0,0.0,9.0,7.0,1.0,0.0,0.0,0.0,0.0,0.0,0.0,0.0,1.0,12.0,1.0,12.02,5.0200000000000005,2.5,1.49,0.0,0.0,0.0,0.4,0.0,0.3,0.0,1.1,-93.4,0.0,0.0,93.3,0.0,21.9,17.8,17.8,17.900000000000002,300.0,300.0,26.5,30.200000000000003,24.5,23.8,25.6,,,,,,,,,,,,,,,,,,,,,,,,
2026-08-06T15:22:22.119Z,12.284,10.752,0.0,0.0,0.0,32.0,0.0,0.0,0.0,0.0,0.0,0.0,0.0,0.0,0.0,0.0,9.0,7.0,1.0,0.0,0.0,0.0,0.0,0.0,0.0,0.0,2.0,12.0,1.0,12.02,5.0200000000000005,2.5,1.49,0.0,0.0,0.0,0.4,0.0,-0.2,-0.6000000000000001,0.5,-93.4,0.0,0.0,93.5,0.0,21.9,17.8,17.8,17.900000000000002,300.0,300.0,26.5,30.200000000000003,24.5,23.8,25.6,,,,,,,,,,,,,,,,,,,,,,,,
2026-08-06T15:22:22.131Z,12.296,10.764,0.0,0.0,0.0,32.0,0.0,0.0,0.0,0.0,0.0,0.0,0.0,0.0,0.0,0.0,9.0,7.0,1.0,0.0,0.0,0.0,0.0,0.0,0.0,0.0,3.0,12.0,1.0,12.02,5.0200000000000005,2.5,1.49,0.0,0.0,0.0,0.4,0.0,-0.2,-1.2000000000000002,0.0,-93.4,0.0,0.0,93.5,0.0,21.9,17.8,17.8,17.900000000000002,300.0,300.0,26.5,30.200000000000003,24.5,23.8,25.6,,,,,,,,,,,,,,,,,,,,,,,,
2026-08-06T15:22:22.143Z,12.308,10.776,0.0,0.0,0.0,32.0,0.0,0.0,0.0,0.0,0.0,0.0,0.0,0.0,0.0,0.0,9.0,7.0,1.0,0.0,0.0,0.0,0.0,0.0,0.0,0.0,3.0,12.0,1.0,12.02,5.0200000000000005,2.5,1.49,0.0,0.0,0.0,0.4,0.0,0.3,-1.2000000000000002,-1.1,-93.4,0.0,0.0,93.5,0.0,21.9,17.8,17.8,17.900000000000002,300.0,300.0,26.5,30.200000000000003,24.5,23.8,25.6,,,,,,,,,,,,,,,,,,,,,,,,
2026-08-06T15:22:22.155Z,12.32,10.788,0.0,0.0,0.0,32.0,0.0,0.0,0.0,0.0,0.0,0.0,0.0,0.0,0.0,0.0,9.0,7.0,1.0,0.0,0.0,0.0,0.0,0.0,0.0,0.0,4.0,12.0,1.0,12.02,5.0200000000000005,2.5,1.49,0.0,0.0,0.0,0.4,0.0,-0.2,0.4,2.3000000000000003,-93.4,0.0,0.0,93.4,0.0,21.9,17.8,17.8,17.900000000000002,300.0,300.0,26.5,30.200000000000003,24.5,23.8,25.6,,,,,,,,,,,,,,,,,,,,,,,,
2026-08-06T15:22:22.167Z,12.332,10.8,0.0,0.0,0.0,32.0,0.0,0.0,0.0,0.0,0.0,0.0,0.0,0.0,0.0,0.0,9.0,7.0,1.0,0.0,0.0,0.0,0.0,0.0,0.0,0.0,5.0,12.0,1.0,12.02,5.0200000000000005,2.5,1.49,0.0,0.0,0.0,0.4,0.0,-0.8,-0.1,0.0,-93.4,0.0,0.0,93.5,0.0,21.9,17.8,17.8,17.900000000000002,300.0,300.0,26.5,30.200000000000003,24.5,23.8,25.6,,,,,,,,,,,,,,,,,,,,,,,,
2026-08-06T15:22:22.180Z,12.345,10.812,0.0,0.0,0.0,32.0,0.0,0.0,0.0,0.0,0.0,0.0,0.0,0.0,0.0,0.0,9.0,7.0,1.0,0.0,0.0,0.0,0.0,0.0,0.0,0.0,6.0,12.0,1.0,12.04,5.0200000000000005,2.5,1.5,0.0,0.0,0.0,0.4,0.0,-0.2,-0.6000000000000001,1.7000000000000002,-93.4,0.0,0.0,93.5,0.0,21.700000000000003,17.8,17.8,18.0,300.0,300.0,26.4,30.200000000000003,24.5,23.8,25.6,,,,,,,,,,,,,,,,,,,,,,,,
2026-08-06T15:22:22.191Z,12.356,10.824,0.0,0.0,0.0,32.0,0.0,0.0,0.0,0.0,0.0,0.0,0.0,0.0,0.0,0.0,9.0,7.0,1.0,0.0,0.0,0.0,0.0,0.0,0.0,0.0,2.0,12.0,1.0,12.04,5.0200000000000005,2.5,1.5,0.0,0.0,0.0,0.4,0.0,-0.8,1.1,-0.6000000000000001,-93.4,0.0,0.0,93.5,0.0,21.700000000000003,17.8,17.8,18.0,300.0,300.0,26.4,30.200000000000003,24.5,23.8,25.6,,,,,,,,,,,,,,,,,,,,,,,,
2026-08-06T15:22:22.203Z,12.368,10.836,0.0,0.0,0.0,32.0,0.0,0.0,0.0,0.0,0.0,0.0,0.0,0.0,0.0,0.0,9.0,7.0,1.0,0.0,0.0,0.0,0.0,0.0,0.0,0.0,3.0,12.0,1.0,12.04,5.0200000000000005,2.5,1.5,-0.1,0.0,0.0,0.4,0.0,-0.2,-0.6000000000000001,-1.2000000000000002,-93.4,0.0,0.0,93.3,0.0,21.700000000000003,17.8,17.8,18.0,300.0,300.0,26.4,30.200000000000003,24.5,23.8,25.6,,,,,,,,,,,,,,,,,,,,,,,,
2026-08-06T15:22:22.215Z,12.38,10.848,0.0,0.0,0.0,32.0,0.0,0.0,0.0,0.0,0.0,0.0,0.0,0.0,0.0,0.0,9.0,7.0,1.0,0.0,0.0,0.0,0.0,0.0,0.0,0.0,4.0,12.0,1.0,12.04,5.0200000000000005,2.5,1.5,0.0,0.0,0.0,0.5,0.0,-0.2,-0.5,0.0,-93.4,0.0,0.0,93.3,0.0,21.700000000000003,17.8,17.8,18.0,300.0,300.0,26.4,30.200000000000003,24.5,23.8,25.6,,,,,,,,,,,,,,,,,,,,,,,,
2026-08-06T15:22:22.227Z,12.392,10.86,0.0,0.0,0.0,32.0,0.0,0.0,0.0,0.0,0.0,0.0,0.0,0.0,0.0,0.0,9.0,7.0,1.0,0.0,0.0,0.0,0.0,0.0,0.0,0.0,5.0,12.0,1.0,12.04,5.0200000000000005,2.5,1.5,0.0,0.0,0.0,0.4,0.0,0.3,-0.5,0.0,-93.4,0.0,0.0,93.5,0.0,21.700000000000003,17.8,17.8,18.0,300.0,300.0,26.4,30.200000000000003,24.5,23.8,25.6,,,,,,,,,,,,,,,,,,,,,,,,
2026-08-06T15:22:22.239Z,12.404,10.872,0.0,0.0,0.0,32.0,0.0,0.0,0.0,0.0,0.0,0.0,0.0,0.0,0.0,0.0,9.0,7.0,1.0,0.0,0.0,0.0,0.0,0.0,0.0,0.0,6.0,12.0,1.0,12.04,5.0200000000000005,2.5,1.5,0.0,0.0,0.0,0.4,0.0,-0.7000000000000001,-0.5,0.0,-93.4,0.0,0.0,93.5,0.0,21.700000000000003,17.8,17.8,18.0,300.0,300.0,26.4,30.200000000000003,24.5,23.8,25.6,,,,,,,,,,,,,,,,,,,,,,,,
2026-08-06T15:22:22.251Z,12.416,10.884,0.0,0.0,0.0,32.0,0.0,0.0,0.0,0.0,0.0,0.0,0.0,0.0,0.0,0.0,9.0,7.0,1.0,0.0,0.0,0.0,0.0,0.0,0.0,0.0,1.0,12.0,1.0,12.04,5.0200000000000005,2.5,1.5,0.0,0.0,0.0,0.4,0.0,-0.2,0.0,0.5,-93.4,0.0,0.0,93.5,0.0,21.700000000000003,17.8,17.8,18.0,300.0,300.0,26.4,30.200000000000003,24.5,23.8,25.6,,,,,,,,,,,,,,,,,,,,,,,,
2026-08-06T15:22:22.263Z,12.428,10.896,0.0,0.0,0.0,32.0,0.0,0.0,0.0,0.0,0.0,0.0,0.0,0.0,0.0,0.0,9.0,7.0,1.0,0.0,0.0,0.0,0.0,0.0,0.0,0.0,2.0,12.0,1.0,12.04,5.0200000000000005,2.5,1.5,0.0,0.0,0.0,0.4,0.0,-0.2,0.0,0.0,-93.4,0.0,0.0,93.5,0.0,21.700000000000003,17.8,17.8,18.0,300.0,300.0,26.4,30.200000000000003,24.5,23.8,25.6,,,,,,,,,,,,,,,,,,,,,,,,
2026-08-06T15:22:22.275Z,12.44,10.908,0.0,0.0,0.0,32.0,0.0,0.0,0.0,0.0,0.0,0.0,0.0,0.0,0.0,0.0,9.0,7.0,1.0,0.0,0.0,0.0,0.0,0.0,0.0,0.0,3.0,12.0,1.0,12.04,5.0200000000000005,2.5,1.5,0.0,0.1,0.0,0.4,0.0,-0.2,-1.1,-0.1,-93.4,0.0,0.0,93.5,0.0,21.700000000000003,17.8,17.8,18.0,300.0,300.0,26.4,30.200000000000003,24.5,23.8,25.6,,,,,,,,,,,,,,,,,,,,,,,,
2026-08-06T15:22:22.287Z,12.452,10.92,0.0,0.0,0.0,32.0,0.0,0.0,0.0,0.0,0.0,0.0,0.0,0.0,0.0,0.0,9.0,7.0,1.0,0.0,0.0,0.0,0.0,0.0,0.0,0.0,4.0,12.0,1.0,12.04,5.01,2.51,1.49,0.0,0.0,0.0,0.4,0.0,-0.2,0.6000000000000001,-0.1,-93.4,0.0,0.0,93.5,0.0,22.1,17.900000000000002,17.900000000000002,18.1,300.0,300.0,26.5,30.200000000000003,24.5,23.8,25.6,,,,,,,,,,,,,,,,,,,,,,,,
2026-08-06T15:22:22.300Z,12.465,10.932,0.0,0.0,0.0,32.0,0.0,0.0,0.0,0.0,0.0,0.0,0.0,0.0,0.0,0.0,9.0,7.0,1.0,0.0,0.0,0.0,0.0,0.0,0.0,0.0,4.0,12.0,1.0,12.04,5.01,2.51,1.49,0.0,0.0,0.0,0.4,0.0,0.3,0.6000000000000001,1.0,-93.4,0.0,0.0,93.4,0.0,22.1,17.900000000000002,17.900000000000002,18.1,300.0,300.0,26.5,30.200000000000003,24.5,23.8,25.6,,,,,,,,,,,,,,,,,,,,,,,,
2026-08-06T15:22:22.311Z,12.476,10.944,0.0,0.0,0.0,32.0,0.0,0.0,0.0,0.0,0.0,0.0,0.0,0.0,0.0,0.0,9.0,7.0,1.0,0.0,0.0,0.0,0.0,0.0,0.0,0.0,5.0,12.0,1.0,12.04,5.01,2.51,1.49,0.0,0.0,0.0,0.4,0.0,-0.2,-0.4,-0.7000000000000001,-93.4,0.0,0.0,93.5,0.0,22.1,17.900000000000002,17.900000000000002,18.1,300.0,300.0,26.5,30.200000000000003,24.5,23.8,25.6,,,,,,,,,,,,,,,,,,,,,,,,
2026-08-06T15:22:22.323Z,12.488,10.956,0.0,0.0,0.0,32.0,0.0,0.0,0.0,0.0,0.0,0.0,0.0,0.0,0.0,0.0,9.0,7.0,1.0,0.0,0.0,0.0,0.0,0.0,0.0,0.0,1.0,12.0,1.0,12.04,5.01,2.51,1.49,0.0,0.0,0.0,0.5,0.0,0.3,-1.1,-1.3,-93.4,0.0,0.0,93.5,0.0,22.1,17.900000000000002,17.900000000000002,18.1,300.0,300.0,26.5,30.200000000000003,24.5,23.8,25.6,,,,,,,,,,,,,,,,,,,,,,,,
2026-08-06T15:22:22.335Z,12.5,10.968,0.0,0.0,0.0,32.0,0.0,0.0,0.0,0.0,0.0,0.0,0.0,0.0,0.0,0.0,9.0,7.0,1.0,0.0,0.0,0.0,0.0,0.0,0.0,0.0,2.0,12.0,1.0,12.04,5.01,2.51,1.49,0.0,0.0,0.0,0.4,0.0,-0.2,0.0,0.4,-93.4,0.0,0.0,93.5,0.0,22.1,17.900000000000002,17.900000000000002,18.1,300.0,300.0,26.5,30.200000000000003,24.5,23.8,25.6,,,,,,,,,,,,,,,,,,,,,,,,
2026-08-06T15:22:22.347Z,12.512,10.98,0.0,0.0,0.0,32.0,0.0,0.0,0.0,0.0,0.0,0.0,0.0,0.0,0.0,0.0,9.0,7.0,1.0,0.0,0.0,0.0,0.0,0.0,0.0,0.0,2.0,12.0,1.0,12.04,5.01,2.51,1.49,0.0,0.0,0.0,0.4,0.0,-0.2,0.6000000000000001,1.1,-93.4,0.0,0.0,93.5,0.0,22.1,17.900000000000002,17.900000000000002,18.1,300.0,300.0,26.5,30.200000000000003,24.5,23.8,25.6,,,,,,,,,,,,,,,,,,,,,,,,
2026-08-06T15:22:22.359Z,12.524,10.992,0.0,0.0,0.0,32.0,0.0,0.0,0.0,0.0,0.0,0.0,0.0,0.0,0.0,0.0,9.0,7.0,1.0,0.0,0.0,0.0,0.0,0.0,0.0,0.0,3.0,12.0,1.0,12.04,5.01,2.51,1.49,0.0,0.0,0.0,0.4,0.0,0.3,0.0,0.0,-93.4,0.0,0.0,93.3,0.0,22.1,17.900000000000002,17.900000000000002,18.1,300.0,300.0,26.5,30.200000000000003,24.5,23.8,25.6,,,,,,,,,,,,,,,,,,,,,,,,
2026-08-06T15:22:22.372Z,12.537,11.004,0.0,0.0,0.0,32.0,0.0,0.0,0.0,0.0,0.0,0.0,0.0,0.0,0.0,0.0,9.0,7.0,1.0,0.0,0.0,0.0,0.0,0.0,0.0,0.0,4.0,12.0,1.0,12.04,5.01,2.51,1.49,0.0,0.0,0.0,0.4,0.0,-0.7000000000000001,-0.5,-0.6000000000000001,-93.4,0.0,0.0,93.4,0.0,22.1,17.900000000000002,17.900000000000002,18.1,300.0,300.0,26.5,30.200000000000003,24.5,23.8,25.6,,,,,,,,,,,,,,,,,,,,,,,,
2026-08-06T15:22:22.385Z,12.55,11.016,0.0,0.0,0.0,32.0,0.0,0.0,0.0,0.0,0.0,0.0,0.0,0.0,0.0,0.0,9.0,7.0,1.0,0.0,0.0,0.0,0.0,0.0,0.0,0.0,5.0,12.0,1.0,12.05,5.0200000000000005,2.5,1.49,0.0,0.1,0.0,0.4,0.0,-0.7000000000000001,0.0,-0.6000000000000001,-93.4,0.0,0.0,93.5,0.0,21.9,18.0,18.0,18.2,300.0,300.0,26.5,30.200000000000003,24.5,23.8,25.6,,,,,,,,,,,,,,,,,,,,,,,,
2026-08-06T15:22:22.395Z,12.56,11.028,0.0,0.0,0.0,32.0,0.0,0.0,0.0,0.0,0.0,0.0,0.0,0.0,0.0,0.0,9.0,7.0,1.0,0.0,0.0,0.0,0.0,0.0,0.0,0.0,5.0,12.0,1.0,12.05,5.0200000000000005,2.5,1.49,0.0,0.0,0.0,0.4,0.0,-1.3,-0.5,0.0,-93.4,0.0,0.0,93.4,0.0,21.9,18.0,18.0,18.2,300.0,300.0,26.5,30.200000000000003,24.5,23.8,25.6,,,,,,,,,,,,,,,,,,,,,,,,
2026-08-06T15:22:22.407Z,12.572,11.04,0.0,0.0,0.0,32.0,0.0,0.0,0.0,0.0,0.0,0.0,0.0,0.0,0.0,0.0,9.0,7.0,1.0,0.0,0.0,0.0,0.0,0.0,0.0,0.0,6.0,12.0,1.0,12.05,5.0200000000000005,2.5,1.49,0.0,0.1,0.0,0.4,0.0,0.3,0.0,0.5,-93.4,0.0,0.0,93.3,0.0,21.9,18.0,18.0,18.2,300.0,300.0,26.5,30.200000000000003,24.5,23.8,25.6,,,,,,,,,,,,,,,,,,,,,,,,
2026-08-06T15:22:22.419Z,12.584,11.052,0.0,0.0,0.0,32.0,0.0,0.0,0.0,0.0,0.0,0.0,0.0,0.0,0.0,0.0,9.0,7.0,1.0,0.0,0.0,0.0,0.0,0.0,0.0,0.0,1.0,12.0,1.0,12.05,5.0200000000000005,2.5,1.49,0.0,0.0,0.0,0.4,0.0,0.3,0.5,0.4,-93.4,0.0,0.0,93.5,0.0,21.9,18.0,18.0,18.2,300.0,300.0,26.5,30.200000000000003,24.5,23.8,25.6,,,,,,,,,,,,,,,,,,,,,,,,
2026-08-06T15:22:22.431Z,12.596,11.064,0.0,0.0,0.0,32.0,0.0,0.0,0.0,0.0,0.0,0.0,0.0,0.0,0.0,0.0,9.0,7.0,1.0,0.0,0.0,0.0,0.0,0.0,0.0,0.0,2.0,12.0,1.0,12.05,5.0200000000000005,2.5,1.49,0.0,0.0,0.0,0.4,0.0,-0.2,-0.5,-1.8,-93.4,0.0,0.0,93.5,0.0,21.9,18.0,18.0,18.2,300.0,300.0,26.5,30.200000000000003,24.5,23.8,25.6,,,,,,,,,,,,,,,,,,,,,,,,
2026-08-06T15:22:22.443Z,12.608,11.076,0.0,0.0,0.0,32.0,0.0,0.0,0.0,0.0,0.0,0.0,0.0,0.0,0.0,0.0,9.0,7.0,1.0,0.0,0.0,0.0,0.0,0.0,0.0,0.0,2.0,12.0,1.0,12.05,5.0200000000000005,2.5,1.49,0.0,0.0,0.0,0.4,0.0,-0.2,0.0,-1.3,-93.4,0.0,0.0,93.5,0.0,21.9,18.0,18.0,18.2,300.0,300.0,26.5,30.200000000000003,24.5,23.8,25.6,,,,,,,,,,,,,,,,,,,,,,,,
2026-08-06T15:22:22.455Z,12.62,11.088,0.0,0.0,0.0,32.0,0.0,0.0,0.0,0.0,0.0,0.0,0.0,0.0,0.0,0.0,9.0,7.0,1.0,0.0,0.0,0.0,0.0,0.0,0.0,0.0,3.0,12.0,1.0,12.05,5.0200000000000005,2.5,1.49,0.0,0.0,0.0,0.4,0.0,0.9,0.6000000000000001,-0.1,-93.4,0.0,0.0,93.5,0.0,21.9,18.0,18.0,18.2,300.0,300.0,26.5,30.200000000000003,24.5,23.8,25.6,,,,,,,,,,,,,,,,,,,,,,,,
2026-08-06T15:22:22.467Z,12.632,11.1,0.0,0.0,0.0,32.0,0.0,0.0,0.0,0.0,0.0,0.0,0.0,0.0,0.0,0.0,9.0,7.0,1.0,0.0,0.0,0.0,0.0,0.0,0.0,0.0,4.0,12.0,1.0,12.05,5.0200000000000005,2.5,1.49,0.0,0.0,0.0,0.5,0.0,0.3,0.6000000000000001,0.4,-93.4,0.0,0.0,93.5,0.0,21.9,18.0,18.0,18.2,300.0,300.0,26.5,30.200000000000003,24.5,23.8,25.6,,,,,,,,,,,,,,,,,,,,,,,,
2026-08-06T15:22:22.479Z,12.644,11.112,0.0,0.0,0.0,32.0,0.0,0.0,0.0,0.0,0.0,0.0,0.0,0.0,0.0,0.0,9.0,7.0,1.0,0.0,0.0,0.0,0.0,0.0,0.0,0.0,5.0,12.0,1.0,12.05,5.0200000000000005,2.5,1.49,0.0,0.0,0.0,0.4,0.0,-0.2,1.2000000000000002,1.0,-93.4,0.0,0.0,93.4,0.0,21.9,18.0,18.0,18.2,300.0,300.0,26.5,30.200000000000003,24.5,23.8,25.6,,,,,,,,,,,,,,,,,,,,,,,,
2026-08-06T15:22:22.491Z,12.656,11.124,0.0,0.0,0.0,32.0,0.0,0.0,0.0,0.0,0.0,0.0,0.0,0.0,0.0,0.0,9.0,7.0,1.0,0.0,0.0,0.0,0.0,0.0,0.0,0.0,5.0,12.0,1.0,12.05,5.0,2.51,1.49,0.0,0.0,0.0,0.4,0.0,0.3,0.6000000000000001,1.0,-93.4,0.0,0.0,93.5,0.0,21.700000000000003,18.1,18.1,18.2,300.0,300.0,26.5,30.200000000000003,24.5,23.700000000000003,25.6,,,,,,,,,,,,,,,,,,,,,,,,
2026-08-06T15:22:22.503Z,12.668,11.136,0.0,0.0,0.0,32.0,0.0,0.0,0.0,0.0,0.0,0.0,0.0,0.0,0.0,0.0,9.0,7.0,1.0,0.0,0.0,0.0,0.0,0.0,0.0,0.0,6.0,12.0,1.0,12.05,5.0,2.51,1.49,0.0,0.0,0.0,0.4,0.0,-0.2,0.0,0.0,-93.4,0.0,0.0,93.3,0.0,21.700000000000003,18.1,18.1,18.2,300.0,300.0,26.5,30.200000000000003,24.5,23.700000000000003,25.6,,,,,,,,,,,,,,,,,,,,,,,,
2026-08-06T15:22:22.515Z,12.68,11.148,0.0,0.0,0.0,32.0,0.0,0.0,0.0,0.0,0.0,0.0,0.0,0.0,0.0,0.0,9.0,7.0,1.0,0.0,0.0,0.0,0.0,0.0,0.0,0.0,1.0,12.0,1.0,12.05,5.0,2.51,1.49,0.0,0.1,0.0,0.4,0.0,-0.8,0.6000000000000001,0.4,-93.4,0.0,0.0,93.5,0.0,21.700000000000003,18.1,18.1,18.2,300.0,300.0,26.5,30.200000000000003,24.5,23.700000000000003,25.6,,,,,,,,,,,,,,,,,,,,,,,,
2026-08-06T15:22:22.528Z,12.693,11.16,0.0,0.0,0.0,32.0,0.0,0.0,0.0,0.0,0.0,0.0,0.0,0.0,0.0,0.0,9.0,7.0,1.0,0.0,0.0,0.0,0.0,0.0,0.0,0.0,2.0,12.0,1.0,12.05,5.0,2.51,1.49,0.0,0.0,0.0,0.4,0.0,0.3,0.0,1.0,-93.4,0.0,0.0,93.5,0.0,21.700000000000003,18.1,18.1,18.2,300.0,300.0,26.5,30.200000000000003,24.5,23.700000000000003,25.6,,,,,,,,,,,,,,,,,,,,,,,,
2026-08-06T15:22:22.539Z,12.704,11.172,0.0,0.0,0.0,32.0,0.0,0.0,0.0,0.0,0.0,0.0,0.0,0.0,0.0,0.0,9.0,7.0,1.0,0.0,0.0,0.0,0.0,0.0,0.0,0.0,3.0,12.0,1.0,12.05,5.0,2.51,1.49,0.0,0.0,0.0,0.4,0.0,-0.8,1.2000000000000002,1.1,-93.4,0.0,0.0,93.5,0.0,21.700000000000003,18.1,18.1,18.2,300.0,300.0,26.5,30.200000000000003,24.5,23.700000000000003,25.6,,,,,,,,,,,,,,,,,,,,,,,,
2026-08-06T15:22:22.551Z,12.716,11.184,0.0,0.0,0.0,32.0,0.0,0.0,0.0,0.0,0.0,1.0,0.0,0.0,0.0,0.0,9.0,7.0,1.0,0.0,0.0,0.0,0.0,0.0,0.0,0.0,4.0,12.0,1.0,12.05,5.0,2.51,1.49,0.0,0.0,0.0,0.4,0.0,-0.8,0.0,-0.6000000000000001,-93.4,0.0,0.0,93.5,0.0,21.700000000000003,18.1,18.1,18.2,300.0,300.0,26.5,30.200000000000003,24.5,23.700000000000003,25.6,,,,,,,,,,,,,,,,,,,,,,,,
2026-08-06T15:22:22.565Z,12.73,11.196,0.0,0.0,0.0,32.0,0.0,0.0,0.0,0.0,0.0,1.0,0.0,0.0,0.0,0.0,9.0,7.0,1.0,0.0,0.0,0.0,0.0,0.0,0.0,0.0,5.0,12.0,1.0,12.05,5.0,2.51,1.49,0.0,0.0,0.0,0.5,0.0,1.4,0.6000000000000001,1.1,-93.4,0.0,0.0,93.5,0.0,21.700000000000003,18.1,18.1,18.2,300.0,300.0,26.5,30.200000000000003,24.5,23.700000000000003,25.6,,,,,,,,,,,,,,,,,,,,,,,,
2026-08-06T15:22:22.575Z,12.74,11.208,0.0,0.0,0.0,32.0,0.0,0.0,0.0,0.0,0.0,1.0,0.0,0.0,0.0,0.0,9.0,7.0,1.0,0.0,0.0,0.0,0.0,0.0,0.0,0.0,5.0,12.0,1.0,12.05,5.0,2.51,1.49,0.0,0.0,0.0,0.4,0.0,-0.8,0.0,0.0,-93.4,0.0,0.0,93.5,0.0,21.700000000000003,18.1,18.1,18.2,300.0,300.0,26.5,30.200000000000003,24.5,23.700000000000003,25.6,,,,,,,,,,,,,,,,,,,,,,,,
2026-08-06T15:22:22.588Z,12.753,11.22,0.0,0.0,0.0,32.0,0.0,0.0,0.0,0.0,0.0,1.0,0.0,0.0,0.0,0.0,9.0,7.0,1.0,0.0,0.0,0.0,0.0,0.0,0.0,0.0,6.0,12.0,1.0,12.02,5.0200000000000005,2.51,1.5,0.0,0.0,0.0,0.4,0.0,0.3,0.0,0.0,-93.4,0.0,0.0,93.4,0.0,21.9,18.2,18.2,18.3,300.0,300.0,26.5,30.3,24.5,23.700000000000003,25.6,,,,,,,,,,,,,,,,,,,,,,,,
2026-08-06T15:22:22.600Z,12.765,11.232,0.0,0.0,0.0,32.0,0.0,0.0,0.0,0.0,0.0,1.0,0.0,0.0,0.0,0.0,9.0,7.0,1.0,0.0,0.0,0.0,0.0,0.0,0.0,0.0,2.0,12.0,1.0,12.02,5.0200000000000005,2.51,1.5,0.0,0.0,0.0,0.4,0.0,0.8,-0.5,1.1,-93.4,0.0,0.0,93.3,0.0,21.9,18.2,18.2,18.3,300.0,300.0,26.5,30.3,24.5,23.700000000000003,25.6,,,,,,,,,,,,,,,,,,,,,,,,
2026-08-06T15:22:22.611Z,12.776,11.244,0.0,0.0,0.0,32.0,0.0,0.0,0.0,0.0,0.0,1.0,0.0,0.0,0.0,0.0,9.0,7.0,1.0,0.0,0.0,0.0,0.0,0.0,0.0,0.0,2.0,12.0,1.0,12.02,5.0200000000000005,2.51,1.5,0.0,0.0,0.0,0.4,0.0,-0.8,-0.5,-1.1,-93.4,0.0,0.0,93.3,0.0,21.9,18.2,18.2,18.3,300.0,300.0,26.5,30.3,24.5,23.700000000000003,25.6,,,,,,,,,,,,,,,,,,,,,,,,
2026-08-06T15:22:22.623Z,12.788,11.256,0.0,0.0,0.0,32.0,0.0,0.0,0.0,0.0,0.0,1.0,0.0,0.0,0.0,0.0,9.0,7.0,1.0,0.0,0.0,0.0,0.0,0.0,0.0,0.0,4.0,12.0,1.0,12.02,5.0200000000000005,2.51,1.5,0.0,0.0,0.0,0.4,0.0,-0.2,0.6000000000000001,-1.7000000000000002,-93.4,0.0,0.0,93.5,0.0,21.9,18.2,18.2,18.3,300.0,300.0,26.5,30.3,24.5,23.700000000000003,25.6,,,,,,,,,,,,,,,,,,,,,,,,
2026-08-06T15:22:22.635Z,12.8,11.268,0.0,0.0,0.0,32.0,0.0,0.0,0.0,0.0,0.0,1.0,0.0,0.0,0.0,0.0,9.0,7.0,1.0,0.0,0.0,0.0,0.0,0.0,0.0,0.0,5.0,12.0,1.0,12.02,5.0200000000000005,2.51,1.5,0.0,0.0,0.0,0.4,0.0,0.2,1.2000000000000002,0.6000000000000001,-93.4,0.0,0.0,93.5,0.0,21.9,18.2,18.2,18.3,300.0,300.0,26.5,30.3,24.5,23.700000000000003,25.6,,,,,,,,,,,,,,,,,,,,,,,,
2026-08-06T15:22:22.647Z,12.812,11.28,0.0,0.0,0.0,32.0,0.0,0.0,0.0,0.0,0.0,1.0,0.0,0.0,0.0,0.0,9.0,7.0,1.0,0.0,0.0,0.0,0.0,0.0,0.0,0.0,1.0,12.0,1.0,12.02,5.0200000000000005,2.51,1.5,0.0,0.0,0.0,0.4,0.0,-0.3,0.0,0.0,-93.4,0.0,0.0,93.4,0.0,21.9,18.2,18.2,18.3,300.0,300.0,26.5,30.3,24.5,23.700000000000003,25.6,,,,,,,,,,,,,,,,,,,,,,,,
2026-08-06T15:22:22.667Z,12.832,11.292,0.0,0.0,0.0,32.0,0.0,0.0,0.0,0.0,0.0,1.0,0.0,0.0,0.0,0.0,9.0,7.0,1.0,0.0,0.0,0.0,0.0,0.0,0.0,0.0,2.0,12.0,1.0,12.02,5.0200000000000005,2.51,1.5,0.0,0.0,0.0,0.4,0.0,0.1,-1.7000000000000002,-0.5,-93.4,0.0,0.0,93.5,0.0,21.9,18.2,18.2,18.3,300.0,300.0,26.5,30.3,24.5,23.700000000000003,25.6,,,,,,,,,,,,,,,,,,,,,,,,
2026-08-06T15:22:22.671Z,12.836,11.304,0.0,0.0,0.0,32.0,0.0,0.0,0.0,0.0,0.0,1.0,0.0,0.0,0.0,0.0,9.0,7.0,1.0,0.0,0.0,0.0,0.0,0.0,0.0,0.0,3.0,12.0,1.0,12.02,5.0200000000000005,2.51,1.5,0.0,0.1,0.0,0.4,0.0,0.7000000000000001,0.5,-1.8,-93.4,0.0,0.0,93.5,0.0,21.9,18.2,18.2,18.3,300.0,300.0,26.5,30.3,24.5,23.700000000000003,25.6,,,,,,,,,,,,,,,,,,,,,,,,
2026-08-06T15:22:22.683Z,12.848,11.316,0.0,0.0,0.0,32.0,0.0,0.0,0.0,0.0,0.0,1.0,0.0,0.0,0.0,0.0,9.0,7.0,1.0,0.0,0.0,0.0,0.0,0.0,0.0,0.0,4.0,12.0,1.0,12.02,5.0200000000000005,2.51,1.5,0.0,0.0,0.0,0.4,0.0,0.2,1.1,-1.2000000000000002,-93.4,0.0,0.0,93.5,0.0,21.9,18.2,18.2,18.3,300.0,300.0,26.5,30.3,24.5,23.700000000000003,25.6,,,,,,,,,,,,,,,,,,,,,,,,
2026-08-06T15:22:22.695Z,12.86,11.328,0.0,0.0,0.0,32.0,0.0,0.0,0.0,0.0,0.0,1.0,0.0,0.0,0.0,0.0,9.0,7.0,1.0,0.0,0.0,0.0,0.0,0.0,0.0,0.0,6.0,12.0,1.0,12.06,5.0200000000000005,2.51,1.5,0.0,0.1,0.0,0.4,0.0,0.2,0.0,-1.1,-93.4,0.0,0.0,93.5,0.0,21.3,18.3,18.3,18.4,300.0,300.0,26.4,30.200000000000003,24.5,23.700000000000003,25.6,,,,,,,,,,,,,,,,,,,,,,,,
2026-08-06T15:22:22.707Z,12.872,11.34,0.0,0.0,0.0,32.0,0.0,0.0,0.0,0.0,0.0,0.0,0.0,0.0,0.0,0.0,9.0,7.0,1.0,0.0,0.0,0.0,0.0,0.0,0.0,0.0,1.0,12.0,1.0,12.06,5.0200000000000005,2.51,1.5,0.0,0.0,0.0,0.5,0.0,0.3,0.5,0.0,-93.4,0.0,0.0,93.3,0.0,21.3,18.3,18.3,18.4,300.0,300.0,26.4,30.200000000000003,24.5,23.700000000000003,25.6,,,,,,,,,,,,,,,,,,,,,,,,
2026-08-06T15:22:22.719Z,12.884,11.352,0.1,0.0,0.0,32.0,0.0,0.0,0.0,0.0,0.0,0.0,0.0,0.0,0.0,0.0,9.0,7.0,1.0,0.0,0.0,0.0,0.0,0.0,0.0,0.0,2.0,12.0,1.0,12.06,5.0200000000000005,2.51,1.5,0.0,0.0,0.0,0.4,0.0,0.3,0.5,0.6000000000000001,-93.4,0.0,0.0,93.5,0.0,21.3,18.3,18.3,18.4,300.0,300.0,26.4,30.200000000000003,24.5,23.700000000000003,25.6,,,,,,,,,,,,,,,,,,,,,,,,
2026-08-06T15:22:22.731Z,12.896,11.364,0.0,0.0,0.0,32.0,0.0,0.0,0.0,0.0,0.0,0.0,0.0,0.0,0.0,0.0,9.0,7.0,1.0,0.0,0.0,0.0,0.0,0.0,0.0,0.0,4.0,12.0,1.0,12.06,5.0200000000000005,2.51,1.5,0.0,0.1,0.0,0.4,0.0,-0.1,1.1,0.6000000000000001,-93.4,0.0,0.0,93.5,0.0,21.3,18.3,18.3,18.4,300.0,300.0,26.4,30.200000000000003,24.5,23.700000000000003,25.6,,,,,,,,,,,,,,,,,,,,,,,,
2026-08-06T15:22:22.743Z,12.908,11.376,0.0,0.0,0.0,32.0,0.0,0.0,0.0,0.0,0.0,0.0,0.0,0.0,0.0,0.0,9.0,7.0,1.0,0.0,0.0,0.0,0.0,0.0,0.0,0.0,5.0,12.0,1.0,12.06,5.0200000000000005,2.51,1.5,0.0,0.0,0.0,0.4,0.0,0.9,0.0,-0.6000000000000001,-93.4,0.0,0.0,93.5,0.0,21.3,18.3,18.3,18.4,300.0,300.0,26.4,30.200000000000003,24.5,23.700000000000003,25.6,,,,,,,,,,,,,,,,,,,,,,,,
2026-08-06T15:22:22.755Z,12.92,11.388,0.0,0.0,0.0,32.0,0.0,0.0,0.0,0.0,0.0,0.0,0.0,0.0,0.0,0.0,9.0,7.0,1.0,0.0,0.0,0.0,0.0,0.0,0.0,0.0,6.0,12.0,1.0,12.06,5.0200000000000005,2.51,1.5,0.0,0.0,0.0,0.4,0.0,-0.2,-0.6000000000000001,0.0,-93.4,0.0,0.0,93.5,0.0,21.3,18.3,18.3,18.4,300.0,300.0,26.4,30.200000000000003,24.5,23.700000000000003,25.6,,,,,,,,,,,,,,,,,,,,,,,,
2026-08-06T15:22:22.767Z,12.932,11.4,0.0,0.0,0.0,32.0,0.0,0.0,0.0,0.0,0.0,0.0,0.0,0.0,0.0,0.0,9.0,7.0,1.0,0.0,0.0,0.0,0.0,0.0,0.0,0.0,1.0,12.0,1.0,12.06,5.0200000000000005,2.51,1.5,0.0,0.0,0.0,0.4,0.0,-0.2,0.5,0.0,-93.4,0.0,0.0,93.4,0.0,21.3,18.3,18.3,18.4,300.0,300.0,26.4,30.200000000000003,24.5,23.700000000000003,25.6,,,,,,,,,,,,,,,,,,,,,,,,
2026-08-06T15:22:22.779Z,12.944,11.412,0.0,0.0,0.0,32.0,0.0,0.0,0.0,0.0,0.0,0.0,0.0,0.0,0.0,0.0,9.0,7.0,1.0,0.0,0.0,0.0,0.0,0.0,0.0,0.0,2.0,12.0,1.0,12.06,5.0200000000000005,2.51,1.5,0.0,0.0,0.0,0.4,0.0,0.3,0.0,-0.5,-93.4,0.0,0.0,93.3,0.0,21.3,18.3,18.3,18.4,300.0,300.0,26.4,30.200000000000003,24.5,23.700000000000003,25.6,,,,,,,,,,,,,,,,,,,,,,,,
2026-08-06T15:22:22.792Z,12.957,11.424,0.0,0.0,0.0,32.0,0.0,0.0,0.0,0.0,0.0,0.0,0.0,0.0,0.0,0.0,9.0,7.0,1.0,0.0,0.0,0.0,0.0,0.0,0.0,0.0,3.0,12.0,1.0,12.06,5.01,2.51,1.49,0.0,0.0,0.0,0.4,0.0,-1.4,-0.6000000000000001,0.0,-93.4,0.0,0.0,93.5,0.0,21.8,18.3,18.3,18.5,300.0,300.0,26.5,30.3,24.5,23.8,25.6,,,,,,,,,,,,,,,,,,,,,,,,
2026-08-06T15:22:22.803Z,12.968,11.436,0.0,0.0,0.0,32.0,0.0,0.0,0.0,0.0,0.0,0.0,0.0,0.0,0.0,0.0,9.0,7.0,1.0,0.0,0.0,0.0,0.0,0.0,0.0,0.0,4.0,12.0,1.0,12.06,5.01,2.51,1.49,0.0,0.0,0.0,0.5,0.0,-0.2,-0.6000000000000001,-0.5,-93.4,0.0,0.0,93.3,0.0,21.8,18.3,18.3,18.5,300.0,300.0,26.5,30.3,24.5,23.8,25.6,,,,,,,,,,,,,,,,,,,,,,,,
2026-08-06T15:22:22.815Z,12.98,11.448,0.0,0.0,0.0,32.0,0.0,0.0,0.0,0.0,0.0,0.0,0.0,0.0,0.0,0.0,9.0,7.0,1.0,0.0,0.0,0.0,0.0,0.0,0.0,0.0,5.0,12.0,1.0,12.06,5.01,2.51,1.49,0.0,0.0,0.0,0.4,0.0,-0.2,0.4,-1.1,-93.4,0.0,0.0,93.5,0.0,21.8,18.3,18.3,18.5,300.0,300.0,26.5,30.3,24.5,23.8,25.6,,,,,,,,,,,,,,,,,,,,,,,,
2026-08-06T15:22:22.827Z,12.992,11.46,0.0,0.0,0.0,32.0,0.0,0.0,0.0,0.0,0.0,0.0,0.0,0.0,0.0,0.0,9.0,7.0,1.0,0.0,0.0,0.0,0.0,0.0,0.0,0.0,6.0,12.0,1.0,12.06,5.01,2.51,1.49,0.0,0.0,0.0,0.4,0.0,0.3,0.0,0.0,-93.4,0.0,0.0,93.5,0.0,21.8,18.3,18.3,18.5,300.0,300.0,26.5,30.3,24.5,23.8,25.6,,,,,,,,,,,,,,,,,,,,,,,,
2026-08-06T15:22:22.839Z,13.004,11.472,0.0,0.0,0.0,32.0,0.0,0.0,0.0,0.0,0.0,0.0,0.0,0.0,0.0,0.0,9.0,7.0,1.0,0.0,0.0,0.0,0.0,0.0,0.0,0.0,1.0,12.0,1.0,12.06,5.01,2.51,1.49,0.0,0.0,0.0,0.4,0.0,-0.8,0.5,-1.7000000000000002,-93.4,0.0,0.0,93.5,0.0,21.8,18.3,18.3,18.5,300.0,300.0,26.5,30.3,24.5,23.8,25.6,,,,,,,,,,,,,,,,,,,,,,,,
2026-08-06T15:22:22.851Z,13.016,11.484,0.0,0.0,0.0,32.0,0.0,0.0,0.0,0.0,0.0,1.0,0.0,0.0,0.0,0.0,9.0,7.0,1.0,0.0,0.0,0.0,0.0,0.0,0.0,0.0,2.0,12.0,1.0,12.06,5.01,2.51,1.49,0.0,0.0,0.0,0.4,0.0,0.3,0.5,1.1,-93.4,0.0,0.0,93.4,0.0,21.8,18.3,18.3,18.5,300.0,300.0,26.5,30.3,24.5,23.8,25.6,,,,,,,,,,,,,,,,,,,,,,,,
2026-08-06T15:22:22.863Z,13.028,11.496,0.0,0.0,0.0,32.0,0.0,0.0,0.0,0.0,0.0,1.0,0.0,0.0,0.0,0.0,9.0,7.0,1.0,0.0,0.0,0.0,0.0,0.0,0.0,0.0,3.0,12.0,1.0,12.06,5.01,2.51,1.49,0.0,0.0,0.0,0.4,0.0,-0.2,0.0,0.0,-93.4,0.0,0.0,93.4,0.0,21.8,18.3,18.3,18.5,300.0,300.0,26.5,30.3,24.5,23.8,25.6,,,,,,,,,,,,,,,,,,,,,,,,
2026-08-06T15:22:22.876Z,13.041,11.508,0.0,0.0,0.0,32.0,0.0,0.0,0.0,0.0,0.0,1.0,0.0,0.0,0.0,0.0,9.0,7.0,1.0,0.0,0.0,0.0,0.0,0.0,0.0,0.0,4.0,12.0,1.0,12.06,5.01,2.51,1.49,0.0,0.0,0.0,0.4,0.0,0.3,1.7000000000000002,0.5,-93.4,0.0,0.0,93.5,0.0,21.8,18.3,18.3,18.5,300.0,300.0,26.5,30.3,24.5,23.8,25.6,,,,,,,,,,,,,,,,,,,,,,,,
2026-08-06T15:22:22.887Z,13.052,11.52,0.0,0.0,0.0,32.0,0.0,0.0,0.0,0.0,0.0,1.0,0.0,0.0,0.0,0.0,9.0,7.0,1.0,0.0,0.0,0.0,0.0,0.0,0.0,0.0,5.0,12.0,1.0,12.06,5.01,2.51,1.49,0.0,0.1,0.0,0.4,0.0,-0.8,0.5,0.5,-93.4,0.0,0.0,93.3,0.0,21.8,18.3,18.3,18.5,300.0,300.0,26.5,30.3,24.5,23.8,25.6,,,,,,,,,,,,,,,,,,,,,,,,
2026-08-06T15:22:22.899Z,13.064,11.532,0.0,0.0,0.0,32.0,0.0,0.0,0.0,0.0,0.0,1.0,0.0,0.0,0.0,0.0,9.0,7.0,1.0,0.0,0.0,0.0,0.0,0.0,0.0,0.0,6.0,12.0,1.0,12.04,5.0200000000000005,2.51,1.49,0.0,0.0,0.0,0.4,0.0,-0.2,-0.6000000000000001,-1.2000000000000002,-93.4,0.0,0.0,93.3,0.0,21.3,18.4,18.4,18.6,300.0,300.0,26.5,30.3,24.5,23.8,25.6,,,,,,,,,,,,,,,,,,,,,,,,
2026-08-06T15:22:22.911Z,13.076,11.544,0.0,0.0,0.0,32.0,0.0,0.0,0.0,0.0,0.0,1.0,0.0,0.0,0.0,0.0,9.0,7.0,1.0,0.0,0.0,0.0,0.0,0.0,0.0,0.0,1.0,12.0,1.0,12.04,5.0200000000000005,2.51,1.49,0.0,0.0,0.0,0.4,0.0,0.9,0.5,1.1,-93.4,0.0,0.0,93.5,0.0,21.3,18.4,18.4,18.6,300.0,300.0,26.5,30.3,24.5,23.8,25.6,,,,,,,,,,,,,,,,,,,,,,,,
2026-08-06T15:22:22.923Z,13.088,11.556,0.0,0.0,0.0,32.0,0.0,0.0,0.0,0.0,0.0,1.0,0.0,0.0,0.0,0.0,9.0,7.0,1.0,0.0,0.0,0.0,0.0,0.0,0.0,0.0,2.0,12.0,1.0,12.04,5.0200000000000005,2.51,1.49,0.0,0.0,0.0,0.4,0.0,-0.8,0.0,-1.2000000000000002,-93.4,0.0,0.0,93.5,0.0,21.3,18.4,18.4,18.6,300.0,300.0,26.5,30.3,24.5,23.8,25.6,,,,,,,,,,,,,,,,,,,,,,,,
2026-08-06T15:22:22.935Z,13.1,11.568,0.0,0.0,0.0,32.0,0.0,0.0,0.0,0.0,0.0,1.0,0.0,0.0,0.0,0.0,9.0,7.0,1.0,0.0,0.0,0.0,0.0,0.0,0.0,0.0,3.0,12.0,1.0,12.04,5.0200000000000005,2.51,1.49,0.0,0.0,0.0,0.4,0.0,0.9,0.0,0.5,-93.4,0.0,0.0,93.5,0.0,21.3,18.4,18.4,18.6,300.0,300.0,26.5,30.3,24.5,23.8,25.6,,,,,,,,,,,,,,,,,,,,,,,,
2026-08-06T15:22:22.947Z,13.112,11.58,0.0,0.0,0.0,32.0,0.0,0.0,0.0,0.0,0.0,1.0,0.0,0.0,0.0,0.0,9.0,7.0,1.0,0.0,0.0,0.0,0.0,0.0,0.0,0.0,4.0,12.0,1.0,12.04,5.0200000000000005,2.51,1.49,0.0,0.0,0.0,0.4,0.0,0.3,-0.6000000000000001,-0.1,-93.4,0.0,0.0,93.5,0.0,21.3,18.4,18.4,18.6,300.0,300.0,26.5,30.3,24.5,23.8,25.6,,,,,,,,,,,,,,,,,,,,,,,,
2026-08-06T15:22:22.959Z,13.124,11.592,0.0,0.0,0.0,32.0,0.0,0.0,0.0,0.0,0.0,1.0,0.0,0.0,0.0,0.0,9.0,7.0,1.0,0.0,0.0,0.0,0.0,0.0,0.0,0.0,5.0,12.0,1.0,12.04,5.0200000000000005,2.51,1.49,0.0,0.0,0.0,0.5,0.0,0.3,0.0,-0.6000000000000001,-93.4,0.0,0.0,93.4,0.0,21.3,18.4,18.4,18.6,300.0,300.0,26.5,30.3,24.5,23.8,25.6,,,,,,,,,,,,,,,,,,,,,,,,
2026-08-06T15:22:22.971Z,13.136,11.604,0.0,0.0,0.0,32.0,0.0,0.0,0.0,0.0,0.0,1.0,0.0,0.0,0.0,0.0,9.0,7.0,1.0,0.0,0.0,0.0,0.0,0.0,0.0,0.0,6.0,12.0,1.0,12.04,5.0200000000000005,2.51,1.49,0.0,0.0,0.0,0.4,0.0,-0.2,-0.6000000000000001,0.5,-93.4,0.0,0.0,93.4,0.0,21.3,18.4,18.4,18.6,300.0,300.0,26.5,30.3,24.5,23.8,25.6,,,,,,,,,,,,,,,,,,,,,,,,
2026-08-06T15:22:22.983Z,13.148,11.616,0.0,0.0,0.0,32.0,0.0,0.0,0.0,0.0,0.0,1.0,0.0,0.0,0.0,0.0,9.0,7.0,1.0,0.0,0.0,0.0,0.0,0.0,0.0,0.0,1.0,12.0,1.0,12.04,5.0200000000000005,2.51,1.49,0.0,0.0,0.0,0.4,0.0,0.9,-0.6000000000000001,-0.6000000000000001,-93.4,0.0,0.0,93.5,0.0,21.3,18.4,18.4,18.6,300.0,300.0,26.5,30.3,24.5,23.8,25.6,,,,,,,,,,,,,,,,,,,,,,,,
2026-08-06T15:22:22.996Z,13.161,11.628,0.0,0.0,0.0,32.0,0.0,0.0,0.0,0.0,0.0,1.0,0.0,0.0,0.0,0.0,9.0,7.0,1.0,0.0,0.0,0.0,0.0,0.0,0.0,0.0,2.0,12.0,1.0,12.04,5.01,2.51,1.49,0.0,0.0,0.0,0.4,0.0,-0.8,-0.6000000000000001,0.0,-93.4,0.0,0.0,93.5,0.0,21.8,18.5,18.5,18.6,300.0,300.0,26.8,30.4,24.5,23.700000000000003,25.6,,,,,,,,,,,,,,,,,,,,,,,,
2026-08-06T15:22:23.010Z,13.175,11.64,0.0,0.0,0.0,32.0,0.0,0.0,0.0,0.0,0.0,0.0,0.0,0.0,0.0,0.0,9.0,7.0,1.0,0.0,0.0,0.0,0.0,0.0,0.0,0.0,3.0,12.0,1.0,12.04,5.01,2.51,1.49,0.0,0.0,0.0,0.4,0.0,0.3,0.5,0.5,-93.4,0.0,0.0,93.3,0.0,21.8,18.5,18.5,18.6,300.0,300.0,26.8,30.4,24.5,23.700000000000003,25.6,,,,,,,,,,,,,,,,,,,,,,,,
2026-08-06T15:22:23.019Z,13.184,11.652,0.0,0.0,0.0,32.0,0.0,0.0,0.0,0.0,0.0,0.0,0.0,0.0,0.0,0.0,9.0,7.0,1.0,0.0,0.0,0.0,0.0,0.0,0.0,0.0,3.0,12.0,1.0,12.04,5.01,2.51,1.49,0.0,0.0,0.0,0.4,0.0,-0.2,0.0,-0.6000000000000001,-93.4,0.0,0.0,93.5,0.0,21.8,18.5,18.5,18.6,300.0,300.0,26.8,30.4,24.5,23.700000000000003,25.6,,,,,,,,,,,,,,,,,,,,,,,,
2026-08-06T15:22:23.031Z,13.196,11.664,0.0,0.0,0.0,32.0,0.0,0.0,0.0,0.0,0.0,0.0,0.0,0.0,0.0,0.0,9.0,7.0,1.0,0.0,0.0,0.0,0.0,0.0,0.0,0.0,5.0,12.0,1.0,12.04,5.01,2.51,1.49,0.0,0.0,0.0,0.4,0.0,-0.1,0.6000000000000001,0.5,-93.4,0.0,0.0,93.5,0.0,21.8,18.5,18.5,18.6,300.0,300.0,26.8,30.4,24.5,23.700000000000003,25.6,,,,,,,,,,,,,,,,,,,,,,,,
2026-08-06T15:22:23.043Z,13.208,11.676,0.0,0.0,0.0,32.0,0.0,0.0,0.0,0.0,0.0,0.0,0.0,0.0,0.0,0.0,9.0,7.0,1.0,0.0,0.0,0.0,0.0,0.0,0.0,0.0,6.0,12.0,1.0,12.04,5.01,2.51,1.49,0.0,0.0,0.0,0.4,0.0,0.3,0.0,0.5,-93.4,0.0,0.0,93.5,0.0,21.8,18.5,18.5,18.6,300.0,300.0,26.8,30.4,24.5,23.700000000000003,25.6,,,,,,,,,,,,,,,,,,,,,,,,
2026-08-06T15:22:23.055Z,13.22,11.688,0.0,0.0,0.0,32.0,0.0,0.0,0.0,0.0,0.0,0.0,0.0,0.0,0.0,0.0,9.0,7.0,1.0,0.0,0.0,0.0,0.0,0.0,0.0,0.0,1.0,12.0,1.0,12.04,5.01,2.51,1.49,0.0,0.0,0.0,0.4,0.0,-0.2,-0.5,-0.6000000000000001,-93.4,0.0,0.0,93.5,0.0,21.8,18.5,18.5,18.6,300.0,300.0,26.8,30.4,24.5,23.700000000000003,25.6,,,,,,,,,,,,,,,,,,,,,,,,
2026-08-06T15:22:23.067Z,13.232,11.7,0.0,0.0,0.0,32.0,0.0,0.0,0.0,0.0,0.0,0.0,0.0,0.0,0.0,0.0,9.0,7.0,1.0,0.0,0.0,0.0,0.0,0.0,0.0,0.0,2.0,12.0,1.0,12.04,5.01,2.51,1.49,0.0,0.0,0.0,0.4,0.0,-0.1,1.2000000000000002,0.5,-93.4,0.0,0.0,93.5,0.0,21.8,18.5,18.5,18.6,300.0,300.0,26.8,30.4,24.5,23.700000000000003,25.6,,,,,,,,,,,,,,,,,,,,,,,,
2026-08-06T15:22:23.079Z,13.244,11.712,0.0,0.0,0.0,32.0,0.0,0.0,0.0,0.0,0.0,0.0,0.0,0.0,0.0,0.0,9.0,7.0,1.0,0.0,0.0,0.0,0.0,0.0,0.0,0.0,3.0,12.0,1.0,12.04,5.01,2.51,1.49,0.0,0.0,0.0,0.4,0.0,-0.1,-1.0,0.0,-93.4,0.0,0.0,93.5,0.0,21.8,18.5,18.5,18.6,300.0,300.0,26.8,30.4,24.5,23.700000000000003,25.6,,,,,,,,,,,,,,,,,,,,,,,,
2026-08-06T15:22:23.091Z,13.256,11.724,0.0,0.0,0.0,32.0,0.0,0.0,0.0,0.0,0.0,0.0,0.0,0.0,0.0,0.0,9.0,7.0,1.0,0.0,0.0,0.0,0.0,0.0,0.0,0.0,5.0,12.0,1.0,12.04,5.01,2.51,1.49,0.0,0.0,0.0,0.4,0.0,0.4,0.0,1.1,-93.4,0.0,0.0,93.5,0.0,21.8,18.5,18.5,18.6,300.0,300.0,26.8,30.4,24.5,23.700000000000003,25.6,,,,,,,,,,,,,,,,,,,,,,,,
2026-08-06T15:22:23.103Z,13.268,11.736,0.0,0.0,0.0,32.0,0.0,0.0,0.0,0.0,0.0,0.0,0.0,0.0,0.0,0.0,9.0,7.0,1.0,0.0,0.0,0.0,0.0,0.0,0.0,0.0,6.0,12.0,1.0,12.02,5.01,2.5,1.49,0.0,0.0,0.0,0.4,0.0,0.3,0.0,-1.8,-93.4,0.0,0.0,93.3,0.0,21.8,18.6,18.6,18.7,300.0,300.0,26.700000000000003,30.3,24.5,23.8,25.6,,,,,,,,,,,,,,,,,,,,,,,,
2026-08-06T15:22:23.115Z,13.28,11.748,0.0,0.0,0.0,32.0,0.0,0.0,0.0,0.0,0.0,0.0,0.0,0.0,0.0,0.0,9.0,7.0,1.0,0.0,0.0,0.0,0.0,0.0,0.0,0.0,1.0,12.0,1.0,12.02,5.01,2.5,1.49,0.0,0.0,0.0,0.4,0.0,-0.1,1.3,0.0,-93.4,0.0,0.0,93.4,0.0,21.8,18.6,18.6,18.7,300.0,300.0,26.700000000000003,30.3,24.5,23.8,25.6,,,,,,,,,,,,,,,,,,,,,,,,
2026-08-06T15:22:23.127Z,13.292,11.76,0.0,0.0,0.0,32.0,0.0,0.0,0.0,0.0,0.0,0.0,0.0,0.0,0.0,0.0,9.0,7.0,1.0,0.0,0.0,0.0,0.0,0.0,0.0,0.0,2.0,12.0,1.0,12.02,5.01,2.5,1.49,0.0,0.0,0.0,0.4,0.0,-0.7000000000000001,0.1,1.1,-93.4,0.0,0.0,93.5,0.0,21.8,18.6,18.6,18.7,300.0,300.0,26.700000000000003,30.3,24.5,23.8,25.6,,,,,,,,,,,,,,,,,,,,,,,,
2026-08-06T15:22:23.139Z,13.304,11.772,0.0,0.0,0.0,32.0,0.0,0.0,0.0,0.0,0.0,0.0,0.0,0.0,0.0,0.0,9.0,7.0,1.0,0.0,0.0,0.0,0.0,0.0,0.0,0.0,3.0,12.0,1.0,12.02,5.01,2.5,1.49,0.0,0.0,0.0,0.5,0.0,-0.7000000000000001,-0.4,0.0,-93.4,0.0,0.0,93.5,0.0,21.8,18.6,18.6,18.7,300.0,300.0,26.700000000000003,30.3,24.5,23.8,25.6,,,,,,,,,,,,,,,,,,,,,,,,
2026-08-06T15:22:23.151Z,13.316,11.784,0.0,0.0,0.0,32.0,0.0,0.0,0.0,0.0,0.0,0.0,0.0,0.0,0.0,0.0,9.0,7.0,1.0,0.0,0.0,0.0,0.0,0.0,0.0,0.0,4.0,12.0,1.0,12.02,5.01,2.5,1.49,0.0,0.0,0.0,0.4,0.0,-0.1,-0.5,-0.6000000000000001,-93.4,0.0,0.0,93.5,0.0,21.8,18.6,18.6,18.7,300.0,300.0,26.700000000000003,30.3,24.5,23.8,25.6,,,,,,,,,,,,,,,,,,,,,,,,
2026-08-06T15:22:23.163Z,13.328,11.796,0.0,0.0,0.0,32.0,0.0,0.0,0.0,0.0,0.0,0.0,0.0,0.0,0.0,0.0,9.0,7.0,1.0,0.0,0.0,0.0,0.0,0.0,0.0,0.0,4.0,12.0,1.0,12.02,5.01,2.5,1.49,0.0,0.0,0.0,0.4,0.0,0.9,0.0,-0.6000000000000001,-93.4,0.0,0.0,93.4,0.0,21.8,18.6,18.6,18.7,300.0,300.0,26.700000000000003,30.3,24.5,23.8,25.6,,,,,,,,,,,,,,,,,,,,,,,,
2026-08-06T15:22:23.175Z,13.34,11.808,0.0,0.0,0.0,32.0,0.0,0.0,0.0,0.0,0.0,0.0,0.0,0.0,0.0,0.0,9.0,7.0,1.0,0.0,0.0,0.0,0.0,0.0,0.0,0.0,5.0,12.0,1.0,12.02,5.01,2.5,1.49,0.0,0.0,0.0,0.5,0.0,0.9,-0.5,-0.1,-93.4,0.0,0.0,93.5,0.0,21.8,18.6,18.6,18.7,300.0,300.0,26.700000000000003,30.3,24.5,23.8,25.6,,,,,,,,,,,,,,,,,,,,,,,,
2026-08-06T15:22:23.187Z,13.352,11.82,0.0,0.0,0.0,32.0,0.0,0.0,0.0,0.0,0.0,0.0,0.0,0.0,0.0,0.0,9.0,7.0,1.0,0.0,0.0,0.0,0.0,0.0,0.0,0.0,6.0,12.0,1.0,12.02,5.01,2.5,1.49,0.0,0.0,0.0,0.4,0.0,-0.1,-0.5,-0.6000000000000001,-93.4,0.0,0.0,93.5,0.0,21.8,18.6,18.6,18.7,300.0,300.0,26.700000000000003,30.3,24.5,23.8,25.6,,,,,,,,,,,,,,,,,,,,,,,,
2026-08-06T15:22:23.199Z,13.364,11.832,0.0,0.0,0.0,32.0,0.0,0.0,0.0,0.0,0.0,0.0,0.0,0.0,0.0,0.0,9.0,7.0,1.0,0.0,0.0,0.0,0.0,0.0,0.0,0.0,1.0,12.0,1.0,12.02,5.01,2.51,1.49,0.0,0.0,0.0,0.4,0.0,-1.3,0.0,-0.1,-93.4,0.0,0.0,93.3,0.0,21.9,18.7,18.7,18.8,300.0,300.0,26.6,30.3,24.5,23.700000000000003,25.6,,,,,,,,,,,,,,,,,,,,,,,,
2026-08-06T15:22:23.211Z,13.376,11.844,0.0,0.0,0.0,32.0,0.0,0.0,0.0,0.0,0.0,0.0,0.0,0.0,0.0,0.0,9.0,7.0,1.0,0.0,0.0,0.0,0.0,0.0,0.0,0.0,2.0,12.0,1.0,12.02,5.01,2.51,1.49,0.0,0.0,0.0,0.4,0.0,-0.1,0.5,-0.7000000000000001,-93.4,0.0,0.0,93.3,0.0,21.9,18.7,18.7,18.8,300.0,300.0,26.6,30.3,24.5,23.700000000000003,25.6,,,,,,,,,,,,,,,,,,,,,,,,
2026-08-06T15:22:23.223Z,13.388,11.856,0.0,0.0,0.0,32.0,0.0,0.0,0.0,0.0,0.0,0.0,0.0,0.0,0.0,0.0,9.0,7.0,1.0,0.0,0.0,0.0,0.0,0.0,0.0,0.0,3.0,12.0,1.0,12.02,5.01,2.51,1.49,0.0,0.0,0.0,0.4,0.0,0.4,0.0,1.0,-93.4,0.0,0.0,93.5,0.0,21.9,18.7,18.7,18.8,300.0,300.0,26.6,30.3,24.5,23.700000000000003,25.6,,,,,,,,,,,,,,,,,,,,,,,,
2026-08-06T15:22:23.235Z,13.4,11.868,0.0,0.0,0.0,32.0,0.0,0.0,0.0,0.0,0.0,0.0,0.0,0.0,0.0,0.0,9.0,7.0,1.0,0.0,0.0,0.0,0.0,0.0,0.0,0.0,4.0,12.0,1.0,12.02,5.01,2.51,1.49,0.0,0.0,0.0,0.4,0.0,-0.1,-1.1,-1.3,-93.4,0.0,0.0,93.5,0.0,21.9,18.7,18.7,18.8,300.0,300.0,26.6,30.3,24.5,23.700000000000003,25.6,,,,,,,,,,,,,,,,,,,,,,,,
2026-08-06T15:22:23.247Z,13.412,11.88,0.0,0.0,0.0,32.0,0.0,0.0,0.0,0.0,0.0,0.0,0.0,0.0,0.0,0.0,9.0,7.0,1.0,0.0,0.0,0.0,0.0,0.0,0.0,0.0,5.0,12.0,1.0,12.02,5.01,2.51,1.49,0.0,0.0,0.0,0.4,0.0,-0.1,-0.6000000000000001,-0.7000000000000001,-93.4,0.0,0.0,93.3,0.0,21.9,18.7,18.7,18.8,300.0,300.0,26.6,30.3,24.5,23.700000000000003,25.6,,,,,,,,,,,,,,,,,,,,,,,,
2026-08-06T15:22:23.259Z,13.424,11.892,0.0,0.0,0.0,32.0,0.0,0.0,0.0,0.0,0.0,0.0,0.0,0.0,0.0,0.0,9.0,7.0,1.0,0.0,0.0,0.0,0.0,0.0,0.0,0.0,6.0,12.0,1.0,12.02,5.01,2.51,1.49,0.0,0.0,0.0,0.4,0.0,-0.1,0.5,-0.1,-93.4,0.0,0.0,93.4,0.0,21.9,18.7,18.7,18.8,300.0,300.0,26.6,30.3,24.5,23.700000000000003,25.6,,,,,,,,,,,,,,,,,,,,,,,,
2026-08-06T15:22:23.271Z,13.436,11.904,0.0,0.0,0.0,32.0,0.0,0.0,0.0,0.0,0.0,0.0,0.0,0.0,0.0,0.0,9.0,7.0,1.0,0.0,0.0,0.0,0.0,0.0,0.0,0.0,1.0,12.0,1.0,12.02,5.01,2.51,1.49,0.0,0.0,0.0,0.4,0.0,-0.1,0.0,1.0,-93.4,0.0,0.0,93.4,0.0,21.9,18.7,18.7,18.8,300.0,300.0,26.6,30.3,24.5,23.700000000000003,25.6,,,,,,,,,,,,,,,,,,,,,,,,
2026-08-06T15:22:23.283Z,13.448,11.916,0.0,0.0,0.0,32.0,0.0,0.0,0.0,0.0,0.0,0.0,0.0,0.0,0.0,0.0,9.0,7.0,1.0,0.0,0.0,0.0,0.0,0.0,0.0,0.0,3.0,12.0,1.0,12.02,5.01,2.51,1.49,0.0,0.0,0.0,0.4,0.0,0.4,0.5,-0.1,-93.4,0.0,0.0,93.3,0.0,21.9,18.7,18.7,18.8,300.0,300.0,26.6,30.3,24.5,23.700000000000003,25.6,,,,,,,,,,,,,,,,,,,,,,,,
2026-08-06T15:22:23.295Z,13.46,11.928,0.0,0.0,0.0,32.0,0.0,0.0,0.0,0.0,0.0,0.0,0.0,0.0,0.0,0.0,9.0,7.0,1.0,0.0,0.0,0.0,0.0,0.0,0.0,0.0,4.0,12.0,1.0,12.02,5.01,2.51,1.49,0.0,0.0,0.0,0.4,0.0,0.4,0.5,-0.1,-93.4,0.0,0.0,93.5,0.0,21.9,18.7,18.7,18.8,300.0,300.0,26.6,30.3,24.5,23.700000000000003,25.6,,,,,,,,,,,,,,,,,,,,,,,,
2026-08-06T15:22:23.307Z,13.472,11.94,0.0,0.0,0.0,32.0,0.0,0.0,0.0,0.0,0.0,0.0,0.0,0.0,0.0,0.0,9.0,7.0,1.0,0.0,0.0,0.0,0.0,0.0,0.0,0.0,5.0,12.0,1.0,12.05,5.01,2.51,1.5,0.0,0.0,0.0,0.4,0.0,-0.1,0.5,0.5,-93.4,0.0,0.0,93.3,0.0,21.700000000000003,18.7,18.7,18.9,300.0,300.0,26.4,30.3,24.5,23.700000000000003,25.6,,,,,,,,,,,,,,,,,,,,,,,,
2026-08-06T15:22:23.319Z,13.484,11.952,0.0,0.0,0.0,32.0,0.0,0.0,0.0,0.0,0.0,0.0,0.0,0.0,0.0,0.0,9.0,7.0,1.0,0.0,0.0,0.0,0.0,0.0,0.0,0.0,1.0,12.0,1.0,12.05,5.01,2.51,1.5,0.0,0.0,0.0,0.4,0.0,0.3,0.0,1.0,-93.4,0.0,0.0,93.5,0.0,21.700000000000003,18.7,18.7,18.9,300.0,300.0,26.4,30.3,24.5,23.700000000000003,25.6,,,,,,,,,,,,,,,,,,,,,,,,
2026-08-06T15:22:23.331Z,13.496,11.964,0.0,0.0,0.0,32.0,0.0,0.0,0.0,0.0,0.0,0.0,0.0,0.0,0.0,0.0,9.0,7.0,1.0,0.0,0.0,0.0,0.0,0.0,0.0,0.0,1.0,12.0,1.0,12.05,5.01,2.51,1.5,0.0,0.0,0.0,0.4,0.0,-0.2,0.0,0.0,-93.4,0.0,0.0,93.5,0.0,21.700000000000003,18.7,18.7,18.9,300.0,300.0,26.4,30.3,24.5,23.700000000000003,25.6,,,,,,,,,,,,,,,,,,,,,,,,
2026-08-06T15:22:23.343Z,13.508,11.976,0.0,0.0,0.0,32.0,0.0,0.0,0.0,0.0,0.0,0.0,0.0,0.0,0.0,0.0,9.0,7.0,1.0,0.0,0.0,0.0,0.0,0.0,0.0,0.0,2.0,12.0,1.0,12.05,5.01,2.51,1.5,0.0,0.0,0.0,0.4,0.0,0.9,0.5,0.5,-93.4,0.0,0.0,93.5,0.0,21.700000000000003,18.7,18.7,18.9,300.0,300.0,26.4,30.3,24.5,23.700000000000003,25.6,,,,,,,,,,,,,,,,,,,,,,,,
2026-08-06T15:22:23.355Z,13.52,11.988,0.0,0.0,0.0,32.0,0.0,0.0,0.0,0.0,0.0,0.0,0.0,0.0,0.0,0.0,9.0,7.0,1.0,0.0,0.0,0.0,0.0,0.0,0.0,0.0,3.0,12.0,1.0,12.05,5.01,2.51,1.5,0.0,0.0,0.0,0.4,0.0,-0.2,0.5,-1.2000000000000002,-93.4,0.0,0.0,93.5,0.0,21.700000000000003,18.7,18.7,18.9,300.0,300.0,26.4,30.3,24.5,23.700000000000003,25.6,,,,,,,,,,,,,,,,,,,,,,,,
2026-08-06T15:22:23.367Z,13.532,12.0,0.0,0.0,0.0,32.0,0.0,0.0,0.0,0.0,0.0,0.0,0.0,0.0,0.0,0.0,9.0,7.0,1.0,0.0,0.0,0.0,0.0,0.0,0.0,0.0,5.0,12.0,1.0,12.05,5.01,2.51,1.5,0.0,0.0,0.0,0.4,0.0,0.3,-0.5,-0.6000000000000001,-93.4,0.0,0.0,93.4,0.0,21.700000000000003,18.7,18.7,18.9,300.0,300.0,26.4,30.3,24.5,23.700000000000003,25.6,,,,,,,,,,,,,,,,,,,,,,,,
2026-08-06T15:22:23.379Z,13.544,12.012,0.0,0.0,0.0,32.0,0.0,0.0,0.0,0.0,0.0,0.0,0.0,0.0,0.0,0.0,9.0,7.0,1.0,0.0,0.0,0.0,0.0,0.0,0.0,0.0,5.0,12.0,1.0,12.05,5.01,2.51,1.5,0.0,0.0,0.0,0.4,0.0,-0.1,0.5,0.0,-93.4,0.0,0.0,93.5,0.0,21.700000000000003,18.7,18.7,18.9,300.0,300.0,26.4,30.3,24.5,23.700000000000003,25.6,,,,,,,,,,,,,,,,,,,,,,,,
2026-08-06T15:22:23.391Z,13.556,12.024,0.0,0.0,0.0,32.0,0.0,0.0,0.0,0.0,0.0,0.0,0.0,0.0,0.0,0.0,9.0,7.0,1.0,0.0,0.0,0.0,0.0,0.0,0.0,0.0,6.0,12.0,1.0,12.05,5.01,2.51,1.5,0.0,0.0,0.0,0.4,0.0,-0.2,0.5,0.0,-93.4,0.0,0.0,93.4,0.0,21.700000000000003,18.7,18.7,18.9,300.0,300.0,26.4,30.3,24.5,23.700000000000003,25.6,,,,,,,,,,,,,,,,,,,,,,,,
2026-08-06T15:22:23.403Z,13.568,12.036,0.0,0.0,0.0,32.0,0.0,0.0,0.0,0.0,0.0,0.0,0.0,0.0,0.0,0.0,9.0,7.0,1.0,0.0,0.0,0.0,0.0,0.0,0.0,0.0,1.0,12.0,1.0,12.04,5.01,2.5,1.49,0.0,0.0,0.0,0.4,0.0,-0.2,0.0,0.5,-93.4,0.0,0.0,93.3,0.0,21.8,18.8,18.8,18.9,300.0,300.0,26.4,30.3,24.5,23.8,25.6,,,,,,,,,,,,,,,,,,,,,,,,
2026-08-06T15:22:23.415Z,13.58,12.048,0.0,0.0,0.0,32.0,0.0,0.0,0.0,0.0,0.0,0.0,0.0,0.0,0.0,0.0,9.0,7.0,1.0,0.0,0.0,0.0,0.0,0.0,0.0,0.0,2.0,12.0,1.0,12.04,5.01,2.5,1.49,0.0,0.0,0.0,0.4,0.0,-0.2,0.0,0.4,-93.4,0.0,0.0,93.4,0.0,21.8,18.8,18.8,18.9,300.0,300.0,26.4,30.3,24.5,23.8,25.6,,,,,,,,,,,,,,,,,,,,,,,,
2026-08-06T15:22:23.428Z,13.593,12.06,0.0,0.0,0.0,32.0,0.0,0.0,0.0,0.0,0.0,0.0,0.0,0.0,0.0,0.0,9.0,7.0,1.0,0.0,0.0,0.0,0.0,0.0,0.0,0.0,3.0,12.0,1.0,12.04,5.01,2.5,1.49,0.0,0.0,0.0,0.4,0.0,-0.8,-1.2000000000000002,-0.6000000000000001,-93.4,0.0,0.0,93.5,0.0,21.8,18.8,18.8,18.9,300.0,300.0,26.4,30.3,24.5,23.8,25.6,,,,,,,,,,,,,,,,,,,,,,,,
2026-08-06T15:22:23.440Z,13.605,12.072,0.0,0.0,0.0,32.0,0.0,0.0,0.0,0.0,0.0,0.0,0.0,0.0,0.0,0.0,9.0,7.0,1.0,0.0,0.0,0.0,0.0,0.0,0.0,0.0,4.0,12.0,1.0,12.04,5.01,2.5,1.49,0.0,0.0,0.0,0.4,0.0,0.3,0.0,1.0,-93.4,0.0,0.0,93.5,0.0,21.8,18.8,18.8,18.9,300.0,300.0,26.4,30.3,24.5,23.8,25.6,,,,,,,,,,,,,,,,,,,,,,,,
2026-08-06T15:22:23.451Z,13.616,12.084,0.0,0.0,0.0,32.0,0.0,0.0,0.0,0.0,0.0,0.0,0.0,0.0,0.0,0.0,9.0,7.0,1.0,0.0,0.0,0.0,0.0,0.0,0.0,0.0,5.0,12.0,1.0,12.04,5.01,2.5,1.49,0.0,0.0,0.0,0.5,0.0,-0.2,0.0,-1.2000000000000002,-93.4,0.0,0.0,93.5,0.0,21.8,18.8,18.8,18.9,300.0,300.0,26.4,30.3,24.5,23.8,25.6,,,,,,,,,,,,,,,,,,,,,,,,
2026-08-06T15:22:23.464Z,13.629,12.096,0.0,0.0,0.0,32.0,0.0,0.0,0.0,0.0,0.0,0.0,0.0,0.0,0.0,0.0,9.0,7.0,1.0,0.0,0.0,0.0,0.0,0.0,0.0,0.0,6.0,12.0,1.0,12.04,5.01,2.5,1.49,0.0,0.0,0.0,0.4,0.0,0.9,0.5,2.8000000000000003,-93.4,0.0,0.0,93.5,0.0,21.8,18.8,18.8,18.9,300.0,300.0,26.4,30.3,24.5,23.8,25.6,,,,,,,,,,,,,,,,,,,,,,,,
2026-08-06T15:22:23.475Z,13.64,12.108,0.0,0.0,0.0,32.0,0.0,0.0,0.0,0.0,0.0,0.0,0.0,0.0,0.0,0.0,9.0,7.0,1.0,0.0,0.0,0.0,0.0,0.0,0.0,0.0,1.0,12.0,1.0,12.04,5.01,2.5,1.49,0.0,0.0,0.0,0.5,0.0,0.9,-0.5,-0.7000000000000001,-93.4,0.0,0.0,93.5,0.0,21.8,18.8,18.8,18.9,300.0,300.0,26.4,30.3,24.5,23.8,25.6,,,,,,,,,,,,,,,,,,,,,,,,
2026-08-06T15:22:23.487Z,13.652,12.12,0.0,0.0,0.0,32.0,0.0,0.0,0.0,0.0,0.0,0.0,0.0,0.0,0.0,0.0,9.0,7.0,1.0,0.0,0.0,0.0,0.0,0.0,0.0,0.0,2.0,12.0,1.0,12.04,5.01,2.5,1.49,0.0,0.0,0.0,0.4,0.0,-0.1,-0.5,-0.1,-93.4,0.0,0.0,93.5,0.0,21.8,18.8,18.8,18.9,300.0,300.0,26.4,30.3,24.5,23.8,25.6,,,,,,,,,,,,,,,,,,,,,,,,
2026-08-06T15:22:23.499Z,13.664,12.132,0.0,0.0,0.0,32.0,0.0,0.0,0.0,0.0,0.0,0.0,0.0,0.0,0.0,0.0,9.0,7.0,1.0,0.0,0.0,0.0,0.0,0.0,0.0,0.0,2.0,12.0,1.0,12.04,5.01,2.5,1.49,0.0,0.0,0.0,0.4,0.0,0.4,0.6000000000000001,-0.1,-93.4,0.0,0.0,93.4,0.0,21.8,18.8,18.8,18.9,300.0,300.0,26.4,30.3,24.5,23.8,25.6,,,,,,,,,,,,,,,,,,,,,,,,
2026-08-06T15:22:23.511Z,13.676,12.144,0.0,0.0,0.0,32.0,0.0,0.0,0.0,0.0,0.0,0.0,0.0,0.0,0.0,0.0,9.0,7.0,1.0,0.0,0.0,0.0,0.0,0.0,0.0,0.0,4.0,12.0,1.0,12.04,5.01,2.5,1.49,0.0,0.0,0.0,0.4,0.0,-0.1,0.0,-0.1,-93.4,0.0,0.0,93.5,0.0,21.4,18.9,18.9,19.0,300.0,300.0,26.6,30.4,24.5,23.700000000000003,25.6,,,,,,,,,,,,,,,,,,,,,,,,
2026-08-06T15:22:23.523Z,13.688,12.156,0.0,0.0,0.0,32.0,0.0,0.0,0.0,0.0,0.0,0.0,0.0,0.0,0.0,0.0,9.0,7.0,1.0,0.0,0.0,0.0,0.0,0.0,0.0,0.0,5.0,12.0,1.0,12.04,5.01,2.5,1.49,0.0,0.0,0.0,0.5,0.0,0.4,-0.5,1.0,-93.4,0.0,0.0,93.5,0.0,21.4,18.9,18.9,19.0,300.0,300.0,26.6,30.4,24.5,23.700000000000003,25.6,,,,,,,,,,,,,,,,,,,,,,,,
2026-08-06T15:22:23.535Z,13.7,12.168,0.0,0.0,0.0,32.0,0.0,0.0,0.0,0.0,0.0,0.0,0.0,0.0,0.0,0.0,9.0,7.0,1.0,0.0,0.0,0.0,0.0,0.0,0.0,0.0,6.0,12.0,1.0,12.04,5.01,2.5,1.49,0.0,0.0,0.0,0.4,0.0,0.0,0.6000000000000001,-1.3,-93.4,0.0,0.0,93.5,0.0,21.4,18.9,18.9,19.0,300.0,300.0,26.6,30.4,24.5,23.700000000000003,25.6,,,,,,,,,,,,,,,,,,,,,,,,
2026-08-06T15:22:23.547Z,13.712,12.18,0.0,0.0,0.0,32.0,0.0,0.0,0.0,0.0,0.0,0.0,0.0,0.0,0.0,0.0,9.0,7.0,1.0,0.0,0.0,0.0,0.0,0.0,0.0,0.0,2.0,12.0,1.0,12.04,5.01,2.5,1.49,0.0,0.0,0.0,0.4,0.0,0.0,-0.5,-1.2000000000000002,-93.4,0.0,0.0,93.5,0.0,21.4,18.9,18.9,19.0,300.0,300.0,26.6,30.4,24.5,23.700000000000003,25.6,,,,,,,,,,,,,,,,,,,,,,,,
2026-08-06T15:22:23.559Z,13.724,12.192,0.0,0.0,0.0,32.0,0.0,0.0,0.0,0.0,0.0,0.0,0.0,0.0,0.0,0.0,9.0,7.0,1.0,0.0,0.0,0.0,0.0,0.0,0.0,0.0,2.0,12.0,1.0,12.04,5.01,2.5,1.49,0.0,0.0,0.0,0.4,0.0,-0.6000000000000001,0.1,0.0,-93.4,0.0,0.0,93.5,0.0,21.4,18.9,18.9,19.0,300.0,300.0,26.6,30.4,24.5,23.700000000000003,25.6,,,,,,,,,,,,,,,,,,,,,,,,
2026-08-06T15:22:23.571Z,13.736,12.204,0.0,0.0,0.0,32.0,0.0,0.0,0.0,0.0,0.0,0.0,0.0,0.0,0.0,0.0,9.0,7.0,1.0,0.0,0.0,0.0,0.0,0.0,0.0,0.0,3.0,12.0,1.0,12.04,5.01,2.5,1.49,0.0,0.0,0.0,0.4,0.0,0.4,-1.6,1.1,-93.4,0.0,0.0,93.3,0.0,21.4,18.9,18.9,19.0,300.0,300.0,26.6,30.4,24.5,23.700000000000003,25.6,,,,,,,,,,,,,,,,,,,,,,,,
2026-08-06T15:22:23.583Z,13.748,12.216,0.0,0.0,0.0,32.0,0.0,0.0,0.0,0.0,0.0,0.0,0.0,0.0,0.0,0.0,9.0,7.0,1.0,0.0,0.0,0.0,0.0,0.0,0.0,0.0,4.0,12.0,1.0,12.04,5.01,2.5,1.49,0.0,0.1,0.0,0.4,0.0,0.5,-0.4,1.1,-93.4,0.0,0.0,93.4,0.0,21.4,18.9,18.9,19.0,300.0,300.0,26.6,30.4,24.5,23.700000000000003,25.6,,,,,,,,,,,,,,,,,,,,,,,,
2026-08-06T15:22:23.595Z,13.76,12.228,0.0,0.0,0.0,32.0,0.0,0.0,0.0,0.0,0.0,0.0,0.0,0.0,0.0,0.0,9.0,7.0,1.0,0.0,0.0,0.0,0.0,0.0,0.0,0.0,5.0,12.0,1.0,12.04,5.01,2.5,1.49,0.0,0.0,0.0,0.4,0.0,-0.6000000000000001,0.1,-0.5,-93.4,0.0,0.0,93.4,0.0,21.4,18.9,18.9,19.0,300.0,300.0,26.6,30.4,24.5,23.700000000000003,25.6,,,,,,,,,,,,,,,,,,,,,,,,
2026-08-06T15:22:23.607Z,13.772,12.24,0.0,0.0,0.0,32.0,0.0,0.0,0.0,0.0,0.0,0.0,0.0,0.0,0.0,0.0,9.0,7.0,1.0,0.0,0.0,0.0,0.0,0.0,0.0,0.0,6.0,12.0,1.0,12.02,5.0200000000000005,2.51,1.49,0.0,0.1,0.0,0.4,0.0,-0.1,-0.4,-1.1,-93.4,0.0,0.0,93.3,0.0,21.700000000000003,18.9,18.9,19.1,300.0,300.0,26.6,30.4,24.5,23.8,25.6,,,,,,,,,,,,,,,,,,,,,,,,
2026-08-06T15:22:23.619Z,13.784,12.252,0.0,0.0,0.0,32.0,0.0,0.0,0.0,0.0,0.0,0.0,0.0,0.0,0.0,0.0,9.0,7.0,1.0,0.0,0.0,0.0,0.0,0.0,0.0,0.0,1.0,12.0,1.0,12.02,5.0200000000000005,2.51,1.49,0.0,0.0,0.0,0.4,0.0,-0.1,-0.4,0.0,-93.4,0.0,0.0,93.5,0.0,21.700000000000003,18.9,18.9,19.1,300.0,300.0,26.6,30.4,24.5,23.8,25.6,,,,,,,,,,,,,,,,,,,,,,,,
2026-08-06T15:22:23.631Z,13.796,12.264,0.0,0.0,0.0,32.0,0.0,0.0,0.0,0.0,0.0,0.0,0.0,0.0,0.0,0.0,9.0,7.0,1.0,0.0,0.0,0.0,0.0,0.0,0.0,0.0,2.0,12.0,1.0,12.02,5.0200000000000005,2.51,1.49,0.0,0.0,0.0,0.4,0.0,-0.1,-0.4,-0.5,-93.4,0.0,0.0,93.5,0.0,21.700000000000003,18.9,18.9,19.1,300.0,300.0,26.6,30.4,24.5,23.8,25.6,,,,,,,,,,,,,,,,,,,,,,,,
2026-08-06T15:22:23.643Z,13.808,12.276,0.0,0.0,0.0,32.0,0.0,0.0,0.0,0.0,0.0,0.0,0.0,0.0,0.0,0.0,9.0,7.0,1.0,0.0,0.0,0.0,0.0,0.0,0.0,0.0,3.0,12.0,1.0,12.02,5.0200000000000005,2.51,1.49,0.0,0.0,0.0,0.4,0.0,-0.1,0.7000000000000001,0.0,-93.4,0.0,0.0,93.5,0.0,21.700000000000003,18.9,18.9,19.1,300.0,300.0,26.6,30.4,24.5,23.8,25.6,,,,,,,,,,,,,,,,,,,,,,,,
2026-08-06T15:22:23.655Z,13.82,12.288,0.0,0.0,0.0,32.0,0.0,0.0,0.0,0.0,0.0,0.0,0.0,0.0,0.0,0.0,9.0,7.0,1.0,0.0,0.0,0.0,0.0,0.0,0.0,0.0,3.0,12.0,1.0,12.02,5.0200000000000005,2.51,1.49,0.0,0.0,0.0,0.5,0.0,0.3,1.8,1.1,-93.4,0.0,0.0,93.5,0.0,21.700000000000003,18.9,18.9,19.1,300.0,300.0,26.6,30.4,24.5,23.8,25.6,,,,,,,,,,,,,,,,,,,,,,,,
2026-08-06T15:22:23.667Z,13.832,12.3,0.1,0.0,0.0,32.0,0.0,0.0,0.0,0.0,0.0,0.0,0.0,0.0,0.0,0.0,9.0,7.0,1.0,0.0,0.0,0.0,0.0,0.0,0.0,0.0,5.0,12.0,1.0,12.02,5.0200000000000005,2.51,1.49,0.0,0.0,0.0,0.4,0.0,1.0,0.1,-0.6000000000000001,-93.4,0.0,0.0,93.4,0.0,21.700000000000003,18.9,18.9,19.1,300.0,300.0,26.6,30.4,24.5,23.8,25.6,,,,,,,,,,,,,,,,,,,,,,,,
2026-08-06T15:22:23.679Z,13.844,12.312,0.1,0.0,0.0,32.0,0.0,0.0,0.0,0.0,0.0,0.0,0.0,0.0,0.0,0.0,9.0,7.0,1.0,0.0,0.0,0.0,0.0,0.0,0.0,0.0,6.0,12.0,1.0,12.02,5.0200000000000005,2.51,1.49,0.0,0.0,0.0,0.4,0.0,0.3,1.2000000000000002,0.0,-93.4,0.0,0.0,93.4,0.0,21.700000000000003,18.9,18.9,19.1,300.0,300.0,26.6,30.4,24.5,23.8,25.6,,,,,,,,,,,,,,,,,,,,,,,,
2026-08-06T15:22:23.691Z,13.856,12.324,0.1,0.0,0.0,32.0,0.0,0.0,0.0,0.0,0.0,0.0,0.0,0.0,0.0,0.0,9.0,7.0,1.0,0.0,0.0,0.0,0.0,0.0,0.0,0.0,1.0,12.0,1.0,12.02,5.0200000000000005,2.51,1.49,0.0,0.0,0.0,0.5,0.0,0.4,0.0,-0.5,-93.4,0.0,0.0,93.5,0.0,21.700000000000003,18.9,18.9,19.1,300.0,300.0,26.6,30.4,24.5,23.8,25.6,,,,,,,,,,,,,,,,,,,,,,,,
2026-08-06T15:22:23.703Z,13.868,12.336,0.0,0.0,0.0,32.0,0.0,0.0,0.0,0.0,0.0,0.0,0.0,0.0,0.0,0.0,9.0,7.0,1.0,0.0,0.0,0.0,0.0,0.0,0.0,0.0,2.0,12.0,1.0,12.02,5.0200000000000005,2.51,1.49,0.0,0.0,0.0,0.4,0.0,0.4,0.0,1.2000000000000002,-93.4,0.0,0.0,93.4,0.0,21.700000000000003,18.9,18.9,19.1,300.0,300.0,26.6,30.4,24.5,23.8,25.6,,,,,,,,,,,,,,,,,,,,,,,,
2026-08-06T15:22:23.715Z,13.88,12.348,0.1,0.0,0.0,32.0,0.0,0.0,0.0,0.0,0.0,0.0,0.0,0.0,0.0,0.0,9.0,7.0,1.0,0.0,0.0,0.0,0.0,0.0,0.0,0.0,3.0,12.0,1.0,12.02,5.01,2.51,1.49,0.0,0.0,0.0,0.4,0.0,-0.2,-1.1,-1.7000000000000002,-93.4,0.0,0.0,93.5,0.0,22.1,19.0,19.0,19.200000000000003,300.0,300.0,26.4,30.4,24.5,23.8,25.6,,,,,,,,,,,,,,,,,,,,,,,,
2026-08-06T15:22:23.727Z,13.892,12.36,0.1,0.0,0.0,32.0,0.0,0.0,0.0,0.0,0.0,0.0,0.0,0.0,0.0,0.0,9.0,7.0,1.0,0.0,0.0,0.0,0.0,0.0,0.0,0.0,4.0,12.0,1.0,12.02,5.01,2.51,1.49,0.0,0.0,0.0,0.4,0.0,-0.8,0.0,-0.6000000000000001,-93.4,0.0,0.0,93.5,0.0,22.1,19.0,19.0,19.200000000000003,300.0,300.0,26.4,30.4,24.5,23.8,25.6,,,,,,,,,,,,,,,,,,,,,,,,
2026-08-06T15:22:23.739Z,13.904,12.372,0.0,0.0,0.0,32.0,0.0,0.0,0.0,0.0,0.0,0.0,0.0,0.0,0.0,0.0,9.0,7.0,1.0,0.0,0.0,0.0,0.0,0.0,0.0,0.0,5.0,12.0,1.0,12.02,5.01,2.51,1.49,0.0,0.1,0.0,0.4,0.0,0.3,0.0,0.0,-93.4,0.0,0.0,93.5,0.0,22.1,19.0,19.0,19.200000000000003,300.0,300.0,26.4,30.4,24.5,23.8,25.6,,,,,,,,,,,,,,,,,,,,,,,,
2026-08-06T15:22:23.751Z,13.916,12.384,0.0,0.0,0.0,32.0,0.0,0.0,0.0,0.0,0.0,0.0,0.0,0.0,0.0,0.0,9.0,7.0,1.0,0.0,0.0,0.0,0.0,0.0,0.0,0.0,5.0,12.0,1.0,12.02,5.01,2.51,1.49,0.0,0.0,0.0,0.4,0.0,0.3,-0.5,0.5,-93.4,0.0,0.0,93.5,0.0,22.1,19.0,19.0,19.200000000000003,300.0,300.0,26.4,30.4,24.5,23.8,25.6,,,,,,,,,,,,,,,,,,,,,,,,
2026-08-06T15:22:23.763Z,13.928,12.396,0.0,0.0,0.0,32.0,0.0,0.0,0.0,0.0,0.0,0.0,0.0,0.0,0.0,0.0,9.0,7.0,1.0,0.0,0.0,0.0,0.0,0.0,0.0,0.0,6.0,12.0,1.0,12.02,5.01,2.51,1.49,0.0,0.0,0.0,0.4,0.0,-0.2,0.6000000000000001,1.2000000000000002,-93.4,0.0,0.0,93.5,0.0,22.1,19.0,19.0,19.200000000000003,300.0,300.0,26.4,30.4,24.5,23.8,25.6,,,,,,,,,,,,,,,,,,,,,,,,
2026-08-06T15:22:23.775Z,13.94,12.408,0.0,0.0,0.0,32.0,0.0,0.0,0.0,0.0,0.0,0.0,0.0,0.0,0.0,0.0,9.0,7.0,1.0,0.0,0.0,0.0,0.0,0.0,0.0,0.0,1.0,12.0,1.0,12.02,5.01,2.51,1.49,0.0,0.0,0.0,0.4,0.0,0.9,0.0,0.5,-93.4,0.0,0.0,93.5,0.0,22.1,19.0,19.0,19.200000000000003,300.0,300.0,26.4,30.4,24.5,23.8,25.6,,,,,,,,,,,,,,,,,,,,,,,,
2026-08-06T15:22:23.787Z,13.952,12.42,0.0,0.0,0.0,32.0,0.0,0.0,0.0,0.0,0.0,0.0,0.0,0.0,0.0,0.0,9.0,7.0,1.0,0.0,0.0,0.0,0.0,0.0,0.0,0.0,2.0,12.0,1.0,12.02,5.01,2.51,1.49,0.0,0.0,0.0,0.4,0.0,-0.2,-0.6000000000000001,-0.6000000000000001,-93.4,0.0,0.0,93.7,0.0,22.1,19.0,19.0,19.200000000000003,300.0,300.0,26.4,30.4,24.5,23.8,25.6,,,,,,,,,,,,,,,,,,,,,,,,
2026-08-06T15:22:23.799Z,13.964,12.432,0.0,0.0,0.0,32.0,0.0,0.0,0.0,0.0,0.0,0.0,0.0,0.0,0.0,0.0,9.0,7.0,1.0,0.0,0.0,0.0,0.0,0.0,0.0,0.0,3.0,12.0,1.0,12.02,5.01,2.51,1.49,0.0,0.0,0.0,0.4,0.0,-0.2,-1.1,-0.6000000000000001,-93.4,0.0,0.0,93.3,0.0,22.1,19.0,19.0,19.200000000000003,300.0,300.0,26.4,30.4,24.5,23.8,25.6,,,,,,,,,,,,,,,,,,,,,,,,
2026-08-06T15:22:23.811Z,13.976,12.444,0.0,0.0,0.0,32.0,0.0,0.0,0.0,0.0,0.0,0.0,0.0,0.0,0.0,0.0,9.0,7.0,1.0,0.0,0.0,0.0,0.0,0.0,0.0,0.0,4.0,12.0,1.0,11.99,5.0200000000000005,2.51,1.5,0.0,0.0,0.0,0.4,0.0,-0.1,-0.5,0.0,-93.4,0.0,0.0,93.5,0.0,21.8,19.1,19.1,19.200000000000003,300.0,300.0,26.6,30.3,24.5,23.8,25.6,,,,,,,,,,,,,,,,,,,,,,,,
2026-08-06T15:22:23.823Z,13.988,12.456,0.0,0.0,0.0,32.0,0.0,0.0,0.0,0.0,0.0,0.0,0.0,0.0,0.0,0.0,9.0,7.0,1.0,0.0,0.0,0.0,0.0,0.0,0.0,0.0,5.0,12.0,1.0,11.99,5.0200000000000005,2.51,1.5,0.0,0.0,0.0,0.4,0.0,-0.7000000000000001,1.1,1.1,-93.4,0.0,0.0,93.4,0.0,21.8,19.1,19.1,19.200000000000003,300.0,300.0,26.6,30.3,24.5,23.8,25.6,,,,,,,,,,,,,,,,,,,,,,,,
2026-08-06T15:22:23.835Z,14.0,12.468,0.0,0.0,0.0,32.0,0.0,0.0,0.0,0.0,0.0,0.0,0.0,0.0,0.0,0.0,9.0,7.0,1.0,0.0,0.0,0.0,0.0,0.0,0.0,0.0,6.0,12.0,1.0,11.99,5.0200000000000005,2.51,1.5,0.0,0.0,0.0,0.4,0.0,0.3,1.1,0.4,-93.4,0.0,0.0,93.5,0.0,21.8,19.1,19.1,19.200000000000003,300.0,300.0,26.6,30.3,24.5,23.8,25.6,,,,,,,,,,,,,,,,,,,,,,,,
2026-08-06T15:22:23.847Z,14.012,12.48,0.0,0.0,0.0,32.0,0.0,0.0,0.0,0.0,0.0,0.0,0.0,0.0,0.0,0.0,9.0,7.0,1.0,0.0,0.0,0.0,0.0,0.0,0.0,0.0,1.0,12.0,1.0,11.99,5.0200000000000005,2.51,1.5,0.0,0.0,0.0,0.4,0.0,-0.2,-0.6000000000000001,-0.1,-93.4,0.0,0.0,93.5,0.0,21.8,19.1,19.1,19.200000000000003,300.0,300.0,26.6,30.3,24.5,23.8,25.6,,,,,,,,,,,,,,,,,,,,,,,,
2026-08-06T15:22:23.860Z,14.025,12.492,0.0,0.0,0.0,32.0,0.0,0.0,0.0,0.0,0.0,0.0,0.0,0.0,0.0,0.0,9.0,7.0,1.0,0.0,0.0,0.0,0.0,0.0,0.0,0.0,2.0,12.0,1.0,11.99,5.0200000000000005,2.51,1.5,0.0,0.0,0.0,0.4,0.0,0.3,-0.6000000000000001,-0.6000000000000001,-93.4,0.0,0.0,93.5,0.0,21.8,19.1,19.1,19.200000000000003,300.0,300.0,26.6,30.3,24.5,23.8,25.6,,,,,,,,,,,,,,,,,,,,,,,,
2026-08-06T15:22:23.871Z,14.036,12.504,0.0,0.0,0.0,32.0,0.0,0.0,0.0,0.0,0.0,0.0,0.0,0.0,0.0,0.0,9.0,7.0,1.0,0.0,0.0,0.0,0.0,0.0,0.0,0.0,2.0,12.0,1.0,11.99,5.0200000000000005,2.51,1.5,0.0,0.0,0.0,0.4,0.0,-0.8,0.0,-0.1,-93.4,0.0,0.0,93.5,0.0,21.8,19.1,19.1,19.200000000000003,300.0,300.0,26.6,30.3,24.5,23.8,25.6,,,,,,,,,,,,,,,,,,,,,,,,
2026-08-06T15:22:23.883Z,14.048,12.516,0.0,0.0,0.0,32.0,0.0,0.0,0.0,0.0,0.0,0.0,0.0,0.0,0.0,0.0,9.0,7.0,1.0,0.0,0.0,0.0,0.0,0.0,0.0,0.0,4.0,12.0,1.0,11.99,5.0200000000000005,2.51,1.5,0.0,0.1,0.0,0.4,0.0,-0.8,-0.6000000000000001,-0.6000000000000001,-93.4,0.0,0.0,93.5,0.0,21.8,19.1,19.1,19.200000000000003,300.0,300.0,26.6,30.3,24.5,23.8,25.6,,,,,,,,,,,,,,,,,,,,,,,,
2026-08-06T15:22:23.895Z,14.06,12.528,0.0,0.0,0.0,32.0,0.0,0.0,0.0,0.0,0.0,0.0,0.0,0.0,0.0,0.0,9.0,7.0,1.0,0.0,0.0,0.0,0.0,0.0,0.0,0.0,5.0,12.0,1.0,11.99,5.0200000000000005,2.51,1.5,0.0,0.0,0.0,0.4,0.0,-0.2,0.0,-0.1,-93.4,0.0,0.0,93.4,0.0,21.8,19.1,19.1,19.200000000000003,300.0,300.0,26.6,30.3,24.5,23.8,25.6,,,,,,,,,,,,,,,,,,,,,,,,
2026-08-06T15:22:23.907Z,14.072,12.54,0.0,0.0,0.0,32.0,0.0,0.0,0.0,0.0,0.0,0.0,0.0,0.0,0.0,0.0,9.0,7.0,1.0,0.0,0.0,0.0,0.0,0.0,0.0,0.0,6.0,12.0,1.0,11.99,5.0200000000000005,2.51,1.5,0.0,0.0,0.0,0.4,0.0,-0.2,-0.6000000000000001,-1.2000000000000002,-93.4,0.0,0.0,93.3,0.0,21.8,19.1,19.1,19.200000000000003,300.0,300.0,26.6,30.3,24.5,23.8,25.6,,,,,,,,,,,,,,,,,,,,,,,,
2026-08-06T15:22:23.920Z,14.085,12.552,0.0,0.0,0.0,32.0,0.0,0.0,0.0,0.0,0.0,0.0,0.0,0.0,0.0,0.0,9.0,7.0,1.0,0.0,0.0,0.0,0.0,0.0,0.0,0.0,1.0,12.0,1.0,12.05,5.0200000000000005,2.51,1.49,0.0,0.0,0.0,0.4,0.0,0.2,0.0,-0.1,-93.4,0.0,0.0,93.5,0.0,21.700000000000003,19.200000000000003,19.200000000000003,19.3,300.0,300.0,26.6,30.4,24.5,23.8,25.6,,,,,,,,,,,,,,,,,,,,,,,,
2026-08-06T15:22:23.931Z,14.096,12.564,0.0,0.0,0.0,32.0,0.0,0.0,0.0,0.0,0.0,0.0,0.0,0.0,0.0,0.0,9.0,7.0,1.0,0.0,0.0,0.0,0.0,0.0,0.0,0.0,2.0,12.0,1.0,12.05,5.0200000000000005,2.51,1.49,0.0,0.0,0.0,0.5,0.0,0.3,0.0,-0.1,-93.4,0.0,0.0,93.5,0.0,21.700000000000003,19.200000000000003,19.200000000000003,19.3,300.0,300.0,26.6,30.4,24.5,23.8,25.6,,,,,,,,,,,,,,,,,,,,,,,,
2026-08-06T15:22:23.943Z,14.108,12.576,0.0,0.0,0.0,32.0,0.0,0.0,0.0,0.0,0.0,0.0,0.0,0.0,0.0,0.0,9.0,7.0,1.0,0.0,0.0,0.0,0.0,0.0,0.0,0.0,4.0,12.0,1.0,12.05,5.0200000000000005,2.51,1.49,0.0,0.0,0.0,0.4,0.0,-0.2,0.0,-0.6000000000000001,-93.4,0.0,0.0,93.5,0.0,21.700000000000003,19.200000000000003,19.200000000000003,19.3,300.0,300.0,26.6,30.4,24.5,23.8,25.6,,,,,,,,,,,,,,,,,,,,,,,,
2026-08-06T15:22:23.958Z,14.123,12.588,0.0,0.0,0.0,32.0,0.0,0.0,0.0,0.0,0.0,0.0,0.0,0.0,0.0,0.0,9.0,7.0,1.0,0.0,0.0,0.0,0.0,0.0,0.0,0.0,5.0,12.0,1.0,12.05,5.0200000000000005,2.51,1.49,0.0,0.0,0.0,0.4,0.0,0.3,0.0,0.4,-93.4,0.0,0.0,93.5,0.0,21.700000000000003,19.200000000000003,19.200000000000003,19.3,300.0,300.0,26.6,30.4,24.5,23.8,25.6,,,,,,,,,,,,,,,,,,,,,,,,
2026-08-06T15:22:23.967Z,14.132,12.6,0.0,0.0,0.0,32.0,0.0,0.0,0.0,0.0,0.0,0.0,0.0,0.0,0.0,0.0,9.0,7.0,1.0,0.0,0.0,0.0,0.0,0.0,0.0,0.0,6.0,12.0,1.0,12.05,5.0200000000000005,2.51,1.49,0.0,0.0,0.0,0.4,0.0,-0.2,0.0,1.0,-93.4,0.0,0.0,93.3,0.0,21.700000000000003,19.200000000000003,19.200000000000003,19.3,300.0,300.0,26.6,30.4,24.5,23.8,25.6,,,,,,,,,,,,,,,,,,,,,,,,
2026-08-06T15:22:23.980Z,14.145,12.612,0.0,0.0,0.0,32.0,0.0,0.0,0.0,0.0,0.0,0.0,0.0,0.0,0.0,0.0,9.0,7.0,1.0,0.0,0.0,0.0,0.0,0.0,0.0,0.0,1.0,12.0,1.0,12.05,5.0200000000000005,2.51,1.49,0.0,0.0,0.0,0.5,0.0,0.3,0.0,-1.8,-93.4,0.0,0.0,93.5,0.0,21.700000000000003,19.200000000000003,19.200000000000003,19.3,300.0,300.0,26.6,30.4,24.5,23.8,25.6,,,,,,,,,,,,,,,,,,,,,,,,
2026-08-06T15:22:23.991Z,14.156,12.624,0.0,0.0,0.0,32.0,0.0,0.0,0.0,0.0,0.0,0.0,0.0,0.0,0.0,0.0,9.0,7.0,1.0,0.0,0.0,0.0,0.0,0.0,0.0,0.0,2.0,12.0,1.0,12.05,5.0200000000000005,2.51,1.49,0.0,0.1,0.0,0.4,0.0,0.3,0.5,0.4,-93.4,0.0,0.0,93.5,0.0,21.700000000000003,19.200000000000003,19.200000000000003,19.3,300.0,300.0,26.6,30.4,24.5,23.8,25.6,,,,,,,,,,,,,,,,,,,,,,,,
2026-08-06T15:22:24.004Z,14.169,12.636,0.0,0.0,0.0,32.0,0.0,0.0,0.0,0.0,0.0,0.0,0.0,0.0,0.0,0.0,9.0,7.0,1.0,0.0,0.0,0.0,0.0,0.0,0.0,0.0,3.0,12.0,1.0,12.05,5.0200000000000005,2.51,1.49,0.0,0.1,0.0,0.4,0.0,-0.2,-0.6000000000000001,1.0,-93.4,0.0,0.0,93.3,0.0,21.700000000000003,19.200000000000003,19.200000000000003,19.3,300.0,300.0,26.6,30.4,24.5,23.8,25.6,,,,,,,,,,,,,,,,,,,,,,,,
2026-08-06T15:22:24.015Z,14.18,12.648,0.0,0.0,0.0,32.0,0.0,0.0,0.0,0.0,0.0,1.0,0.0,0.0,0.0,0.0,9.0,7.0,1.0,0.0,0.0,0.0,0.0,0.0,0.0,0.0,5.0,12.0,1.0,12.04,5.0200000000000005,2.51,1.49,0.0,0.0,0.0,0.4,0.0,0.3,0.5,1.6,-93.4,0.0,0.0,93.5,0.0,21.8,19.200000000000003,19.200000000000003,19.4,300.0,300.0,26.700000000000003,30.4,24.5,23.8,25.6,,,,,,,,,,,,,,,,,,,,,,,,
2026-08-06T15:22:24.029Z,14.194,12.66,0.0,0.0,0.0,32.0,0.0,0.0,0.0,0.0,0.0,1.0,0.0,0.0,0.0,0.0,9.0,7.0,1.0,0.0,0.0,0.0,0.0,0.0,0.0,0.0,6.0,12.0,1.0,12.04,5.0200000000000005,2.51,1.49,0.0,0.0,0.0,0.4,0.0,0.2,0.5,0.3,-93.4,0.0,0.0,93.5,0.0,21.8,19.200000000000003,19.200000000000003,19.4,300.0,300.0,26.700000000000003,30.4,24.5,23.8,25.6,,,,,,,,,,,,,,,,,,,,,,,,
2026-08-06T15:22:24.039Z,14.204,12.672,0.0,0.0,0.0,32.0,0.0,0.0,0.0,0.0,0.0,1.0,0.0,0.0,0.0,0.0,9.0,7.0,1.0,0.0,0.0,0.0,0.0,0.0,0.0,0.0,1.0,12.0,1.0,12.04,5.0200000000000005,2.51,1.49,0.0,0.0,0.0,0.4,0.0,0.3,-1.2000000000000002,0.4,-93.4,0.0,0.0,93.4,0.0,21.8,19.200000000000003,19.200000000000003,19.4,300.0,300.0,26.700000000000003,30.4,24.5,23.8,25.6,,,,,,,,,,,,,,,,,,,,,,,,
2026-08-06T15:22:24.051Z,14.216,12.684,0.0,0.0,0.0,32.0,0.0,0.0,0.0,0.0,0.0,1.0,0.0,0.0,0.0,0.0,9.0,7.0,1.0,0.0,0.0,0.0,0.0,0.0,0.0,0.0,2.0,12.0,1.0,12.04,5.0200000000000005,2.51,1.49,0.0,0.0,0.0,0.4,0.0,-0.2,-1.2000000000000002,-0.7000000000000001,-93.4,0.0,0.0,93.5,0.0,21.8,19.200000000000003,19.200000000000003,19.4,300.0,300.0,26.700000000000003,30.4,24.5,23.8,25.6,,,,,,,,,,,,,,,,,,,,,,,,
2026-08-06T15:22:24.063Z,14.228,12.696,0.0,0.0,0.0,32.0,0.0,0.0,0.0,0.0,0.0,1.0,0.0,0.0,0.0,0.0,9.0,7.0,1.0,0.0,0.0,0.0,0.0,0.0,0.0,0.0,2.0,12.0,1.0,12.04,5.0200000000000005,2.51,1.49,0.0,0.0,0.0,0.4,0.0,-0.2,1.1,0.5,-93.4,0.0,0.0,93.5,0.0,21.8,19.200000000000003,19.200000000000003,19.4,300.0,300.0,26.700000000000003,30.4,24.5,23.8,25.6,,,,,,,,,,,,,,,,,,,,,,,,
2026-08-06T15:22:24.075Z,14.24,12.708,0.0,0.0,0.0,32.0,0.0,0.0,0.0,0.0,0.0,1.0,0.0,0.0,0.0,0.0,9.0,7.0,1.0,0.0,0.0,0.0,0.0,0.0,0.0,0.0,3.0,12.0,1.0,12.04,5.0200000000000005,2.51,1.49,0.0,0.0,0.0,0.4,0.0,0.8,1.7000000000000002,2.2,-93.4,0.0,0.0,93.5,0.0,21.8,19.200000000000003,19.200000000000003,19.4,300.0,300.0,26.700000000000003,30.4,24.5,23.8,25.6,,,,,,,,,,,,,,,,,,,,,,,,
2026-08-06T15:22:24.087Z,14.252,12.72,0.0,0.0,0.0,32.0,0.0,0.0,0.0,0.0,0.0,1.0,0.0,0.0,0.0,0.0,9.0,7.0,1.0,0.0,0.0,0.0,0.0,0.0,0.0,0.0,3.0,12.0,1.0,12.04,5.0200000000000005,2.51,1.49,0.0,0.0,0.0,0.4,0.0,0.8,0.0,-0.7000000000000001,-93.4,0.0,0.0,93.5,0.0,21.8,19.200000000000003,19.200000000000003,19.4,300.0,300.0,26.700000000000003,30.4,24.5,23.8,25.6,,,,,,,,,,,,,,,,,,,,,,,,
2026-08-06T15:22:24.099Z,14.264,12.732,0.0,0.0,0.0,32.0,0.0,0.0,0.0,0.0,0.0,1.0,0.0,0.0,0.0,0.0,9.0,7.0,1.0,0.0,0.0,0.0,0.0,0.0,0.0,0.0,3.0,12.0,1.0,12.04,5.0200000000000005,2.51,1.49,0.0,0.0,0.0,0.4,0.0,0.8,-0.6000000000000001,-0.1,-93.4,0.0,0.0,93.5,0.0,21.8,19.200000000000003,19.200000000000003,19.4,300.0,300.0,26.700000000000003,30.4,24.5,23.8,25.6,,,,,,,,,,,,,,,,,,,,,,,,
2026-08-06T15:22:24.111Z,14.276,12.744,0.0,0.0,0.0,32.0,0.0,0.0,0.0,0.0,0.0,1.0,0.0,0.0,0.0,0.0,9.0,7.0,1.0,0.0,0.0,0.0,0.0,0.0,0.0,0.0,4.0,12.0,1.0,12.04,5.0200000000000005,2.51,1.49,0.0,0.0,0.0,0.4,0.0,0.2,0.5,-0.1,-93.4,0.0,0.0,93.5,0.0,21.8,19.200000000000003,19.200000000000003,19.4,300.0,300.0,26.700000000000003,30.4,24.5,23.8,25.6,,,,,,,,,,,,,,,,,,,,,,,,
2026-08-06T15:22:24.123Z,14.288,12.756,0.0,0.0,0.0,32.0,0.0,0.0,0.0,0.0,0.0,1.0,0.0,0.0,0.0,0.0,9.0,7.0,1.0,0.0,0.0,0.0,0.0,0.0,0.0,0.0,5.0,12.0,1.0,12.04,5.01,2.51,1.49,0.0,0.0,0.0,0.4,0.0,0.8,0.0,-0.1,-93.4,0.0,0.0,93.5,0.0,21.9,19.3,19.3,19.4,300.0,300.0,26.700000000000003,30.3,24.5,23.700000000000003,25.6,,,,,,,,,,,,,,,,,,,,,,,,
2026-08-06T15:22:24.135Z,14.3,12.768,0.0,0.0,0.0,32.0,0.0,0.0,0.0,0.0,0.0,1.0,0.0,0.0,0.0,0.0,9.0,7.0,1.0,0.0,0.0,0.0,0.0,0.0,0.0,0.0,5.0,12.0,1.0,12.04,5.01,2.51,1.49,0.0,0.0,0.0,0.5,0.0,-0.2,0.0,-0.2,-93.4,0.0,0.0,93.5,0.0,21.9,19.3,19.3,19.4,300.0,300.0,26.700000000000003,30.3,24.5,23.700000000000003,25.6,,,,,,,,,,,,,,,,,,,,,,,,
2026-08-06T15:22:24.148Z,14.313,12.78,0.0,0.0,0.0,32.0,0.0,0.0,0.0,0.0,0.0,1.0,0.0,0.0,0.0,0.0,9.0,7.0,1.0,0.0,0.0,0.0,0.0,0.0,0.0,0.0,6.0,12.0,1.0,12.04,5.01,2.51,1.49,0.0,0.0,0.0,0.4,0.0,0.8,0.4,-0.1,-93.4,0.0,0.0,93.5,0.0,21.9,19.3,19.3,19.4,300.0,300.0,26.700000000000003,30.3,24.5,23.700000000000003,25.6,,,,,,,,,,,,,,,,,,,,,,,,
2026-08-06T15:22:24.159Z,14.324,12.792,0.0,0.0,0.0,32.0,0.0,0.0,0.0,0.0,0.0,1.0,0.0,0.0,0.0,0.0,9.0,7.0,1.0,0.0,0.0,0.0,0.0,0.0,0.0,0.0,1.0,12.0,1.0,12.04,5.01,2.51,1.49,0.0,0.0,0.0,0.4,0.0,0.8,-1.2000000000000002,-0.1,-93.4,0.0,0.0,93.3,0.0,21.9,19.3,19.3,19.4,300.0,300.0,26.700000000000003,30.3,24.5,23.700000000000003,25.6,,,,,,,,,,,,,,,,,,,,,,,,
2026-08-06T15:22:24.171Z,14.336,12.804,0.0,0.0,0.0,32.0,0.0,0.0,0.0,0.0,0.0,1.0,0.0,0.0,0.0,0.0,9.0,7.0,1.0,0.0,0.0,0.0,0.0,0.0,0.0,0.0,3.0,12.0,1.0,12.04,5.01,2.51,1.49,0.0,0.0,0.0,0.4,0.0,-0.3,-0.1,-0.2,-93.4,0.0,0.0,93.5,0.0,21.9,19.3,19.3,19.4,300.0,300.0,26.700000000000003,30.3,24.5,23.700000000000003,25.6,,,,,,,,,,,,,,,,,,,,,,,,
2026-08-06T15:22:24.183Z,14.348,12.816,0.0,0.0,0.0,32.0,0.0,0.0,0.0,0.0,0.0,1.0,0.0,0.0,0.0,0.0,9.0,7.0,1.0,0.0,0.0,0.0,0.0,0.0,0.0,0.0,4.0,12.0,1.0,12.04,5.01,2.51,1.49,0.0,0.0,0.0,0.4,0.0,0.2,0.5,1.0,-93.4,0.0,0.0,93.5,0.0,21.9,19.3,19.3,19.4,300.0,300.0,26.700000000000003,30.3,24.5,23.700000000000003,25.6,,,,,,,,,,,,,,,,,,,,,,,,
2026-08-06T15:22:24.195Z,14.36,12.828,0.0,0.0,0.0,32.0,0.0,0.0,0.0,0.0,0.0,1.0,0.0,0.0,0.0,0.0,9.0,7.0,1.0,0.0,0.0,0.0,0.0,0.0,0.0,0.0,5.0,12.0,1.0,12.04,5.01,2.51,1.49,0.0,0.0,0.0,0.4,0.0,0.1,0.0,0.9,-93.4,0.0,0.0,93.4,0.0,21.9,19.3,19.3,19.4,300.0,300.0,26.700000000000003,30.3,24.5,23.700000000000003,25.6,,,,,,,,,,,,,,,,,,,,,,,,
2026-08-06T15:22:24.207Z,14.372,12.84,0.0,0.0,0.0,32.0,0.0,0.0,0.0,0.0,0.0,1.0,0.0,0.0,0.0,0.0,9.0,7.0,1.0,0.0,0.0,0.0,0.0,0.0,0.0,0.0,5.0,12.0,1.0,12.04,5.01,2.51,1.49,0.0,0.0,0.0,0.4,0.0,-0.4,0.0,-0.7000000000000001,-93.4,0.0,0.0,93.5,0.0,21.9,19.3,19.3,19.4,300.0,300.0,26.700000000000003,30.3,24.5,23.700000000000003,25.6,,,,,,,,,,,,,,,,,,,,,,,,
2026-08-06T15:22:24.220Z,14.385,12.852,0.0,0.0,0.0,32.0,0.0,0.0,0.0,0.0,0.0,1.0,0.0,0.0,0.0,0.0,9.0,7.0,1.0,0.0,0.0,0.0,0.0,0.0,0.0,0.0,6.0,12.0,1.0,12.05,5.0200000000000005,2.5,1.5,0.0,0.0,0.0,0.4,0.0,0.7000000000000001,1.1,-0.1,-93.4,0.0,0.0,93.5,0.0,21.8,19.4,19.4,19.5,300.0,300.0,26.700000000000003,30.4,24.5,23.8,25.6,,,,,,,,,,,,,,,,,,,,,,,,
2026-08-06T15:22:24.231Z,14.396,12.864,0.0,0.0,0.0,32.0,0.0,0.0,0.0,0.0,0.0,1.0,0.0,0.0,0.0,0.0,9.0,7.0,1.0,0.0,0.0,0.0,0.0,0.0,0.0,0.0,1.0,12.0,1.0,12.05,5.0200000000000005,2.5,1.5,0.0,0.0,0.0,0.4,0.0,0.2,0.5,-0.1,-93.4,0.0,0.0,93.5,0.0,21.8,19.4,19.4,19.5,300.0,300.0,26.700000000000003,30.4,24.5,23.8,25.6,,,,,,,,,,,,,,,,,,,,,,,,
2026-08-06T15:22:24.243Z,14.408,12.876,0.0,0.0,0.0,32.0,0.0,0.0,0.0,0.0,0.0,1.0,0.0,0.0,0.0,0.0,9.0,7.0,1.0,0.0,0.0,0.0,0.0,0.0,0.0,0.0,2.0,12.0,1.0,12.05,5.0200000000000005,2.5,1.5,0.0,0.0,0.0,0.4,0.0,0.2,0.0,-0.1,-93.4,0.0,0.0,93.5,0.0,21.8,19.4,19.4,19.5,300.0,300.0,26.700000000000003,30.4,24.5,23.8,25.6,,,,,,,,,,,,,,,,,,,,,,,,
2026-08-06T15:22:24.255Z,14.42,12.888,0.0,0.0,0.0,32.0,0.0,0.0,0.0,0.0,0.0,1.0,0.0,0.0,0.0,0.0,9.0,7.0,1.0,0.0,0.0,0.0,0.0,0.0,0.0,0.0,3.0,12.0,1.0,12.05,5.0200000000000005,2.5,1.5,0.0,0.0,0.0,0.4,0.0,0.2,0.0,-0.6000000000000001,-93.4,0.0,0.0,93.5,0.0,21.8,19.4,19.4,19.5,300.0,300.0,26.700000000000003,30.4,24.5,23.8,25.6,,,,,,,,,,,,,,,,,,,,,,,,
2026-08-06T15:22:24.267Z,14.432,12.9,0.0,0.0,0.0,32.0,0.0,0.0,0.0,0.0,0.0,1.0,0.0,0.0,0.0,0.0,9.0,7.0,1.0,0.0,0.0,0.0,0.0,0.0,0.0,0.0,4.0,12.0,1.0,12.05,5.0200000000000005,2.5,1.5,0.0,0.0,0.0,0.4,0.0,-0.9,0.0,-0.1,-93.4,0.0,0.0,93.5,0.0,21.8,19.4,19.4,19.5,300.0,300.0,26.700000000000003,30.4,24.5,23.8,25.6,,,,,,,,,,,,,,,,,,,,,,,,
2026-08-06T15:22:24.279Z,14.444,12.912,0.0,0.0,0.0,32.0,0.0,0.0,0.0,0.0,0.0,1.0,0.0,0.0,0.0,0.0,9.0,7.0,1.0,0.0,0.0,0.0,0.0,0.0,0.0,0.0,4.0,12.0,1.0,12.05,5.0200000000000005,2.5,1.5,0.0,0.0,0.0,0.4,0.0,0.2,0.0,-0.8,-93.4,0.0,0.0,93.4,0.0,21.8,19.4,19.4,19.5,300.0,300.0,26.700000000000003,30.4,24.5,23.8,25.6,,,,,,,,,,,,,,,,,,,,,,,,
2026-08-06T15:22:24.292Z,14.457,12.924,0.0,0.0,0.0,32.0,0.0,0.0,0.0,0.0,0.0,1.0,0.0,0.0,0.0,0.0,9.0,7.0,1.0,0.0,0.0,0.0,0.0,0.0,0.0,0.0,5.0,12.0,1.0,12.05,5.0200000000000005,2.5,1.5,0.0,0.0,0.0,0.5,0.0,-0.3,-1.1,-1.3,-93.4,0.0,0.0,93.3,0.0,21.8,19.4,19.4,19.5,300.0,300.0,26.700000000000003,30.4,24.5,23.8,25.6,,,,,,,,,,,,,,,,,,,,,,,,
2026-08-06T15:22:24.303Z,14.468,12.936,0.0,0.0,0.0,32.0,0.0,0.0,0.0,0.0,0.0,1.0,0.0,0.0,0.0,0.0,9.0,7.0,1.0,0.0,0.0,0.0,0.0,0.0,0.0,0.0,1.0,12.0,1.0,12.05,5.0200000000000005,2.5,1.5,0.0,0.0,0.0,0.4,0.0,0.2,0.0,0.9,-93.4,0.0,0.0,93.3,0.0,21.8,19.4,19.4,19.5,300.0,300.0,26.700000000000003,30.4,24.5,23.8,25.6,,,,,,,,,,,,,,,,,,,,,,,,
2026-08-06T15:22:24.315Z,14.48,12.948,0.0,0.0,0.0,32.0,0.0,0.0,0.0,0.0,0.0,1.0,0.0,0.0,0.0,0.0,9.0,7.0,1.0,0.0,0.0,0.0,0.0,0.0,0.0,0.0,2.0,12.0,1.0,12.05,5.0200000000000005,2.5,1.5,0.0,0.0,0.0,0.4,0.0,-0.3,-0.5,0.4,-93.4,0.0,0.0,93.5,0.0,21.8,19.4,19.4,19.5,300.0,300.0,26.700000000000003,30.4,24.5,23.8,25.6,,,,,,,,,,,,,,,,,,,,,,,,
2026-08-06T15:22:24.327Z,14.492,12.96,0.0,0.0,0.0,32.0,0.0,0.0,0.0,0.0,0.0,1.0,0.0,0.0,0.0,0.0,9.0,7.0,1.0,0.0,0.0,0.0,0.0,0.0,0.0,0.0,3.0,12.0,1.0,12.02,5.01,2.5,1.49,0.0,0.0,0.0,0.4,0.0,-0.3,0.5,0.3,-93.4,0.0,0.0,93.5,0.0,22.1,19.4,19.4,19.6,300.0,300.0,26.6,30.4,24.5,23.8,25.6,,,,,,,,,,,,,,,,,,,,,,,,
2026-08-06T15:22:24.339Z,14.504,12.972,0.0,0.0,0.0,32.0,0.0,0.0,0.0,0.0,0.0,1.0,0.0,0.0,0.0,0.0,9.0,7.0,1.0,0.0,0.0,0.0,0.0,0.0,0.0,0.0,4.0,12.0,1.0,12.02,5.01,2.5,1.49,0.0,0.0,0.0,0.4,0.0,0.1,0.0,-1.9,-93.4,0.0,0.0,93.5,0.0,22.1,19.4,19.4,19.6,300.0,300.0,26.6,30.4,24.5,23.8,25.6,,,,,,,,,,,,,,,,,,,,,,,,
2026-08-06T15:22:24.351Z,14.516,12.984,0.0,0.0,0.0,32.0,0.0,0.0,0.0,0.0,0.0,1.0,0.0,0.0,0.0,0.0,9.0,7.0,1.0,0.0,0.0,0.0,0.0,0.0,0.0,0.0,5.0,12.0,1.0,12.02,5.01,2.5,1.49,0.0,0.0,0.0,0.4,0.0,0.1,-0.5,-1.3,-93.4,0.0,0.0,93.5,0.0,22.1,19.4,19.4,19.6,300.0,300.0,26.6,30.4,24.5,23.8,25.6,,,,,,,,,,,,,,,,,,,,,,,,
2026-08-06T15:22:24.364Z,14.529,12.996,0.0,0.0,0.0,32.0,0.0,0.0,0.0,0.0,0.0,1.0,0.0,0.0,0.0,0.0,9.0,7.0,1.0,0.0,0.0,0.0,0.0,0.0,0.0,0.0,6.0,12.0,1.0,12.02,5.01,2.5,1.49,0.0,0.0,0.0,0.5,0.0,0.1,0.6000000000000001,-0.1,-93.4,0.0,0.0,93.5,0.0,22.1,19.4,19.4,19.6,300.0,300.0,26.6,30.4,24.5,23.8,25.6,,,,,,,,,,,,,,,,,,,,,,,,
2026-08-06T15:22:24.375Z,14.54,13.008,0.0,0.0,0.0,32.0,0.0,0.0,0.0,0.0,0.0,1.0,0.0,0.0,0.0,0.0,9.0,7.0,1.0,0.0,0.0,0.0,0.0,0.0,0.0,0.0,2.0,12.0,1.0,12.02,5.01,2.5,1.49,0.0,0.0,0.0,0.4,0.0,0.1,0.6000000000000001,-0.7000000000000001,-93.4,0.0,0.0,93.4,0.0,22.1,19.4,19.4,19.6,300.0,300.0,26.6,30.4,24.5,23.8,25.6,,,,,,,,,,,,,,,,,,,,,,,,
2026-08-06T15:22:24.387Z,14.552,13.02,0.0,0.0,0.0,32.0,0.0,0.0,0.0,0.0,0.0,1.0,0.0,0.0,0.0,0.0,9.0,7.0,1.0,0.0,0.0,0.0,0.0,0.0,0.0,0.0,3.0,12.0,1.0,12.02,5.01,2.5,1.49,0.0,0.0,0.0,0.4,0.0,0.7000000000000001,-0.5,0.4,-93.4,0.0,0.0,93.4,0.0,22.1,19.4,19.4,19.6,300.0,300.0,26.6,30.4,24.5,23.8,25.6,,,,,,,,,,,,,,,,,,,,,,,,
2026-08-06T15:22:24.400Z,14.565,13.032,0.0,0.0,0.0,32.0,0.0,0.0,0.0,0.0,0.0,1.0,0.0,0.0,0.0,0.0,9.0,7.0,1.0,0.0,0.0,0.0,0.0,0.0,0.0,0.0,4.0,12.0,1.0,12.02,5.01,2.5,1.49,0.0,0.0,0.0,0.4,0.0,-0.4,0.5,-1.3,-93.4,0.0,0.0,93.3,0.0,22.1,19.4,19.4,19.6,300.0,300.0,26.6,30.4,24.5,23.8,25.6,,,,,,,,,,,,,,,,,,,,,,,,
2026-08-06T15:22:24.411Z,14.576,13.044,0.0,0.0,0.0,32.0,0.0,0.0,0.0,0.0,0.0,1.0,0.0,0.0,0.0,0.0,9.0,7.0,1.0,0.0,0.0,0.0,0.0,0.0,0.0,0.0,5.0,12.0,1.0,12.02,5.01,2.5,1.49,0.0,0.0,0.0,0.4,0.0,-1.0,-1.1,-0.7000000000000001,-93.4,0.0,0.0,93.5,0.0,22.1,19.4,19.4,19.6,300.0,300.0,26.6,30.4,24.5,23.8,25.6,,,,,,,,,,,,,,,,,,,,,,,,
2026-08-06T15:22:24.425Z,14.59,13.056,0.0,0.0,0.0,32.0,0.0,0.0,0.0,0.0,0.0,1.0,0.0,0.0,0.0,0.0,9.0,7.0,1.0,0.0,0.0,0.0,0.0,0.0,0.0,0.0,1.0,12.0,1.0,12.05,5.0200000000000005,2.51,1.5,0.0,0.0,0.0,0.4,0.0,-0.4,0.5,-0.1,-93.4,0.0,0.0,93.5,0.0,21.700000000000003,19.5,19.5,19.6,300.0,300.0,26.6,30.3,24.5,23.8,25.6,,,,,,,,,,,,,,,,,,,,,,,,
2026-08-06T15:22:24.435Z,14.6,13.068,0.0,0.0,0.0,32.0,0.0,0.0,0.0,0.0,0.0,1.0,0.0,0.0,0.0,0.0,9.0,7.0,1.0,0.0,0.0,0.0,0.0,0.0,0.0,0.0,2.0,12.0,1.0,12.05,5.0200000000000005,2.51,1.5,0.0,0.0,0.0,0.4,0.0,-0.4,-0.6000000000000001,0.4,-93.4,0.0,0.0,93.5,0.0,21.700000000000003,19.5,19.5,19.6,300.0,300.0,26.6,30.3,24.5,23.8,25.6,,,,,,,,,,,,,,,,,,,,,,,,
2026-08-06T15:22:24.447Z,14.612,13.08,0.0,0.0,0.0,32.0,0.0,0.0,0.0,0.0,0.0,1.0,0.0,0.0,0.0,0.0,9.0,7.0,1.0,0.0,0.0,0.0,0.0,0.0,0.0,0.0,4.0,12.0,1.0,12.05,5.0200000000000005,2.51,1.5,-0.1,0.0,0.0,0.4,0.0,0.1,0.0,0.4,-93.4,0.0,0.0,93.5,0.0,21.700000000000003,19.5,19.5,19.6,300.0,300.0,26.6,30.3,24.5,23.8,25.6,,,,,,,,,,,,,,,,,,,,,,,,
2026-08-06T15:22:24.459Z,14.624,13.092,0.0,0.0,0.0,32.0,0.0,0.0,0.0,0.0,0.0,1.0,0.0,0.0,0.0,0.0,9.0,7.0,1.0,0.0,0.0,0.0,0.0,0.0,0.0,0.0,5.0,12.0,1.0,12.05,5.0200000000000005,2.51,1.5,0.0,0.0,0.0,0.4,0.0,0.7000000000000001,0.5,-1.3,-93.4,0.0,0.0,93.4,0.0,21.700000000000003,19.5,19.5,19.6,300.0,300.0,26.6,30.3,24.5,23.8,25.6,,,,,,,,,,,,,,,,,,,,,,,,
2026-08-06T15:22:24.471Z,14.636,13.104,0.0,0.0,0.0,32.0,0.0,0.0,0.0,0.0,0.0,1.0,0.0,0.0,0.0,0.0,9.0,7.0,1.0,0.0,0.0,0.0,0.0,0.0,0.0,0.0,5.0,12.0,1.0,12.05,5.0200000000000005,2.51,1.5,0.0,0.0,0.0,0.4,0.0,0.1,-0.1,-0.7000000000000001,-93.4,0.0,0.0,93.4,0.0,21.700000000000003,19.5,19.5,19.6,300.0,300.0,26.6,30.3,24.5,23.8,25.6,,,,,,,,,,,,,,,,,,,,,,,,
2026-08-06T15:22:24.483Z,14.648,13.116,0.0,0.0,0.0,32.0,0.0,0.0,0.0,0.0,0.0,1.0,0.0,0.0,0.0,0.0,9.0,7.0,1.0,0.0,0.0,0.0,0.0,0.0,0.0,0.0,1.0,12.0,1.0,12.05,5.0200000000000005,2.51,1.5,0.0,0.0,0.0,0.4,0.0,-0.4,0.4,-0.7000000000000001,-93.4,0.0,0.0,93.5,0.0,21.700000000000003,19.5,19.5,19.6,300.0,300.0,26.6,30.3,24.5,23.8,25.6,,,,,,,,,,,,,,,,,,,,,,,,
2026-08-06T15:22:24.495Z,14.66,13.128,0.0,0.0,0.0,32.0,0.0,0.0,0.0,0.0,0.0,1.0,0.0,0.0,0.0,0.0,9.0,7.0,1.0,0.0,0.0,0.0,0.0,0.0,0.0,0.0,2.0,12.0,1.0,12.05,5.0200000000000005,2.51,1.5,0.0,0.0,0.0,0.4,0.0,-0.4,0.4,0.9,-93.4,0.0,0.0,93.3,0.0,21.700000000000003,19.5,19.5,19.6,300.0,300.0,26.6,30.3,24.5,23.8,25.6,,,,,,,,,,,,,,,,,,,,,,,,
2026-08-06T15:22:24.507Z,14.672,13.14,0.0,0.0,0.0,32.0,0.0,0.0,0.0,0.0,0.0,0.0,0.0,0.0,0.0,0.0,9.0,7.0,1.0,0.0,0.0,0.0,0.0,0.0,0.0,0.0,3.0,12.0,1.0,12.05,5.0200000000000005,2.51,1.5,0.0,0.0,0.0,0.4,0.0,0.1,0.5,2.1,-93.4,0.0,0.0,93.3,0.0,21.700000000000003,19.5,19.5,19.6,300.0,300.0,26.6,30.3,24.5,23.8,25.6,,,,,,,,,,,,,,,,,,,,,,,,
2026-08-06T15:22:24.519Z,14.684,13.152,0.0,0.0,0.0,32.0,0.0,0.0,0.0,0.0,0.0,0.0,0.0,0.0,0.0,0.0,9.0,7.0,1.0,0.0,0.0,0.0,0.0,0.0,0.0,0.0,4.0,12.0,1.0,12.05,5.0200000000000005,2.51,1.5,0.0,0.0,0.0,0.4,0.0,-0.4,0.0,-0.7000000000000001,-93.4,0.0,0.0,93.6,0.0,21.700000000000003,19.5,19.5,19.6,300.0,300.0,26.6,30.3,24.5,23.8,25.6,,,,,,,,,,,,,,,,,,,,,,,,
2026-08-06T15:22:24.531Z,14.696,13.164,0.0,0.0,0.0,32.0,0.0,0.0,0.0,0.0,0.0,0.0,0.0,0.0,0.0,0.0,9.0,7.0,1.0,0.0,0.0,0.0,0.0,0.0,0.0,0.0,5.0,12.0,1.0,12.0,5.01,2.51,1.5,0.0,0.0,0.0,0.4,0.0,0.7000000000000001,0.0,0.4,-93.4,0.0,0.0,93.5,0.0,21.9,19.6,19.6,19.700000000000003,300.0,300.0,26.700000000000003,30.4,24.5,23.8,25.6,,,,,,,,,,,,,,,,,,,,,,,,
2026-08-06T15:22:24.544Z,14.709,13.176,0.0,0.0,0.0,32.0,0.0,0.0,0.0,0.0,0.0,0.0,0.0,0.0,0.0,0.0,9.0,7.0,1.0,0.0,0.0,0.0,0.0,0.0,0.0,0.0,6.0,12.0,1.0,12.0,5.01,2.51,1.5,0.0,0.0,0.0,0.5,0.0,0.1,0.4,0.0,-93.4,0.0,0.0,93.5,0.0,21.9,19.6,19.6,19.700000000000003,300.0,300.0,26.700000000000003,30.4,24.5,23.8,25.6,,,,,,,,,,,,,,,,,,,,,,,,
2026-08-06T15:22:24.555Z,14.72,13.188,0.0,0.0,0.0,32.0,0.0,0.0,0.0,0.0,0.0,0.0,0.0,0.0,0.0,0.0,9.0,7.0,1.0,0.0,0.0,0.0,0.0,0.0,0.0,0.0,2.0,12.0,1.0,12.0,5.01,2.51,1.5,0.0,0.0,0.0,0.4,0.0,0.7000000000000001,0.4,1.0,-93.4,0.0,0.0,93.4,0.0,21.9,19.6,19.6,19.700000000000003,300.0,300.0,26.700000000000003,30.4,24.5,23.8,25.6,,,,,,,,,,,,,,,,,,,,,,,,
2026-08-06T15:22:24.568Z,14.733,13.2,0.0,0.0,0.0,32.0,0.0,0.0,0.0,0.0,0.0,0.0,0.0,0.0,0.0,0.0,9.0,7.0,1.0,0.0,0.0,0.0,0.0,0.0,0.0,0.0,4.0,12.0,1.0,12.0,5.01,2.51,1.5,0.0,0.0,0.0,0.4,0.0,-0.9,-0.6000000000000001,1.5,-93.4,0.0,0.0,93.4,0.0,21.9,19.6,19.6,19.700000000000003,300.0,300.0,26.700000000000003,30.4,24.5,23.8,25.6,,,,,,,,,,,,,,,,,,,,,,,,
2026-08-06T15:22:24.580Z,14.745,13.212,0.0,0.0,0.0,32.0,0.0,0.0,0.0,0.0,0.0,0.0,0.0,0.0,0.0,0.0,9.0,7.0,1.0,0.0,0.0,0.0,0.0,0.0,0.0,0.0,5.0,12.0,1.0,12.0,5.01,2.51,1.5,0.0,0.0,0.0,0.4,0.0,0.2,-1.2000000000000002,-0.7000000000000001,-93.4,0.0,0.0,93.5,0.0,21.9,19.6,19.6,19.700000000000003,300.0,300.0,26.700000000000003,30.4,24.5,23.8,25.6,,,,,,,,,,,,,,,,,,,,,,,,
2026-08-06T15:22:24.591Z,14.756,13.224,0.0,0.0,0.0,32.0,0.0,0.0,0.0,0.0,0.0,0.0,0.0,0.0,0.0,0.0,9.0,7.0,1.0,0.0,0.0,0.0,0.0,0.0,0.0,0.0,5.0,12.0,1.0,12.0,5.01,2.51,1.5,0.0,0.0,0.0,0.4,0.0,-0.3,-0.1,-1.2000000000000002,-93.4,0.0,0.0,93.5,0.0,21.9,19.6,19.6,19.700000000000003,300.0,300.0,26.700000000000003,30.4,24.5,23.8,25.6,,,,,,,,,,,,,,,,,,,,,,,,
2026-08-06T15:22:24.604Z,14.769,13.236,0.0,0.0,0.0,32.0,0.0,0.0,0.0,0.0,0.0,0.0,0.0,0.0,0.0,0.0,9.0,7.0,1.0,0.0,0.0,0.0,0.0,0.0,0.0,0.0,6.0,12.0,1.0,12.0,5.01,2.51,1.5,0.0,0.0,0.0,0.4,0.0,0.2,0.0,1.0,-93.4,0.0,0.0,93.3,0.0,21.9,19.6,19.6,19.700000000000003,300.0,300.0,26.700000000000003,30.4,24.5,23.8,25.6,,,,,,,,,,,,,,,,,,,,,,,,
2026-08-06T15:22:24.616Z,14.781,13.248,0.0,0.0,0.0,32.0,0.0,0.0,0.0,0.0,0.0,0.0,0.0,0.0,0.0,0.0,9.0,7.0,1.0,0.0,0.0,0.0,0.0,0.0,0.0,0.0,1.0,12.0,1.0,12.0,5.01,2.51,1.5,0.0,0.0,0.0,0.4,0.0,0.2,0.5,-0.7000000000000001,-93.4,0.0,0.0,93.5,0.0,21.9,19.6,19.6,19.700000000000003,300.0,300.0,26.700000000000003,30.4,24.5,23.8,25.6,,,,,,,,,,,,,,,,,,,,,,,,
2026-08-06T15:22:24.629Z,14.794,13.26,0.0,0.0,0.0,32.0,0.0,0.0,0.0,0.0,0.0,0.0,0.0,0.0,0.0,0.0,9.0,7.0,1.0,0.0,0.0,0.0,0.0,0.0,0.0,0.0,2.0,12.0,1.0,12.02,5.01,2.5,1.49,0.0,0.0,0.0,0.4,0.0,0.2,-0.6000000000000001,0.9,-93.4,0.0,0.0,93.5,0.0,21.8,19.6,19.6,19.8,300.0,300.0,26.8,30.3,24.5,23.8,25.6,,,,,,,,,,,,,,,,,,,,,,,,
2026-08-06T15:22:24.639Z,14.804,13.272,0.0,0.0,0.0,32.0,0.0,0.0,0.0,0.0,0.0,0.0,0.0,0.0,0.0,0.0,9.0,7.0,1.0,0.0,0.0,0.0,0.0,0.0,0.0,0.0,4.0,12.0,1.0,12.02,5.01,2.5,1.49,0.0,0.0,0.0,0.4,0.0,0.2,0.4,-0.8,-93.4,0.0,0.0,93.4,0.0,21.8,19.6,19.6,19.8,300.0,300.0,26.8,30.3,24.5,23.8,25.6,,,,,,,,,,,,,,,,,,,,,,,,
2026-08-06T15:22:24.651Z,14.816,13.284,0.0,0.0,0.0,32.0,0.0,0.0,0.0,0.0,0.0,0.0,0.0,0.0,0.0,0.0,9.0,7.0,1.0,0.0,0.0,0.0,0.0,0.0,0.0,0.0,5.0,12.0,1.0,12.02,5.01,2.5,1.49,0.0,0.0,0.0,0.5,0.0,0.2,0.0,-0.2,-93.4,0.0,0.0,93.5,0.0,21.8,19.6,19.6,19.8,300.0,300.0,26.8,30.3,24.5,23.8,25.6,,,,,,,,,,,,,,,,,,,,,,,,
2026-08-06T15:22:24.663Z,14.828,13.296,0.0,0.0,0.0,32.0,0.0,0.0,0.0,0.0,0.0,0.0,0.0,0.0,0.0,0.0,9.0,7.0,1.0,0.0,0.0,0.0,0.0,0.0,0.0,0.0,6.0,12.0,1.0,12.02,5.01,2.5,1.49,0.0,0.1,0.0,0.4,0.0,0.2,-0.6000000000000001,1.4,-93.4,0.0,0.0,93.3,0.0,21.8,19.6,19.6,19.8,300.0,300.0,26.8,30.3,24.5,23.8,25.6,,,,,,,,,,,,,,,,,,,,,,,,
2026-08-06T15:22:24.676Z,14.841,13.308,0.0,0.0,0.0,32.0,0.0,0.0,0.0,0.0,0.0,0.0,0.0,0.0,0.0,0.0,9.0,7.0,1.0,0.0,0.0,0.0,0.0,0.0,0.0,0.0,1.0,12.0,1.0,12.02,5.01,2.5,1.49,0.0,0.0,0.0,0.4,0.0,-0.3,-1.2000000000000002,0.8,-93.4,0.0,0.0,93.5,0.0,21.8,19.6,19.6,19.8,300.0,300.0,26.8,30.3,24.5,23.8,25.6,,,,,,,,,,,,,,,,,,,,,,,,
2026-08-06T15:22:24.687Z,14.852,13.32,0.0,0.0,0.0,32.0,0.0,0.0,0.0,0.0,0.0,0.0,0.0,0.0,0.0,0.0,9.0,7.0,1.0,0.0,0.0,0.0,0.0,0.0,0.0,0.0,3.0,12.0,1.0,12.02,5.01,2.5,1.49,0.0,0.0,0.0,0.4,0.0,-0.3,1.0,0.8,-93.4,0.0,0.0,93.5,0.0,21.8,19.6,19.6,19.8,300.0,300.0,26.8,30.3,24.5,23.8,25.6,,,,,,,,,,,,,,,,,,,,,,,,
2026-08-06T15:22:24.699Z,14.864,13.332,0.0,0.0,0.0,32.0,0.0,0.0,0.0,0.0,0.0,0.0,0.0,0.0,0.0,0.0,9.0,7.0,1.0,0.0,0.0,0.0,0.0,0.0,0.0,0.0,4.0,12.0,1.0,12.02,5.01,2.5,1.49,0.0,0.0,0.0,0.4,0.0,0.7000000000000001,0.5,-0.8,-93.4,0.0,0.0,93.3,0.0,21.8,19.6,19.6,19.8,300.0,300.0,26.8,30.3,24.5,23.8,25.6,,,,,,,,,,,,,,,,,,,,,,,,
2026-08-06T15:22:24.711Z,14.876,13.344,0.0,0.0,0.0,32.0,0.0,0.0,0.0,0.0,0.0,0.0,0.0,0.0,0.0,0.0,9.0,7.0,1.0,0.0,0.0,0.0,0.0,0.0,0.0,0.0,5.0,12.0,1.0,12.02,5.01,2.5,1.49,0.0,0.0,0.0,0.4,0.0,-0.9,-0.6000000000000001,0.3,-93.4,0.0,0.0,93.5,0.0,21.8,19.6,19.6,19.8,300.0,300.0,26.8,30.3,24.5,23.8,25.6,,,,,,,,,,,,,,,,,,,,,,,,
2026-08-06T15:22:24.723Z,14.888,13.356,0.0,0.0,0.0,32.0,0.0,0.0,0.0,0.0,0.0,0.0,0.0,0.0,0.0,0.0,9.0,7.0,1.0,0.0,0.0,0.0,0.0,0.0,0.0,0.0,1.0,12.0,1.0,12.02,5.01,2.5,1.49,0.0,0.0,0.0,0.4,0.0,0.1,0.5,1.5,-93.4,0.0,0.0,93.5,0.0,21.8,19.6,19.6,19.8,300.0,300.0,26.8,30.3,24.5,23.8,25.6,,,,,,,,,,,,,,,,,,,,,,,,
2026-08-06T15:22:24.735Z,14.9,13.368,0.0,0.0,0.0,32.0,0.0,0.0,0.0,0.0,0.0,0.0,0.0,0.0,0.0,0.0,9.0,7.0,1.0,0.0,0.0,0.0,0.0,0.0,0.0,0.0,2.0,12.0,1.0,12.04,5.01,2.51,1.49,0.0,0.0,0.0,0.5,0.0,-0.4,1.1,0.9,-93.4,0.0,0.0,93.5,0.0,21.700000000000003,19.700000000000003,19.700000000000003,19.8,300.0,300.0,26.700000000000003,30.4,24.5,23.8,25.6,,,,,,,,,,,,,,,,,,,,,,,,
2026-08-06T15:22:24.748Z,14.913,13.38,0.0,0.0,0.0,32.0,0.0,0.0,0.0,0.0,0.0,0.0,0.0,0.0,0.0,0.0,9.0,7.0,1.0,0.0,0.0,0.0,0.0,0.0,0.0,0.0,3.0,12.0,1.0,12.04,5.01,2.51,1.49,0.0,0.0,0.0,0.4,0.0,-0.9,0.0,-0.8,-93.4,0.0,0.0,93.5,0.0,21.700000000000003,19.700000000000003,19.700000000000003,19.8,300.0,300.0,26.700000000000003,30.4,24.5,23.8,25.6,,,,,,,,,,,,,,,,,,,,,,,,
2026-08-06T15:22:24.760Z,14.925,13.392,0.0,0.0,0.0,32.0,0.0,0.0,0.0,0.0,0.0,0.0,0.0,0.0,0.0,0.0,9.0,7.0,1.0,0.0,0.0,0.0,0.0,0.0,0.0,0.0,4.0,12.0,1.0,12.04,5.01,2.51,1.49,0.0,0.0,0.0,0.4,0.0,0.1,0.0,1.0,-93.4,0.0,0.0,93.5,0.0,21.700000000000003,19.700000000000003,19.700000000000003,19.8,300.0,300.0,26.700000000000003,30.4,24.5,23.8,25.6,,,,,,,,,,,,,,,,,,,,,,,,
2026-08-06T15:22:24.771Z,14.936,13.404,0.0,0.0,0.0,32.0,0.0,0.0,0.0,0.0,0.0,0.0,0.0,0.0,0.0,0.0,9.0,7.0,1.0,0.0,0.0,0.0,0.0,0.0,0.0,0.0,6.0,12.0,1.0,12.04,5.01,2.51,1.49,0.0,0.0,0.0,0.4,0.0,-0.3,-0.6000000000000001,-0.7000000000000001,-93.4,0.0,0.0,93.3,0.0,21.700000000000003,19.700000000000003,19.700000000000003,19.8,300.0,300.0,26.700000000000003,30.4,24.5,23.8,25.6,,,,,,,,,,,,,,,,,,,,,,,,
2026-08-06T15:22:24.784Z,14.949,13.416,0.0,0.0,0.0,32.0,0.0,0.0,0.0,0.0,0.0,0.0,0.0,0.0,0.0,0.0,9.0,7.0,1.0,0.0,0.0,0.0,0.0,0.0,0.0,0.0,1.0,12.0,1.0,12.04,5.01,2.51,1.49,0.0,0.0,0.0,0.4,0.0,0.2,0.5,0.3,-93.4,0.0,0.0,93.5,0.0,21.700000000000003,19.700000000000003,19.700000000000003,19.8,300.0,300.0,26.700000000000003,30.4,24.5,23.8,25.6,,,,,,,,,,,,,,,,,,,,,,,,
2026-08-06T15:22:24.797Z,14.962,13.428,0.0,0.0,0.0,32.0,0.0,0.0,0.0,0.0,0.0,0.0,0.0,0.0,0.0,0.0,9.0,7.0,1.0,0.0,0.0,0.0,0.0,0.0,0.0,0.0,2.0,12.0,1.0,12.04,5.01,2.51,1.49,0.0,0.0,0.0,0.4,0.0,-1.0,0.5,-0.2,-93.4,0.0,0.0,93.3,0.0,21.700000000000003,19.700000000000003,19.700000000000003,19.8,300.0,300.0,26.700000000000003,30.4,24.5,23.8,25.6,,,,,,,,,,,,,,,,,,,,,,,,
2026-08-06T15:22:24.807Z,14.972,13.44,0.0,0.0,0.0,32.0,0.0,0.0,0.0,0.0,0.0,0.0,0.0,0.0,0.0,0.0,9.0,7.0,1.0,0.0,0.0,0.0,0.0,0.0,0.0,0.0,2.0,12.0,1.0,12.04,5.01,2.51,1.49,0.0,0.0,0.0,0.4,0.0,-0.9,-0.6000000000000001,-0.8,-93.4,0.0,0.0,93.3,0.0,21.700000000000003,19.700000000000003,19.700000000000003,19.8,300.0,300.0,26.700000000000003,30.4,24.5,23.8,25.6,,,,,,,,,,,,,,,,,,,,,,,,
2026-08-06T15:22:24.819Z,14.984,13.452,0.0,0.0,0.0,32.0,0.0,0.0,0.0,0.0,0.0,0.0,0.0,0.0,0.0,0.0,9.0,7.0,1.0,0.0,0.0,0.0,0.0,0.0,0.0,0.0,3.0,12.0,1.0,12.04,5.01,2.51,1.49,0.0,0.0,0.0,0.4,0.0,0.1,-0.6000000000000001,-0.2,-93.4,0.0,0.0,93.5,0.0,21.700000000000003,19.700000000000003,19.700000000000003,19.8,300.0,300.0,26.700000000000003,30.4,24.5,23.8,25.6,,,,,,,,,,,,,,,,,,,,,,,,
2026-08-06T15:22:24.832Z,14.997,13.464,0.0,0.0,0.0,32.0,0.0,0.0,0.0,0.0,0.0,0.0,0.0,0.0,0.0,0.0,9.0,7.0,1.0,0.0,0.0,0.0,0.0,0.0,0.0,0.0,4.0,12.0,1.0,12.06,5.01,2.51,1.49,0.0,0.0,0.0,0.4,0.0,-0.9,-0.6000000000000001,0.3,-93.4,0.0,0.0,93.5,0.0,21.9,19.8,19.8,19.9,300.0,300.0,26.6,30.4,24.5,23.700000000000003,25.6,,,,,,,,,,,,,,,,,,,,,,,,
2026-08-06T15:22:24.843Z,15.008,13.476,0.0,0.0,0.0,32.0,0.0,0.0,0.0,0.0,0.0,0.0,0.0,0.0,0.0,0.0,9.0,7.0,1.0,0.0,0.0,0.0,0.0,0.0,0.0,0.0,6.0,12.0,1.0,12.06,5.01,2.51,1.49,0.0,0.0,0.0,0.4,0.0,0.2,0.5,0.3,-93.4,0.0,0.0,93.5,0.0,21.9,19.8,19.8,19.9,300.0,300.0,26.6,30.4,24.5,23.700000000000003,25.6,,,,,,,,,,,,,,,,,,,,,,,,
2026-08-06T15:22:24.855Z,15.02,13.488,0.0,0.0,0.0,32.0,0.0,0.0,0.0,0.0,0.0,0.0,0.0,0.0,0.0,0.0,9.0,7.0,1.0,0.0,0.0,0.0,0.0,0.0,0.0,0.0,1.0,12.0,1.0,12.06,5.01,2.51,1.49,0.0,0.0,0.0,0.4,0.0,0.2,0.5,-0.2,-93.4,0.0,0.0,93.4,0.0,21.9,19.8,19.8,19.9,300.0,300.0,26.6,30.4,24.5,23.700000000000003,25.6,,,,,,,,,,,,,,,,,,,,,,,,
2026-08-06T15:22:24.868Z,15.033,13.5,0.0,0.0,0.0,32.0,0.0,0.0,0.0,0.0,0.0,0.0,0.0,0.0,0.0,0.0,9.0,7.0,1.0,0.0,0.0,0.0,0.0,0.0,0.0,0.0,2.0,12.0,1.0,12.06,5.01,2.51,1.49,0.0,0.0,0.0,0.4,0.0,0.2,0.0,-1.4,-93.4,0.0,0.0,93.4,0.0,21.9,19.8,19.8,19.9,300.0,300.0,26.6,30.4,24.5,23.700000000000003,25.6,,,,,,,,,,,,,,,,,,,,,,,,
2026-08-06T15:22:24.879Z,15.044,13.512,0.0,0.0,0.0,32.0,0.0,0.0,0.0,0.0,0.0,0.0,0.0,0.0,0.0,0.0,9.0,7.0,1.0,0.0,0.0,0.0,0.0,0.0,0.0,0.0,3.0,12.0,1.0,12.06,5.01,2.51,1.49,0.0,0.0,0.0,0.4,0.0,0.2,0.5,1.5,-93.4,0.0,0.0,93.4,0.0,21.9,19.8,19.8,19.9,300.0,300.0,26.6,30.4,24.5,23.700000000000003,25.6,,,,,,,,,,,,,,,,,,,,,,,,
2026-08-06T15:22:24.892Z,15.057,13.524,0.0,0.0,0.0,32.0,0.0,0.0,0.0,0.0,0.0,0.0,0.0,0.0,0.0,0.0,9.0,7.0,1.0,0.0,0.0,0.0,0.0,0.0,0.0,0.0,5.0,12.0,1.0,12.06,5.01,2.51,1.49,0.0,0.1,0.0,0.4,0.0,-0.8,0.0,-0.2,-93.4,0.0,0.0,93.4,0.0,21.9,19.8,19.8,19.9,300.0,300.0,26.6,30.4,24.5,23.700000000000003,25.6,,,,,,,,,,,,,,,,,,,,,,,,
2026-08-06T15:22:24.903Z,15.068,13.536,0.0,0.0,0.0,32.0,0.0,0.0,0.0,0.0,0.0,0.0,0.0,0.0,0.0,0.0,9.0,7.0,1.0,0.0,0.0,0.0,0.0,0.0,0.0,0.0,6.0,12.0,1.0,12.06,5.01,2.51,1.49,0.0,0.0,0.0,0.4,0.0,0.2,-1.2000000000000002,-0.8,-93.4,0.0,0.0,93.4,0.0,21.9,19.8,19.8,19.9,300.0,300.0,26.6,30.4,24.5,23.700000000000003,25.6,,,,,,,,,,,,,,,,,,,,,,,,
2026-08-06T15:22:24.916Z,15.081,13.548,0.0,0.0,0.0,32.0,0.0,0.0,0.0,0.0,0.0,0.0,0.0,0.0,0.0,0.0,9.0,7.0,1.0,0.0,0.0,0.0,0.0,0.0,0.0,0.0,1.0,12.0,1.0,12.06,5.01,2.51,1.49,0.0,0.0,0.0,0.4,0.0,0.2,0.5,-0.2,-93.4,0.0,0.0,93.5,0.0,21.9,19.8,19.8,19.9,300.0,300.0,26.6,30.4,24.5,23.700000000000003,25.6,,,,,,,,,,,,,,,,,,,,,,,,
2026-08-06T15:22:24.927Z,15.092,13.56,0.0,0.0,0.0,32.0,0.0,0.0,0.0,0.0,0.0,0.0,0.0,0.0,0.0,0.0,9.0,7.0,1.0,0.0,0.0,0.0,0.0,0.0,0.0,0.0,2.0,12.0,1.0,12.06,5.01,2.51,1.49,0.0,0.0,0.0,0.4,0.0,-0.8,0.0,-0.8,-93.4,0.0,0.0,93.5,0.0,21.9,19.8,19.8,19.9,300.0,300.0,26.6,30.4,24.5,23.700000000000003,25.6,,,,,,,,,,,,,,,,,,,,,,,,
2026-08-06T15:22:24.939Z,15.104,13.572,0.0,0.0,0.0,32.0,0.0,0.0,0.0,0.0,0.0,0.0,0.0,0.0,0.0,0.0,9.0,7.0,1.0,0.0,0.0,0.0,0.0,0.0,0.0,0.0,4.0,12.0,1.0,12.05,5.01,2.5,1.5,0.0,0.1,0.0,0.4,0.0,-0.2,0.0,0.3,-93.4,0.0,0.0,93.5,0.0,21.8,19.8,19.8,20.0,300.0,300.0,26.700000000000003,30.3,24.5,23.8,25.6,,,,,,,,,,,,,,,,,,,,,,,,
2026-08-06T15:22:24.951Z,15.116,13.584,0.0,0.0,0.0,32.0,0.0,0.0,0.0,0.0,0.0,0.0,0.0,0.0,0.0,0.0,9.0,7.0,1.0,0.0,0.0,0.0,0.0,0.0,0.0,0.0,5.0,12.0,1.0,12.05,5.01,2.5,1.5,0.0,0.0,0.0,0.4,0.0,0.3,-0.6000000000000001,-1.4,-93.4,0.0,0.0,93.5,0.0,21.8,19.8,19.8,20.0,300.0,300.0,26.700000000000003,30.3,24.5,23.8,25.6,,,,,,,,,,,,,,,,,,,,,,,,
2026-08-06T15:22:24.964Z,15.129,13.596,0.0,0.0,0.0,32.0,0.0,0.0,0.0,0.0,0.0,0.0,0.0,0.0,0.0,0.0,9.0,7.0,1.0,0.0,0.0,0.0,0.0,0.0,0.0,0.0,6.0,12.0,1.0,12.05,5.01,2.5,1.5,0.0,0.0,0.0,0.4,0.0,0.2,-1.2000000000000002,0.3,-93.4,0.0,0.0,93.5,0.0,21.8,19.8,19.8,20.0,300.0,300.0,26.700000000000003,30.3,24.5,23.8,25.6,,,,,,,,,,,,,,,,,,,,,,,,
2026-08-06T15:22:24.975Z,15.14,13.608,0.0,0.0,0.0,32.0,0.0,0.0,0.0,0.0,0.0,0.0,0.0,0.0,0.0,0.0,9.0,7.0,1.0,0.0,0.0,0.0,0.0,0.0,0.0,0.0,1.0,12.0,1.0,12.05,5.01,2.5,1.5,0.0,0.0,0.0,0.4,0.0,0.8,0.0,-0.1,-93.4,0.0,0.0,93.3,0.0,21.8,19.8,19.8,20.0,300.0,300.0,26.700000000000003,30.3,24.5,23.8,25.6,,,,,,,,,,,,,,,,,,,,,,,,
2026-08-06T15:22:24.988Z,15.153,13.62,0.0,0.0,0.0,32.0,0.0,0.0,0.0,0.0,0.0,0.0,0.0,0.0,0.0,0.0,9.0,7.0,1.0,0.0,0.0,0.0,0.0,0.0,0.0,0.0,2.0,12.0,1.0,12.05,5.01,2.5,1.5,0.0,0.0,0.0,0.4,0.0,-0.2,-0.6000000000000001,-0.7000000000000001,-93.4,0.0,0.0,93.4,0.0,21.8,19.8,19.8,20.0,300.0,300.0,26.700000000000003,30.3,24.5,23.8,25.6,,,,,,,,,,,,,,,,,,,,,,,,
2026-08-06T15:22:24.999Z,15.164,13.632,0.0,0.0,0.0,32.0,0.0,0.0,0.0,0.0,0.0,0.0,0.0,0.0,0.0,0.0,9.0,7.0,1.0,0.0,0.0,0.0,0.0,0.0,0.0,0.0,4.0,12.0,1.0,12.05,5.01,2.5,1.5,0.0,0.0,0.0,0.4,0.0,-0.2,0.0,0.4,-93.4,0.0,0.0,93.3,0.0,21.8,19.8,19.8,20.0,300.0,300.0,26.700000000000003,30.3,24.5,23.8,25.6,,,,,,,,,,,,,,,,,,,,,,,,
2026-08-06T15:22:25.011Z,15.176,13.644,0.0,0.0,0.0,32.0,0.0,0.0,0.0,0.0,0.0,1.0,0.0,0.0,0.0,0.0,9.0,7.0,1.0,0.0,0.0,0.0,0.0,0.0,0.0,0.0,5.0,12.0,1.0,12.05,5.01,2.5,1.5,0.0,0.0,0.0,0.4,0.0,-0.2,0.0,-1.3,-93.4,0.0,0.0,93.5,0.0,21.8,19.8,19.8,20.0,300.0,300.0,26.700000000000003,30.3,24.5,23.8,25.6,,,,,,,,,,,,,,,,,,,,,,,,
2026-08-06T15:22:25.023Z,15.188,13.656,0.0,0.0,0.0,32.0,0.0,0.0,0.0,0.0,0.0,1.0,0.0,0.0,0.0,0.0,9.0,7.0,1.0,0.0,0.0,0.0,0.0,0.0,0.0,0.0,6.0,12.0,1.0,12.05,5.01,2.5,1.5,0.0,0.0,0.0,0.4,0.0,0.8,0.0,1.0,-93.4,0.0,0.0,93.5,0.0,21.8,19.8,19.8,20.0,300.0,300.0,26.700000000000003,30.3,24.5,23.8,25.6,,,,,,,,,,,,,,,,,,,,,,,,
2026-08-06T15:22:25.037Z,15.202,13.668,0.0,0.0,0.0,32.0,0.0,0.0,0.0,0.0,0.0,1.0,0.0,0.0,0.0,0.0,9.0,7.0,1.0,0.0,0.0,0.0,0.0,0.0,0.0,0.0,6.0,12.0,1.0,12.02,5.01,2.5,1.49,0.0,0.0,0.0,0.4,0.0,0.3,0.0,0.0,-93.4,0.0,0.0,93.5,0.0,22.1,19.9,19.9,20.0,300.0,300.0,26.6,30.3,24.5,23.700000000000003,25.6,,,,,,,,,,,,,,,,,,,,,,,,
2026-08-06T15:22:25.047Z,15.212,13.68,0.0,0.0,0.0,32.0,0.0,0.0,0.0,0.0,0.0,1.0,0.0,0.0,0.0,0.0,9.0,7.0,1.0,0.0,0.0,0.0,0.0,0.0,0.0,0.0,2.0,12.0,1.0,12.02,5.01,2.5,1.49,0.0,0.0,0.0,0.4,0.0,0.3,-0.6000000000000001,0.0,-93.4,0.0,0.0,93.5,0.0,22.1,19.9,19.9,20.0,300.0,300.0,26.6,30.3,24.5,23.700000000000003,25.6,,,,,,,,,,,,,,,,,,,,,,,,
2026-08-06T15:22:25.059Z,15.224,13.692,0.0,0.0,0.0,32.0,0.0,0.0,0.0,0.0,0.0,1.0,0.0,0.0,0.0,0.0,9.0,7.0,1.0,0.0,0.0,0.0,0.0,0.0,0.0,0.0,3.0,12.0,1.0,12.02,5.01,2.5,1.49,0.0,0.0,0.0,0.5,0.0,0.3,-0.6000000000000001,1.0,-93.4,0.0,0.0,93.5,0.0,22.1,19.9,19.9,20.0,300.0,300.0,26.6,30.3,24.5,23.700000000000003,25.6,,,,,,,,,,,,,,,,,,,,,,,,
2026-08-06T15:22:25.071Z,15.236,13.704,0.0,0.0,0.0,32.0,0.0,0.0,0.0,0.0,0.0,1.0,0.0,0.0,0.0,0.0,9.0,7.0,1.0,0.0,0.0,0.0,0.0,0.0,0.0,0.0,4.0,12.0,1.0,12.02,5.01,2.5,1.49,0.1,0.0,0.0,0.4,0.0,0.9,0.0,-0.6000000000000001,-93.4,0.0,0.0,93.5,0.0,22.1,19.9,19.9,20.0,300.0,300.0,26.6,30.3,24.5,23.700000000000003,25.6,,,,,,,,,,,,,,,,,,,,,,,,
2026-08-06T15:22:25.084Z,15.249,13.716,0.0,0.0,0.0,32.0,0.0,0.0,0.0,0.0,0.0,1.0,0.0,0.0,0.0,0.0,9.0,7.0,1.0,0.0,0.0,0.0,0.0,0.0,0.0,0.0,5.0,12.0,1.0,12.02,5.01,2.5,1.49,0.0,0.0,0.0,0.5,0.0,0.3,0.5,-0.6000000000000001,-93.4,0.0,0.0,93.3,0.0,22.1,19.9,19.9,20.0,300.0,300.0,26.6,30.3,24.5,23.700000000000003,25.6,,,,,,,,,,,,,,,,,,,,,,,,
2026-08-06T15:22:25.095Z,15.26,13.728,0.0,0.0,0.0,32.0,0.0,0.0,0.0,0.0,0.0,1.0,0.0,0.0,0.0,0.0,9.0,7.0,1.0,0.0,0.0,0.0,0.0,0.0,0.0,0.0,6.0,12.0,1.0,12.02,5.01,2.5,1.49,0.0,0.0,0.0,0.4,0.0,0.2,-0.6000000000000001,-0.6000000000000001,-93.4,0.0,0.0,93.4,0.0,22.1,19.9,19.9,20.0,300.0,300.0,26.6,30.3,24.5,23.700000000000003,25.6,,,,,,,,,,,,,,,,,,,,,,,,
2026-08-06T15:22:25.107Z,15.272,13.74,0.0,0.0,0.0,32.0,0.0,0.0,0.0,0.0,0.0,1.0,0.0,0.0,0.0,0.0,9.0,7.0,1.0,0.0,0.0,0.0,0.0,0.0,0.0,0.0,1.0,12.0,1.0,12.02,5.01,2.5,1.49,0.0,0.0,0.0,0.4,0.0,0.2,0.5,-0.6000000000000001,-93.4,0.0,0.0,93.5,0.0,22.1,19.9,19.9,20.0,300.0,300.0,26.6,30.3,24.5,23.700000000000003,25.6,,,,,,,,,,,,,,,,,,,,,,,,
2026-08-06T15:22:25.119Z,15.284,13.752,0.0,0.0,0.0,32.0,0.0,0.0,0.0,0.0,0.0,1.0,0.0,0.0,0.0,0.0,9.0,7.0,1.0,0.0,0.0,0.0,0.0,0.0,0.0,0.0,2.0,12.0,1.0,12.02,5.01,2.5,1.49,0.0,0.0,0.0,0.4,0.0,0.9,0.5,1.0,-93.4,0.0,0.0,93.5,0.0,22.1,19.9,19.9,20.0,300.0,300.0,26.6,30.3,24.5,23.700000000000003,25.6,,,,,,,,,,,,,,,,,,,,,,,,
2026-08-06T15:22:25.131Z,15.296,13.764,0.0,0.0,0.0,32.0,0.0,0.0,0.0,0.0,0.0,1.0,0.0,0.0,0.0,0.0,9.0,7.0,1.0,0.0,0.0,0.0,0.0,0.0,0.0,0.0,3.0,12.0,1.0,12.02,5.01,2.5,1.49,0.0,0.0,0.0,0.4,0.0,-0.2,1.1,0.4,-93.4,0.0,0.0,93.5,0.0,22.1,19.9,19.9,20.0,300.0,300.0,26.6,30.3,24.5,23.700000000000003,25.6,,,,,,,,,,,,,,,,,,,,,,,,
2026-08-06T15:22:25.144Z,15.309,13.776,0.0,0.0,0.0,32.0,0.0,0.0,0.0,0.0,0.0,1.0,0.0,0.0,0.0,0.0,9.0,7.0,1.0,0.0,0.0,0.0,0.0,0.0,0.0,0.0,4.0,12.0,1.0,12.04,5.0200000000000005,2.51,1.49,0.0,0.0,0.0,0.4,0.0,-0.3,0.6000000000000001,-0.6000000000000001,-93.4,0.0,0.0,93.6,0.0,21.8,19.9,19.9,20.1,300.0,300.0,26.6,30.3,24.5,23.8,25.6,,,,,,,,,,,,,,,,,,,,,,,,
2026-08-06T15:22:25.155Z,15.32,13.788,0.0,0.0,0.0,32.0,0.0,0.0,0.0,0.0,0.0,1.0,0.0,0.0,0.0,0.0,9.0,7.0,1.0,0.0,0.0,0.0,0.0,0.0,0.0,0.0,5.0,12.0,1.0,12.04,5.0200000000000005,2.51,1.49,0.0,0.0,0.0,0.4,0.0,0.2,0.0,-0.7000000000000001,-93.4,0.0,0.0,93.4,0.0,21.8,19.9,19.9,20.1,300.0,300.0,26.6,30.3,24.5,23.8,25.6,,,,,,,,,,,,,,,,,,,,,,,,
2026-08-06T15:22:25.168Z,15.333,13.8,0.0,0.0,0.0,32.0,0.0,0.0,0.0,0.0,0.0,1.0,0.0,0.0,0.0,0.0,9.0,7.0,1.0,0.0,0.0,0.0,0.0,0.0,0.0,0.0,6.0,12.0,1.0,12.04,5.0200000000000005,2.51,1.49,0.0,0.0,0.0,0.4,0.0,-0.3,1.7000000000000002,-0.7000000000000001,-93.4,0.0,0.0,93.3,0.0,21.8,19.9,19.9,20.1,300.0,300.0,26.6,30.3,24.5,23.8,25.6,,,,,,,,,,,,,,,,,,,,,,,,
2026-08-06T15:22:25.179Z,15.344,13.812,0.0,0.0,0.0,32.0,0.0,0.0,0.0,0.0,0.0,1.0,0.0,0.0,0.0,0.0,9.0,7.0,1.0,0.0,0.0,0.0,0.0,0.0,0.0,0.0,1.0,12.0,1.0,12.04,5.0200000000000005,2.51,1.49,0.0,0.0,0.0,0.4,0.0,0.7000000000000001,0.0,-0.1,-93.4,0.0,0.0,93.5,0.0,21.8,19.9,19.9,20.1,300.0,300.0,26.6,30.3,24.5,23.8,25.6,,,,,,,,,,,,,,,,,,,,,,,,
2026-08-06T15:22:25.191Z,15.356,13.824,0.0,0.0,0.0,32.0,0.0,0.0,0.0,0.0,0.0,1.0,0.0,0.0,0.0,0.0,9.0,7.0,1.0,0.0,0.0,0.0,0.0,0.0,0.0,0.0,2.0,12.0,1.0,12.04,5.0200000000000005,2.51,1.49,0.0,0.0,0.0,0.4,0.0,-1.5,-0.5,-0.7000000000000001,-93.4,0.0,0.0,93.5,0.0,21.8,19.9,19.9,20.1,300.0,300.0,26.6,30.3,24.5,23.8,25.6,,,,,,,,,,,,,,,,,,,,,,,,
2026-08-06T15:22:25.204Z,15.369,13.836,0.0,0.0,0.0,32.0,0.0,0.0,0.0,0.0,0.0,1.0,0.0,0.0,0.0,0.0,9.0,7.0,1.0,0.0,0.0,0.0,0.0,0.0,0.0,0.0,3.0,12.0,1.0,12.04,5.0200000000000005,2.51,1.49,0.0,0.0,0.0,0.4,0.0,0.1,-1.7000000000000002,-1.4,-93.4,0.0,0.0,93.4,0.0,21.8,19.9,19.9,20.1,300.0,300.0,26.6,30.3,24.5,23.8,25.6,,,,,,,,,,,,,,,,,,,,,,,,
2026-08-06T15:22:25.215Z,15.38,13.848,0.0,0.0,0.0,32.0,0.0,0.0,0.0,0.0,0.0,1.0,0.0,0.0,0.0,0.0,9.0,7.0,1.0,0.0,0.0,0.0,0.0,0.0,0.0,0.0,5.0,12.0,1.0,12.04,5.0200000000000005,2.51,1.49,0.0,0.0,0.0,0.4,0.0,0.1,1.1,-0.2,-93.4,0.0,0.0,93.5,0.0,21.8,19.9,19.9,20.1,300.0,300.0,26.6,30.3,24.5,23.8,25.6,,,,,,,,,,,,,,,,,,,,,,,,
2026-08-06T15:22:25.227Z,15.392,13.86,0.0,0.0,0.0,32.0,0.0,0.0,0.0,0.0,0.0,1.0,0.0,0.0,0.0,0.0,9.0,7.0,1.0,0.0,0.0,0.0,0.0,0.0,0.0,0.0,6.0,12.0,1.0,12.04,5.0200000000000005,2.51,1.49,0.0,0.1,0.0,0.4,0.0,-0.4,0.0,0.3,-93.4,0.0,0.0,93.5,0.0,21.8,19.9,19.9,20.1,300.0,300.0,26.6,30.3,24.5,23.8,25.6,,,,,,,,,,,,,,,,,,,,,,,,
2026-08-06T15:22:25.240Z,15.405,13.872,0.0,0.0,0.0,32.0,0.0,0.0,0.0,0.0,0.0,1.0,0.0,0.0,0.0,0.0,9.0,7.0,1.0,0.0,0.0,0.0,0.0,0.0,0.0,0.0,1.0,12.0,1.0,12.04,5.01,2.5,1.49,0.0,0.0,0.0,0.4,0.0,-0.4,0.0,-0.2,-93.4,0.0,0.0,93.5,0.0,22.1,20.0,20.0,20.1,300.0,300.0,26.6,30.3,24.5,23.8,25.6,,,,,,,,,,,,,,,,,,,,,,,,
2026-08-06T15:22:25.251Z,15.416,13.884,0.0,0.0,0.0,32.0,0.0,0.0,0.0,0.0,0.0,1.0,0.0,0.0,0.0,0.0,9.0,7.0,1.0,0.0,0.0,0.0,0.0,0.0,0.0,0.0,2.0,12.0,1.0,12.04,5.01,2.5,1.49,0.0,0.0,0.0,0.4,0.0,-0.4,-0.6000000000000001,-0.8,-93.4,0.0,0.0,93.5,0.0,22.1,20.0,20.0,20.1,300.0,300.0,26.6,30.3,24.5,23.8,25.6,,,,,,,,,,,,,,,,,,,,,,,,
2026-08-06T15:22:25.263Z,15.428,13.896,0.0,0.0,0.0,32.0,0.0,0.0,0.0,0.0,0.0,1.0,0.0,0.0,0.0,0.0,9.0,7.0,1.0,0.0,0.0,0.0,0.0,0.0,0.0,0.0,4.0,12.0,1.0,12.04,5.01,2.5,1.49,0.0,0.0,0.0,0.4,0.0,0.1,0.0,-0.2,-93.4,0.0,0.0,93.4,0.0,22.1,20.0,20.0,20.1,300.0,300.0,26.6,30.3,24.5,23.8,25.6,,,,,,,,,,,,,,,,,,,,,,,,
2026-08-06T15:22:25.275Z,15.44,13.908,0.0,0.0,0.0,32.0,0.0,0.0,0.0,0.0,0.0,1.0,0.0,0.0,0.0,0.0,9.0,7.0,1.0,0.0,0.0,0.0,0.0,0.0,0.0,0.0,5.0,12.0,1.0,12.04,5.01,2.5,1.49,0.0,0.1,0.0,0.4,0.0,-0.4,0.0,-0.2,-93.4,0.0,0.0,93.5,0.0,22.1,20.0,20.0,20.1,300.0,300.0,26.6,30.3,24.5,23.8,25.6,,,,,,,,,,,,,,,,,,,,,,,,
2026-08-06T15:22:25.288Z,15.453,13.92,0.0,0.0,0.0,32.0,0.0,0.0,0.0,0.0,0.0,1.0,0.0,0.0,0.0,0.0,9.0,7.0,1.0,0.0,0.0,0.0,0.0,0.0,0.0,0.0,1.0,12.0,1.0,12.04,5.01,2.5,1.49,0.0,0.0,0.0,0.4,0.0,0.1,-0.6000000000000001,0.8,-93.4,0.0,0.0,93.3,0.0,22.1,20.0,20.0,20.1,300.0,300.0,26.6,30.3,24.5,23.8,25.6,,,,,,,,,,,,,,,,,,,,,,,,
2026-08-06T15:22:25.299Z,15.464,13.932,0.0,0.0,0.0,32.0,0.0,0.0,0.0,0.0,0.0,1.0,0.0,0.0,0.0,0.0,9.0,7.0,1.0,0.0,0.0,0.0,0.0,0.0,0.0,0.0,2.0,12.0,1.0,12.04,5.01,2.5,1.49,0.0,0.0,0.0,0.4,0.0,-1.0,-0.6000000000000001,-0.8,-93.4,0.0,0.0,93.4,0.0,22.1,20.0,20.0,20.1,300.0,300.0,26.6,30.3,24.5,23.8,25.6,,,,,,,,,,,,,,,,,,,,,,,,
2026-08-06T15:22:25.311Z,15.476,13.944,0.0,0.0,0.0,32.0,0.0,0.0,0.0,0.0,0.0,1.0,0.0,0.0,0.0,0.0,9.0,7.0,1.0,0.0,0.0,0.0,0.0,0.0,0.0,0.0,3.0,12.0,1.0,12.04,5.01,2.5,1.49,0.0,0.0,0.0,0.4,0.0,0.1,0.0,-0.8,-93.4,0.0,0.0,93.4,0.0,22.1,20.0,20.0,20.1,300.0,300.0,26.6,30.3,24.5,23.8,25.6,,,,,,,,,,,,,,,,,,,,,,,,
2026-08-06T15:22:25.324Z,15.489,13.956,0.0,0.0,0.0,32.0,0.0,0.0,0.0,0.0,0.0,1.0,0.0,0.0,0.0,0.0,9.0,7.0,1.0,0.0,0.0,0.0,0.0,0.0,0.0,0.0,4.0,12.0,1.0,12.04,5.01,2.5,1.49,0.0,0.0,0.0,0.4,0.0,-0.4,0.5,-0.1,-93.4,0.0,0.0,93.5,0.0,22.1,20.0,20.0,20.1,300.0,300.0,26.6,30.3,24.5,23.8,25.6,,,,,,,,,,,,,,,,,,,,,,,,
2026-08-06T15:22:25.335Z,15.5,13.968,0.0,0.0,0.0,32.0,0.0,0.0,0.0,0.0,0.0,1.0,0.0,0.0,0.0,0.0,9.0,7.0,1.0,0.0,0.0,0.0,0.0,0.0,0.0,0.0,5.0,12.0,1.0,12.04,5.01,2.5,1.49,0.0,0.0,0.0,0.4,0.0,1.3,0.5,1.5,-93.4,0.0,0.0,93.5,0.0,22.1,20.0,20.0,20.1,300.0,300.0,26.6,30.3,24.5,23.8,25.6,,,,,,,,,,,,,,,,,,,,,,,,
2026-08-06T15:22:25.347Z,15.512,13.98,0.0,0.0,0.0,32.0,0.0,0.0,0.0,0.0,0.0,1.0,0.0,0.0,0.0,0.0,9.0,7.0,1.0,0.0,0.0,0.0,0.0,0.0,0.0,0.0,1.0,12.0,1.0,12.08,5.0200000000000005,2.5,1.49,0.0,0.0,0.0,0.4,0.0,-0.3,0.0,0.4,-93.4,0.0,0.0,93.5,0.0,21.4,20.1,20.1,20.200000000000003,300.0,300.0,26.6,30.4,24.5,23.8,25.6,,,,,,,,,,,,,,,,,,,,,,,,
2026-08-06T15:22:25.359Z,15.524,13.992,0.0,0.0,0.0,32.0,0.0,0.0,0.0,0.0,0.0,1.0,0.0,0.0,0.0,0.0,9.0,7.0,1.0,0.0,0.0,0.0,0.0,0.0,0.0,0.0,2.0,12.0,1.0,12.08,5.0200000000000005,2.5,1.49,0.0,0.0,0.0,0.4,0.0,-0.3,0.5,0.4,-93.4,0.0,0.0,93.4,0.0,21.4,20.1,20.1,20.200000000000003,300.0,300.0,26.6,30.4,24.5,23.8,25.6,,,,,,,,,,,,,,,,,,,,,,,,
2026-08-06T15:22:25.372Z,15.537,14.004,0.0,0.0,0.0,32.0,0.0,0.0,0.0,0.0,0.0,1.0,0.0,0.0,0.0,0.0,9.0,7.0,1.0,0.0,0.0,0.0,0.0,0.0,0.0,0.0,3.0,12.0,1.0,12.08,5.0200000000000005,2.5,1.49,-0.1,0.1,0.0,0.5,0.0,-0.3,0.0,-0.1,-93.4,0.0,0.0,93.4,0.0,21.4,20.1,20.1,20.200000000000003,300.0,300.0,26.6,30.4,24.5,23.8,25.6,,,,,,,,,,,,,,,,,,,,,,,,
2026-08-06T15:22:25.395Z,15.56,14.016,0.0,0.0,0.0,32.0,0.0,0.0,0.0,0.0,0.0,1.0,0.0,0.0,0.0,0.0,9.0,7.0,1.0,0.0,0.0,0.0,0.0,0.0,0.0,0.0,4.0,12.0,1.0,12.08,5.0200000000000005,2.5,1.49,0.0,0.0,0.0,0.4,0.0,0.7000000000000001,0.0,-0.7000000000000001,-93.4,0.0,0.0,93.4,0.0,21.4,20.1,20.1,20.200000000000003,300.0,300.0,26.6,30.4,24.5,23.8,25.6,,,,,,,,,,,,,,,,,,,,,,,,
2026-08-06T15:22:25.395Z,15.56,14.028,0.0,0.0,0.0,32.0,0.0,0.0,0.0,0.0,0.0,1.0,0.0,0.0,0.0,0.0,9.0,7.0,1.0,0.0,0.0,0.0,0.0,0.0,0.0,0.0,6.0,12.0,1.0,12.08,5.0200000000000005,2.5,1.49,0.0,0.0,0.0,0.4,0.0,-0.4,-0.6000000000000001,1.0,-93.4,0.0,0.0,93.3,0.0,21.4,20.1,20.1,20.200000000000003,300.0,300.0,26.6,30.4,24.5,23.8,25.6,,,,,,,,,,,,,,,,,,,,,,,,
2026-08-06T15:22:25.407Z,15.572,14.04,0.0,0.0,0.0,32.0,0.0,0.0,0.0,0.0,0.0,1.0,0.0,0.0,0.0,0.0,9.0,7.0,1.0,0.0,0.0,0.0,0.0,0.0,0.0,0.0,1.0,12.0,1.0,12.08,5.0200000000000005,2.5,1.49,0.0,0.0,0.0,0.4,0.0,0.2,1.0,0.0,-93.4,0.0,0.0,93.5,0.0,21.4,20.1,20.1,20.200000000000003,300.0,300.0,26.6,30.4,24.5,23.8,25.6,,,,,,,,,,,,,,,,,,,,,,,,
2026-08-06T15:22:25.420Z,15.585,14.052,0.0,0.0,0.0,32.0,0.0,0.0,0.0,0.0,0.0,1.0,0.0,0.0,0.0,0.0,9.0,7.0,1.0,0.0,0.0,0.0,0.0,0.0,0.0,0.0,2.0,12.0,1.0,12.08,5.0200000000000005,2.5,1.49,0.0,0.0,0.0,0.4,0.0,0.2,1.1,-0.6000000000000001,-93.4,0.0,0.0,93.5,0.0,21.4,20.1,20.1,20.200000000000003,300.0,300.0,26.6,30.4,24.5,23.8,25.6,,,,,,,,,,,,,,,,,,,,,,,,
2026-08-06T15:22:25.431Z,15.596,14.064,0.0,0.0,0.0,32.0,0.0,0.0,0.0,0.0,0.0,1.0,0.0,0.0,0.0,0.0,9.0,7.0,1.0,0.0,0.0,0.0,0.0,0.0,0.0,0.0,4.0,12.0,1.0,12.08,5.0200000000000005,2.5,1.49,0.0,0.0,0.0,0.4,0.0,-0.3,0.0,0.0,-93.4,0.0,0.0,93.5,0.0,21.4,20.1,20.1,20.200000000000003,300.0,300.0,26.6,30.4,24.5,23.8,25.6,,,,,,,,,,,,,,,,,,,,,,,,
2026-08-06T15:22:25.444Z,15.609,14.076,0.0,0.0,0.0,32.0,0.0,0.0,0.0,0.0,0.0,1.0,0.0,0.0,0.0,0.0,9.0,7.0,1.0,0.0,0.0,0.0,0.0,0.0,0.0,0.0,4.0,12.0,1.0,12.04,5.01,2.51,1.49,0.0,0.0,0.0,0.4,0.0,0.8,0.0,0.0,-93.4,0.0,0.0,93.5,0.0,22.200000000000003,20.1,20.1,20.200000000000003,300.0,300.0,26.700000000000003,30.4,24.5,23.8,25.6,,,,,,,,,,,,,,,,,,,,,,,,
2026-08-06T15:22:25.455Z,15.62,14.088,0.0,0.0,0.0,32.0,0.0,0.0,0.0,0.0,0.0,1.0,0.0,0.0,0.0,0.0,9.0,7.0,1.0,0.0,0.0,0.0,0.0,0.0,0.0,0.0,6.0,12.0,1.0,12.04,5.01,2.51,1.49,0.0,0.0,0.0,0.4,0.0,0.2,-0.6000000000000001,-0.6000000000000001,-93.4,0.0,0.0,93.5,0.0,22.200000000000003,20.1,20.1,20.200000000000003,300.0,300.0,26.700000000000003,30.4,24.5,23.8,25.6,,,,,,,,,,,,,,,,,,,,,,,,
2026-08-06T15:22:25.467Z,15.632,14.1,0.0,0.0,0.0,32.0,0.0,0.0,0.0,0.0,0.0,1.0,0.0,0.0,0.0,0.0,9.0,7.0,1.0,0.0,0.0,0.0,0.0,0.0,0.0,0.0,1.0,12.0,1.0,12.04,5.01,2.51,1.49,0.0,0.0,0.0,0.4,0.0,-0.3,0.4,1.6,-93.4,0.0,0.0,93.5,0.0,22.200000000000003,20.1,20.1,20.200000000000003,300.0,300.0,26.700000000000003,30.4,24.5,23.8,25.6,,,,,,,,,,,,,,,,,,,,,,,,
2026-08-06T15:22:25.479Z,15.644,14.112,0.0,0.0,0.0,32.0,0.0,0.0,0.0,0.0,0.0,1.0,0.0,0.0,0.0,0.0,9.0,7.0,1.0,0.0,0.0,0.0,0.0,0.0,0.0,0.0,2.0,12.0,1.0,12.04,5.01,2.51,1.49,0.0,0.0,0.0,0.5,0.0,0.2,-0.6000000000000001,-0.7000000000000001,-93.4,0.0,0.0,93.5,0.0,22.200000000000003,20.1,20.1,20.200000000000003,300.0,300.0,26.700000000000003,30.4,24.5,23.8,25.6,,,,,,,,,,,,,,,,,,,,,,,,
2026-08-06T15:22:25.491Z,15.656,14.124,0.0,0.0,0.0,32.0,0.0,0.0,0.0,0.0,0.0,1.0,0.0,0.0,0.0,0.0,9.0,7.0,1.0,0.0,0.0,0.0,0.0,0.0,0.0,0.0,3.0,12.0,1.0,12.04,5.01,2.51,1.49,0.0,0.1,0.0,0.4,0.0,-0.3,-1.2000000000000002,0.4,-93.4,0.0,0.0,93.4,0.0,22.200000000000003,20.1,20.1,20.200000000000003,300.0,300.0,26.700000000000003,30.4,24.5,23.8,25.6,,,,,,,,,,,,,,,,,,,,,,,,
2026-08-06T15:22:25.503Z,15.668,14.136,0.0,0.0,0.0,32.0,0.0,0.0,0.0,0.0,0.0,1.0,0.0,0.0,0.0,0.0,9.0,7.0,1.0,0.0,0.0,0.0,0.0,0.0,0.0,0.0,5.0,12.0,1.0,12.04,5.01,2.51,1.49,0.0,0.0,0.0,0.4,0.0,-0.2,0.0,-0.7000000000000001,-93.4,0.0,0.0,93.5,0.0,22.200000000000003,20.1,20.1,20.200000000000003,300.0,300.0,26.700000000000003,30.4,24.5,23.8,25.6,,,,,,,,,,,,,,,,,,,,,,,,
2026-08-06T15:22:25.516Z,15.681,14.148,0.0,0.0,0.0,32.0,0.0,0.0,0.0,0.0,0.0,0.0,0.0,0.0,0.0,0.0,9.0,7.0,1.0,0.0,0.0,0.0,0.0,0.0,0.0,0.0,6.0,12.0,1.0,12.04,5.01,2.51,1.49,0.0,0.0,0.0,0.4,0.0,0.3,0.5,1.0,-93.4,0.0,0.0,93.5,0.0,22.200000000000003,20.1,20.1,20.200000000000003,300.0,300.0,26.700000000000003,30.4,24.5,23.8,25.6,,,,,,,,,,,,,,,,,,,,,,,,
2026-08-06T15:22:25.527Z,15.692,14.16,0.0,0.0,0.0,32.0,0.0,0.0,0.0,0.0,0.0,0.0,0.0,0.0,0.0,0.0,9.0,7.0,1.0,0.0,0.0,0.0,0.0,0.0,0.0,0.0,1.0,12.0,1.0,12.04,5.01,2.51,1.49,0.0,0.0,0.0,0.4,0.0,0.3,0.5,2.2,-93.4,0.0,0.0,93.5,0.0,22.200000000000003,20.1,20.1,20.200000000000003,300.0,300.0,26.700000000000003,30.4,24.5,23.8,25.6,,,,,,,,,,,,,,,,,,,,,,,,
2026-08-06T15:22:25.540Z,15.705,14.172,0.0,0.0,0.0,32.0,0.0,0.0,0.0,0.0,0.0,0.0,0.0,0.0,0.0,0.0,9.0,7.0,1.0,0.0,0.0,0.0,0.0,0.0,0.0,0.0,3.0,12.0,1.0,12.04,5.01,2.51,1.49,0.0,0.0,0.0,0.4,0.0,-0.2,-0.5,0.5,-93.4,0.0,0.0,93.4,0.0,22.200000000000003,20.1,20.1,20.200000000000003,300.0,300.0,26.700000000000003,30.4,24.5,23.8,25.6,,,,,,,,,,,,,,,,,,,,,,,,
2026-08-06T15:22:25.551Z,15.716,14.184,0.0,0.0,0.0,32.0,0.0,0.0,0.0,0.0,0.0,0.0,0.0,0.0,0.0,0.0,9.0,7.0,1.0,0.0,0.0,0.0,0.0,0.0,0.0,0.0,4.0,12.0,1.0,12.04,5.0200000000000005,2.5,1.49,0.0,0.0,0.0,0.4,0.0,-0.8,0.6000000000000001,0.5,-93.4,0.0,0.0,93.5,0.0,21.700000000000003,20.200000000000003,20.200000000000003,20.3,300.0,300.0,26.6,30.4,24.5,23.8,25.6,,,,,,,,,,,,,,,,,,,,,,,,
2026-08-06T15:22:25.564Z,15.729,14.196,0.0,0.0,0.0,32.0,0.0,0.0,0.0,0.0,0.0,0.0,0.0,0.0,0.0,0.0,9.0,7.0,1.0,0.0,0.0,0.0,0.0,0.0,0.0,0.0,5.0,12.0,1.0,12.04,5.0200000000000005,2.5,1.49,0.0,0.0,0.0,0.4,0.0,0.9,0.6000000000000001,-0.6000000000000001,-93.4,0.0,0.0,93.5,0.0,21.700000000000003,20.200000000000003,20.200000000000003,20.3,300.0,300.0,26.6,30.4,24.5,23.8,25.6,,,,,,,,,,,,,,,,,,,,,,,,
2026-08-06T15:22:25.575Z,15.74,14.208,0.0,0.0,0.0,32.0,0.0,0.0,0.0,0.0,0.0,0.0,0.0,0.0,0.0,0.0,9.0,7.0,1.0,0.0,0.0,0.0,0.0,0.0,0.0,0.0,6.0,12.0,1.0,12.04,5.0200000000000005,2.5,1.49,0.0,0.0,0.0,0.4,0.0,-0.1,-0.5,0.0,-93.4,0.0,0.0,93.5,0.0,21.700000000000003,20.200000000000003,20.200000000000003,20.3,300.0,300.0,26.6,30.4,24.5,23.8,25.6,,,,,,,,,,,,,,,,,,,,,,,,
2026-08-06T15:22:25.587Z,15.752,14.22,0.0,0.0,0.0,32.0,0.0,0.0,0.0,0.0,0.0,0.0,0.0,0.0,0.0,0.0,9.0,7.0,1.0,0.0,0.0,0.0,0.0,0.0,0.0,0.0,2.0,12.0,1.0,12.04,5.0200000000000005,2.5,1.49,0.0,0.0,0.0,0.4,0.0,0.3,0.1,0.5,-93.4,0.0,0.0,93.4,0.0,21.700000000000003,20.200000000000003,20.200000000000003,20.3,300.0,300.0,26.6,30.4,24.5,23.8,25.6,,,,,,,,,,,,,,,,,,,,,,,,
2026-08-06T15:22:25.599Z,15.764,14.232,0.0,0.0,0.0,32.0,0.0,0.0,0.0,0.0,0.0,0.0,0.0,0.0,0.0,0.0,9.0,7.0,1.0,0.0,0.0,0.0,0.0,0.0,0.0,0.0,3.0,12.0,1.0,12.04,5.0200000000000005,2.5,1.49,0.0,0.0,0.0,0.4,0.0,-0.1,0.1,0.0,-93.4,0.0,0.0,93.3,0.0,21.700000000000003,20.200000000000003,20.200000000000003,20.3,300.0,300.0,26.6,30.4,24.5,23.8,25.6,,,,,,,,,,,,,,,,,,,,,,,,
2026-08-06T15:22:25.611Z,15.776,14.244,0.0,0.0,0.0,32.0,0.0,0.0,0.0,0.0,0.0,0.0,0.0,0.0,0.0,0.0,9.0,7.0,1.0,0.0,0.0,0.0,0.0,0.0,0.0,0.0,4.0,12.0,1.0,12.04,5.0200000000000005,2.5,1.49,0.0,0.0,0.0,0.4,0.0,0.3,1.3,0.5,-93.4,0.0,0.0,93.5,0.0,21.700000000000003,20.200000000000003,20.200000000000003,20.3,300.0,300.0,26.6,30.4,24.5,23.8,25.6,,,,,,,,,,,,,,,,,,,,,,,,
2026-08-06T15:22:25.623Z,15.788,14.256,0.0,0.0,0.0,32.0,0.0,0.0,0.0,0.0,0.0,0.0,0.0,0.0,0.0,0.0,9.0,7.0,1.0,0.0,0.0,0.0,0.0,0.0,0.0,0.0,6.0,12.0,1.0,12.04,5.0200000000000005,2.5,1.49,0.0,0.0,0.0,0.4,0.0,0.3,-0.3,-0.5,-93.4,0.0,0.0,93.5,0.0,21.700000000000003,20.200000000000003,20.200000000000003,20.3,300.0,300.0,26.6,30.4,24.5,23.8,25.6,,,,,,,,,,,,,,,,,,,,,,,,
2026-08-06T15:22:25.635Z,15.8,14.268,0.0,0.0,0.0,32.0,0.0,0.0,0.0,0.0,0.0,0.0,0.0,0.0,0.0,0.0,9.0,7.0,1.0,0.0,0.0,0.0,0.0,0.0,0.0,0.0,1.0,12.0,1.0,12.04,5.0200000000000005,2.5,1.49,0.0,0.0,0.0,0.4,0.0,0.9,-1.5,-1.1,-93.4,0.0,0.0,93.5,0.0,21.700000000000003,20.200000000000003,20.200000000000003,20.3,300.0,300.0,26.6,30.4,24.5,23.8,25.6,,,,,,,,,,,,,,,,,,,,,,,,
2026-08-06T15:22:25.648Z,15.813,14.28,0.1,0.0,0.0,32.0,0.0,0.0,0.0,0.0,0.0,0.0,0.0,0.0,0.0,0.0,9.0,7.0,1.0,0.0,0.0,0.0,0.0,0.0,0.0,0.0,2.0,12.0,1.0,12.0,5.0200000000000005,2.5,1.5,0.0,0.0,0.0,0.4,0.0,0.3,0.1,0.0,-93.4,0.0,0.0,93.3,0.0,21.700000000000003,20.200000000000003,20.200000000000003,20.3,300.0,300.0,26.700000000000003,30.4,24.5,23.8,25.6,,,,,,,,,,,,,,,,,,,,,,,,
2026-08-06T15:22:25.659Z,15.824,14.292,0.1,0.0,0.0,32.0,0.0,0.0,0.0,0.0,0.0,0.0,0.0,0.0,0.0,0.0,9.0,7.0,1.0,0.0,0.0,0.0,0.0,0.0,0.0,0.0,3.0,12.0,1.0,12.0,5.0200000000000005,2.5,1.5,0.0,0.0,0.0,0.4,0.0,-0.2,1.3,0.6000000000000001,-93.4,0.0,0.0,93.5,0.0,21.700000000000003,20.200000000000003,20.200000000000003,20.3,300.0,300.0,26.700000000000003,30.4,24.5,23.8,25.6,,,,,,,,,,,,,,,,,,,,,,,,
2026-08-06T15:22:25.671Z,15.836,14.304,0.1,0.0,0.0,32.0,0.0,0.0,0.0,0.0,0.0,0.0,0.0,0.0,0.0,0.0,9.0,7.0,1.0,0.0,0.0,0.0,0.0,0.0,0.0,0.0,5.0,12.0,1.0,12.0,5.0200000000000005,2.5,1.5,0.0,0.0,0.0,0.4,0.0,-0.8,-0.4,1.1,-93.4,0.0,0.0,93.4,0.0,21.700000000000003,20.200000000000003,20.200000000000003,20.3,300.0,300.0,26.700000000000003,30.4,24.5,23.8,25.6,,,,,,,,,,,,,,,,,,,,,,,,
2026-08-06T15:22:25.683Z,15.848,14.316,0.1,0.0,0.0,32.0,0.0,0.0,0.0,0.0,0.0,0.0,0.0,0.0,0.0,0.0,9.0,7.0,1.0,0.0,0.0,0.0,0.0,0.0,0.0,0.0,6.0,12.0,1.0,12.0,5.0200000000000005,2.5,1.5,0.0,0.0,0.0,0.4,0.0,-0.2,-0.4,-1.1,-93.4,0.0,0.0,93.5,0.0,21.700000000000003,20.200000000000003,20.200000000000003,20.3,300.0,300.0,26.700000000000003,30.4,24.5,23.8,25.6,,,,,,,,,,,,,,,,,,,,,,,,
2026-08-06T15:22:25.696Z,15.861,14.328,0.1,0.0,0.0,32.0,0.0,0.0,0.0,0.0,0.0,0.0,0.0,0.0,0.0,0.0,9.0,7.0,1.0,0.0,0.0,0.0,0.0,0.0,0.0,0.0,1.0,12.0,1.0,12.0,5.0200000000000005,2.5,1.5,0.0,0.0,0.0,0.4,0.0,-0.2,0.6000000000000001,-1.2000000000000002,-93.4,0.0,0.0,93.4,0.0,21.700000000000003,20.200000000000003,20.200000000000003,20.3,300.0,300.0,26.700000000000003,30.4,24.5,23.8,25.6,,,,,,,,,,,,,,,,,,,,,,,,
2026-08-06T15:22:25.707Z,15.872,14.34,0.0,0.0,0.0,32.0,0.0,0.0,0.0,0.0,0.0,0.0,0.0,0.0,0.0,0.0,9.0,7.0,1.0,0.0,0.0,0.0,0.0,0.0,0.0,0.0,2.0,12.0,1.0,12.0,5.0200000000000005,2.5,1.5,0.0,0.0,0.0,0.4,0.0,0.3,1.2000000000000002,1.1,-93.4,0.0,0.0,93.5,0.0,21.700000000000003,20.200000000000003,20.200000000000003,20.3,300.0,300.0,26.700000000000003,30.4,24.5,23.8,25.6,,,,,,,,,,,,,,,,,,,,,,,,
2026-08-06T15:22:25.720Z,15.885,14.352,0.0,0.0,0.0,32.0,0.0,0.0,0.0,0.0,0.0,0.0,0.0,0.0,0.0,0.0,9.0,7.0,1.0,0.0,0.0,0.0,0.0,0.0,0.0,0.0,4.0,12.0,1.0,12.0,5.0200000000000005,2.5,1.5,0.0,0.0,0.0,0.4,0.0,0.3,0.0,0.0,-93.4,0.0,0.0,93.5,0.0,21.700000000000003,20.200000000000003,20.200000000000003,20.3,300.0,300.0,26.700000000000003,30.4,24.5,23.8,25.6,,,,,,,,,,,,,,,,,,,,,,,,
2026-08-06T15:22:25.731Z,15.896,14.364,0.0,0.0,0.0,32.0,0.0,0.0,0.0,0.0,0.0,0.0,0.0,0.0,0.0,0.0,9.0,7.0,1.0,0.0,0.0,0.0,0.0,0.0,0.0,0.0,5.0,12.0,1.0,12.0,5.0200000000000005,2.5,1.5,0.0,0.0,0.0,0.4,0.0,0.3,-1.1,-0.6000000000000001,-93.4,0.0,0.0,93.5,0.0,21.700000000000003,20.200000000000003,20.200000000000003,20.3,300.0,300.0,26.700000000000003,30.4,24.5,23.8,25.6,,,,,,,,,,,,,,,,,,,,,,,,
2026-08-06T15:22:25.744Z,15.909,14.376,0.0,0.0,0.0,32.0,0.0,0.0,0.0,0.0,0.0,0.0,0.0,0.0,0.0,0.0,9.0,7.0,1.0,0.0,0.0,0.0,0.0,0.0,0.0,0.0,6.0,12.0,1.0,12.0,5.0200000000000005,2.5,1.5,0.0,0.1,0.0,0.4,0.0,-0.2,0.6000000000000001,-0.6000000000000001,-93.4,0.0,0.0,93.5,0.0,21.700000000000003,20.200000000000003,20.200000000000003,20.3,300.0,300.0,26.700000000000003,30.4,24.5,23.8,25.6,,,,,,,,,,,,,,,,,,,,,,,,
2026-08-06T15:22:25.755Z,15.92,14.388,0.0,0.0,0.0,32.0,0.0,0.0,0.0,0.0,0.0,0.0,0.0,0.0,0.0,0.0,9.0,7.0,1.0,0.0,0.0,0.0,0.0,0.0,0.0,0.0,6.0,12.0,1.0,12.05,5.01,2.51,1.49,0.0,0.0,0.0,0.4,0.0,0.3,0.0,0.0,-93.4,0.0,0.0,93.5,0.0,21.200000000000003,20.3,20.3,20.4,300.0,300.0,26.5,30.4,24.5,23.8,25.6,,,,,,,,,,,,,,,,,,,,,,,,
2026-08-06T15:22:25.767Z,15.932,14.4,0.0,0.0,0.0,32.0,0.0,0.0,0.0,0.0,0.0,0.0,0.0,0.0,0.0,0.0,9.0,7.0,1.0,0.0,0.0,0.0,0.0,0.0,0.0,0.0,2.0,12.0,1.0,12.05,5.01,2.51,1.49,0.0,0.0,0.0,0.5,0.0,-0.2,0.0,1.0,-93.4,0.0,0.0,93.4,0.0,21.200000000000003,20.3,20.3,20.4,300.0,300.0,26.5,30.4,24.5,23.8,25.6,,,,,,,,,,,,,,,,,,,,,,,,
2026-08-06T15:22:25.779Z,15.944,14.412,0.0,0.0,0.0,32.0,0.0,0.0,0.0,0.0,0.0,0.0,0.0,0.0,0.0,0.0,9.0,7.0,1.0,0.0,0.0,0.0,0.0,0.0,0.0,0.0,3.0,12.0,1.0,12.05,5.01,2.51,1.49,0.0,0.0,0.0,0.4,0.0,0.3,0.0,0.4,-93.4,0.0,0.0,93.5,0.0,21.200000000000003,20.3,20.3,20.4,300.0,300.0,26.5,30.4,24.5,23.8,25.6,,,,,,,,,,,,,,,,,,,,,,,,
2026-08-06T15:22:25.791Z,15.956,14.424,0.0,0.0,0.0,32.0,0.0,0.0,0.0,0.0,0.0,0.0,0.0,0.0,0.0,0.0,9.0,7.0,1.0,0.0,0.0,0.0,0.0,0.0,0.0,0.0,4.0,12.0,1.0,12.05,5.01,2.51,1.49,0.0,0.0,0.0,0.4,0.0,0.2,0.5,-0.6000000000000001,-93.4,0.0,0.0,93.4,0.0,21.200000000000003,20.3,20.3,20.4,300.0,300.0,26.5,30.4,24.5,23.8,25.6,,,,,,,,,,,,,,,,,,,,,,,,
2026-08-06T15:22:25.803Z,15.968,14.436,0.0,0.0,0.0,32.0,0.0,0.0,0.0,0.0,0.0,0.0,0.0,0.0,0.0,0.0,9.0,7.0,1.0,0.0,0.0,0.0,0.0,0.0,0.0,0.0,5.0,12.0,1.0,12.05,5.01,2.51,1.49,0.0,0.0,0.0,0.4,0.0,-0.3,0.5,0.4,-93.4,0.0,0.0,93.3,0.0,21.200000000000003,20.3,20.3,20.4,300.0,300.0,26.5,30.4,24.5,23.8,25.6,,,,,,,,,,,,,,,,,,,,,,,,
2026-08-06T15:22:25.815Z,15.98,14.448,0.0,0.0,0.0,32.0,0.0,0.0,0.0,0.0,0.0,0.0,0.0,0.0,0.0,0.0,9.0,7.0,1.0,0.0,0.0,0.0,0.0,0.0,0.0,0.0,1.0,12.0,1.0,12.05,5.01,2.51,1.49,0.0,0.0,0.0,0.4,0.0,0.3,0.0,0.5,-93.4,0.0,0.0,93.5,0.0,21.200000000000003,20.3,20.3,20.4,300.0,300.0,26.5,30.4,24.5,23.8,25.6,,,,,,,,,,,,,,,,,,,,,,,,
2026-08-06T15:22:25.828Z,15.993,14.46,0.0,0.0,0.0,32.0,0.0,0.0,0.0,0.0,0.0,0.0,0.0,0.0,0.0,0.0,9.0,7.0,1.0,0.0,0.0,0.0,0.0,0.0,0.0,0.0,2.0,12.0,1.0,12.05,5.01,2.51,1.49,0.0,0.0,0.0,0.4,0.0,-0.2,-0.6000000000000001,-0.6000000000000001,-93.4,0.0,0.0,93.5,0.0,21.200000000000003,20.3,20.3,20.4,300.0,300.0,26.5,30.4,24.5,23.8,25.6,,,,,,,,,,,,,,,,,,,,,,,,
2026-08-06T15:22:25.839Z,16.004,14.472,0.0,0.0,0.0,32.0,0.0,0.0,0.0,0.0,0.0,0.0,0.0,0.0,0.0,0.0,9.0,7.0,1.0,0.0,0.0,0.0,0.0,0.0,0.0,0.0,2.0,12.0,1.0,12.05,5.01,2.51,1.49,0.0,0.0,0.0,0.4,0.0,-0.8,0.5,-0.6000000000000001,-93.4,0.0,0.0,93.5,0.0,21.200000000000003,20.3,20.3,20.4,300.0,300.0,26.5,30.4,24.5,23.8,25.6,,,,,,,,,,,,,,,,,,,,,,,,
