time,time_s,VCU_INV_Direction_Command,VCU_INV_Inverter_Discharge,VCU_INV_Inverter_Enable,VCU_INV_RollingCounter,VCU_INV_Speed_Command,VCU_INV_Speed_Mode_Enable,VCU_INV_Torque_Command,VCU_INV_Torque_Limit_Command
2026-08-22T22:03:47.677Z,0.0,0,0,0,0,0,0,0.0,0.0
2026-08-22T22:03:47.687Z,0.01,0,0,0,1,0,0,0.0,0.0
2026-08-22T22:03:47.692Z,0.015,0,0,0,2,0,0,0.0,0.0
2026-08-22T22:03:47.706Z,0.029,0,0,0,3,0,0,0.0,0.0
2026-08-22T22:03:47.716Z,0.039,0,0,0,4,0,0,0.0,0.0
2026-08-22T22:03:47.736Z,0.059,0,0,0,5,0,0,0.0,0.0
2026-08-22T22:03:47.736Z,0.059,0,0,0,0,0,0,0.0,0.0
2026-08-22T22:03:47.747Z,0.07,0,0,0,1,0,0,0.0,0.0
2026-08-22T22:03:47.767Z,0.09,0,0,0,2,0,0,0.0,0.0
2026-08-22T22:03:47.767Z,0.09,0,0,0,3,0,0,0.0,0.0
2026-08-22T22:03:47.778Z,0.101,0,0,0,4,0,0,0.0,0.0
2026-08-22T22:03:47.798Z,0.121,0,0,0,5,0,0,0.0,0.0
2026-08-22T22:03:47.798Z,0.121,0,0,0,0,0,0,0.0,0.0
2026-08-22T22:03:47.809Z,0.132,0,0,0,1,0,0,0.0,0.0
2026-08-22T22:03:47.830Z,0.153,0,0,0,2,0,0,0.0,0.0
2026-08-22T22:03:47.830Z,0.153,0,0,0,3,0,0,0.0,0.0
2026-08-22T22:03:47.841Z,0.164,0,0,0,4,0,0,0.0,0.0
2026-08-22T22:03:47.862Z,0.185,0,0,0,5,0,0,0.0,0.0
2026-08-22T22:03:47.862Z,0.185,0,0,0,0,0,0,0.0,0.0
2026-08-22T22:03:47.873Z,0.196,0,0,0,1,0,0,0.0,0.0
2026-08-22T22:03:47.893Z,0.216,0,0,0,2,0,0,0.0,0.0
2026-08-22T22:03:47.893Z,0.216,0,0,0,3,0,0,0.0,0.0
2026-08-22T22:03:47.904Z,0.227,0,0,0,4,0,0,0.0,0.0
2026-08-22T22:03:47.925Z,0.248,0,0,0,5,0,0,0.0,0.0
2026-08-22T22:03:47.925Z,0.248,0,0,0,0,0,0,0.0,0.0
2026-08-22T22:03:47.936Z,0.259,0,0,0,1,0,0,0.0,0.0
2026-08-22T22:03:47.956Z,0.279,0,0,0,2,0,0,0.0,0.0
2026-08-22T22:03:47.956Z,0.279,0,0,0,3,0,0,0.0,0.0
2026-08-22T22:03:47.967Z,0.29,0,0,0,4,0,0,0.0,0.0
2026-08-22T22:03:47.987Z,0.31,0,0,0,5,0,0,0.0,0.0
2026-08-22T22:03:47.987Z,0.31,0,0,0,0,0,0,0.0,0.0
2026-08-22T22:03:47.998Z,0.321,0,0,0,1,0,0,0.0,0.0
2026-08-22T22:03:48.019Z,0.342,0,0,0,2,0,0,0.0,0.0
2026-08-22T22:03:48.019Z,0.342,0,0,0,3,0,0,0.0,0.0
2026-08-22T22:03:48.030Z,0.353,0,0,0,4,0,0,0.0,0.0
2026-08-22T22:03:48.035Z,0.358,0,0,0,5,0,0,0.0,0.0
2026-08-22T22:03:48.051Z,0.374,0,0,0,0,0,0,0.0,0.0
2026-08-22T22:03:48.060Z,0.383,0,0,0,1,0,0,0.0,0.0
2026-08-22T22:03:48.079Z,0.402,0,0,0,2,0,0,0.0,0.0
2026-08-22T22:03:48.079Z,0.402,0,0,0,3,0,0,0.0,0.0
2026-08-22T22:03:48.090Z,0.413,0,0,0,4,0,0,0.0,0.0
2026-08-22T22:03:48.111Z,0.434,0,0,0,5,0,0,0.0,0.0
2026-08-22T22:03:48.111Z,0.434,0,0,0,0,0,0,0.0,0.0
2026-08-22T22:03:48.121Z,0.444,0,0,0,1,0,0,0.0,0.0
2026-08-22T22:03:48.142Z,0.465,0,0,0,2,0,0,0.0,0.0
2026-08-22T22:03:48.142Z,0.465,0,0,0,3,0,0,0.0,0.0
2026-08-22T22:03:48.152Z,0.475,0,0,0,4,0,0,0.0,0.0
2026-08-22T22:03:48.173Z,0.496,0,0,0,5,0,0,0.0,0.0
2026-08-22T22:03:48.173Z,0.496,0,0,0,0,0,0,0.0,0.0
2026-08-22T22:03:48.183Z,0.506,0,0,0,1,0,0,0.0,0.0
2026-08-22T22:03:48.204Z,0.527,0,0,0,2,0,0,0.0,0.0
2026-08-22T22:03:48.204Z,0.527,0,0,0,3,0,0,0.0,0.0
2026-08-22T22:03:48.214Z,0.537,0,0,0,4,0,0,0.0,0.0
2026-08-22T22:03:48.235Z,0.558,0,0,0,5,0,0,0.0,0.0
2026-08-22T22:03:48.235Z,0.558,0,0,0,0,0,0,0.0,0.0
2026-08-22T22:03:48.246Z,0.569,0,0,0,1,0,0,0.0,0.0
2026-08-22T22:03:48.266Z,0.589,0,0,0,2,0,0,0.0,0.0
2026-08-22T22:03:48.266Z,0.589,0,0,0,3,0,0,0.0,0.0
2026-08-22T22:03:48.277Z,0.6,0,0,0,4,0,0,0.0,0.0
2026-08-22T22:03:48.298Z,0.621,0,0,0,5,0,0,0.0,0.0
2026-08-22T22:03:48.298Z,0.621,0,0,0,0,0,0,0.0,0.0
2026-08-22T22:03:48.309Z,0.632,0,0,0,1,0,0,0.0,0.0
2026-08-22T22:03:48.329Z,0.652,0,0,0,2,0,0,0.0,0.0
2026-08-22T22:03:48.329Z,0.652,0,0,0,3,0,0,0.0,0.0
2026-08-22T22:03:48.340Z,0.663,0,0,0,4,0,0,0.0,0.0
2026-08-22T22:03:48.361Z,0.684,0,0,0,5,0,0,0.0,0.0
2026-08-22T22:03:48.361Z,0.684,0,0,0,0,0,0,0.0,0.0
2026-08-22T22:03:48.371Z,0.694,0,0,0,1,0,0,0.0,0.0
2026-08-22T22:03:48.392Z,0.715,0,0,0,2,0,0,0.0,0.0
2026-08-22T22:03:48.392Z,0.715,0,0,0,3,0,0,0.0,0.0
2026-08-22T22:03:48.403Z,0.726,0,0,0,4,0,0,0.0,0.0
2026-08-22T22:03:48.424Z,0.747,0,0,0,5,0,0,0.0,0.0
2026-08-22T22:03:48.424Z,0.747,0,0,0,0,0,0,0.0,0.0
2026-08-22T22:03:48.435Z,0.758,0,0,0,1,0,0,0.0,0.0
2026-08-22T22:03:48.455Z,0.778,0,0,0,2,0,0,0.0,0.0
2026-08-22T22:03:48.455Z,0.778,0,0,0,3,0,0,0.0,0.0
2026-08-22T22:03:48.466Z,0.789,0,0,0,4,0,0,0.0,0.0
2026-08-22T22:03:48.487Z,0.81,0,0,0,5,0,0,0.0,0.0
2026-08-22T22:03:48.487Z,0.81,0,0,0,0,0,0,0.0,0.0
2026-08-22T22:03:48.498Z,0.821,0,0,0,1,0,0,0.0,0.0
2026-08-22T22:03:48.518Z,0.841,0,0,0,2,0,0,0.0,0.0
2026-08-22T22:03:48.519Z,0.842,0,0,0,3,0,0,0.0,0.0
2026-08-22T22:03:48.529Z,0.852,0,0,0,4,0,0,0.0,0.0
2026-08-22T22:03:48.535Z,0.858,0,0,0,5,0,0,0.0,0.0
2026-08-22T22:03:48.551Z,0.874,0,0,0,0,0,0,0.0,0.0
2026-08-22T22:03:48.560Z,0.883,0,0,0,1,0,0,0.0,0.0
2026-08-22T22:03:48.580Z,0.903,0,0,0,2,0,0,0.0,0.0
2026-08-22T22:03:48.580Z,0.903,0,0,0,3,0,0,0.0,0.0
2026-08-22T22:03:48.591Z,0.914,0,0,0,4,0,0,0.0,0.0
2026-08-22T22:03:48.612Z,0.935,0,0,0,5,0,0,0.0,0.0
2026-08-22T22:03:48.612Z,0.935,0,0,0,0,0,0,0.0,0.0
2026-08-22T22:03:48.623Z,0.946,0,0,0,1,0,0,0.0,0.0
2026-08-22T22:03:48.644Z,0.967,0,0,0,2,0,0,0.0,0.0
2026-08-22T22:03:48.644Z,0.967,0,0,0,3,0,0,0.0,0.0
2026-08-22T22:03:48.655Z,0.978,0,0,0,4,0,0,0.0,0.0
2026-08-22T22:03:48.675Z,0.998,0,0,0,5,0,0,0.0,0.0
2026-08-22T22:03:48.675Z,0.998,0,0,0,0,0,0,0.0,0.0
2026-08-22T22:03:48.687Z,1.01,0,0,0,1,0,0,0.0,0.0
2026-08-22T22:03:48.692Z,1.015,0,0,0,2,0,0,0.0,0.0
2026-08-22T22:03:48.708Z,1.031,0,0,0,3,0,0,0.0,0.0
2026-08-22T22:03:48.717Z,1.04,0,0,0,4,0,0,0.0,0.0
2026-08-22T22:03:48.721Z,1.044,0,0,0,5,0,0,0.0,0.0
2026-08-22T22:03:48.735Z,1.058,0,0,0,0,0,0,0.0,0.0
2026-08-22T22:03:48.744Z,1.067,0,0,0,1,0,0,0.0,0.0
2026-08-22T22:03:48.762Z,1.085,0,0,0,2,0,0,0.0,0.0
2026-08-22T22:03:48.775Z,1.098,0,0,0,3,0,0,0.0,0.0
2026-08-22T22:03:48.782Z,1.105,0,0,0,4,0,0,0.0,0.0
2026-08-22T22:03:48.785Z,1.108,0,0,0,5,0,0,0.0,0.0
2026-08-22T22:03:48.796Z,1.119,0,0,0,0,0,0,0.0,0.0
2026-08-22T22:03:48.802Z,1.125,0,0,0,1,0,0,0.0,0.0
2026-08-22T22:03:48.817Z,1.14,0,0,0,2,0,0,0.0,0.0
2026-08-22T22:03:48.827Z,1.15,0,0,0,3,0,0,0.0,0.0
2026-08-22T22:03:48.832Z,1.155,0,0,0,4,0,0,0.0,0.0
2026-08-22T22:03:48.847Z,1.17,0,0,0,5,0,0,0.0,0.0
2026-08-22T22:03:48.856Z,1.179,0,0,0,0,0,0,0.0,0.0
2026-08-22T22:03:48.874Z,1.197,0,0,0,1,0,0,0.0,0.0
2026-08-22T22:03:48.874Z,1.197,0,0,0,2,0,0,0.0,0.0
2026-08-22T22:03:48.885Z,1.208,0,0,0,3,0,0,0.0,0.0
2026-08-22T22:03:48.906Z,1.229,0,0,0,4,0,0,0.0,0.0
2026-08-22T22:03:48.906Z,1.229,0,0,0,5,0,0,0.0,0.0
2026-08-22T22:03:48.917Z,1.24,0,0,0,0,0,0,0.0,0.0
2026-08-22T22:03:48.938Z,1.261,0,0,0,1,0,0,0.0,0.0
2026-08-22T22:03:48.938Z,1.261,0,0,0,2,0,0,0.0,0.0
2026-08-22T22:03:48.948Z,1.271,0,0,0,3,0,0,0.0,0.0
2026-08-22T22:03:48.969Z,1.292,0,0,0,4,0,0,0.0,0.0
2026-08-22T22:03:48.969Z,1.292,0,0,0,5,0,0,0.0,0.0
2026-08-22T22:03:48.980Z,1.303,0,0,0,0,0,0,0.0,0.0
2026-08-22T22:03:49.001Z,1.324,0,0,0,1,0,0,0.0,0.0
2026-08-22T22:03:49.001Z,1.324,0,0,0,2,0,0,0.0,0.0
2026-08-22T22:03:49.012Z,1.335,0,0,0,3,0,0,0.0,0.0
2026-08-22T22:03:49.033Z,1.356,0,0,0,4,0,0,0.0,0.0
2026-08-22T22:03:49.033Z,1.356,0,0,0,5,0,0,0.0,0.0
2026-08-22T22:03:49.044Z,1.367,0,0,0,0,0,0,0.0,0.0
2026-08-22T22:03:49.065Z,1.388,0,0,0,1,0,0,0.0,0.0
2026-08-22T22:03:49.065Z,1.388,0,0,0,2,0,0,0.0,0.0
2026-08-22T22:03:49.076Z,1.399,0,0,0,3,0,0,0.0,0.0
2026-08-22T22:03:49.097Z,1.42,0,0,0,4,0,0,0.0,0.0
2026-08-22T22:03:49.097Z,1.42,0,0,0,5,0,0,0.0,0.0
2026-08-22T22:03:49.108Z,1.431,0,0,0,0,0,0,0.0,0.0
2026-08-22T22:03:49.128Z,1.451,0,0,0,1,0,0,0.0,0.0
2026-08-22T22:03:49.128Z,1.451,0,0,0,2,0,0,0.0,0.0
2026-08-22T22:03:49.139Z,1.462,0,0,0,3,0,0,0.0,0.0
2026-08-22T22:03:49.144Z,1.467,0,0,0,4,0,0,0.0,0.0
2026-08-22T22:03:49.159Z,1.482,0,0,0,5,0,0,0.0,0.0
2026-08-22T22:03:49.169Z,1.492,0,0,0,0,0,0,0.0,0.0
2026-08-22T22:03:49.189Z,1.512,0,0,0,1,0,0,0.0,0.0
2026-08-22T22:03:49.189Z,1.512,0,0,0,2,0,0,0.0,0.0
2026-08-22T22:03:49.200Z,1.523,0,0,0,3,0,0,0.0,0.0
2026-08-22T22:03:49.220Z,1.543,0,0,0,4,0,0,0.0,0.0
2026-08-22T22:03:49.220Z,1.543,0,0,0,5,0,0,0.0,0.0
2026-08-22T22:03:49.231Z,1.554,0,0,0,0,0,0,0.0,0.0
2026-08-22T22:03:49.252Z,1.575,0,0,0,1,0,0,0.0,0.0
2026-08-22T22:03:49.253Z,1.576,0,0,0,2,0,0,0.0,0.0
2026-08-22T22:03:49.264Z,1.587,0,0,0,3,0,0,0.0,0.0
2026-08-22T22:03:49.284Z,1.607,0,0,0,4,0,0,0.0,0.0
2026-08-22T22:03:49.284Z,1.607,0,0,0,5,0,0,0.0,0.0
2026-08-22T22:03:49.295Z,1.618,0,0,0,0,0,0,0.0,0.0
2026-08-22T22:03:49.300Z,1.623,0,0,0,1,0,0,0.0,0.0
2026-08-22T22:03:49.315Z,1.638,0,0,0,2,0,0,0.0,0.0
2026-08-22T22:03:49.323Z,1.646,0,0,0,3,0,0,0.0,0.0
2026-08-22T22:03:49.342Z,1.665,0,0,0,4,0,0,0.0,0.0
2026-08-22T22:03:49.342Z,1.665,0,0,0,5,0,0,0.0,0.0
2026-08-22T22:03:49.353Z,1.676,0,0,0,0,0,0,0.0,0.0
2026-08-22T22:03:49.374Z,1.697,0,0,0,1,0,0,0.0,0.0
2026-08-22T22:03:49.374Z,1.697,0,0,0,2,0,0,0.0,0.0
2026-08-22T22:03:49.385Z,1.708,0,0,0,3,0,0,0.0,0.0
2026-08-22T22:03:49.406Z,1.729,0,0,0,4,0,0,0.0,0.0
2026-08-22T22:03:49.406Z,1.729,0,0,0,5,0,0,0.0,0.0
2026-08-22T22:03:49.416Z,1.739,0,0,0,0,0,0,0.0,0.0
2026-08-22T22:03:49.437Z,1.76,0,0,0,1,0,0,0.0,0.0
2026-08-22T22:03:49.437Z,1.76,0,0,0,2,0,0,0.0,0.0
2026-08-22T22:03:49.448Z,1.771,0,0,0,3,0,0,0.0,0.0
2026-08-22T22:03:49.468Z,1.791,0,0,0,4,0,0,0.0,0.0
2026-08-22T22:03:49.468Z,1.791,0,0,0,5,0,0,0.0,0.0
2026-08-22T22:03:49.479Z,1.802,0,0,0,0,0,0,0.0,0.0
2026-08-22T22:03:49.500Z,1.823,0,0,0,1,0,0,0.0,0.0
2026-08-22T22:03:49.500Z,1.823,0,0,0,2,0,0,0.0,0.0
2026-08-22T22:03:49.511Z,1.834,0,0,0,3,0,0,0.0,0.0
2026-08-22T22:03:49.532Z,1.855,0,0,0,4,0,0,0.0,0.0
2026-08-22T22:03:49.532Z,1.855,0,0,0,5,0,0,0.0,0.0
2026-08-22T22:03:49.542Z,1.865,0,0,0,0,0,0,0.0,0.0
2026-08-22T22:03:49.563Z,1.886,0,0,0,1,0,0,0.0,0.0
2026-08-22T22:03:49.563Z,1.886,0,0,0,2,0,0,0.0,0.0
2026-08-22T22:03:49.574Z,1.897,0,0,0,3,0,0,0.0,0.0
2026-08-22T22:03:49.594Z,1.917,0,0,0,4,0,0,0.0,0.0
2026-08-22T22:03:49.594Z,1.917,0,0,0,5,0,0,0.0,0.0
2026-08-22T22:03:49.606Z,1.929,0,0,0,0,0,0,0.0,0.0
2026-08-22T22:03:49.626Z,1.949,0,0,0,1,0,0,0.0,0.0
2026-08-22T22:03:49.626Z,1.949,0,0,0,2,0,0,0.0,0.0
2026-08-22T22:03:49.637Z,1.96,0,0,0,3,0,0,0.0,0.0
2026-08-22T22:03:49.658Z,1.981,0,0,0,4,0,0,0.0,0.0
2026-08-22T22:03:49.658Z,1.981,0,0,0,5,0,0,0.0,0.0
2026-08-22T22:03:49.669Z,1.992,0,0,0,0,0,0,0.0,0.0
2026-08-22T22:03:49.690Z,2.013,0,0,0,1,0,0,0.0,0.0
2026-08-22T22:03:49.690Z,2.013,0,0,0,2,0,0,0.0,0.0
2026-08-22T22:03:49.701Z,2.024,0,0,0,3,0,0,0.0,0.0
2026-08-22T22:03:49.721Z,2.044,0,0,0,4,0,0,0.0,0.0
2026-08-22T22:03:49.721Z,2.044,0,0,0,5,0,0,0.0,0.0
2026-08-22T22:03:49.732Z,2.055,0,0,0,0,0,0,0.0,0.0
2026-08-22T22:03:49.753Z,2.076,0,0,0,1,0,0,0.0,0.0
2026-08-22T22:03:49.753Z,2.076,0,0,0,2,0,0,0.0,0.0
2026-08-22T22:03:49.763Z,2.086,0,0,0,3,0,0,0.0,0.0
2026-08-22T22:03:49.783Z,2.106,0,0,0,4,0,0,0.0,0.0
2026-08-22T22:03:49.783Z,2.106,0,0,0,5,0,0,0.0,0.0
2026-08-22T22:03:49.795Z,2.118,0,0,0,0,0,0,0.0,0.0
2026-08-22T22:03:49.815Z,2.138,0,0,0,1,0,0,0.0,0.0
2026-08-22T22:03:49.815Z,2.138,0,0,0,2,0,0,0.0,0.0
2026-08-22T22:03:49.827Z,2.15,0,0,0,3,0,0,0.0,0.0
2026-08-22T22:03:49.832Z,2.155,0,0,0,4,0,0,0.0,0.0
2026-08-22T22:03:49.848Z,2.171,0,0,0,5,0,0,0.0,0.0
2026-08-22T22:03:49.858Z,2.181,0,0,0,0,0,0,0.0,0.0
2026-08-22T22:03:49.863Z,2.186,0,0,0,1,0,0,0.0,0.0
2026-08-22T22:03:49.877Z,2.2,0,0,0,2,0,0,0.0,0.0
2026-08-22T22:03:49.886Z,2.209,0,0,0,3,0,0,0.0,0.0
2026-08-22T22:03:49.904Z,2.227,0,0,0,4,0,0,0.0,0.0
2026-08-22T22:03:49.917Z,2.24,0,0,0,5,0,0,0.0,0.0
2026-08-22T22:03:49.925Z,2.248,0,0,0,0,0,0,0.0,0.0
2026-08-22T22:03:49.927Z,2.25,0,0,0,1,0,0,0.0,0.0
2026-08-22T22:03:49.939Z,2.262,0,0,0,2,0,0,0.0,0.0
2026-08-22T22:03:49.944Z,2.267,0,0,0,3,0,0,0.0,0.0
2026-08-22T22:03:49.960Z,2.283,0,0,0,4,0,0,0.0,0.0
2026-08-22T22:03:49.971Z,2.294,0,0,0,5,0,0,0.0,0.0
2026-08-22T22:03:49.976Z,2.299,0,0,0,0,0,0,0.0,0.0
2026-08-22T22:03:49.990Z,2.313,0,0,0,1,0,0,0.0,0.0
2026-08-22T22:03:50.000Z,2.323,0,0,0,2,0,0,0.0,0.0
2026-08-22T22:03:50.004Z,2.327,0,0,0,3,0,0,0.0,0.0
2026-08-22T22:03:50.018Z,2.341,0,0,0,4,0,0,0.0,0.0
2026-08-22T22:03:50.026Z,2.349,0,0,0,5,0,0,0.0,0.0
2026-08-22T22:03:50.043Z,2.366,0,0,0,0,0,0,0.0,0.0
2026-08-22T22:03:50.056Z,2.379,0,0,0,1,0,0,0.0,0.0
2026-08-22T22:03:50.062Z,2.385,0,0,0,2,0,0,0.0,0.0
2026-08-22T22:03:50.063Z,2.386,0,0,0,3,0,0,0.0,0.0
2026-08-22T22:03:50.074Z,2.397,0,0,0,4,0,0,0.0,0.0
2026-08-22T22:03:50.095Z,2.418,0,0,0,5,0,0,0.0,0.0
2026-08-22T22:03:50.095Z,2.418,0,0,0,0,0,0,0.0,0.0
2026-08-22T22:03:50.105Z,2.428,0,0,0,1,0,0,0.0,0.0
2026-08-22T22:03:50.126Z,2.449,0,0,0,2,0,0,0.0,0.0
2026-08-22T22:03:50.126Z,2.449,0,0,0,3,0,0,0.0,0.0
2026-08-22T22:03:50.137Z,2.46,0,0,0,4,0,0,0.0,0.0
2026-08-22T22:03:50.158Z,2.481,0,0,0,5,0,0,0.0,0.0
2026-08-22T22:03:50.158Z,2.481,0,0,0,0,0,0,0.0,0.0
2026-08-22T22:03:50.169Z,2.492,0,0,0,1,0,0,0.0,0.0
2026-08-22T22:03:50.190Z,2.513,0,0,0,2,0,0,0.0,0.0
2026-08-22T22:03:50.190Z,2.513,0,0,0,3,0,0,0.0,0.0
2026-08-22T22:03:50.201Z,2.524,0,0,0,4,0,0,0.0,0.0
2026-08-22T22:03:50.222Z,2.545,0,0,0,5,0,0,0.0,0.0
2026-08-22T22:03:50.223Z,2.546,0,0,0,0,0,0,0.0,0.0
2026-08-22T22:03:50.233Z,2.556,0,0,0,1,0,0,0.0,0.0
2026-08-22T22:03:50.239Z,2.562,0,0,0,2,0,0,0.0,0.0
2026-08-22T22:03:50.255Z,2.578,0,0,0,3,0,0,0.0,0.0
2026-08-22T22:03:50.265Z,2.588,0,0,0,4,0,0,0.0,0.0
2026-08-22T22:03:50.268Z,2.591,0,0,0,5,0,0,0.0,0.0
2026-08-22T22:03:50.282Z,2.605,0,0,0,0,0,0,0.0,0.0
2026-08-22T22:03:50.292Z,2.615,0,0,0,1,0,0,0.0,0.0
2026-08-22T22:03:50.310Z,2.633,0,0,0,2,0,0,0.0,0.0
2026-08-22T22:03:50.323Z,2.646,0,0,0,3,0,0,0.0,0.0
2026-08-22T22:03:50.330Z,2.653,0,0,0,4,0,0,0.0,0.0
2026-08-22T22:03:50.332Z,2.655,0,0,0,5,0,0,0.0,0.0
2026-08-22T22:03:50.344Z,2.667,0,0,0,0,0,0,0.0,0.0
2026-08-22T22:03:50.351Z,2.674,0,0,0,1,0,0,0.0,0.0
2026-08-22T22:03:50.367Z,2.69,0,0,0,2,0,0,0.0,0.0
2026-08-22T22:03:50.378Z,2.701,0,0,0,3,0,0,0.0,0.0
2026-08-22T22:03:50.382Z,2.705,0,0,0,4,0,0,0.0,0.0
2026-08-22T22:03:50.397Z,2.72,0,0,0,5,0,0,0.0,0.0
2026-08-22T22:03:50.405Z,2.728,0,0,0,0,0,0,0.0,0.0
2026-08-22T22:03:50.409Z,2.732,0,0,0,1,0,0,0.0,0.0
2026-08-22T22:03:50.423Z,2.746,0,0,0,2,0,0,0.0,0.0
2026-08-22T22:03:50.430Z,2.753,0,0,0,3,0,0,0.0,0.0
2026-08-22T22:03:50.448Z,2.771,0,0,0,4,0,0,0.0,0.0
2026-08-22T22:03:50.460Z,2.783,0,0,0,5,0,0,0.0,0.0
2026-08-22T22:03:50.466Z,2.789,0,0,0,0,0,0,0.0,0.0
2026-08-22T22:03:50.483Z,2.806,0,0,0,1,0,0,0.0,0.0
2026-08-22T22:03:50.483Z,2.806,0,0,0,2,0,0,0.0,0.0
2026-08-22T22:03:50.494Z,2.817,0,0,0,3,0,0,0.0,0.0
2026-08-22T22:03:50.515Z,2.838,0,0,0,4,0,0,0.0,0.0
2026-08-22T22:03:50.515Z,2.838,0,0,0,5,0,0,0.0,0.0
2026-08-22T22:03:50.526Z,2.849,0,0,0,0,0,0,0.0,0.0
2026-08-22T22:03:50.547Z,2.87,0,0,0,1,0,0,0.0,0.0
2026-08-22T22:03:50.547Z,2.87,0,0,0,2,0,0,0.0,0.0
2026-08-22T22:03:50.558Z,2.881,0,0,0,3,0,0,0.0,0.0
2026-08-22T22:03:50.579Z,2.902,0,0,0,4,0,0,0.0,0.0
2026-08-22T22:03:50.579Z,2.902,0,0,0,5,0,0,0.0,0.0
2026-08-22T22:03:50.589Z,2.912,0,0,0,0,0,0,0.0,0.0
2026-08-22T22:03:50.610Z,2.933,0,0,0,1,0,0,0.0,0.0
2026-08-22T22:03:50.610Z,2.933,0,0,0,2,0,0,0.0,0.0
2026-08-22T22:03:50.621Z,2.944,0,0,0,3,0,0,0.0,0.0
2026-08-22T22:03:50.642Z,2.965,0,0,0,4,0,0,0.0,0.0
2026-08-22T22:03:50.642Z,2.965,0,0,0,5,0,0,0.0,0.0
2026-08-22T22:03:50.653Z,2.976,0,0,0,0,0,0,0.0,0.0
2026-08-22T22:03:50.674Z,2.997,0,0,0,1,0,0,0.0,0.0
2026-08-22T22:03:50.674Z,2.997,0,0,0,2,0,0,0.0,0.0
2026-08-22T22:03:50.684Z,3.007,0,0,0,3,0,0,0.0,0.0
2026-08-22T22:03:50.705Z,3.028,0,0,0,4,0,0,0.0,0.0
2026-08-22T22:03:50.705Z,3.028,0,0,0,5,0,0,0.0,0.0
2026-08-22T22:03:50.716Z,3.039,0,0,0,0,0,0,0.0,0.0
2026-08-22T22:03:50.737Z,3.06,0,0,0,1,0,0,0.0,0.0
2026-08-22T22:03:50.737Z,3.06,0,0,0,2,0,0,0.0,0.0
2026-08-22T22:03:50.748Z,3.071,0,0,0,3,0,0,0.0,0.0
2026-08-22T22:03:50.769Z,3.092,0,0,0,4,0,0,0.0,0.0
2026-08-22T22:03:50.769Z,3.092,0,0,0,5,0,0,0.0,0.0
2026-08-22T22:03:50.780Z,3.103,0,0,0,0,0,0,0.0,0.0
2026-08-22T22:03:50.786Z,3.109,0,0,0,1,0,0,0.0,0.0
2026-08-22T22:03:50.801Z,3.124,0,0,0,2,0,0,0.0,0.0
2026-08-22T22:03:50.811Z,3.134,0,0,0,3,0,0,0.0,0.0
2026-08-22T22:03:50.815Z,3.138,0,0,0,4,0,0,0.0,0.0
2026-08-22T22:03:50.829Z,3.152,0,0,0,5,0,0,0.0,0.0
2026-08-22T22:03:50.838Z,3.161,0,0,0,0,0,0,0.0,0.0
2026-08-22T22:03:50.857Z,3.18,0,0,0,1,0,0,0.0,0.0
2026-08-22T22:03:50.869Z,3.192,0,0,0,2,0,0,0.0,0.0
2026-08-22T22:03:50.877Z,3.2,0,0,0,3,0,0,0.0,0.0
2026-08-22T22:03:50.879Z,3.202,0,0,0,4,0,0,0.0,0.0
2026-08-22T22:03:50.891Z,3.214,0,0,0,5,0,0,0.0,0.0
2026-08-22T22:03:50.897Z,3.22,0,0,0,0,0,0,0.0,0.0
2026-08-22T22:03:50.913Z,3.236,0,0,0,1,0,0,0.0,0.0
2026-08-22T22:03:50.923Z,3.246,0,0,0,2,0,0,0.0,0.0
2026-08-22T22:03:50.928Z,3.251,0,0,0,3,0,0,0.0,0.0
2026-08-22T22:03:50.943Z,3.266,0,0,0,4,0,0,0.0,0.0
2026-08-22T22:03:50.952Z,3.275,0,0,0,5,0,0,0.0,0.0
2026-08-22T22:03:50.956Z,3.279,0,0,0,0,0,0,0.0,0.0
2026-08-22T22:03:50.970Z,3.293,0,0,0,1,0,0,0.0,0.0
2026-08-22T22:03:50.978Z,3.301,0,0,0,2,0,0,0.0,0.0
2026-08-22T22:03:50.995Z,3.318,0,0,0,3,0,0,0.0,0.0
2026-08-22T22:03:51.008Z,3.331,0,0,0,4,0,0,0.0,0.0
2026-08-22T22:03:51.015Z,3.338,0,0,0,5,0,0,0.0,0.0
2026-08-22T22:03:51.015Z,3.338,0,0,0,0,0,0,0.0,0.0
2026-08-22T22:03:51.026Z,3.349,0,0,0,1,0,0,0.0,0.0
2026-08-22T22:03:51.046Z,3.369,0,0,0,2,0,0,0.0,0.0
2026-08-22T22:03:51.046Z,3.369,0,0,0,3,0,0,0.0,0.0
2026-08-22T22:03:51.057Z,3.38,0,0,0,4,0,0,0.0,0.0
2026-08-22T22:03:51.078Z,3.401,0,0,0,5,0,0,0.0,0.0
2026-08-22T22:03:51.078Z,3.401,0,0,0,0,0,0,0.0,0.0
2026-08-22T22:03:51.089Z,3.412,0,0,0,1,0,0,0.0,0.0
2026-08-22T22:03:51.109Z,3.432,0,0,0,2,0,0,0.0,0.0
2026-08-22T22:03:51.109Z,3.432,0,0,0,3,0,0,0.0,0.0
2026-08-22T22:03:51.120Z,3.443,0,0,0,4,0,0,0.0,0.0
2026-08-22T22:03:51.141Z,3.464,0,0,0,5,0,0,0.0,0.0
2026-08-22T22:03:51.141Z,3.464,0,0,0,0,0,0,0.0,0.0
2026-08-22T22:03:51.152Z,3.475,0,0,0,1,0,0,0.0,0.0
2026-08-22T22:03:51.172Z,3.495,0,0,0,2,0,0,0.0,0.0
2026-08-22T22:03:51.172Z,3.495,0,0,0,3,0,0,0.0,0.0
2026-08-22T22:03:51.183Z,3.506,0,0,0,4,0,0,0.0,0.0
2026-08-22T22:03:51.204Z,3.527,0,0,0,5,0,0,0.0,0.0
2026-08-22T22:03:51.204Z,3.527,0,0,0,0,0,0,0.0,0.0
2026-08-22T22:03:51.215Z,3.538,0,0,0,1,0,0,0.0,0.0
2026-08-22T22:03:51.235Z,3.558,0,0,0,2,0,0,0.0,0.0
2026-08-22T22:03:51.235Z,3.558,0,0,0,3,0,0,0.0,0.0
2026-08-22T22:03:51.246Z,3.569,0,0,0,4,0,0,0.0,0.0
2026-08-22T22:03:51.266Z,3.589,0,0,0,5,0,0,0.0,0.0
2026-08-22T22:03:51.266Z,3.589,0,0,0,0,0,0,0.0,0.0
2026-08-22T22:03:51.277Z,3.6,0,0,0,1,0,0,0.0,0.0
2026-08-22T22:03:51.298Z,3.621,0,0,0,2,0,0,0.0,0.0
2026-08-22T22:03:51.298Z,3.621,0,0,0,3,0,0,0.0,0.0
2026-08-22T22:03:51.309Z,3.632,0,0,0,4,0,0,0.0,0.0
2026-08-22T22:03:51.329Z,3.652,0,0,0,5,0,0,0.0,0.0
2026-08-22T22:03:51.330Z,3.653,0,0,0,0,0,0,0.0,0.0
2026-08-22T22:03:51.342Z,3.665,0,0,0,1,0,0,0.0,0.0
2026-08-22T22:03:51.363Z,3.686,0,0,0,2,0,0,0.0,0.0
2026-08-22T22:03:51.363Z,3.686,0,0,0,3,0,0,0.0,0.0
2026-08-22T22:03:51.373Z,3.696,0,0,0,4,0,0,0.0,0.0
2026-08-22T22:03:51.378Z,3.701,0,0,0,5,0,0,0.0,0.0
2026-08-22T22:03:51.393Z,3.716,0,0,0,0,0,0,0.0,0.0
2026-08-22T22:03:51.401Z,3.724,0,0,0,1,0,0,0.0,0.0
2026-08-22T22:03:51.420Z,3.743,0,0,0,2,0,0,0.0,0.0
2026-08-22T22:03:51.433Z,3.756,0,0,0,3,0,0,0.0,0.0
2026-08-22T22:03:51.441Z,3.764,0,0,0,4,0,0,0.0,0.0
2026-08-22T22:03:51.443Z,3.766,0,0,0,5,0,0,0.0,0.0
2026-08-22T22:03:51.454Z,3.777,0,0,0,0,0,0,0.0,0.0
2026-08-22T22:03:51.461Z,3.784,0,0,0,1,0,0,0.0,0.0
2026-08-22T22:03:51.478Z,3.801,0,0,0,2,0,0,0.0,0.0
2026-08-22T22:03:51.488Z,3.811,0,0,0,3,0,0,0.0,0.0
2026-08-22T22:03:51.494Z,3.817,0,0,0,4,0,0,0.0,0.0
2026-08-22T22:03:51.509Z,3.832,0,0,0,5,0,0,0.0,0.0
2026-08-22T22:03:51.519Z,3.842,0,0,0,0,0,0,0.0,0.0
2026-08-22T22:03:51.522Z,3.845,0,0,0,1,0,0,0.0,0.0
2026-08-22T22:03:51.536Z,3.859,0,0,0,2,0,0,0.0,0.0
2026-08-22T22:03:51.544Z,3.867,0,0,0,3,0,0,0.0,0.0
2026-08-22T22:03:51.563Z,3.886,0,0,0,4,0,0,0.0,0.0
2026-08-22T22:03:51.564Z,3.887,0,0,0,5,0,0,0.0,0.0
2026-08-22T22:03:51.575Z,3.898,0,0,0,0,0,0,0.0,0.0
2026-08-22T22:03:51.595Z,3.918,0,0,0,1,0,0,0.0,0.0
2026-08-22T22:03:51.596Z,3.919,0,0,0,2,0,0,0.0,0.0
2026-08-22T22:03:51.606Z,3.929,0,0,0,3,0,0,0.0,0.0
2026-08-22T22:03:51.627Z,3.95,0,0,0,4,0,0,0.0,0.0
2026-08-22T22:03:51.627Z,3.95,0,0,0,5,0,0,0.0,0.0
2026-08-22T22:03:51.638Z,3.961,0,0,0,0,0,0,0.0,0.0
2026-08-22T22:03:51.659Z,3.982,0,0,0,1,0,0,0.0,0.0
2026-08-22T22:03:51.659Z,3.982,0,0,0,2,0,0,0.0,0.0
2026-08-22T22:03:51.670Z,3.993,0,0,0,3,0,0,0.0,0.0
2026-08-22T22:03:51.690Z,4.013,0,0,0,4,0,0,0.0,0.0
2026-08-22T22:03:51.691Z,4.014,0,0,0,5,0,0,0.0,0.0
2026-08-22T22:03:51.701Z,4.024,0,0,0,0,0,0,0.0,0.0
2026-08-22T22:03:51.707Z,4.03,0,0,0,1,0,0,0.0,0.0
2026-08-22T22:03:51.723Z,4.046,0,0,0,2,0,0,0.0,0.0
2026-08-22T22:03:51.732Z,4.055,0,0,0,3,0,0,0.0,0.0
2026-08-22T22:03:51.737Z,4.06,0,0,0,4,0,0,0.0,0.0
2026-08-22T22:03:51.752Z,4.075,0,0,0,5,0,0,0.0,0.0
2026-08-22T22:03:51.760Z,4.083,0,0,0,0,0,0,0.0,0.0
2026-08-22T22:03:51.779Z,4.102,0,0,0,1,0,0,0.0,0.0
2026-08-22T22:03:51.792Z,4.115,0,0,0,2,0,0,0.0,0.0
2026-08-22T22:03:51.799Z,4.122,0,0,0,3,0,0,0.0,0.0
2026-08-22T22:03:51.801Z,4.124,0,0,0,4,0,0,0.0,0.0
2026-08-22T22:03:51.812Z,4.135,0,0,0,5,0,0,0.0,0.0
2026-08-22T22:03:51.818Z,4.141,0,0,0,0,0,0,0.0,0.0
2026-08-22T22:03:51.834Z,4.157,0,0,0,1,0,0,0.0,0.0
2026-08-22T22:03:51.844Z,4.167,0,0,0,2,0,0,0.0,0.0
2026-08-22T22:03:51.849Z,4.172,0,0,0,3,0,0,0.0,0.0
2026-08-22T22:03:51.864Z,4.187,0,0,0,4,0,0,0.0,0.0
2026-08-22T22:03:51.874Z,4.197,0,0,0,5,0,0,0.0,0.0
2026-08-22T22:03:51.877Z,4.2,0,0,0,0,0,0,0.0,0.0
2026-08-22T22:03:51.891Z,4.214,0,0,0,1,0,0,0.0,0.0
2026-08-22T22:03:51.899Z,4.222,0,0,0,2,0,0,0.0,0.0
2026-08-22T22:03:51.916Z,4.239,0,0,0,3,0,0,0.0,0.0
2026-08-22T22:03:51.929Z,4.252,0,0,0,4,0,0,0.0,0.0
2026-08-22T22:03:51.936Z,4.259,0,0,0,5,0,0,0.0,0.0
2026-08-22T22:03:51.937Z,4.26,0,0,0,0,0,0,0.0,0.0
2026-08-22T22:03:51.947Z,4.27,0,0,0,1,0,0,0.0,0.0
2026-08-22T22:03:51.967Z,4.29,0,0,0,2,0,0,0.0,0.0
2026-08-22T22:03:51.967Z,4.29,0,0,0,3,0,0,0.0,0.0
2026-08-22T22:03:51.978Z,4.301,0,0,0,4,0,0,0.0,0.0
2026-08-22T22:03:51.999Z,4.322,0,0,0,5,0,0,0.0,0.0
2026-08-22T22:03:51.999Z,4.322,0,0,0,0,0,0,0.0,0.0
2026-08-22T22:03:52.010Z,4.333,0,0,0,1,0,0,0.0,0.0
2026-08-22T22:03:52.031Z,4.354,0,0,0,2,0,0,0.0,0.0
2026-08-22T22:03:52.031Z,4.354,0,0,0,3,0,0,0.0,0.0
2026-08-22T22:03:52.041Z,4.364,0,0,0,4,0,0,0.0,0.0
2026-08-22T22:03:52.061Z,4.384,0,0,0,5,0,0,0.0,0.0
2026-08-22T22:03:52.061Z,4.384,0,0,0,0,0,0,0.0,0.0
2026-08-22T22:03:52.072Z,4.395,0,0,0,1,0,0,0.0,0.0
2026-08-22T22:03:52.093Z,4.416,0,0,0,2,0,0,0.0,0.0
2026-08-22T22:03:52.093Z,4.416,0,0,0,3,0,0,0.0,0.0
2026-08-22T22:03:52.104Z,4.427,0,0,0,4,0,0,0.0,0.0
2026-08-22T22:03:52.124Z,4.447,0,0,0,5,0,0,0.0,0.0
2026-08-22T22:03:52.124Z,4.447,0,0,0,0,0,0,0.0,0.0
2026-08-22T22:03:52.136Z,4.459,0,0,0,1,0,0,0.0,0.0
2026-08-22T22:03:52.156Z,4.479,0,0,0,2,0,0,0.0,0.0
2026-08-22T22:03:52.156Z,4.479,0,0,0,3,0,0,0.0,0.0
2026-08-22T22:03:52.167Z,4.49,0,0,0,4,0,0,0.0,0.0
2026-08-22T22:03:52.187Z,4.51,0,0,0,5,0,0,0.0,0.0
2026-08-22T22:03:52.188Z,4.511,0,0,0,0,0,0,0.0,0.0
2026-08-22T22:03:52.199Z,4.522,0,0,0,1,0,0,0.0,0.0
2026-08-22T22:03:52.220Z,4.543,0,0,0,2,0,0,0.0,0.0
2026-08-22T22:03:52.220Z,4.543,0,0,0,3,0,0,0.0,0.0
2026-08-22T22:03:52.231Z,4.554,0,0,0,4,0,0,0.0,0.0
2026-08-22T22:03:52.252Z,4.575,0,0,0,5,0,0,0.0,0.0
2026-08-22T22:03:52.252Z,4.575,0,0,0,0,0,0,0.0,0.0
2026-08-22T22:03:52.264Z,4.587,0,0,0,1,0,0,0.0,0.0
2026-08-22T22:03:52.269Z,4.592,0,0,0,2,0,0,0.0,0.0
2026-08-22T22:03:52.284Z,4.607,0,0,0,3,0,0,0.0,0.0
2026-08-22T22:03:52.294Z,4.617,0,0,0,4,0,0,0.0,0.0
2026-08-22T22:03:52.314Z,4.637,0,0,0,5,0,0,0.0,0.0
2026-08-22T22:03:52.314Z,4.637,0,0,0,0,0,0,0.0,0.0
2026-08-22T22:03:52.324Z,4.647,0,0,0,1,0,0,0.0,0.0
2026-08-22T22:03:52.344Z,4.667,0,0,0,2,0,0,0.0,0.0
2026-08-22T22:03:52.344Z,4.667,0,0,0,3,0,0,0.0,0.0
2026-08-22T22:03:52.355Z,4.678,0,0,0,4,0,0,0.0,0.0
2026-08-22T22:03:52.376Z,4.699,0,0,0,5,0,0,0.0,0.0
2026-08-22T22:03:52.376Z,4.699,0,0,0,0,0,0,0.0,0.0
2026-08-22T22:03:52.386Z,4.709,0,0,0,1,0,0,0.0,0.0
2026-08-22T22:03:52.407Z,4.73,0,0,0,2,0,0,0.0,0.0
2026-08-22T22:03:52.407Z,4.73,0,0,0,3,0,0,0.0,0.0
2026-08-22T22:03:52.418Z,4.741,0,0,0,4,0,0,0.0,0.0
2026-08-22T22:03:52.438Z,4.761,0,0,0,5,0,0,0.0,0.0
2026-08-22T22:03:52.438Z,4.761,0,0,0,0,0,0,0.0,0.0
2026-08-22T22:03:52.449Z,4.772,0,0,0,1,0,0,0.0,0.0
2026-08-22T22:03:52.469Z,4.792,0,0,0,2,0,0,0.0,0.0
2026-08-22T22:03:52.469Z,4.792,0,0,0,3,0,0,0.0,0.0
2026-08-22T22:03:52.480Z,4.803,0,0,0,4,0,0,0.0,0.0
2026-08-22T22:03:52.501Z,4.824,0,0,0,5,0,0,0.0,0.0
2026-08-22T22:03:52.501Z,4.824,0,0,0,0,0,0,0.0,0.0
2026-08-22T22:03:52.512Z,4.835,0,0,0,1,0,0,0.0,0.0
2026-08-22T22:03:52.532Z,4.855,0,0,0,2,0,0,0.0,0.0
2026-08-22T22:03:52.532Z,4.855,0,0,0,3,0,0,0.0,0.0
2026-08-22T22:03:52.543Z,4.866,0,0,0,4,0,0,0.0,0.0
2026-08-22T22:03:52.563Z,4.886,0,0,0,5,0,0,0.0,0.0
2026-08-22T22:03:52.563Z,4.886,0,0,0,0,0,0,0.0,0.0
2026-08-22T22:03:52.574Z,4.897,0,0,0,1,0,0,0.0,0.0
2026-08-22T22:03:52.595Z,4.918,0,0,0,2,0,0,0.0,0.0
2026-08-22T22:03:52.595Z,4.918,0,0,0,3,0,0,0.0,0.0
2026-08-22T22:03:52.606Z,4.929,0,0,0,4,0,0,0.0,0.0
2026-08-22T22:03:52.627Z,4.95,0,0,0,5,0,0,0.0,0.0
2026-08-22T22:03:52.627Z,4.95,0,0,0,0,0,0,0.0,0.0
2026-08-22T22:03:52.637Z,4.96,0,0,0,1,0,0,0.0,0.0
2026-08-22T22:03:52.658Z,4.981,0,0,0,2,0,0,0.0,0.0
2026-08-22T22:03:52.658Z,4.981,0,0,0,3,0,0,0.0,0.0
2026-08-22T22:03:52.669Z,4.992,0,0,0,4,0,0,0.0,0.0
2026-08-22T22:03:52.690Z,5.013,0,0,0,5,0,0,0.0,0.0
2026-08-22T22:03:52.690Z,5.013,0,0,0,0,0,0,0.0,0.0
2026-08-22T22:03:52.700Z,5.023,0,0,0,1,0,0,0.0,0.0
2026-08-22T22:03:52.721Z,5.044,0,0,0,2,0,0,0.0,0.0
2026-08-22T22:03:52.721Z,5.044,0,0,0,3,0,0,0.0,0.0
2026-08-22T22:03:52.732Z,5.055,0,0,0,4,0,0,0.0,0.0
2026-08-22T22:03:52.752Z,5.075,0,0,0,5,0,0,0.0,0.0
2026-08-22T22:03:52.752Z,5.075,0,0,0,0,0,0,0.0,0.0
2026-08-22T22:03:52.763Z,5.086,0,0,0,1,0,0,0.0,0.0
2026-08-22T22:03:52.784Z,5.107,0,0,0,2,0,0,0.0,0.0
2026-08-22T22:03:52.784Z,5.107,0,0,0,3,0,0,0.0,0.0
2026-08-22T22:03:52.794Z,5.117,0,0,0,4,0,0,0.0,0.0
2026-08-22T22:03:52.815Z,5.138,0,0,0,5,0,0,0.0,0.0
2026-08-22T22:03:52.815Z,5.138,0,0,0,0,0,0,0.0,0.0
2026-08-22T22:03:52.826Z,5.149,0,0,0,1,0,0,0.0,0.0
2026-08-22T22:03:52.846Z,5.169,0,0,0,2,0,0,0.0,0.0
2026-08-22T22:03:52.846Z,5.169,0,0,0,3,0,0,0.0,0.0
2026-08-22T22:03:52.857Z,5.18,0,0,0,4,0,0,0.0,0.0
2026-08-22T22:03:52.878Z,5.201,0,0,0,5,0,0,0.0,0.0
2026-08-22T22:03:52.878Z,5.201,0,0,0,0,0,0,0.0,0.0
2026-08-22T22:03:52.888Z,5.211,0,0,0,1,0,0,0.0,0.0
2026-08-22T22:03:52.909Z,5.232,0,0,0,2,0,0,0.0,0.0
2026-08-22T22:03:52.909Z,5.232,0,0,0,3,0,0,0.0,0.0
2026-08-22T22:03:52.920Z,5.243,0,0,0,4,0,0,0.0,0.0
2026-08-22T22:03:52.940Z,5.263,0,0,0,5,0,0,0.0,0.0
2026-08-22T22:03:52.940Z,5.263,0,0,0,0,0,0,0.0,0.0
2026-08-22T22:03:52.951Z,5.274,0,0,0,1,0,0,0.0,0.0
2026-08-22T22:03:52.971Z,5.294,0,0,0,2,0,0,0.0,0.0
2026-08-22T22:03:52.971Z,5.294,0,0,0,3,0,0,0.0,0.0
2026-08-22T22:03:52.982Z,5.305,0,0,0,4,0,0,0.0,0.0
2026-08-22T22:03:53.003Z,5.326,0,0,0,5,0,0,0.0,0.0
2026-08-22T22:03:53.003Z,5.326,0,0,0,0,0,0,0.0,0.0
2026-08-22T22:03:53.014Z,5.337,0,0,0,1,0,0,0.0,0.0
2026-08-22T22:03:53.034Z,5.357,0,0,0,2,0,0,0.0,0.0
2026-08-22T22:03:53.034Z,5.357,0,0,0,3,0,0,0.0,0.0
2026-08-22T22:03:53.045Z,5.368,0,0,0,4,0,0,0.0,0.0
2026-08-22T22:03:53.066Z,5.389,0,0,0,5,0,0,0.0,0.0
2026-08-22T22:03:53.066Z,5.389,0,0,0,0,0,0,0.0,0.0
2026-08-22T22:03:53.076Z,5.399,0,0,0,1,0,0,0.0,0.0
2026-08-22T22:03:53.097Z,5.42,0,0,0,2,0,0,0.0,0.0
2026-08-22T22:03:53.097Z,5.42,0,0,0,3,0,0,0.0,0.0
2026-08-22T22:03:53.108Z,5.431,0,0,0,4,0,0,0.0,0.0
2026-08-22T22:03:53.113Z,5.436,0,0,0,5,0,0,0.0,0.0
2026-08-22T22:03:53.128Z,5.451,0,0,0,0,0,0,0.0,0.0
2026-08-22T22:03:53.138Z,5.461,0,0,0,1,0,0,0.0,0.0
2026-08-22T22:03:53.157Z,5.48,0,0,0,2,0,0,0.0,0.0
2026-08-22T22:03:53.157Z,5.48,0,0,0,3,0,0,0.0,0.0
2026-08-22T22:03:53.168Z,5.491,0,0,0,4,0,0,0.0,0.0
2026-08-22T22:03:53.189Z,5.512,0,0,0,5,0,0,0.0,0.0
2026-08-22T22:03:53.189Z,5.512,0,0,0,0,0,0,0.0,0.0
2026-08-22T22:03:53.200Z,5.523,0,0,0,1,0,0,0.0,0.0
2026-08-22T22:03:53.220Z,5.543,0,0,0,2,0,0,0.0,0.0
2026-08-22T22:03:53.220Z,5.543,0,0,0,3,0,0,0.0,0.0
2026-08-22T22:03:53.231Z,5.554,0,0,0,4,0,0,0.0,0.0
2026-08-22T22:03:53.251Z,5.574,0,0,0,5,0,0,0.0,0.0
2026-08-22T22:03:53.251Z,5.574,0,0,0,0,0,0,0.0,0.0
2026-08-22T22:03:53.262Z,5.585,0,0,0,1,0,0,0.0,0.0
2026-08-22T22:03:53.282Z,5.605,0,0,0,2,0,0,0.0,0.0
2026-08-22T22:03:53.282Z,5.605,0,0,0,3,0,0,0.0,0.0
2026-08-22T22:03:53.293Z,5.616,0,0,0,4,0,0,0.0,0.0
2026-08-22T22:03:53.314Z,5.637,0,0,0,5,0,0,0.0,0.0
2026-08-22T22:03:53.314Z,5.637,0,0,0,0,0,0,0.0,0.0
2026-08-22T22:03:53.325Z,5.648,0,0,0,1,0,0,0.0,0.0
2026-08-22T22:03:53.346Z,5.669,0,0,0,2,0,0,0.0,0.0
2026-08-22T22:03:53.346Z,5.669,0,0,0,3,0,0,0.0,0.0
2026-08-22T22:03:53.356Z,5.679,0,0,0,4,0,0,0.0,0.0
2026-08-22T22:03:53.377Z,5.7,0,0,0,5,0,0,0.0,0.0
2026-08-22T22:03:53.377Z,5.7,0,0,0,0,0,0,0.0,0.0
2026-08-22T22:03:53.388Z,5.711,0,0,0,1,0,0,0.0,0.0
2026-08-22T22:03:53.408Z,5.731,0,0,0,2,0,0,0.0,0.0
2026-08-22T22:03:53.408Z,5.731,0,0,0,3,0,0,0.0,0.0
2026-08-22T22:03:53.419Z,5.742,0,0,0,4,0,0,0.0,0.0
2026-08-22T22:03:53.440Z,5.763,0,0,0,5,0,0,0.0,0.0
2026-08-22T22:03:53.440Z,5.763,0,0,0,0,0,0,0.0,0.0
2026-08-22T22:03:53.450Z,5.773,0,0,0,1,0,0,0.0,0.0
2026-08-22T22:03:53.471Z,5.794,0,0,0,2,0,0,0.0,0.0
2026-08-22T22:03:53.471Z,5.794,0,0,0,3,0,0,0.0,0.0
2026-08-22T22:03:53.482Z,5.805,0,0,0,4,0,0,0.0,0.0
2026-08-22T22:03:53.503Z,5.826,0,0,0,5,0,0,0.0,0.0
2026-08-22T22:03:53.503Z,5.826,0,0,0,0,0,0,0.0,0.0
2026-08-22T22:03:53.513Z,5.836,0,0,0,1,0,0,0.0,0.0
2026-08-22T22:03:53.534Z,5.857,0,0,0,2,0,0,0.0,0.0
2026-08-22T22:03:53.534Z,5.857,0,0,0,3,0,0,0.0,0.0
2026-08-22T22:03:53.545Z,5.868,0,0,0,4,0,0,0.0,0.0
2026-08-22T22:03:53.566Z,5.889,0,0,0,5,0,0,0.0,0.0
2026-08-22T22:03:53.566Z,5.889,0,0,0,0,0,0,0.0,0.0
2026-08-22T22:03:53.576Z,5.899,0,0,0,1,0,0,0.0,0.0
2026-08-22T22:03:53.582Z,5.905,0,0,0,2,0,0,0.0,0.0
2026-08-22T22:03:53.597Z,5.92,0,0,0,3,0,0,0.0,0.0
2026-08-22T22:03:53.607Z,5.93,0,0,0,4,0,0,0.0,0.0
2026-08-22T22:03:53.626Z,5.949,0,0,0,5,0,0,0.0,0.0
2026-08-22T22:03:53.626Z,5.949,0,0,0,0,0,0,0.0,0.0
2026-08-22T22:03:53.637Z,5.96,0,0,0,1,0,0,0.0,0.0
2026-08-22T22:03:53.657Z,5.98,0,0,0,2,0,0,0.0,0.0
2026-08-22T22:03:53.657Z,5.98,0,0,0,3,0,0,0.0,0.0
2026-08-22T22:03:53.668Z,5.991,0,0,0,4,0,0,0.0,0.0
2026-08-22T22:03:53.688Z,6.011,0,0,0,5,0,0,0.0,0.0
2026-08-22T22:03:53.688Z,6.011,0,0,0,0,0,0,0.0,0.0
2026-08-22T22:03:53.699Z,6.022,0,0,0,1,0,0,0.0,0.0
2026-08-22T22:03:53.720Z,6.043,0,0,0,2,0,0,0.0,0.0
2026-08-22T22:03:53.720Z,6.043,0,0,0,3,0,0,0.0,0.0
2026-08-22T22:03:53.730Z,6.053,0,0,0,4,0,0,0.0,0.0
2026-08-22T22:03:53.751Z,6.074,0,0,0,5,0,0,0.0,0.0
2026-08-22T22:03:53.751Z,6.074,0,0,0,0,0,0,0.0,0.0
2026-08-22T22:03:53.762Z,6.085,0,0,0,1,0,0,0.0,0.0
2026-08-22T22:03:53.782Z,6.105,0,0,0,2,0,0,0.0,0.0
2026-08-22T22:03:53.782Z,6.105,0,0,0,3,0,0,0.0,0.0
2026-08-22T22:03:53.794Z,6.117,0,0,0,4,0,0,0.0,0.0
2026-08-22T22:03:53.814Z,6.137,0,0,0,5,0,0,0.0,0.0
2026-08-22T22:03:53.814Z,6.137,0,0,0,0,0,0,0.0,0.0
2026-08-22T22:03:53.824Z,6.147,0,0,0,1,0,0,0.0,0.0
2026-08-22T22:03:53.845Z,6.168,0,0,0,2,0,0,0.0,0.0
2026-08-22T22:03:53.845Z,6.168,0,0,0,3,0,0,0.0,0.0
2026-08-22T22:03:53.856Z,6.179,0,0,0,4,0,0,0.0,0.0
2026-08-22T22:03:53.877Z,6.2,0,0,0,5,0,0,0.0,0.0
2026-08-22T22:03:53.877Z,6.2,0,0,0,0,0,0,0.0,0.0
2026-08-22T22:03:53.887Z,6.21,0,0,0,1,0,0,0.0,0.0
2026-08-22T22:03:53.908Z,6.231,0,0,0,2,0,0,0.0,0.0
2026-08-22T22:03:53.908Z,6.231,0,0,0,3,0,0,0.0,0.0
2026-08-22T22:03:53.918Z,6.241,0,0,0,4,0,0,0.0,0.0
2026-08-22T22:03:53.939Z,6.262,0,0,0,5,0,0,0.0,0.0
2026-08-22T22:03:53.939Z,6.262,0,0,0,0,0,0,0.0,0.0
2026-08-22T22:03:53.950Z,6.273,0,0,0,1,0,0,0.0,0.0
2026-08-22T22:03:53.971Z,6.294,0,0,0,2,0,0,0.0,0.0
2026-08-22T22:03:53.971Z,6.294,0,0,0,3,0,0,0.0,0.0
2026-08-22T22:03:53.981Z,6.304,0,0,0,4,0,0,0.0,0.0
2026-08-22T22:03:54.002Z,6.325,0,0,0,5,0,0,0.0,0.0
2026-08-22T22:03:54.002Z,6.325,0,0,0,0,0,0,0.0,0.0
2026-08-22T22:03:54.013Z,6.336,0,0,0,1,0,0,0.0,0.0
2026-08-22T22:03:54.033Z,6.356,0,0,0,2,0,0,0.0,0.0
2026-08-22T22:03:54.033Z,6.356,0,0,0,3,0,0,0.0,0.0
2026-08-22T22:03:54.044Z,6.367,0,0,0,4,0,0,0.0,0.0
2026-08-22T22:03:54.065Z,6.388,0,0,0,5,0,0,0.0,0.0
2026-08-22T22:03:54.065Z,6.388,0,0,0,0,0,0,0.0,0.0
2026-08-22T22:03:54.076Z,6.399,0,0,0,1,0,0,0.0,0.0
2026-08-22T22:03:54.083Z,6.406,0,0,0,2,0,0,0.0,0.0
2026-08-22T22:03:54.099Z,6.422,0,0,0,3,0,0,0.0,0.0
2026-08-22T22:03:54.108Z,6.431,0,0,0,4,0,0,0.0,0.0
2026-08-22T22:03:54.113Z,6.436,0,0,0,5,0,0,0.0,0.0
2026-08-22T22:03:54.128Z,6.451,0,0,0,0,0,0,0.0,0.0
2026-08-22T22:03:54.136Z,6.459,0,0,0,1,0,0,0.0,0.0
2026-08-22T22:03:54.155Z,6.478,0,0,0,2,0,0,0.0,0.0
2026-08-22T22:03:54.155Z,6.478,0,0,0,3,0,0,0.0,0.0
2026-08-22T22:03:54.166Z,6.489,0,0,0,4,0,0,0.0,0.0
2026-08-22T22:03:54.186Z,6.509,0,0,0,5,0,0,0.0,0.0
2026-08-22T22:03:54.186Z,6.509,0,0,0,0,0,0,0.0,0.0
2026-08-22T22:03:54.197Z,6.52,0,0,0,1,0,0,0.0,0.0
2026-08-22T22:03:54.218Z,6.541,0,0,0,2,0,0,0.0,0.0
2026-08-22T22:03:54.218Z,6.541,0,0,0,3,0,0,0.0,0.0
2026-08-22T22:03:54.229Z,6.552,0,0,0,4,0,0,0.0,0.0
2026-08-22T22:03:54.249Z,6.572,0,0,0,5,0,0,0.0,0.0
2026-08-22T22:03:54.249Z,6.572,0,0,0,0,0,0,0.0,0.0
2026-08-22T22:03:54.260Z,6.583,0,0,0,1,0,0,0.0,0.0
2026-08-22T22:03:54.281Z,6.604,0,0,0,2,0,0,0.0,0.0
2026-08-22T22:03:54.281Z,6.604,0,0,0,3,0,0,0.0,0.0
2026-08-22T22:03:54.291Z,6.614,0,0,0,4,0,0,0.0,0.0
2026-08-22T22:03:54.312Z,6.635,0,0,0,5,0,0,0.0,0.0
2026-08-22T22:03:54.312Z,6.635,0,0,0,0,0,0,0.0,0.0
2026-08-22T22:03:54.323Z,6.646,0,0,0,1,0,0,0.0,0.0
2026-08-22T22:03:54.343Z,6.666,0,0,0,2,0,0,0.0,0.0
2026-08-22T22:03:54.343Z,6.666,0,0,0,3,0,0,0.0,0.0
2026-08-22T22:03:54.354Z,6.677,0,0,0,4,0,0,0.0,0.0
2026-08-22T22:03:54.375Z,6.698,0,0,0,5,0,0,0.0,0.0
2026-08-22T22:03:54.375Z,6.698,0,0,0,0,0,0,0.0,0.0
2026-08-22T22:03:54.385Z,6.708,0,0,0,1,0,0,0.0,0.0
2026-08-22T22:03:54.406Z,6.729,0,0,0,2,0,0,0.0,0.0
2026-08-22T22:03:54.406Z,6.729,0,0,0,3,0,0,0.0,0.0
2026-08-22T22:03:54.417Z,6.74,0,0,0,4,0,0,0.0,0.0
2026-08-22T22:03:54.438Z,6.761,0,0,0,5,0,0,0.0,0.0
2026-08-22T22:03:54.438Z,6.761,0,0,0,0,0,0,0.0,0.0
2026-08-22T22:03:54.448Z,6.771,0,0,0,1,0,0,0.0,0.0
2026-08-22T22:03:54.469Z,6.792,0,0,0,2,0,0,0.0,0.0
2026-08-22T22:03:54.469Z,6.792,0,0,0,3,0,0,0.0,0.0
2026-08-22T22:03:54.480Z,6.803,0,0,0,4,0,0,0.0,0.0
2026-08-22T22:03:54.501Z,6.824,0,0,0,5,0,0,0.0,0.0
2026-08-22T22:03:54.501Z,6.824,0,0,0,0,0,0,0.0,0.0
2026-08-22T22:03:54.511Z,6.834,0,0,0,1,0,0,0.0,0.0
2026-08-22T22:03:54.532Z,6.855,0,0,0,2,0,0,0.0,0.0
2026-08-22T22:03:54.532Z,6.855,0,0,0,3,0,0,0.0,0.0
2026-08-22T22:03:54.543Z,6.866,0,0,0,4,0,0,0.0,0.0
2026-08-22T22:03:54.563Z,6.886,0,0,0,5,0,0,0.0,0.0
2026-08-22T22:03:54.563Z,6.886,0,0,0,0,0,0,0.0,0.0
2026-08-22T22:03:54.574Z,6.897,0,0,0,1,0,0,0.0,0.0
2026-08-22T22:03:54.594Z,6.917,0,0,0,2,0,0,0.0,0.0
2026-08-22T22:03:54.594Z,6.917,0,0,0,3,0,0,0.0,0.0
2026-08-22T22:03:54.605Z,6.928,0,0,0,4,0,0,0.0,0.0
2026-08-22T22:03:54.626Z,6.949,0,0,0,5,0,0,0.0,0.0
2026-08-22T22:03:54.626Z,6.949,0,0,0,0,0,0,0.0,0.0
2026-08-22T22:03:54.637Z,6.96,0,0,0,1,0,0,0.0,0.0
2026-08-22T22:03:54.657Z,6.98,0,0,0,2,0,0,0.0,0.0
2026-08-22T22:03:54.657Z,6.98,0,0,0,3,0,0,0.0,0.0
2026-08-22T22:03:54.668Z,6.991,0,0,0,4,0,0,0.0,0.0
2026-08-22T22:03:54.689Z,7.012,0,0,0,5,0,0,0.0,0.0
2026-08-22T22:03:54.689Z,7.012,0,0,0,0,0,0,0.0,0.0
2026-08-22T22:03:54.700Z,7.023,0,0,0,1,0,0,0.0,0.0
2026-08-22T22:03:54.721Z,7.044,0,0,0,2,0,0,0.0,0.0
2026-08-22T22:03:54.721Z,7.044,0,0,0,3,0,0,0.0,0.0
2026-08-22T22:03:54.732Z,7.055,0,0,0,4,0,0,0.0,0.0
2026-08-22T22:03:54.752Z,7.075,0,0,0,5,0,0,0.0,0.0
2026-08-22T22:03:54.752Z,7.075,0,0,0,0,0,0,0.0,0.0
2026-08-22T22:03:54.764Z,7.087,0,0,0,1,0,0,0.0,0.0
2026-08-22T22:03:54.770Z,7.093,0,0,0,2,0,0,0.0,0.0
2026-08-22T22:03:54.784Z,7.107,0,0,0,3,0,0,0.0,0.0
2026-08-22T22:03:54.794Z,7.117,0,0,0,4,0,0,0.0,0.0
2026-08-22T22:03:54.814Z,7.137,0,0,0,5,0,0,0.0,0.0
2026-08-22T22:03:54.814Z,7.137,0,0,0,0,0,0,0.0,0.0
2026-08-22T22:03:54.825Z,7.148,0,0,0,1,0,0,0.0,0.0
2026-08-22T22:03:54.846Z,7.169,0,0,0,2,0,0,0.0,0.0
2026-08-22T22:03:54.846Z,7.169,0,0,0,3,0,0,0.0,0.0
2026-08-22T22:03:54.857Z,7.18,0,0,0,4,0,0,0.0,0.0
2026-08-22T22:03:54.878Z,7.201,0,0,0,5,0,0,0.0,0.0
2026-08-22T22:03:54.878Z,7.201,0,0,0,0,0,0,0.0,0.0
2026-08-22T22:03:54.889Z,7.212,0,0,0,1,0,0,0.0,0.0
2026-08-22T22:03:54.909Z,7.232,0,0,0,2,0,0,0.0,0.0
2026-08-22T22:03:54.909Z,7.232,0,0,0,3,0,0,0.0,0.0
2026-08-22T22:03:54.920Z,7.243,0,0,0,4,0,0,0.0,0.0
2026-08-22T22:03:54.925Z,7.248,0,0,0,5,0,0,0.0,0.0
2026-08-22T22:03:54.939Z,7.262,0,0,0,0,0,0,0.0,0.0
2026-08-22T22:03:54.948Z,7.271,0,0,0,1,0,0,0.0,0.0
2026-08-22T22:03:54.967Z,7.29,0,0,0,2,0,0,0.0,0.0
2026-08-22T22:03:54.967Z,7.29,0,0,0,3,0,0,0.0,0.0
2026-08-22T22:03:54.978Z,7.301,0,0,0,4,0,0,0.0,0.0
2026-08-22T22:03:54.998Z,7.321,0,0,0,5,0,0,0.0,0.0
2026-08-22T22:03:54.998Z,7.321,0,0,0,0,0,0,0.0,0.0
2026-08-22T22:03:55.010Z,7.333,0,0,0,1,0,0,0.0,0.0
2026-08-22T22:03:55.031Z,7.354,0,0,0,2,0,0,0.0,0.0
2026-08-22T22:03:55.031Z,7.354,0,0,0,3,0,0,0.0,0.0
2026-08-22T22:03:55.041Z,7.364,0,0,0,4,0,0,0.0,0.0
2026-08-22T22:03:55.062Z,7.385,0,0,0,5,0,0,0.0,0.0
2026-08-22T22:03:55.062Z,7.385,0,0,0,0,0,0,0.0,0.0
2026-08-22T22:03:55.073Z,7.396,0,0,0,1,0,0,0.0,0.0
2026-08-22T22:03:55.094Z,7.417,0,0,0,2,0,0,0.0,0.0
2026-08-22T22:03:55.094Z,7.417,0,0,0,3,0,0,0.0,0.0
2026-08-22T22:03:55.105Z,7.428,0,0,0,4,0,0,0.0,0.0
2026-08-22T22:03:55.126Z,7.449,0,0,0,5,0,0,0.0,0.0
2026-08-22T22:03:55.126Z,7.449,0,0,0,0,0,0,0.0,0.0
2026-08-22T22:03:55.136Z,7.459,0,0,0,1,0,0,0.0,0.0
2026-08-22T22:03:55.157Z,7.48,0,0,0,2,0,0,0.0,0.0
2026-08-22T22:03:55.157Z,7.48,0,0,0,3,0,0,0.0,0.0
2026-08-22T22:03:55.167Z,7.49,0,0,0,4,0,0,0.0,0.0
2026-08-22T22:03:55.188Z,7.511,0,0,0,5,0,0,0.0,0.0
2026-08-22T22:03:55.188Z,7.511,0,0,0,0,0,0,0.0,0.0
2026-08-22T22:03:55.199Z,7.522,0,0,0,1,0,0,0.0,0.0
2026-08-22T22:03:55.219Z,7.542,0,0,0,2,0,0,0.0,0.0
2026-08-22T22:03:55.219Z,7.542,0,0,0,3,0,0,0.0,0.0
2026-08-22T22:03:55.231Z,7.554,0,0,0,4,0,0,0.0,0.0
2026-08-22T22:03:55.251Z,7.574,0,0,0,5,0,0,0.0,0.0
2026-08-22T22:03:55.251Z,7.574,0,0,0,0,0,0,0.0,0.0
2026-08-22T22:03:55.263Z,7.586,0,0,0,1,0,0,0.0,0.0
2026-08-22T22:03:55.283Z,7.606,0,0,0,2,0,0,0.0,0.0
2026-08-22T22:03:55.283Z,7.606,0,0,0,3,0,0,0.0,0.0
2026-08-22T22:03:55.294Z,7.617,0,0,0,4,0,0,0.0,0.0
2026-08-22T22:03:55.315Z,7.638,0,0,0,5,0,0,0.0,0.0
2026-08-22T22:03:55.315Z,7.638,0,0,0,0,0,0,0.0,0.0
2026-08-22T22:03:55.326Z,7.649,0,0,0,1,0,0,0.0,0.0
2026-08-22T22:03:55.346Z,7.669,0,0,0,2,0,0,0.0,0.0
2026-08-22T22:03:55.346Z,7.669,0,0,0,3,0,0,0.0,0.0
2026-08-22T22:03:55.357Z,7.68,0,0,0,4,0,0,0.0,0.0
2026-08-22T22:03:55.377Z,7.7,0,0,0,5,0,0,0.0,0.0
2026-08-22T22:03:55.377Z,7.7,0,0,0,0,0,0,0.0,0.0
2026-08-22T22:03:55.388Z,7.711,0,0,0,1,0,0,0.0,0.0
2026-08-22T22:03:55.409Z,7.732,0,0,0,2,0,0,0.0,0.0
2026-08-22T22:03:55.409Z,7.732,0,0,0,3,0,0,0.0,0.0
2026-08-22T22:03:55.419Z,7.742,0,0,0,4,0,0,0.0,0.0
2026-08-22T22:03:55.440Z,7.763,0,0,0,5,0,0,0.0,0.0
2026-08-22T22:03:55.440Z,7.763,0,0,0,0,0,0,0.0,0.0
2026-08-22T22:03:55.450Z,7.773,0,0,0,1,0,0,0.0,0.0
2026-08-22T22:03:55.471Z,7.794,0,0,0,2,0,0,0.0,0.0
2026-08-22T22:03:55.471Z,7.794,0,0,0,3,0,0,0.0,0.0
2026-08-22T22:03:55.482Z,7.805,0,0,0,4,0,0,0.0,0.0
2026-08-22T22:03:55.503Z,7.826,0,0,0,5,0,0,0.0,0.0
2026-08-22T22:03:55.503Z,7.826,0,0,0,0,0,0,0.0,0.0
2026-08-22T22:03:55.513Z,7.836,0,0,0,1,0,0,0.0,0.0
2026-08-22T22:03:55.534Z,7.857,0,0,0,2,0,0,0.0,0.0
2026-08-22T22:03:55.534Z,7.857,0,0,0,3,0,0,0.0,0.0
2026-08-22T22:03:55.544Z,7.867,0,0,0,4,0,0,0.0,0.0
2026-08-22T22:03:55.565Z,7.888,0,0,0,5,0,0,0.0,0.0
2026-08-22T22:03:55.565Z,7.888,0,0,0,0,0,0,0.0,0.0
2026-08-22T22:03:55.576Z,7.899,0,0,0,1,0,0,0.0,0.0
2026-08-22T22:03:55.596Z,7.919,0,0,0,2,0,0,0.0,0.0
2026-08-22T22:03:55.596Z,7.919,0,0,0,3,0,0,0.0,0.0
2026-08-22T22:03:55.607Z,7.93,0,0,0,4,0,0,0.0,0.0
2026-08-22T22:03:55.628Z,7.951,0,0,0,5,0,0,0.0,0.0
2026-08-22T22:03:55.628Z,7.951,0,0,0,0,0,0,0.0,0.0
2026-08-22T22:03:55.639Z,7.962,0,0,0,1,0,0,0.0,0.0
2026-08-22T22:03:55.644Z,7.967,0,0,0,2,0,0,0.0,0.0
2026-08-22T22:03:55.658Z,7.981,0,0,0,3,0,0,0.0,0.0
2026-08-22T22:03:55.668Z,7.991,0,0,0,4,0,0,0.0,0.0
2026-08-22T22:03:55.688Z,8.011,0,0,0,5,0,0,0.0,0.0
2026-08-22T22:03:55.689Z,8.012,0,0,0,0,0,0,0.0,0.0
2026-08-22T22:03:55.700Z,8.023,0,0,0,1,0,0,0.0,0.0
2026-08-22T22:03:55.721Z,8.044,0,0,0,2,0,0,0.0,0.0
2026-08-22T22:03:55.721Z,8.044,0,0,0,3,0,0,0.0,0.0
2026-08-22T22:03:55.731Z,8.054,0,0,0,4,0,0,0.0,0.0
2026-08-22T22:03:55.752Z,8.075,0,0,0,5,0,0,0.0,0.0
2026-08-22T22:03:55.752Z,8.075,0,0,0,0,0,0,0.0,0.0
2026-08-22T22:03:55.762Z,8.085,0,0,0,1,0,0,0.0,0.0
2026-08-22T22:03:55.783Z,8.106,0,0,0,2,0,0,0.0,0.0
2026-08-22T22:03:55.783Z,8.106,0,0,0,3,0,0,0.0,0.0
2026-08-22T22:03:55.794Z,8.117,0,0,0,4,0,0,0.0,0.0
2026-08-22T22:03:55.815Z,8.138,0,0,0,5,0,0,0.0,0.0
2026-08-22T22:03:55.815Z,8.138,0,0,0,0,0,0,0.0,0.0
2026-08-22T22:03:55.825Z,8.148,0,0,0,1,0,0,0.0,0.0
2026-08-22T22:03:55.846Z,8.169,0,0,0,2,0,0,0.0,0.0
2026-08-22T22:03:55.846Z,8.169,0,0,0,3,0,0,0.0,0.0
2026-08-22T22:03:55.857Z,8.18,0,0,0,4,0,0,0.0,0.0
2026-08-22T22:03:55.878Z,8.201,0,0,0,5,0,0,0.0,0.0
2026-08-22T22:03:55.878Z,8.201,0,0,0,0,0,0,0.0,0.0
2026-08-22T22:03:55.888Z,8.211,0,0,0,1,0,0,0.0,0.0
2026-08-22T22:03:55.909Z,8.232,0,0,0,2,0,0,0.0,0.0
2026-08-22T22:03:55.909Z,8.232,0,0,0,3,0,0,0.0,0.0
2026-08-22T22:03:55.920Z,8.243,0,0,0,4,0,0,0.0,0.0
2026-08-22T22:03:55.925Z,8.248,0,0,0,5,0,0,0.0,0.0
2026-08-22T22:03:55.940Z,8.263,0,0,0,0,0,0,0.0,0.0
2026-08-22T22:03:55.949Z,8.272,0,0,0,1,0,0,0.0,0.0
2026-08-22T22:03:55.968Z,8.291,0,0,0,2,0,0,0.0,0.0
2026-08-22T22:03:55.968Z,8.291,0,0,0,3,0,0,0.0,0.0
2026-08-22T22:03:55.978Z,8.301,0,0,0,4,0,0,0.0,0.0
2026-08-22T22:03:55.999Z,8.322,0,0,0,5,0,0,0.0,0.0
2026-08-22T22:03:55.999Z,8.322,0,0,0,0,0,0,0.0,0.0
2026-08-22T22:03:56.010Z,8.333,0,0,0,1,0,0,0.0,0.0
2026-08-22T22:03:56.031Z,8.354,0,0,0,2,0,0,0.0,0.0
2026-08-22T22:03:56.031Z,8.354,0,0,0,3,0,0,0.0,0.0
2026-08-22T22:03:56.042Z,8.365,0,0,0,4,0,0,0.0,0.0
2026-08-22T22:03:56.063Z,8.386,0,0,0,5,0,0,0.0,0.0
2026-08-22T22:03:56.063Z,8.386,0,0,0,0,0,0,0.0,0.0
2026-08-22T22:03:56.074Z,8.397,0,0,0,1,0,0,0.0,0.0
2026-08-22T22:03:56.095Z,8.418,0,0,0,2,0,0,0.0,0.0
2026-08-22T22:03:56.095Z,8.418,0,0,0,3,0,0,0.0,0.0
2026-08-22T22:03:56.106Z,8.429,0,0,0,4,0,0,0.0,0.0
2026-08-22T22:03:56.126Z,8.449,0,0,0,5,0,0,0.0,0.0
2026-08-22T22:03:56.126Z,8.449,0,0,0,0,0,0,0.0,0.0
2026-08-22T22:03:56.137Z,8.46,0,0,0,1,0,0,0.0,0.0
2026-08-22T22:03:56.157Z,8.48,0,0,0,2,0,0,0.0,0.0
2026-08-22T22:03:56.157Z,8.48,0,0,0,3,0,0,0.0,0.0
2026-08-22T22:03:56.169Z,8.492,0,0,0,4,0,0,0.0,0.0
2026-08-22T22:03:56.190Z,8.513,0,0,0,5,0,0,0.0,0.0
2026-08-22T22:03:56.190Z,8.513,0,0,0,0,0,0,0.0,0.0
2026-08-22T22:03:56.201Z,8.524,0,0,0,1,0,0,0.0,0.0
2026-08-22T22:03:56.207Z,8.53,0,0,0,2,0,0,0.0,0.0
2026-08-22T22:03:56.223Z,8.546,0,0,0,3,0,0,0.0,0.0
2026-08-22T22:03:56.232Z,8.555,0,0,0,4,0,0,0.0,0.0
2026-08-22T22:03:56.252Z,8.575,0,0,0,5,0,0,0.0,0.0
2026-08-22T22:03:56.252Z,8.575,0,0,0,0,0,0,0.0,0.0
2026-08-22T22:03:56.263Z,8.586,0,0,0,1,0,0,0.0,0.0
2026-08-22T22:03:56.284Z,8.607,0,0,0,2,0,0,0.0,0.0
2026-08-22T22:03:56.284Z,8.607,0,0,0,3,0,0,0.0,0.0
2026-08-22T22:03:56.295Z,8.618,0,0,0,4,0,0,0.0,0.0
2026-08-22T22:03:56.315Z,8.638,0,0,0,5,0,0,0.0,0.0
2026-08-22T22:03:56.316Z,8.639,0,0,0,0,0,0,0.0,0.0
2026-08-22T22:03:56.327Z,8.65,0,0,0,1,0,0,0.0,0.0
2026-08-22T22:03:56.333Z,8.656,0,0,0,2,0,0,0.0,0.0
2026-08-22T22:03:56.349Z,8.672,0,0,0,3,0,0,0.0,0.0
2026-08-22T22:03:56.358Z,8.681,0,0,0,4,0,0,0.0,0.0
2026-08-22T22:03:56.363Z,8.686,0,0,0,5,0,0,0.0,0.0
2026-08-22T22:03:56.378Z,8.701,0,0,0,0,0,0,0.0,0.0
2026-08-22T22:03:56.386Z,8.709,0,0,0,1,0,0,0.0,0.0
2026-08-22T22:03:56.405Z,8.728,0,0,0,2,0,0,0.0,0.0
2026-08-22T22:03:56.405Z,8.728,0,0,0,3,0,0,0.0,0.0
2026-08-22T22:03:56.415Z,8.738,0,0,0,4,0,0,0.0,0.0
2026-08-22T22:03:56.437Z,8.76,0,0,0,5,0,0,0.0,0.0
2026-08-22T22:03:56.437Z,8.76,0,0,0,0,0,0,0.0,0.0
2026-08-22T22:03:56.448Z,8.771,0,0,0,1,0,0,0.0,0.0
2026-08-22T22:03:56.469Z,8.792,0,0,0,2,0,0,0.0,0.0
2026-08-22T22:03:56.469Z,8.792,0,0,0,3,0,0,0.0,0.0
2026-08-22T22:03:56.479Z,8.802,0,0,0,4,0,0,0.0,0.0
2026-08-22T22:03:56.500Z,8.823,0,0,0,5,0,0,0.0,0.0
2026-08-22T22:03:56.500Z,8.823,0,0,0,0,0,0,0.0,0.0
2026-08-22T22:03:56.511Z,8.834,0,0,0,1,0,0,0.0,0.0
2026-08-22T22:03:56.532Z,8.855,0,0,0,2,0,0,0.0,0.0
2026-08-22T22:03:56.532Z,8.855,0,0,0,3,0,0,0.0,0.0
2026-08-22T22:03:56.543Z,8.866,0,0,0,4,0,0,0.0,0.0
2026-08-22T22:03:56.564Z,8.887,0,0,0,5,0,0,0.0,0.0
2026-08-22T22:03:56.564Z,8.887,0,0,0,0,0,0,0.0,0.0
2026-08-22T22:03:56.575Z,8.898,0,0,0,1,0,0,0.0,0.0
2026-08-22T22:03:56.596Z,8.919,0,0,0,2,0,0,0.0,0.0
2026-08-22T22:03:56.596Z,8.919,0,0,0,3,0,0,0.0,0.0
2026-08-22T22:03:56.607Z,8.93,0,0,0,4,0,0,0.0,0.0
2026-08-22T22:03:56.613Z,8.936,0,0,0,5,0,0,0.0,0.0
2026-08-22T22:03:56.628Z,8.951,0,0,0,0,0,0,0.0,0.0
2026-08-22T22:03:56.638Z,8.961,0,0,0,1,0,0,0.0,0.0
2026-08-22T22:03:56.659Z,8.982,0,0,0,2,0,0,0.0,0.0
2026-08-22T22:03:56.659Z,8.982,0,0,0,3,0,0,0.0,0.0
2026-08-22T22:03:56.669Z,8.992,0,0,0,4,0,0,0.0,0.0
2026-08-22T22:03:56.690Z,9.013,0,0,0,5,0,0,0.0,0.0
2026-08-22T22:03:56.690Z,9.013,0,0,0,0,0,0,0.0,0.0
2026-08-22T22:03:56.701Z,9.024,0,0,0,1,0,0,0.0,0.0
2026-08-22T22:03:56.721Z,9.044,0,0,0,2,0,0,0.0,0.0
2026-08-22T22:03:56.721Z,9.044,0,0,0,3,0,0,0.0,0.0
2026-08-22T22:03:56.732Z,9.055,0,0,0,4,0,0,0.0,0.0
2026-08-22T22:03:56.753Z,9.076,0,0,0,5,0,0,0.0,0.0
2026-08-22T22:03:56.753Z,9.076,0,0,0,0,0,0,0.0,0.0
2026-08-22T22:03:56.763Z,9.086,0,0,0,1,0,0,0.0,0.0
2026-08-22T22:03:56.784Z,9.107,0,0,0,2,0,0,0.0,0.0
2026-08-22T22:03:56.784Z,9.107,0,0,0,3,0,0,0.0,0.0
2026-08-22T22:03:56.795Z,9.118,0,0,0,4,0,0,0.0,0.0
2026-08-22T22:03:56.799Z,9.122,0,0,0,5,0,0,0.0,0.0
2026-08-22T22:03:56.814Z,9.137,0,0,0,0,0,0,0.0,0.0
2026-08-22T22:03:56.823Z,9.146,0,0,0,1,0,0,0.0,0.0
2026-08-22T22:03:56.841Z,9.164,0,0,0,2,0,0,0.0,0.0
2026-08-22T22:03:56.855Z,9.178,0,0,0,3,0,0,0.0,0.0
2026-08-22T22:03:56.863Z,9.186,0,0,0,4,0,0,0.0,0.0
2026-08-22T22:03:56.865Z,9.188,0,0,0,5,0,0,0.0,0.0
2026-08-22T22:03:56.878Z,9.201,0,0,0,0,0,0,0.0,0.0
2026-08-22T22:03:56.884Z,9.207,0,0,0,1,0,0,0.0,0.0
2026-08-22T22:03:56.901Z,9.224,0,0,0,2,0,0,0.0,0.0
2026-08-22T22:03:56.912Z,9.235,0,0,0,3,0,0,0.0,0.0
2026-08-22T22:03:56.917Z,9.24,0,0,0,4,0,0,0.0,0.0
2026-08-22T22:03:56.933Z,9.256,0,0,0,5,0,0,0.0,0.0
2026-08-22T22:03:56.942Z,9.265,0,0,0,0,0,0,0.0,0.0
2026-08-22T22:03:56.946Z,9.269,0,0,0,1,0,0,0.0,0.0
2026-08-22T22:03:56.960Z,9.283,0,0,0,2,0,0,0.0,0.0
2026-08-22T22:03:56.968Z,9.291,0,0,0,3,0,0,0.0,0.0
2026-08-22T22:03:56.971Z,9.294,0,0,0,4,0,0,0.0,0.0
2026-08-22T22:03:56.984Z,9.307,0,0,0,5,0,0,0.0,0.0
2026-08-22T22:03:56.991Z,9.314,0,0,0,0,0,0,0.0,0.0
2026-08-22T22:03:57.009Z,9.332,0,0,0,1,0,0,0.0,0.0
2026-08-22T22:03:57.021Z,9.344,0,0,0,2,0,0,0.0,0.0
2026-08-22T22:03:57.026Z,9.349,0,0,0,3,0,0,0.0,0.0
2026-08-22T22:03:57.042Z,9.365,0,0,0,4,0,0,0.0,0.0
2026-08-22T22:03:57.053Z,9.376,0,0,0,5,0,0,0.0,0.0
2026-08-22T22:03:57.057Z,9.38,0,0,0,0,0,0,0.0,0.0
2026-08-22T22:03:57.072Z,9.395,0,0,0,1,0,0,0.0,0.0
2026-08-22T22:03:57.080Z,9.403,0,0,0,2,0,0,0.0,0.0
2026-08-22T22:03:57.084Z,9.407,0,0,0,3,0,0,0.0,0.0
2026-08-22T22:03:57.098Z,9.421,0,0,0,4,0,0,0.0,0.0
2026-08-22T22:03:57.105Z,9.428,0,0,0,5,0,0,0.0,0.0
2026-08-22T22:03:57.123Z,9.446,0,0,0,0,0,0,0.0,0.0
2026-08-22T22:03:57.136Z,9.459,0,0,0,1,0,0,0.0,0.0
2026-08-22T22:03:57.143Z,9.466,0,0,0,2,0,0,0.0,0.0
2026-08-22T22:03:57.143Z,9.466,0,0,0,3,0,0,0.0,0.0
2026-08-22T22:03:57.154Z,9.477,0,0,0,4,0,0,0.0,0.0
2026-08-22T22:03:57.175Z,9.498,0,0,0,5,0,0,0.0,0.0
2026-08-22T22:03:57.175Z,9.498,0,0,0,0,0,0,0.0,0.0
2026-08-22T22:03:57.186Z,9.509,0,0,0,1,0,0,0.0,0.0
2026-08-22T22:03:57.191Z,9.514,0,0,0,2,0,0,0.0,0.0
2026-08-22T22:03:57.205Z,9.528,0,0,0,3,0,0,0.0,0.0
2026-08-22T22:03:57.215Z,9.538,0,0,0,4,0,0,0.0,0.0
2026-08-22T22:03:57.235Z,9.558,0,0,0,5,0,0,0.0,0.0
2026-08-22T22:03:57.236Z,9.559,0,0,0,0,0,0,0.0,0.0
2026-08-22T22:03:57.246Z,9.569,0,0,0,1,0,0,0.0,0.0
2026-08-22T22:03:57.268Z,9.591,0,0,0,2,0,0,0.0,0.0
2026-08-22T22:03:57.268Z,9.591,0,0,0,3,0,0,0.0,0.0
2026-08-22T22:03:57.278Z,9.601,0,0,0,4,0,0,0.0,0.0
2026-08-22T22:03:57.299Z,9.622,0,0,0,5,0,0,0.0,0.0
2026-08-22T22:03:57.299Z,9.622,0,0,0,0,0,0,0.0,0.0
2026-08-22T22:03:57.311Z,9.634,0,0,0,1,0,0,0.0,0.0
2026-08-22T22:03:57.315Z,9.638,0,0,0,2,0,0,0.0,0.0
2026-08-22T22:03:57.330Z,9.653,0,0,0,3,0,0,0.0,0.0
2026-08-22T22:03:57.340Z,9.663,0,0,0,4,0,0,0.0,0.0
2026-08-22T22:03:57.359Z,9.682,0,0,0,5,0,0,0.0,0.0
2026-08-22T22:03:57.359Z,9.682,0,0,0,0,0,0,0.0,0.0
2026-08-22T22:03:57.370Z,9.693,0,0,0,1,0,0,0.0,0.0
2026-08-22T22:03:57.391Z,9.714,0,0,0,2,0,0,0.0,0.0
2026-08-22T22:03:57.392Z,9.715,0,0,0,3,0,0,0.0,0.0
2026-08-22T22:03:57.402Z,9.725,0,0,0,4,0,0,0.0,0.0
2026-08-22T22:03:57.422Z,9.745,0,0,0,5,0,0,0.0,0.0
2026-08-22T22:03:57.423Z,9.746,0,0,0,0,0,0,0.0,0.0
2026-08-22T22:03:57.434Z,9.757,0,0,0,1,0,0,0.0,0.0
2026-08-22T22:03:57.455Z,9.778,0,0,0,2,0,0,0.0,0.0
2026-08-22T22:03:57.455Z,9.778,0,0,0,3,0,0,0.0,0.0
2026-08-22T22:03:57.466Z,9.789,0,0,0,4,0,0,0.0,0.0
2026-08-22T22:03:57.487Z,9.81,0,0,0,5,0,0,0.0,0.0
2026-08-22T22:03:57.487Z,9.81,0,0,0,0,0,0,0.0,0.0
2026-08-22T22:03:57.498Z,9.821,0,0,0,1,0,0,0.0,0.0
2026-08-22T22:03:57.503Z,9.826,0,0,0,2,0,0,0.0,0.0
2026-08-22T22:03:57.517Z,9.84,0,0,0,3,0,0,0.0,0.0
2026-08-22T22:03:57.526Z,9.849,0,0,0,4,0,0,0.0,0.0
2026-08-22T22:03:57.545Z,9.868,0,0,0,5,0,0,0.0,0.0
2026-08-22T22:03:57.545Z,9.868,0,0,0,0,0,0,0.0,0.0
2026-08-22T22:03:57.556Z,9.879,0,0,0,1,0,0,0.0,0.0
2026-08-22T22:03:57.577Z,9.9,0,0,0,2,0,0,0.0,0.0
2026-08-22T22:03:57.577Z,9.9,0,0,0,3,0,0,0.0,0.0
2026-08-22T22:03:57.588Z,9.911,0,0,0,4,0,0,0.0,0.0
2026-08-22T22:03:57.608Z,9.931,0,0,0,5,0,0,0.0,0.0
2026-08-22T22:03:57.608Z,9.931,0,0,0,0,0,0,0.0,0.0
2026-08-22T22:03:57.619Z,9.942,0,0,0,1,0,0,0.0,0.0
2026-08-22T22:03:57.639Z,9.962,0,0,0,2,0,0,0.0,0.0
2026-08-22T22:03:57.639Z,9.962,0,0,0,3,0,0,0.0,0.0
2026-08-22T22:03:57.650Z,9.973,0,0,0,4,0,0,0.0,0.0
2026-08-22T22:03:57.671Z,9.994,0,0,0,5,0,0,0.0,0.0
2026-08-22T22:03:57.671Z,9.994,0,0,0,0,0,0,0.0,0.0
2026-08-22T22:03:57.681Z,10.004,0,0,0,1,0,0,0.0,0.0
2026-08-22T22:03:57.702Z,10.025,0,0,0,2,0,0,0.0,0.0
2026-08-22T22:03:57.702Z,10.025,0,0,0,3,0,0,0.0,0.0
2026-08-22T22:03:57.713Z,10.036,0,0,0,4,0,0,0.0,0.0
2026-08-22T22:03:57.733Z,10.056,0,0,0,5,0,0,0.0,0.0
2026-08-22T22:03:57.733Z,10.056,0,0,0,0,0,0,0.0,0.0
2026-08-22T22:03:57.744Z,10.067,0,0,0,1,0,0,0.0,0.0
2026-08-22T22:03:57.764Z,10.087,0,0,0,2,0,0,0.0,0.0
2026-08-22T22:03:57.765Z,10.088,0,0,0,3,0,0,0.0,0.0
2026-08-22T22:03:57.775Z,10.098,0,0,0,4,0,0,0.0,0.0
2026-08-22T22:03:57.796Z,10.119,0,0,0,5,0,0,0.0,0.0
2026-08-22T22:03:57.796Z,10.119,0,0,0,0,0,0,0.0,0.0
2026-08-22T22:03:57.807Z,10.13,0,0,0,1,0,0,0.0,0.0
2026-08-22T22:03:57.828Z,10.151,0,0,0,2,0,0,0.0,0.0
2026-08-22T22:03:57.828Z,10.151,0,0,0,3,0,0,0.0,0.0
2026-08-22T22:03:57.839Z,10.162,0,0,0,4,0,0,0.0,0.0
2026-08-22T22:03:57.860Z,10.183,0,0,0,5,0,0,0.0,0.0
2026-08-22T22:03:57.860Z,10.183,0,0,0,0,0,0,0.0,0.0
2026-08-22T22:03:57.871Z,10.194,0,0,0,1,0,0,0.0,0.0
2026-08-22T22:03:57.892Z,10.215,0,0,0,2,0,0,0.0,0.0
2026-08-22T22:03:57.892Z,10.215,0,0,0,3,0,0,0.0,0.0
2026-08-22T22:03:57.903Z,10.226,0,0,0,4,0,0,0.0,0.0
2026-08-22T22:03:57.923Z,10.246,0,0,0,5,0,0,0.0,0.0
2026-08-22T22:03:57.923Z,10.246,0,0,0,0,0,0,0.0,0.0
2026-08-22T22:03:57.934Z,10.257,0,0,0,1,0,0,0.0,0.0
2026-08-22T22:03:57.955Z,10.278,0,0,0,2,0,0,0.0,0.0
2026-08-22T22:03:57.955Z,10.278,0,0,0,3,0,0,0.0,0.0
2026-08-22T22:03:57.966Z,10.289,0,0,0,4,0,0,0.0,0.0
2026-08-22T22:03:57.986Z,10.309,0,0,0,5,0,0,0.0,0.0
2026-08-22T22:03:57.986Z,10.309,0,0,0,0,0,0,0.0,0.0
2026-08-22T22:03:57.997Z,10.32,0,0,0,1,0,0,0.0,0.0
2026-08-22T22:03:58.018Z,10.341,0,0,0,2,0,0,0.0,0.0
2026-08-22T22:03:58.018Z,10.341,0,0,0,3,0,0,0.0,0.0
2026-08-22T22:03:58.029Z,10.352,0,0,0,4,0,0,0.0,0.0
2026-08-22T22:03:58.049Z,10.372,0,0,0,5,0,0,0.0,0.0
2026-08-22T22:03:58.049Z,10.372,0,0,0,0,0,0,0.0,0.0
2026-08-22T22:03:58.061Z,10.384,0,0,0,1,0,0,0.0,0.0
2026-08-22T22:03:58.066Z,10.389,0,0,0,2,0,0,0.0,0.0
2026-08-22T22:03:58.080Z,10.403,0,0,0,3,0,0,0.0,0.0
2026-08-22T22:03:58.090Z,10.413,0,0,0,4,0,0,0.0,0.0
2026-08-22T22:03:58.110Z,10.433,0,0,0,5,0,0,0.0,0.0
2026-08-22T22:03:58.110Z,10.433,0,0,0,0,0,0,0.0,0.0
2026-08-22T22:03:58.121Z,10.444,0,0,0,1,0,0,0.0,0.0
2026-08-22T22:03:58.142Z,10.465,0,0,0,2,0,0,0.0,0.0
2026-08-22T22:03:58.142Z,10.465,0,0,0,3,0,0,0.0,0.0
2026-08-22T22:03:58.152Z,10.475,0,0,0,4,0,0,0.0,0.0
2026-08-22T22:03:58.173Z,10.496,0,0,0,5,0,0,0.0,0.0
2026-08-22T22:03:58.173Z,10.496,0,0,0,0,0,0,0.0,0.0
2026-08-22T22:03:58.183Z,10.506,0,0,0,1,0,0,0.0,0.0
2026-08-22T22:03:58.204Z,10.527,0,0,0,2,0,0,0.0,0.0
2026-08-22T22:03:58.204Z,10.527,0,0,0,3,0,0,0.0,0.0
2026-08-22T22:03:58.215Z,10.538,0,0,0,4,0,0,0.0,0.0
2026-08-22T22:03:58.236Z,10.559,0,0,0,5,0,0,0.0,0.0
2026-08-22T22:03:58.236Z,10.559,0,0,0,0,0,0,0.0,0.0
2026-08-22T22:03:58.247Z,10.57,0,0,0,1,0,0,0.0,0.0
2026-08-22T22:03:58.267Z,10.59,0,0,0,2,0,0,0.0,0.0
2026-08-22T22:03:58.267Z,10.59,0,0,0,3,0,0,0.0,0.0
2026-08-22T22:03:58.278Z,10.601,0,0,0,4,0,0,0.0,0.0
2026-08-22T22:03:58.299Z,10.622,0,0,0,5,0,0,0.0,0.0
2026-08-22T22:03:58.299Z,10.622,0,0,0,0,0,0,0.0,0.0
2026-08-22T22:03:58.309Z,10.632,0,0,0,1,0,0,0.0,0.0
2026-08-22T22:03:58.330Z,10.653,0,0,0,2,0,0,0.0,0.0
2026-08-22T22:03:58.330Z,10.653,0,0,0,3,0,0,0.0,0.0
2026-08-22T22:03:58.340Z,10.663,0,0,0,4,0,0,0.0,0.0
2026-08-22T22:03:58.362Z,10.685,0,0,0,5,0,0,0.0,0.0
2026-08-22T22:03:58.362Z,10.685,0,0,0,0,0,0,0.0,0.0
2026-08-22T22:03:58.372Z,10.695,0,0,0,1,0,0,0.0,0.0
2026-08-22T22:03:58.393Z,10.716,0,0,0,2,0,0,0.0,0.0
2026-08-22T22:03:58.393Z,10.716,0,0,0,3,0,0,0.0,0.0
2026-08-22T22:03:58.403Z,10.726,0,0,0,4,0,0,0.0,0.0
2026-08-22T22:03:58.424Z,10.747,0,0,0,5,0,0,0.0,0.0
2026-08-22T22:03:58.424Z,10.747,0,0,0,0,0,0,0.0,0.0
2026-08-22T22:03:58.434Z,10.757,0,0,0,1,0,0,0.0,0.0
2026-08-22T22:03:58.455Z,10.778,0,0,0,2,0,0,0.0,0.0
2026-08-22T22:03:58.455Z,10.778,0,0,0,3,0,0,0.0,0.0
2026-08-22T22:03:58.466Z,10.789,0,0,0,4,0,0,0.0,0.0
2026-08-22T22:03:58.486Z,10.809,0,0,0,5,0,0,0.0,0.0
2026-08-22T22:03:58.486Z,10.809,0,0,0,0,0,0,0.0,0.0
2026-08-22T22:03:58.497Z,10.82,0,0,0,1,0,0,0.0,0.0
2026-08-22T22:03:58.518Z,10.841,0,0,0,2,0,0,0.0,0.0
2026-08-22T22:03:58.518Z,10.841,0,0,0,3,0,0,0.0,0.0
2026-08-22T22:03:58.528Z,10.851,0,0,0,4,0,0,0.0,0.0
2026-08-22T22:03:58.549Z,10.872,0,0,0,5,0,0,0.0,0.0
2026-08-22T22:03:58.549Z,10.872,0,0,0,0,0,0,0.0,0.0
2026-08-22T22:03:58.560Z,10.883,0,0,0,1,0,0,0.0,0.0
2026-08-22T22:03:58.580Z,10.903,0,0,0,2,0,0,0.0,0.0
2026-08-22T22:03:58.580Z,10.903,0,0,0,3,0,0,0.0,0.0
2026-08-22T22:03:58.591Z,10.914,0,0,0,4,0,0,0.0,0.0
2026-08-22T22:03:58.612Z,10.935,0,0,0,5,0,0,0.0,0.0
2026-08-22T22:03:58.612Z,10.935,0,0,0,0,0,0,0.0,0.0
2026-08-22T22:03:58.622Z,10.945,0,0,0,1,0,0,0.0,0.0
2026-08-22T22:03:58.643Z,10.966,0,0,0,2,0,0,0.0,0.0
2026-08-22T22:03:58.643Z,10.966,0,0,0,3,0,0,0.0,0.0
2026-08-22T22:03:58.653Z,10.976,0,0,0,4,0,0,0.0,0.0
2026-08-22T22:03:58.674Z,10.997,0,0,0,5,0,0,0.0,0.0
2026-08-22T22:03:58.674Z,10.997,0,0,0,0,0,0,0.0,0.0
2026-08-22T22:03:58.685Z,11.008,0,0,0,1,0,0,0.0,0.0
2026-08-22T22:03:58.705Z,11.028,0,0,0,2,0,0,0.0,0.0
2026-08-22T22:03:58.705Z,11.028,0,0,0,3,0,0,0.0,0.0
2026-08-22T22:03:58.716Z,11.039,0,0,0,4,0,0,0.0,0.0
2026-08-22T22:03:58.737Z,11.06,0,0,0,5,0,0,0.0,0.0
2026-08-22T22:03:58.737Z,11.06,0,0,0,0,0,0,0.0,0.0
2026-08-22T22:03:58.747Z,11.07,0,0,0,1,0,0,0.0,0.0
2026-08-22T22:03:58.768Z,11.091,0,0,0,2,0,0,0.0,0.0
2026-08-22T22:03:58.768Z,11.091,0,0,0,3,0,0,0.0,0.0
2026-08-22T22:03:58.778Z,11.101,0,0,0,4,0,0,0.0,0.0
2026-08-22T22:03:58.799Z,11.122,0,0,0,5,0,0,0.0,0.0
2026-08-22T22:03:58.799Z,11.122,0,0,0,0,0,0,0.0,0.0
2026-08-22T22:03:58.809Z,11.132,0,0,0,1,0,0,0.0,0.0
2026-08-22T22:03:58.830Z,11.153,0,0,0,2,0,0,0.0,0.0
2026-08-22T22:03:58.830Z,11.153,0,0,0,3,0,0,0.0,0.0
2026-08-22T22:03:58.841Z,11.164,0,0,0,4,0,0,0.0,0.0
2026-08-22T22:03:58.862Z,11.185,0,0,0,5,0,0,0.0,0.0
2026-08-22T22:03:58.862Z,11.185,0,0,0,0,0,0,0.0,0.0
2026-08-22T22:03:58.872Z,11.195,0,0,0,1,0,0,0.0,0.0
2026-08-22T22:03:58.893Z,11.216,0,0,0,2,0,0,0.0,0.0
2026-08-22T22:03:58.893Z,11.216,0,0,0,3,0,0,0.0,0.0
2026-08-22T22:03:58.904Z,11.227,0,0,0,4,0,0,0.0,0.0
2026-08-22T22:03:58.924Z,11.247,0,0,0,5,0,0,0.0,0.0
2026-08-22T22:03:58.924Z,11.247,0,0,0,0,0,0,0.0,0.0
2026-08-22T22:03:58.935Z,11.258,0,0,0,1,0,0,0.0,0.0
2026-08-22T22:03:58.955Z,11.278,0,0,0,2,0,0,0.0,0.0
2026-08-22T22:03:58.955Z,11.278,0,0,0,3,0,0,0.0,0.0
2026-08-22T22:03:58.966Z,11.289,0,0,0,4,0,0,0.0,0.0
2026-08-22T22:03:58.986Z,11.309,0,0,0,5,0,0,0.0,0.0
2026-08-22T22:03:58.986Z,11.309,0,0,0,0,0,0,0.0,0.0
2026-08-22T22:03:58.997Z,11.32,0,0,0,1,0,0,0.0,0.0
2026-08-22T22:03:59.018Z,11.341,0,0,0,2,0,0,0.0,0.0
2026-08-22T22:03:59.018Z,11.341,0,0,0,3,0,0,0.0,0.0
2026-08-22T22:03:59.028Z,11.351,0,0,0,4,0,0,0.0,0.0
2026-08-22T22:03:59.049Z,11.372,0,0,0,5,0,0,0.0,0.0
2026-08-22T22:03:59.049Z,11.372,0,0,0,0,0,0,0.0,0.0
2026-08-22T22:03:59.060Z,11.383,0,0,0,1,0,0,0.0,0.0
2026-08-22T22:03:59.080Z,11.403,0,0,0,2,0,0,0.0,0.0
2026-08-22T22:03:59.080Z,11.403,0,0,0,3,0,0,0.0,0.0
2026-08-22T22:03:59.091Z,11.414,0,0,0,4,0,0,0.0,0.0
2026-08-22T22:03:59.111Z,11.434,0,0,0,5,0,0,0.0,0.0
2026-08-22T22:03:59.111Z,11.434,0,0,0,0,0,0,0.0,0.0
2026-08-22T22:03:59.122Z,11.445,0,0,0,1,0,0,0.0,0.0
2026-08-22T22:03:59.143Z,11.466,0,0,0,2,0,0,0.0,0.0
2026-08-22T22:03:59.143Z,11.466,0,0,0,3,0,0,0.0,0.0
2026-08-22T22:03:59.154Z,11.477,0,0,0,4,0,0,0.0,0.0
2026-08-22T22:03:59.175Z,11.498,0,0,0,5,0,0,0.0,0.0
2026-08-22T22:03:59.175Z,11.498,0,0,0,0,0,0,0.0,0.0
2026-08-22T22:03:59.186Z,11.509,0,0,0,1,0,0,0.0,0.0
2026-08-22T22:03:59.191Z,11.514,0,0,0,2,0,0,0.0,0.0
2026-08-22T22:03:59.206Z,11.529,0,0,0,3,0,0,0.0,0.0
2026-08-22T22:03:59.216Z,11.539,0,0,0,4,0,0,0.0,0.0
2026-08-22T22:03:59.235Z,11.558,0,0,0,5,0,0,0.0,0.0
2026-08-22T22:03:59.235Z,11.558,0,0,0,0,0,0,0.0,0.0
2026-08-22T22:03:59.246Z,11.569,0,0,0,1,0,0,0.0,0.0
2026-08-22T22:03:59.266Z,11.589,0,0,0,2,0,0,0.0,0.0
2026-08-22T22:03:59.266Z,11.589,0,0,0,3,0,0,0.0,0.0
2026-08-22T22:03:59.277Z,11.6,0,0,0,4,0,0,0.0,0.0
2026-08-22T22:03:59.298Z,11.621,0,0,0,5,0,0,0.0,0.0
2026-08-22T22:03:59.298Z,11.621,0,0,0,0,0,0,0.0,0.0
2026-08-22T22:03:59.308Z,11.631,0,0,0,1,0,0,0.0,0.0
2026-08-22T22:03:59.329Z,11.652,0,0,0,2,0,0,0.0,0.0
2026-08-22T22:03:59.329Z,11.652,0,0,0,3,0,0,0.0,0.0
2026-08-22T22:03:59.340Z,11.663,0,0,0,4,0,0,0.0,0.0
2026-08-22T22:03:59.360Z,11.683,0,0,0,5,0,0,0.0,0.0
2026-08-22T22:03:59.360Z,11.683,0,0,0,0,0,0,0.0,0.0
2026-08-22T22:03:59.371Z,11.694,0,0,0,1,0,0,0.0,0.0
2026-08-22T22:03:59.392Z,11.715,0,0,0,2,0,0,0.0,0.0
2026-08-22T22:03:59.392Z,11.715,0,0,0,3,0,0,0.0,0.0
2026-08-22T22:03:59.403Z,11.726,0,0,0,4,0,0,0.0,0.0
2026-08-22T22:03:59.423Z,11.746,0,0,0,5,0,0,0.0,0.0
2026-08-22T22:03:59.423Z,11.746,0,0,0,0,0,0,0.0,0.0
2026-08-22T22:03:59.434Z,11.757,0,0,0,1,0,0,0.0,0.0
2026-08-22T22:03:59.454Z,11.777,0,0,0,2,0,0,0.0,0.0
2026-08-22T22:03:59.454Z,11.777,0,0,0,3,0,0,0.0,0.0
2026-08-22T22:03:59.465Z,11.788,0,0,0,4,0,0,0.0,0.0
2026-08-22T22:03:59.486Z,11.809,0,0,0,5,0,0,0.0,0.0
2026-08-22T22:03:59.486Z,11.809,0,0,0,0,0,0,0.0,0.0
2026-08-22T22:03:59.497Z,11.82,0,0,0,1,0,0,0.0,0.0
2026-08-22T22:03:59.517Z,11.84,0,0,0,2,0,0,0.0,0.0
2026-08-22T22:03:59.517Z,11.84,0,0,0,3,0,0,0.0,0.0
2026-08-22T22:03:59.528Z,11.851,0,0,0,4,0,0,0.0,0.0
2026-08-22T22:03:59.549Z,11.872,0,0,0,5,0,0,0.0,0.0
2026-08-22T22:03:59.549Z,11.872,0,0,0,0,0,0,0.0,0.0
2026-08-22T22:03:59.560Z,11.883,0,0,0,1,0,0,0.0,0.0
2026-08-22T22:03:59.581Z,11.904,0,0,0,2,0,0,0.0,0.0
2026-08-22T22:03:59.581Z,11.904,0,0,0,3,0,0,0.0,0.0
2026-08-22T22:03:59.592Z,11.915,0,0,0,4,0,0,0.0,0.0
2026-08-22T22:03:59.597Z,11.92,0,0,0,5,0,0,0.0,0.0
2026-08-22T22:03:59.612Z,11.935,0,0,0,0,0,0,0.0,0.0
2026-08-22T22:03:59.621Z,11.944,0,0,0,1,0,0,0.0,0.0
2026-08-22T22:03:59.641Z,11.964,0,0,0,2,0,0,0.0,0.0
2026-08-22T22:03:59.641Z,11.964,0,0,0,3,0,0,0.0,0.0
2026-08-22T22:03:59.652Z,11.975,0,0,0,4,0,0,0.0,0.0
2026-08-22T22:03:59.673Z,11.996,0,0,0,5,0,0,0.0,0.0
2026-08-22T22:03:59.673Z,11.996,0,0,0,0,0,0,0.0,0.0
2026-08-22T22:03:59.684Z,12.007,0,0,0,1,0,0,0.0,0.0
2026-08-22T22:03:59.705Z,12.028,0,0,0,2,0,0,0.0,0.0
2026-08-22T22:03:59.705Z,12.028,0,0,0,3,0,0,0.0,0.0
2026-08-22T22:03:59.716Z,12.039,0,0,0,4,0,0,0.0,0.0
2026-08-22T22:03:59.736Z,12.059,0,0,0,5,0,0,0.0,0.0
2026-08-22T22:03:59.736Z,12.059,0,0,0,0,0,0,0.0,0.0
2026-08-22T22:03:59.747Z,12.07,0,0,0,1,0,0,0.0,0.0
2026-08-22T22:03:59.768Z,12.091,0,0,0,2,0,0,0.0,0.0
2026-08-22T22:03:59.768Z,12.091,0,0,0,3,0,0,0.0,0.0
2026-08-22T22:03:59.779Z,12.102,0,0,0,4,0,0,0.0,0.0
2026-08-22T22:03:59.799Z,12.122,0,0,0,5,0,0,0.0,0.0
2026-08-22T22:03:59.800Z,12.123,0,0,0,0,0,0,0.0,0.0
2026-08-22T22:03:59.810Z,12.133,0,0,0,1,0,0,0.0,0.0
2026-08-22T22:03:59.831Z,12.154,0,0,0,2,0,0,0.0,0.0
2026-08-22T22:03:59.831Z,12.154,0,0,0,3,0,0,0.0,0.0
2026-08-22T22:03:59.842Z,12.165,0,0,0,4,0,0,0.0,0.0
2026-08-22T22:03:59.846Z,12.169,0,0,0,5,0,0,0.0,0.0
2026-08-22T22:03:59.860Z,12.183,0,0,0,0,0,0,0.0,0.0
2026-08-22T22:03:59.870Z,12.193,0,0,0,1,0,0,0.0,0.0
2026-08-22T22:03:59.890Z,12.213,0,0,0,2,0,0,0.0,0.0
2026-08-22T22:03:59.890Z,12.213,0,0,0,3,0,0,0.0,0.0
2026-08-22T22:03:59.901Z,12.224,0,0,0,4,0,0,0.0,0.0
2026-08-22T22:03:59.921Z,12.244,0,0,0,5,0,0,0.0,0.0
2026-08-22T22:03:59.921Z,12.244,0,0,0,0,0,0,0.0,0.0
2026-08-22T22:03:59.932Z,12.255,0,0,0,1,0,0,0.0,0.0
2026-08-22T22:03:59.953Z,12.276,0,0,0,2,0,0,0.0,0.0
2026-08-22T22:03:59.953Z,12.276,0,0,0,3,0,0,0.0,0.0
2026-08-22T22:03:59.964Z,12.287,0,0,0,4,0,0,0.0,0.0
2026-08-22T22:03:59.984Z,12.307,0,0,0,5,0,0,0.0,0.0
2026-08-22T22:03:59.985Z,12.308,0,0,0,0,0,0,0.0,0.0
2026-08-22T22:03:59.995Z,12.318,0,0,0,1,0,0,0.0,0.0
2026-08-22T22:04:00.016Z,12.339,0,0,0,2,0,0,0.0,0.0
2026-08-22T22:04:00.016Z,12.339,0,0,0,3,0,0,0.0,0.0
2026-08-22T22:04:00.027Z,12.35,0,0,0,4,0,0,0.0,0.0
2026-08-22T22:04:00.048Z,12.371,0,0,0,5,0,0,0.0,0.0
2026-08-22T22:04:00.048Z,12.371,0,0,0,0,0,0,0.0,0.0
2026-08-22T22:04:00.059Z,12.382,0,0,0,1,0,0,0.0,0.0
2026-08-22T22:04:00.079Z,12.402,0,0,0,2,0,0,0.0,0.0
2026-08-22T22:04:00.079Z,12.402,0,0,0,3,0,0,0.0,0.0
2026-08-22T22:04:00.090Z,12.413,0,0,0,4,0,0,0.0,0.0
2026-08-22T22:04:00.110Z,12.433,0,0,0,5,0,0,0.0,0.0
2026-08-22T22:04:00.110Z,12.433,0,0,0,0,0,0,0.0,0.0
2026-08-22T22:04:00.122Z,12.445,0,0,0,1,0,0,0.0,0.0
2026-08-22T22:04:00.143Z,12.466,0,0,0,2,0,0,0.0,0.0
2026-08-22T22:04:00.143Z,12.466,0,0,0,3,0,0,0.0,0.0
2026-08-22T22:04:00.153Z,12.476,0,0,0,4,0,0,0.0,0.0
2026-08-22T22:04:00.174Z,12.497,0,0,0,5,0,0,0.0,0.0
2026-08-22T22:04:00.174Z,12.497,0,0,0,0,0,0,0.0,0.0
2026-08-22T22:04:00.184Z,12.507,0,0,0,1,0,0,0.0,0.0
2026-08-22T22:04:00.205Z,12.528,0,0,0,2,0,0,0.0,0.0
2026-08-22T22:04:00.205Z,12.528,0,0,0,3,0,0,0.0,0.0
2026-08-22T22:04:00.216Z,12.539,0,0,0,4,0,0,0.0,0.0
2026-08-22T22:04:00.236Z,12.559,0,0,0,5,0,0,0.0,0.0
2026-08-22T22:04:00.236Z,12.559,0,0,0,0,0,0,0.0,0.0
2026-08-22T22:04:00.247Z,12.57,0,0,0,1,0,0,0.0,0.0
2026-08-22T22:04:00.268Z,12.591,0,0,0,2,0,0,0.0,0.0
2026-08-22T22:04:00.268Z,12.591,0,0,0,3,0,0,0.0,0.0
2026-08-22T22:04:00.279Z,12.602,0,0,0,4,0,0,0.0,0.0
2026-08-22T22:04:00.299Z,12.622,0,0,0,5,0,0,0.0,0.0
2026-08-22T22:04:00.299Z,12.622,0,0,0,0,0,0,0.0,0.0
2026-08-22T22:04:00.310Z,12.633,0,0,0,1,0,0,0.0,0.0
2026-08-22T22:04:00.315Z,12.638,0,0,0,2,0,0,0.0,0.0
2026-08-22T22:04:00.329Z,12.652,0,0,0,3,0,0,0.0,0.0
2026-08-22T22:04:00.339Z,12.662,0,0,0,4,0,0,0.0,0.0
2026-08-22T22:04:00.359Z,12.682,0,0,0,5,0,0,0.0,0.0
2026-08-22T22:04:00.359Z,12.682,0,0,0,0,0,0,0.0,0.0
2026-08-22T22:04:00.369Z,12.692,0,0,0,1,0,0,0.0,0.0
2026-08-22T22:04:00.390Z,12.713,0,0,0,2,0,0,0.0,0.0
2026-08-22T22:04:00.391Z,12.714,0,0,0,3,0,0,0.0,0.0
2026-08-22T22:04:00.402Z,12.725,0,0,0,4,0,0,0.0,0.0
2026-08-22T22:04:00.423Z,12.746,0,0,0,5,0,0,0.0,0.0
2026-08-22T22:04:00.423Z,12.746,0,0,0,0,0,0,0.0,0.0
2026-08-22T22:04:00.433Z,12.756,0,0,0,1,0,0,0.0,0.0
2026-08-22T22:04:00.454Z,12.777,0,0,0,2,0,0,0.0,0.0
2026-08-22T22:04:00.454Z,12.777,0,0,0,3,0,0,0.0,0.0
2026-08-22T22:04:00.465Z,12.788,0,0,0,4,0,0,0.0,0.0
2026-08-22T22:04:00.486Z,12.809,0,0,0,5,0,0,0.0,0.0
2026-08-22T22:04:00.486Z,12.809,0,0,0,0,0,0,0.0,0.0
2026-08-22T22:04:00.496Z,12.819,0,0,0,1,0,0,0.0,0.0
2026-08-22T22:04:00.517Z,12.84,0,0,0,2,0,0,0.0,0.0
2026-08-22T22:04:00.517Z,12.84,0,0,0,3,0,0,0.0,0.0
2026-08-22T22:04:00.527Z,12.85,0,0,0,4,0,0,0.0,0.0
2026-08-22T22:04:00.548Z,12.871,0,0,0,5,0,0,0.0,0.0
2026-08-22T22:04:00.548Z,12.871,0,0,0,0,0,0,0.0,0.0
2026-08-22T22:04:00.559Z,12.882,0,0,0,1,0,0,0.0,0.0
2026-08-22T22:04:00.579Z,12.902,0,0,0,2,0,0,0.0,0.0
2026-08-22T22:04:00.579Z,12.902,0,0,0,3,0,0,0.0,0.0
2026-08-22T22:04:00.590Z,12.913,0,0,0,4,0,0,0.0,0.0
2026-08-22T22:04:00.611Z,12.934,0,0,0,5,0,0,0.0,0.0
2026-08-22T22:04:00.611Z,12.934,0,0,0,0,0,0,0.0,0.0
2026-08-22T22:04:00.621Z,12.944,0,0,0,1,0,0,0.0,0.0
2026-08-22T22:04:00.642Z,12.965,0,0,0,2,0,0,0.0,0.0
2026-08-22T22:04:00.642Z,12.965,0,0,0,3,0,0,0.0,0.0
2026-08-22T22:04:00.652Z,12.975,0,0,0,4,0,0,0.0,0.0
2026-08-22T22:04:00.673Z,12.996,0,0,0,5,0,0,0.0,0.0
2026-08-22T22:04:00.673Z,12.996,0,0,0,0,0,0,0.0,0.0
2026-08-22T22:04:00.684Z,13.007,0,0,0,1,0,0,0.0,0.0
2026-08-22T22:04:00.705Z,13.028,0,0,0,2,0,0,0.0,0.0
2026-08-22T22:04:00.705Z,13.028,0,0,0,3,0,0,0.0,0.0
2026-08-22T22:04:00.715Z,13.038,0,0,0,4,0,0,0.0,0.0
2026-08-22T22:04:00.736Z,13.059,0,0,0,5,0,0,0.0,0.0
2026-08-22T22:04:00.736Z,13.059,0,0,0,0,0,0,0.0,0.0
2026-08-22T22:04:00.747Z,13.07,0,0,0,1,0,0,0.0,0.0
2026-08-22T22:04:00.767Z,13.09,0,0,0,2,0,0,0.0,0.0
2026-08-22T22:04:00.767Z,13.09,0,0,0,3,0,0,0.0,0.0
2026-08-22T22:04:00.777Z,13.1,0,0,0,4,0,0,0.0,0.0
2026-08-22T22:04:00.798Z,13.121,0,0,0,5,0,0,0.0,0.0
2026-08-22T22:04:00.798Z,13.121,0,0,0,0,0,0,0.0,0.0
2026-08-22T22:04:00.809Z,13.132,0,0,0,1,0,0,0.0,0.0
2026-08-22T22:04:00.829Z,13.152,0,0,0,2,0,0,0.0,0.0
2026-08-22T22:04:00.829Z,13.152,0,0,0,3,0,0,0.0,0.0
2026-08-22T22:04:00.840Z,13.163,0,0,0,4,0,0,0.0,0.0
2026-08-22T22:04:00.861Z,13.184,0,0,0,5,0,0,0.0,0.0
2026-08-22T22:04:00.861Z,13.184,0,0,0,0,0,0,0.0,0.0
2026-08-22T22:04:00.872Z,13.195,0,0,0,1,0,0,0.0,0.0
2026-08-22T22:04:00.893Z,13.216,0,0,0,2,0,0,0.0,0.0
2026-08-22T22:04:00.893Z,13.216,0,0,0,3,0,0,0.0,0.0
2026-08-22T22:04:00.903Z,13.226,0,0,0,4,0,0,0.0,0.0
2026-08-22T22:04:00.924Z,13.247,0,0,0,5,0,0,0.0,0.0
2026-08-22T22:04:00.924Z,13.247,0,0,0,0,0,0,0.0,0.0
2026-08-22T22:04:00.935Z,13.258,0,0,0,1,0,0,0.0,0.0
2026-08-22T22:04:00.940Z,13.263,0,0,0,2,0,0,0.0,0.0
2026-08-22T22:04:00.954Z,13.277,0,0,0,3,0,0,0.0,0.0
2026-08-22T22:04:00.964Z,13.287,0,0,0,4,0,0,0.0,0.0
2026-08-22T22:04:00.984Z,13.307,0,0,0,5,0,0,0.0,0.0
2026-08-22T22:04:00.984Z,13.307,0,0,0,0,0,0,0.0,0.0
2026-08-22T22:04:00.994Z,13.317,0,0,0,1,0,0,0.0,0.0
2026-08-22T22:04:01.015Z,13.338,0,0,0,2,0,0,0.0,0.0
2026-08-22T22:04:01.015Z,13.338,0,0,0,3,0,0,0.0,0.0
2026-08-22T22:04:01.025Z,13.348,0,0,0,4,0,0,0.0,0.0
2026-08-22T22:04:01.046Z,13.369,0,0,0,5,0,0,0.0,0.0
2026-08-22T22:04:01.046Z,13.369,0,0,0,0,0,0,0.0,0.0
2026-08-22T22:04:01.057Z,13.38,0,0,0,1,0,0,0.0,0.0
2026-08-22T22:04:01.077Z,13.4,0,0,0,2,0,0,0.0,0.0
2026-08-22T22:04:01.077Z,13.4,0,0,0,3,0,0,0.0,0.0
2026-08-22T22:04:01.088Z,13.411,0,0,0,4,0,0,0.0,0.0
2026-08-22T22:04:01.109Z,13.432,0,0,0,5,0,0,0.0,0.0
2026-08-22T22:04:01.109Z,13.432,0,0,0,0,0,0,0.0,0.0
2026-08-22T22:04:01.119Z,13.442,0,0,0,1,0,0,0.0,0.0
2026-08-22T22:04:01.139Z,13.462,0,0,0,2,0,0,0.0,0.0
2026-08-22T22:04:01.139Z,13.462,0,0,0,3,0,0,0.0,0.0
2026-08-22T22:04:01.151Z,13.474,0,0,0,4,0,0,0.0,0.0
2026-08-22T22:04:01.171Z,13.494,0,0,0,5,0,0,0.0,0.0
2026-08-22T22:04:01.171Z,13.494,0,0,0,0,0,0,0.0,0.0
2026-08-22T22:04:01.182Z,13.505,0,0,0,1,0,0,0.0,0.0
2026-08-22T22:04:01.202Z,13.525,0,0,0,2,0,0,0.0,0.0
2026-08-22T22:04:01.202Z,13.525,0,0,0,3,0,0,0.0,0.0
2026-08-22T22:04:01.213Z,13.536,0,0,0,4,0,0,0.0,0.0
2026-08-22T22:04:01.234Z,13.557,0,0,0,5,0,0,0.0,0.0
2026-08-22T22:04:01.234Z,13.557,0,0,0,0,0,0,0.0,0.0
2026-08-22T22:04:01.245Z,13.568,0,0,0,1,0,0,0.0,0.0
2026-08-22T22:04:01.266Z,13.589,0,0,0,2,0,0,0.0,0.0
2026-08-22T22:04:01.266Z,13.589,0,0,0,3,0,0,0.0,0.0
2026-08-22T22:04:01.276Z,13.599,0,0,0,4,0,0,0.0,0.0
2026-08-22T22:04:01.297Z,13.62,0,0,0,5,0,0,0.0,0.0
2026-08-22T22:04:01.297Z,13.62,0,0,0,0,0,0,0.0,0.0
2026-08-22T22:04:01.308Z,13.631,0,0,0,1,0,0,0.0,0.0
2026-08-22T22:04:01.329Z,13.652,0,0,0,2,0,0,0.0,0.0
2026-08-22T22:04:01.330Z,13.653,0,0,0,3,0,0,0.0,0.0
2026-08-22T22:04:01.341Z,13.664,0,0,0,4,0,0,0.0,0.0
2026-08-22T22:04:01.361Z,13.684,0,0,0,5,0,0,0.0,0.0
2026-08-22T22:04:01.361Z,13.684,0,0,0,0,0,0,0.0,0.0
2026-08-22T22:04:01.372Z,13.695,0,0,0,1,0,0,0.0,0.0
2026-08-22T22:04:01.393Z,13.716,0,0,0,2,0,0,0.0,0.0
2026-08-22T22:04:01.393Z,13.716,0,0,0,3,0,0,0.0,0.0
2026-08-22T22:04:01.403Z,13.726,0,0,0,4,0,0,0.0,0.0
2026-08-22T22:04:01.424Z,13.747,0,0,0,5,0,0,0.0,0.0
2026-08-22T22:04:01.424Z,13.747,0,0,0,0,0,0,0.0,0.0
2026-08-22T22:04:01.435Z,13.758,0,0,0,1,0,0,0.0,0.0
2026-08-22T22:04:01.455Z,13.778,0,0,0,2,0,0,0.0,0.0
2026-08-22T22:04:01.455Z,13.778,0,0,0,3,0,0,0.0,0.0
2026-08-22T22:04:01.466Z,13.789,0,0,0,4,0,0,0.0,0.0
2026-08-22T22:04:01.486Z,13.809,0,0,0,5,0,0,0.0,0.0
2026-08-22T22:04:01.486Z,13.809,0,0,0,0,0,0,0.0,0.0
2026-08-22T22:04:01.497Z,13.82,0,0,0,1,0,0,0.0,0.0
2026-08-22T22:04:01.518Z,13.841,0,0,0,2,0,0,0.0,0.0
2026-08-22T22:04:01.518Z,13.841,0,0,0,3,0,0,0.0,0.0
2026-08-22T22:04:01.528Z,13.851,0,0,0,4,0,0,0.0,0.0
2026-08-22T22:04:01.549Z,13.872,0,0,0,5,0,0,0.0,0.0
2026-08-22T22:04:01.549Z,13.872,0,0,0,0,0,0,0.0,0.0
2026-08-22T22:04:01.560Z,13.883,0,0,0,1,0,0,0.0,0.0
2026-08-22T22:04:01.565Z,13.888,0,0,0,2,0,0,0.0,0.0
2026-08-22T22:04:01.579Z,13.902,0,0,0,3,0,0,0.0,0.0
2026-08-22T22:04:01.589Z,13.912,0,0,0,4,0,0,0.0,0.0
2026-08-22T22:04:01.609Z,13.932,0,0,0,5,0,0,0.0,0.0
2026-08-22T22:04:01.609Z,13.932,0,0,0,0,0,0,0.0,0.0
2026-08-22T22:04:01.620Z,13.943,0,0,0,1,0,0,0.0,0.0
2026-08-22T22:04:01.641Z,13.964,0,0,0,2,0,0,0.0,0.0
2026-08-22T22:04:01.641Z,13.964,0,0,0,3,0,0,0.0,0.0
2026-08-22T22:04:01.651Z,13.974,0,0,0,4,0,0,0.0,0.0
2026-08-22T22:04:01.672Z,13.995,0,0,0,5,0,0,0.0,0.0
2026-08-22T22:04:01.672Z,13.995,0,0,0,0,0,0,0.0,0.0
2026-08-22T22:04:01.683Z,14.006,0,0,0,1,0,0,0.0,0.0
2026-08-22T22:04:01.703Z,14.026,0,0,0,2,0,0,0.0,0.0
2026-08-22T22:04:01.704Z,14.027,0,0,0,3,0,0,0.0,0.0
2026-08-22T22:04:01.714Z,14.037,0,0,0,4,0,0,0.0,0.0
2026-08-22T22:04:01.735Z,14.058,0,0,0,5,0,0,0.0,0.0
2026-08-22T22:04:01.735Z,14.058,0,0,0,0,0,0,0.0,0.0
2026-08-22T22:04:01.746Z,14.069,0,0,0,1,0,0,0.0,0.0
2026-08-22T22:04:01.766Z,14.089,0,0,0,2,0,0,0.0,0.0
2026-08-22T22:04:01.767Z,14.09,0,0,0,3,0,0,0.0,0.0
2026-08-22T22:04:01.778Z,14.101,0,0,0,4,0,0,0.0,0.0
2026-08-22T22:04:01.798Z,14.121,0,0,0,5,0,0,0.0,0.0
2026-08-22T22:04:01.798Z,14.121,0,0,0,0,0,0,0.0,0.0
2026-08-22T22:04:01.810Z,14.133,0,0,0,1,0,0,0.0,0.0
2026-08-22T22:04:01.830Z,14.153,0,0,0,2,0,0,0.0,0.0
2026-08-22T22:04:01.830Z,14.153,0,0,0,3,0,0,0.0,0.0
2026-08-22T22:04:01.842Z,14.165,0,0,0,4,0,0,0.0,0.0
2026-08-22T22:04:01.847Z,14.17,0,0,0,5,0,0,0.0,0.0
2026-08-22T22:04:01.861Z,14.184,0,0,0,0,0,0,0.0,0.0
2026-08-22T22:04:01.871Z,14.194,0,0,0,1,0,0,0.0,0.0
2026-08-22T22:04:01.891Z,14.214,0,0,0,2,0,0,0.0,0.0
2026-08-22T22:04:01.891Z,14.214,0,0,0,3,0,0,0.0,0.0
2026-08-22T22:04:01.902Z,14.225,0,0,0,4,0,0,0.0,0.0
2026-08-22T22:04:01.922Z,14.245,0,0,0,5,0,0,0.0,0.0
2026-08-22T22:04:01.922Z,14.245,0,0,0,0,0,0,0.0,0.0
2026-08-22T22:04:01.933Z,14.256,0,0,0,1,0,0,0.0,0.0
2026-08-22T22:04:01.953Z,14.276,0,0,0,2,0,0,0.0,0.0
2026-08-22T22:04:01.953Z,14.276,0,0,0,3,0,0,0.0,0.0
2026-08-22T22:04:01.964Z,14.287,0,0,0,4,0,0,0.0,0.0
2026-08-22T22:04:01.985Z,14.308,0,0,0,5,0,0,0.0,0.0
2026-08-22T22:04:01.985Z,14.308,0,0,0,0,0,0,0.0,0.0
2026-08-22T22:04:01.996Z,14.319,0,0,0,1,0,0,0.0,0.0
2026-08-22T22:04:02.016Z,14.339,0,0,0,2,0,0,0.0,0.0
2026-08-22T22:04:02.016Z,14.339,0,0,0,3,0,0,0.0,0.0
2026-08-22T22:04:02.027Z,14.35,0,0,0,4,0,0,0.0,0.0
2026-08-22T22:04:02.048Z,14.371,0,0,0,5,0,0,0.0,0.0
2026-08-22T22:04:02.048Z,14.371,0,0,0,0,0,0,0.0,0.0
2026-08-22T22:04:02.058Z,14.381,0,0,0,1,0,0,0.0,0.0
2026-08-22T22:04:02.079Z,14.402,0,0,0,2,0,0,0.0,0.0
2026-08-22T22:04:02.079Z,14.402,0,0,0,3,0,0,0.0,0.0
2026-08-22T22:04:02.090Z,14.413,0,0,0,4,0,0,0.0,0.0
2026-08-22T22:04:02.110Z,14.433,0,0,0,5,0,0,0.0,0.0
2026-08-22T22:04:02.110Z,14.433,0,0,0,0,0,0,0.0,0.0
2026-08-22T22:04:02.121Z,14.444,0,0,0,1,0,0,0.0,0.0
2026-08-22T22:04:02.142Z,14.465,0,0,0,2,0,0,0.0,0.0
2026-08-22T22:04:02.142Z,14.465,0,0,0,3,0,0,0.0,0.0
2026-08-22T22:04:02.153Z,14.476,0,0,0,4,0,0,0.0,0.0
2026-08-22T22:04:02.174Z,14.497,0,0,0,5,0,0,0.0,0.0
2026-08-22T22:04:02.175Z,14.498,0,0,0,0,0,0,0.0,0.0
2026-08-22T22:04:02.186Z,14.509,0,0,0,1,0,0,0.0,0.0
2026-08-22T22:04:02.191Z,14.514,0,0,0,2,0,0,0.0,0.0
2026-08-22T22:04:02.206Z,14.529,0,0,0,3,0,0,0.0,0.0
2026-08-22T22:04:02.216Z,14.539,0,0,0,4,0,0,0.0,0.0
2026-08-22T22:04:02.220Z,14.543,0,0,0,5,0,0,0.0,0.0
2026-08-22T22:04:02.234Z,14.557,0,0,0,0,0,0,0.0,0.0
2026-08-22T22:04:02.243Z,14.566,0,0,0,1,0,0,0.0,0.0
2026-08-22T22:04:02.262Z,14.585,0,0,0,2,0,0,0.0,0.0
2026-08-22T22:04:02.275Z,14.598,0,0,0,3,0,0,0.0,0.0
2026-08-22T22:04:02.282Z,14.605,0,0,0,4,0,0,0.0,0.0
2026-08-22T22:04:02.284Z,14.607,0,0,0,5,0,0,0.0,0.0
2026-08-22T22:04:02.295Z,14.618,0,0,0,0,0,0,0.0,0.0
2026-08-22T22:04:02.301Z,14.624,0,0,0,1,0,0,0.0,0.0
2026-08-22T22:04:02.316Z,14.639,0,0,0,2,0,0,0.0,0.0
2026-08-22T22:04:02.326Z,14.649,0,0,0,3,0,0,0.0,0.0
2026-08-22T22:04:02.331Z,14.654,0,0,0,4,0,0,0.0,0.0
2026-08-22T22:04:02.345Z,14.668,0,0,0,5,0,0,0.0,0.0
2026-08-22T22:04:02.354Z,14.677,0,0,0,0,0,0,0.0,0.0
2026-08-22T22:04:02.373Z,14.696,0,0,0,1,0,0,0.0,0.0
2026-08-22T22:04:02.373Z,14.696,0,0,0,2,0,0,0.0,0.0
2026-08-22T22:04:02.384Z,14.707,0,0,0,3,0,0,0.0,0.0
2026-08-22T22:04:02.404Z,14.727,0,0,0,4,0,0,0.0,0.0
2026-08-22T22:04:02.404Z,14.727,0,0,0,5,0,0,0.0,0.0
2026-08-22T22:04:02.415Z,14.738,0,0,0,0,0,0,0.0,0.0
2026-08-22T22:04:02.436Z,14.759,0,0,0,1,0,0,0.0,0.0
2026-08-22T22:04:02.436Z,14.759,0,0,0,2,0,0,0.0,0.0
2026-08-22T22:04:02.446Z,14.769,0,0,0,3,0,0,0.0,0.0
2026-08-22T22:04:02.467Z,14.79,0,0,0,4,0,0,0.0,0.0
2026-08-22T22:04:02.467Z,14.79,0,0,0,5,0,0,0.0,0.0
2026-08-22T22:04:02.478Z,14.801,0,0,0,0,0,0,0.0,0.0
2026-08-22T22:04:02.498Z,14.821,0,0,0,1,0,0,0.0,0.0
2026-08-22T22:04:02.498Z,14.821,0,0,0,2,0,0,0.0,0.0
2026-08-22T22:04:02.509Z,14.832,0,0,0,3,0,0,0.0,0.0
2026-08-22T22:04:02.530Z,14.853,0,0,0,4,0,0,0.0,0.0
2026-08-22T22:04:02.530Z,14.853,0,0,0,5,0,0,0.0,0.0
2026-08-22T22:04:02.541Z,14.864,0,0,0,0,0,0,0.0,0.0
2026-08-22T22:04:02.562Z,14.885,0,0,0,1,0,0,0.0,0.0
2026-08-22T22:04:02.562Z,14.885,0,0,0,2,0,0,0.0,0.0
2026-08-22T22:04:02.573Z,14.896,0,0,0,3,0,0,0.0,0.0
2026-08-22T22:04:02.594Z,14.917,0,0,0,4,0,0,0.0,0.0
2026-08-22T22:04:02.594Z,14.917,0,0,0,5,0,0,0.0,0.0
2026-08-22T22:04:02.604Z,14.927,0,0,0,0,0,0,0.0,0.0
2026-08-22T22:04:02.625Z,14.948,0,0,0,1,0,0,0.0,0.0
2026-08-22T22:04:02.625Z,14.948,0,0,0,2,0,0,0.0,0.0
2026-08-22T22:04:02.636Z,14.959,0,0,0,3,0,0,0.0,0.0
2026-08-22T22:04:02.656Z,14.979,0,0,0,4,0,0,0.0,0.0
2026-08-22T22:04:02.656Z,14.979,0,0,0,5,0,0,0.0,0.0
2026-08-22T22:04:02.667Z,14.99,0,0,0,0,0,0,0.0,0.0
2026-08-22T22:04:02.687Z,15.01,0,0,0,1,0,0,0.0,0.0
2026-08-22T22:04:02.687Z,15.01,0,0,0,2,0,0,0.0,0.0
2026-08-22T22:04:02.698Z,15.021,0,0,0,3,0,0,0.0,0.0
2026-08-22T22:04:02.719Z,15.042,0,0,0,4,0,0,0.0,0.0
2026-08-22T22:04:02.719Z,15.042,0,0,0,5,0,0,0.0,0.0
2026-08-22T22:04:02.730Z,15.053,0,0,0,0,0,0,0.0,0.0
2026-08-22T22:04:02.751Z,15.074,0,0,0,1,0,0,0.0,0.0
2026-08-22T22:04:02.751Z,15.074,0,0,0,2,0,0,0.0,0.0
2026-08-22T22:04:02.762Z,15.085,0,0,0,3,0,0,0.0,0.0
2026-08-22T22:04:02.782Z,15.105,0,0,0,4,0,0,0.0,0.0
2026-08-22T22:04:02.782Z,15.105,0,0,0,5,0,0,0.0,0.0
2026-08-22T22:04:02.793Z,15.116,0,0,0,0,0,0,0.0,0.0
2026-08-22T22:04:02.814Z,15.137,0,0,0,1,0,0,0.0,0.0
2026-08-22T22:04:02.814Z,15.137,0,0,0,2,0,0,0.0,0.0
2026-08-22T22:04:02.824Z,15.147,0,0,0,3,0,0,0.0,0.0
2026-08-22T22:04:02.845Z,15.168,0,0,0,4,0,0,0.0,0.0
2026-08-22T22:04:02.845Z,15.168,0,0,0,5,0,0,0.0,0.0
2026-08-22T22:04:02.856Z,15.179,0,0,0,0,0,0,0.0,0.0
2026-08-22T22:04:02.876Z,15.199,0,0,0,1,0,0,0.0,0.0
2026-08-22T22:04:02.877Z,15.2,0,0,0,2,0,0,0.0,0.0
2026-08-22T22:04:02.888Z,15.211,0,0,0,3,0,0,0.0,0.0
2026-08-22T22:04:02.909Z,15.232,0,0,0,4,0,0,0.0,0.0
2026-08-22T22:04:02.909Z,15.232,0,0,0,5,0,0,0.0,0.0
2026-08-22T22:04:02.920Z,15.243,0,0,0,0,0,0,0.0,0.0
2026-08-22T22:04:02.924Z,15.247,0,0,0,1,0,0,0.0,0.0
2026-08-22T22:04:02.939Z,15.262,0,0,0,2,0,0,0.0,0.0
2026-08-22T22:04:02.948Z,15.271,0,0,0,3,0,0,0.0,0.0
2026-08-22T22:04:02.966Z,15.289,0,0,0,4,0,0,0.0,0.0
2026-08-22T22:04:02.980Z,15.303,0,0,0,5,0,0,0.0,0.0
2026-08-22T22:04:02.987Z,15.31,0,0,0,0,0,0,0.0,0.0
2026-08-22T22:04:02.990Z,15.313,0,0,0,1,0,0,0.0,0.0
2026-08-22T22:04:03.002Z,15.325,0,0,0,2,0,0,0.0,0.0
2026-08-22T22:04:03.009Z,15.332,0,0,0,3,0,0,0.0,0.0
2026-08-22T22:04:03.026Z,15.349,0,0,0,4,0,0,0.0,0.0
2026-08-22T22:04:03.036Z,15.359,0,0,0,5,0,0,0.0,0.0
2026-08-22T22:04:03.042Z,15.365,0,0,0,0,0,0,0.0,0.0
2026-08-22T22:04:03.058Z,15.381,0,0,0,1,0,0,0.0,0.0
2026-08-22T22:04:03.067Z,15.39,0,0,0,2,0,0,0.0,0.0
2026-08-22T22:04:03.071Z,15.394,0,0,0,3,0,0,0.0,0.0
2026-08-22T22:04:03.085Z,15.408,0,0,0,4,0,0,0.0,0.0
2026-08-22T22:04:03.093Z,15.416,0,0,0,5,0,0,0.0,0.0
2026-08-22T22:04:03.096Z,15.419,0,0,0,0,0,0,0.0,0.0
2026-08-22T22:04:03.109Z,15.432,0,0,0,1,0,0,0.0,0.0
2026-08-22T22:04:03.117Z,15.44,0,0,0,2,0,0,0.0,0.0
2026-08-22T22:04:03.135Z,15.458,0,0,0,3,0,0,0.0,0.0
2026-08-22T22:04:03.147Z,15.47,0,0,0,4,0,0,0.0,0.0
2026-08-22T22:04:03.152Z,15.475,0,0,0,5,0,0,0.0,0.0
2026-08-22T22:04:03.167Z,15.49,0,0,0,0,0,0,0.0,0.0
2026-08-22T22:04:03.179Z,15.502,0,0,0,1,0,0,0.0,0.0
2026-08-22T22:04:03.183Z,15.506,0,0,0,2,0,0,0.0,0.0
2026-08-22T22:04:03.198Z,15.521,0,0,0,3,0,0,0.0,0.0
2026-08-22T22:04:03.206Z,15.529,0,0,0,4,0,0,0.0,0.0
2026-08-22T22:04:03.210Z,15.533,0,0,0,5,0,0,0.0,0.0
2026-08-22T22:04:03.224Z,15.547,0,0,0,0,0,0,0.0,0.0
2026-08-22T22:04:03.231Z,15.554,0,0,0,1,0,0,0.0,0.0
2026-08-22T22:04:03.249Z,15.572,0,0,0,2,0,0,0.0,0.0
2026-08-22T22:04:03.249Z,15.572,0,0,0,3,0,0,0.0,0.0
2026-08-22T22:04:03.260Z,15.583,0,0,0,4,0,0,0.0,0.0
2026-08-22T22:04:03.281Z,15.604,0,0,0,5,0,0,0.0,0.0
2026-08-22T22:04:03.281Z,15.604,0,0,0,0,0,0,0.0,0.0
2026-08-22T22:04:03.292Z,15.615,0,0,0,1,0,0,0.0,0.0
2026-08-22T22:04:03.313Z,15.636,0,0,0,2,0,0,0.0,0.0
2026-08-22T22:04:03.313Z,15.636,0,0,0,3,0,0,0.0,0.0
2026-08-22T22:04:03.324Z,15.647,0,0,0,4,0,0,0.0,0.0
2026-08-22T22:04:03.344Z,15.667,0,0,0,5,0,0,0.0,0.0
2026-08-22T22:04:03.344Z,15.667,0,0,0,0,0,0,0.0,0.0
2026-08-22T22:04:03.355Z,15.678,0,0,0,1,0,0,0.0,0.0
2026-08-22T22:04:03.376Z,15.699,0,0,0,2,0,0,0.0,0.0
2026-08-22T22:04:03.376Z,15.699,0,0,0,3,0,0,0.0,0.0
2026-08-22T22:04:03.387Z,15.71,0,0,0,4,0,0,0.0,0.0
2026-08-22T22:04:03.408Z,15.731,0,0,0,5,0,0,0.0,0.0
2026-08-22T22:04:03.408Z,15.731,0,0,0,0,0,0,0.0,0.0
2026-08-22T22:04:03.419Z,15.742,0,0,0,1,0,0,0.0,0.0
2026-08-22T22:04:03.439Z,15.762,0,0,0,2,0,0,0.0,0.0
2026-08-22T22:04:03.439Z,15.762,0,0,0,3,0,0,0.0,0.0
2026-08-22T22:04:03.451Z,15.774,0,0,0,4,0,0,0.0,0.0
2026-08-22T22:04:03.457Z,15.78,0,0,0,5,0,0,0.0,0.0
2026-08-22T22:04:03.473Z,15.796,0,0,0,0,0,0,0.0,0.0
2026-08-22T22:04:03.482Z,15.805,0,0,0,1,0,0,0.0,0.0
2026-08-22T22:04:03.487Z,15.81,0,0,0,2,0,0,0.0,0.0
2026-08-22T22:04:03.502Z,15.825,0,0,0,3,0,0,0.0,0.0
2026-08-22T22:04:03.510Z,15.833,0,0,0,4,0,0,0.0,0.0
2026-08-22T22:04:03.529Z,15.852,0,0,0,5,0,0,0.0,0.0
2026-08-22T22:04:03.541Z,15.864,0,0,0,0,0,0,0.0,0.0
2026-08-22T22:04:03.549Z,15.872,0,0,0,1,0,0,0.0,0.0
2026-08-22T22:04:03.551Z,15.874,0,0,0,2,0,0,0.0,0.0
2026-08-22T22:04:03.563Z,15.886,0,0,0,3,0,0,0.0,0.0
2026-08-22T22:04:03.568Z,15.891,0,0,0,4,0,0,0.0,0.0
2026-08-22T22:04:03.584Z,15.907,0,0,0,5,0,0,0.0,0.0
2026-08-22T22:04:03.595Z,15.918,0,0,0,0,0,0,0.0,0.0
2026-08-22T22:04:03.599Z,15.922,0,0,0,1,0,0,0.0,0.0
2026-08-22T22:04:03.613Z,15.936,0,0,0,2,0,0,0.0,0.0
2026-08-22T22:04:03.623Z,15.946,0,0,0,3,0,0,0.0,0.0
2026-08-22T22:04:03.627Z,15.95,0,0,0,4,0,0,0.0,0.0
2026-08-22T22:04:03.641Z,15.964,0,0,0,5,0,0,0.0,0.0
2026-08-22T22:04:03.648Z,15.971,0,0,0,0,0,0,0.0,0.0
2026-08-22T22:04:03.666Z,15.989,0,0,0,1,0,0,0.0,0.0
2026-08-22T22:04:03.678Z,16.001,0,0,0,2,0,0,0.0,0.0
2026-08-22T22:04:03.685Z,16.008,0,0,0,3,0,0,0.0,0.0
2026-08-22T22:04:03.702Z,16.025,0,0,0,4,0,0,0.0,0.0
2026-08-22T22:04:03.702Z,16.025,0,0,0,5,0,0,0.0,0.0
2026-08-22T22:04:03.713Z,16.036,0,0,0,0,0,0,0.0,0.0
2026-08-22T22:04:03.733Z,16.056,0,0,0,1,0,0,0.0,0.0
2026-08-22T22:04:03.733Z,16.056,0,0,0,2,0,0,0.0,0.0
2026-08-22T22:04:03.744Z,16.067,0,0,0,3,0,0,0.0,0.0
2026-08-22T22:04:03.764Z,16.087,0,0,0,4,0,0,0.0,0.0
2026-08-22T22:04:03.764Z,16.087,0,0,0,5,0,0,0.0,0.0
2026-08-22T22:04:03.775Z,16.098,0,0,0,0,0,0,0.0,0.0
2026-08-22T22:04:03.796Z,16.119,0,0,0,1,0,0,0.0,0.0
2026-08-22T22:04:03.796Z,16.119,0,0,0,2,0,0,0.0,0.0
2026-08-22T22:04:03.806Z,16.129,0,0,0,3,0,0,0.0,0.0
2026-08-22T22:04:03.827Z,16.15,0,0,0,4,0,0,0.0,0.0
2026-08-22T22:04:03.827Z,16.15,0,0,0,5,0,0,0.0,0.0
2026-08-22T22:04:03.838Z,16.161,0,0,0,0,0,0,0.0,0.0
2026-08-22T22:04:03.859Z,16.182,0,0,0,1,0,0,56.1,102.0
2026-08-22T22:04:03.859Z,16.182,0,0,0,2,0,0,56.1,102.0
2026-08-22T22:04:03.869Z,16.192,0,0,0,3,0,0,56.1,102.0
2026-08-22T22:04:03.890Z,16.213,0,0,0,4,0,0,56.1,102.0
2026-08-22T22:04:03.890Z,16.213,0,0,0,5,0,0,56.1,102.0
2026-08-22T22:04:03.901Z,16.224,0,0,0,0,0,0,56.1,102.0
2026-08-22T22:04:03.921Z,16.244,0,0,0,1,0,0,56.1,102.0
2026-08-22T22:04:03.921Z,16.244,0,0,0,2,0,0,56.1,102.0
2026-08-22T22:04:03.932Z,16.255,0,0,0,3,0,0,56.1,102.0
2026-08-22T22:04:03.953Z,16.276,0,0,0,4,0,0,56.1,102.0
2026-08-22T22:04:03.953Z,16.276,0,0,0,5,0,0,56.1,102.0
2026-08-22T22:04:03.964Z,16.287,0,0,0,0,0,0,56.1,102.0
2026-08-22T22:04:03.985Z,16.308,0,0,0,1,0,0,56.1,102.0
2026-08-22T22:04:03.985Z,16.308,0,0,0,2,0,0,56.1,102.0
2026-08-22T22:04:03.995Z,16.318,0,0,0,3,0,0,56.1,102.0
2026-08-22T22:04:04.016Z,16.339,0,0,0,4,0,0,56.1,102.0
2026-08-22T22:04:04.016Z,16.339,0,0,0,5,0,0,56.1,102.0
2026-08-22T22:04:04.027Z,16.35,0,0,0,0,0,0,56.1,102.0
2026-08-22T22:04:04.047Z,16.37,0,0,0,1,0,0,56.1,102.0
2026-08-22T22:04:04.048Z,16.371,0,0,0,2,0,0,56.1,102.0
2026-08-22T22:04:04.059Z,16.382,0,0,0,3,0,0,56.1,102.0
2026-08-22T22:04:04.080Z,16.403,0,0,0,4,0,0,56.1,102.0
2026-08-22T22:04:04.081Z,16.404,0,0,0,5,0,0,56.1,102.0
2026-08-22T22:04:04.092Z,16.415,0,0,0,0,0,0,56.1,102.0
2026-08-22T22:04:04.097Z,16.42,0,0,0,1,0,0,56.1,102.0
2026-08-22T22:04:04.112Z,16.435,0,0,0,2,0,0,56.1,102.0
2026-08-22T22:04:04.121Z,16.444,0,0,0,3,0,0,56.1,102.0
2026-08-22T22:04:04.141Z,16.464,0,0,0,4,0,0,56.1,102.0
2026-08-22T22:04:04.141Z,16.464,0,0,0,5,0,0,56.1,102.0
2026-08-22T22:04:04.152Z,16.475,0,0,0,0,0,0,56.1,102.0
2026-08-22T22:04:04.173Z,16.496,0,0,0,1,0,0,56.1,102.0
2026-08-22T22:04:04.173Z,16.496,0,0,0,2,0,0,56.1,102.0
2026-08-22T22:04:04.184Z,16.507,0,0,0,3,0,0,56.1,102.0
2026-08-22T22:04:04.204Z,16.527,0,0,0,4,0,0,56.1,102.0
2026-08-22T22:04:04.204Z,16.527,0,0,0,5,0,0,56.1,102.0
2026-08-22T22:04:04.215Z,16.538,0,0,0,0,0,0,56.1,102.0
2026-08-22T22:04:04.236Z,16.559,0,0,0,1,0,0,56.1,102.0
2026-08-22T22:04:04.236Z,16.559,0,0,0,2,0,0,56.1,102.0
2026-08-22T22:04:04.247Z,16.57,0,0,0,3,0,0,56.1,102.0
2026-08-22T22:04:04.253Z,16.576,0,0,0,4,0,0,56.1,102.0
2026-08-22T22:04:04.268Z,16.591,0,0,0,5,0,0,56.1,102.0
2026-08-22T22:04:04.277Z,16.6,0,0,0,0,0,0,56.1,102.0
2026-08-22T22:04:04.295Z,16.618,0,0,0,1,0,0,56.1,102.0
2026-08-22T22:04:04.295Z,16.618,0,0,0,2,0,0,56.1,102.0
2026-08-22T22:04:04.306Z,16.629,0,0,0,3,0,0,56.1,102.0
2026-08-22T22:04:04.327Z,16.65,0,0,0,4,0,0,56.1,102.0
2026-08-22T22:04:04.327Z,16.65,0,0,0,5,0,0,56.1,102.0
2026-08-22T22:04:04.338Z,16.661,0,0,0,0,0,0,56.1,102.0
2026-08-22T22:04:04.358Z,16.681,0,0,0,1,0,0,56.1,102.0
2026-08-22T22:04:04.358Z,16.681,0,0,0,2,0,0,56.1,102.0
2026-08-22T22:04:04.369Z,16.692,0,0,0,3,0,0,56.1,102.0
2026-08-22T22:04:04.390Z,16.713,0,0,0,4,0,0,56.1,102.0
2026-08-22T22:04:04.390Z,16.713,0,0,0,5,0,0,56.1,102.0
2026-08-22T22:04:04.401Z,16.724,0,0,0,0,0,0,56.1,102.0
2026-08-22T22:04:04.421Z,16.744,0,0,0,1,0,0,56.1,102.0
2026-08-22T22:04:04.421Z,16.744,0,0,0,2,0,0,56.1,102.0
2026-08-22T22:04:04.432Z,16.755,0,0,0,3,0,0,56.1,102.0
2026-08-22T22:04:04.453Z,16.776,0,0,0,4,0,0,56.1,102.0
2026-08-22T22:04:04.453Z,16.776,0,0,0,5,0,0,56.1,102.0
2026-08-22T22:04:04.464Z,16.787,0,0,0,0,0,0,56.1,102.0
2026-08-22T22:04:04.485Z,16.808,0,0,0,1,0,0,56.1,102.0
2026-08-22T22:04:04.485Z,16.808,0,0,0,2,0,0,56.1,102.0
2026-08-22T22:04:04.496Z,16.819,0,0,0,3,0,0,56.1,102.0
2026-08-22T22:04:04.518Z,16.841,0,0,0,4,0,0,56.1,102.0
2026-08-22T22:04:04.518Z,16.841,0,0,0,5,0,0,56.1,102.0
2026-08-22T22:04:04.529Z,16.852,0,0,0,0,0,0,56.1,102.0
2026-08-22T22:04:04.534Z,16.857,0,0,0,1,0,0,56.1,102.0
2026-08-22T22:04:04.551Z,16.874,0,0,0,2,0,0,56.1,102.0
2026-08-22T22:04:04.560Z,16.883,0,0,0,3,0,0,56.1,102.0
2026-08-22T22:04:04.564Z,16.887,0,0,0,4,0,0,56.1,102.0
2026-08-22T22:04:04.578Z,16.901,0,0,0,5,0,0,56.1,102.0
2026-08-22T22:04:04.587Z,16.91,0,0,0,0,0,0,56.1,102.0
2026-08-22T22:04:04.605Z,16.928,0,0,0,1,0,0,56.1,102.0
2026-08-22T22:04:04.618Z,16.941,0,0,0,2,0,0,56.1,102.0
2026-08-22T22:04:04.626Z,16.949,0,0,0,3,0,0,56.1,102.0
2026-08-22T22:04:04.627Z,16.95,0,0,0,4,0,0,56.1,102.0
2026-08-22T22:04:04.639Z,16.962,0,0,0,5,0,0,56.1,102.0
2026-08-22T22:04:04.645Z,16.968,0,0,0,0,0,0,56.1,102.0
2026-08-22T22:04:04.660Z,16.983,0,0,0,1,0,0,56.1,102.0
2026-08-22T22:04:04.674Z,16.997,0,0,0,2,0,0,56.1,102.0
2026-08-22T22:04:04.679Z,17.002,0,0,0,3,0,0,56.1,102.0
2026-08-22T22:04:04.694Z,17.017,0,0,0,4,0,0,56.1,102.0
2026-08-22T22:04:04.703Z,17.026,0,0,0,5,0,0,56.1,102.0
2026-08-22T22:04:04.707Z,17.03,0,0,0,0,0,0,56.1,102.0
2026-08-22T22:04:04.720Z,17.043,0,0,0,1,0,0,56.1,102.0
2026-08-22T22:04:04.728Z,17.051,0,0,0,2,0,0,56.1,102.0
2026-08-22T22:04:04.746Z,17.069,0,0,0,3,0,0,56.1,102.0
2026-08-22T22:04:04.759Z,17.082,0,0,0,4,0,0,56.1,102.0
2026-08-22T22:04:04.766Z,17.089,0,0,0,5,0,0,56.1,102.0
2026-08-22T22:04:04.768Z,17.091,0,0,0,0,0,0,56.1,102.0
2026-08-22T22:04:04.779Z,17.102,0,0,0,1,0,0,56.1,102.0
2026-08-22T22:04:04.785Z,17.108,0,0,0,2,0,0,56.1,102.0
2026-08-22T22:04:04.801Z,17.124,0,0,0,3,0,0,56.1,102.0
2026-08-22T22:04:04.810Z,17.133,0,0,0,4,0,0,56.1,102.0
2026-08-22T22:04:04.814Z,17.137,0,0,0,5,0,0,56.1,102.0
2026-08-22T22:04:04.828Z,17.151,0,0,0,0,0,0,56.1,102.0
2026-08-22T22:04:04.837Z,17.16,0,0,0,1,0,0,56.1,102.0
2026-08-22T22:04:04.855Z,17.178,0,0,0,2,0,0,56.1,102.0
2026-08-22T22:04:04.869Z,17.192,0,0,0,3,0,0,56.1,102.0
2026-08-22T22:04:04.876Z,17.199,0,0,0,4,0,0,56.1,102.0
2026-08-22T22:04:04.878Z,17.201,0,0,0,5,0,0,56.1,102.0
2026-08-22T22:04:04.889Z,17.212,0,0,0,0,0,0,56.1,102.0
2026-08-22T22:04:04.895Z,17.218,0,0,0,1,0,0,56.1,102.0
2026-08-22T22:04:04.911Z,17.234,0,0,0,2,0,0,56.1,102.0
2026-08-22T22:04:04.921Z,17.244,0,0,0,3,0,0,56.1,102.0
2026-08-22T22:04:04.926Z,17.249,0,0,0,4,0,0,56.1,102.0
2026-08-22T22:04:04.942Z,17.265,0,0,0,5,0,0,56.1,102.0
2026-08-22T22:04:04.951Z,17.274,0,0,0,0,0,0,56.1,102.0
2026-08-22T22:04:04.955Z,17.278,0,0,0,1,0,0,56.1,102.0
2026-08-22T22:04:04.969Z,17.292,0,0,0,2,0,0,56.1,102.0
2026-08-22T22:04:04.977Z,17.3,0,0,0,3,0,0,56.1,102.0
2026-08-22T22:04:04.994Z,17.317,0,0,0,4,0,0,56.1,102.0
2026-08-22T22:04:05.007Z,17.33,0,0,0,5,0,0,56.1,102.0
2026-08-22T22:04:05.014Z,17.337,0,0,0,0,0,0,56.1,102.0
2026-08-22T22:04:05.014Z,17.337,0,0,0,1,0,0,56.1,102.0
2026-08-22T22:04:05.025Z,17.348,0,0,0,2,0,0,56.1,102.0
2026-08-22T22:04:05.046Z,17.369,0,0,1,3,0,0,56.1,102.0
2026-08-22T22:04:05.046Z,17.369,0,0,1,4,0,0,56.1,102.0
2026-08-22T22:04:05.057Z,17.38,0,0,1,5,0,0,56.1,102.0
2026-08-22T22:04:05.077Z,17.4,0,0,1,0,0,0,56.1,102.0
2026-08-22T22:04:05.077Z,17.4,0,0,1,1,0,0,56.1,102.0
2026-08-22T22:04:05.089Z,17.412,0,0,1,2,0,0,56.1,102.0
2026-08-22T22:04:05.110Z,17.433,0,0,1,3,0,0,56.1,102.0
2026-08-22T22:04:05.110Z,17.433,0,0,1,4,0,0,56.1,102.0
2026-08-22T22:04:05.120Z,17.443,0,0,1,5,0,0,56.1,102.0
2026-08-22T22:04:05.141Z,17.464,0,0,1,0,0,0,56.1,102.0
2026-08-22T22:04:05.141Z,17.464,0,0,1,1,0,0,56.1,102.0
2026-08-22T22:04:05.152Z,17.475,0,0,1,2,0,0,56.1,102.0
2026-08-22T22:04:05.173Z,17.496,0,0,1,3,0,0,56.1,102.0
2026-08-22T22:04:05.173Z,17.496,0,0,1,4,0,0,56.1,102.0
2026-08-22T22:04:05.184Z,17.507,0,0,1,5,0,0,56.1,102.0
2026-08-22T22:04:05.205Z,17.528,0,0,1,0,0,0,56.1,102.0
2026-08-22T22:04:05.206Z,17.529,0,0,1,1,0,0,56.1,102.0
2026-08-22T22:04:05.216Z,17.539,0,0,1,2,0,0,56.1,102.0
2026-08-22T22:04:05.222Z,17.545,0,0,1,3,0,0,56.1,102.0
2026-08-22T22:04:05.236Z,17.559,0,0,1,4,0,0,56.1,102.0
2026-08-22T22:04:05.246Z,17.569,0,0,1,5,0,0,56.1,102.0
2026-08-22T22:04:05.267Z,17.59,0,0,1,0,0,0,56.1,102.0
2026-08-22T22:04:05.267Z,17.59,0,0,1,1,0,0,56.1,102.0
2026-08-22T22:04:05.278Z,17.601,0,0,1,2,0,0,56.1,102.0
2026-08-22T22:04:05.299Z,17.622,0,0,1,3,0,0,56.1,102.0
2026-08-22T22:04:05.299Z,17.622,0,0,1,4,0,0,56.1,102.0
2026-08-22T22:04:05.309Z,17.632,0,0,1,5,0,0,56.1,102.0
2026-08-22T22:04:05.330Z,17.653,0,0,1,0,0,0,56.1,102.0
2026-08-22T22:04:05.330Z,17.653,0,0,1,1,0,0,56.1,102.0
2026-08-22T22:04:05.341Z,17.664,0,0,1,2,0,0,56.1,102.0
2026-08-22T22:04:05.362Z,17.685,0,0,1,3,0,0,56.1,102.0
2026-08-22T22:04:05.363Z,17.686,0,0,1,4,0,0,56.1,102.0
2026-08-22T22:04:05.373Z,17.696,0,0,1,5,0,0,56.1,102.0
2026-08-22T22:04:05.378Z,17.701,0,0,1,0,0,0,56.1,102.0
2026-08-22T22:04:05.393Z,17.716,0,0,1,1,0,0,56.1,102.0
2026-08-22T22:04:05.402Z,17.725,0,0,1,2,0,0,56.1,102.0
2026-08-22T22:04:05.421Z,17.744,0,0,1,3,0,0,56.1,102.0
2026-08-22T22:04:05.421Z,17.744,0,0,1,4,0,0,56.1,102.0
2026-08-22T22:04:05.432Z,17.755,0,0,1,5,0,0,56.1,102.0
2026-08-22T22:04:05.452Z,17.775,0,0,1,0,0,0,56.1,102.0
2026-08-22T22:04:05.453Z,17.776,0,0,1,1,0,0,56.1,102.0
2026-08-22T22:04:05.465Z,17.788,0,0,1,2,0,0,56.1,102.0
2026-08-22T22:04:05.485Z,17.808,0,0,1,3,0,0,56.1,102.0
2026-08-22T22:04:05.486Z,17.809,0,0,1,4,0,0,56.1,102.0
2026-08-22T22:04:05.496Z,17.819,0,0,1,5,0,0,56.1,102.0
2026-08-22T22:04:05.517Z,17.84,0,0,1,0,0,0,56.1,102.0
2026-08-22T22:04:05.518Z,17.841,0,0,1,1,0,0,56.1,102.0
2026-08-22T22:04:05.528Z,17.851,0,0,1,2,0,0,56.1,102.0
2026-08-22T22:04:05.549Z,17.872,0,0,1,3,0,0,56.1,102.0
2026-08-22T22:04:05.549Z,17.872,0,0,1,4,0,0,56.1,102.0
2026-08-22T22:04:05.560Z,17.883,0,0,1,5,0,0,56.1,102.0
2026-08-22T22:04:05.565Z,17.888,0,0,1,0,0,0,56.1,102.0
2026-08-22T22:04:05.579Z,17.902,0,0,1,1,0,0,56.1,102.0
2026-08-22T22:04:05.589Z,17.912,0,0,1,2,0,0,56.1,102.0
2026-08-22T22:04:05.609Z,17.932,0,0,1,3,0,0,56.1,102.0
2026-08-22T22:04:05.609Z,17.932,0,0,1,4,0,0,56.1,102.0
2026-08-22T22:04:05.620Z,17.943,0,0,1,5,0,0,56.1,102.0
2026-08-22T22:04:05.641Z,17.964,0,0,1,0,0,0,56.1,102.0
2026-08-22T22:04:05.642Z,17.965,0,0,1,1,0,0,56.1,102.0
2026-08-22T22:04:05.652Z,17.975,0,0,1,2,0,0,56.1,102.0
2026-08-22T22:04:05.673Z,17.996,0,0,1,3,0,0,56.1,102.0
2026-08-22T22:04:05.673Z,17.996,0,0,1,4,0,0,56.1,102.0
2026-08-22T22:04:05.684Z,18.007,0,0,1,5,0,0,56.1,102.0
2026-08-22T22:04:05.705Z,18.028,0,0,1,0,0,0,56.1,102.0
2026-08-22T22:04:05.705Z,18.028,0,0,1,1,0,0,56.1,102.0
2026-08-22T22:04:05.716Z,18.039,0,0,1,2,0,0,56.1,102.0
2026-08-22T22:04:05.737Z,18.06,0,0,1,3,0,0,56.1,102.0
2026-08-22T22:04:05.737Z,18.06,0,0,1,4,0,0,56.1,102.0
2026-08-22T22:04:05.748Z,18.071,0,0,1,5,0,0,56.1,102.0
2026-08-22T22:04:05.753Z,18.076,0,0,1,0,0,0,56.1,102.0
2026-08-22T22:04:05.768Z,18.091,0,0,1,1,0,0,56.1,102.0
2026-08-22T22:04:05.777Z,18.1,0,0,1,2,0,0,56.1,102.0
2026-08-22T22:04:05.795Z,18.118,0,0,1,3,0,0,56.1,102.0
2026-08-22T22:04:05.795Z,18.118,0,0,1,4,0,0,56.1,102.0
2026-08-22T22:04:05.806Z,18.129,0,0,1,5,0,0,56.1,102.0
2026-08-22T22:04:05.827Z,18.15,0,0,1,0,0,0,56.1,102.0
2026-08-22T22:04:05.827Z,18.15,0,0,1,1,0,0,56.1,102.0
2026-08-22T22:04:05.838Z,18.161,0,0,1,2,0,0,56.1,102.0
2026-08-22T22:04:05.859Z,18.182,0,0,1,3,0,0,56.1,102.0
2026-08-22T22:04:05.859Z,18.182,0,0,1,4,0,0,56.1,102.0
2026-08-22T22:04:05.870Z,18.193,0,0,1,5,0,0,56.1,102.0
2026-08-22T22:04:05.891Z,18.214,0,0,1,0,0,0,56.1,102.0
2026-08-22T22:04:05.892Z,18.215,0,0,1,1,0,0,56.1,102.0
2026-08-22T22:04:05.902Z,18.225,0,0,1,2,0,0,56.1,102.0
2026-08-22T22:04:05.923Z,18.246,0,0,1,3,0,0,56.1,102.0
2026-08-22T22:04:05.923Z,18.246,0,0,1,4,0,0,56.1,102.0
2026-08-22T22:04:05.934Z,18.257,0,0,1,5,0,0,56.1,102.0
2026-08-22T22:04:05.955Z,18.278,0,0,1,0,0,0,56.1,102.0
2026-08-22T22:04:05.955Z,18.278,0,0,1,1,0,0,56.1,102.0
2026-08-22T22:04:05.966Z,18.289,0,0,1,2,0,0,56.1,102.0
2026-08-22T22:04:05.987Z,18.31,0,0,1,3,0,0,56.1,102.0
2026-08-22T22:04:05.988Z,18.311,0,0,1,4,0,0,56.1,102.0
2026-08-22T22:04:05.999Z,18.322,0,0,1,5,0,0,56.1,102.0
2026-08-22T22:04:06.003Z,18.326,0,0,1,0,0,0,56.1,102.0
2026-08-22T22:04:06.017Z,18.34,0,0,1,1,0,0,56.1,102.0
2026-08-22T22:04:06.026Z,18.349,0,0,1,2,0,0,56.1,102.0
2026-08-22T22:04:06.045Z,18.368,0,0,1,3,0,0,56.1,102.0
2026-08-22T22:04:06.045Z,18.368,0,0,1,4,0,0,56.1,102.0
2026-08-22T22:04:06.055Z,18.378,0,0,1,5,0,0,56.1,102.0
2026-08-22T22:04:06.076Z,18.399,0,0,1,0,0,0,56.1,102.0
2026-08-22T22:04:06.076Z,18.399,0,0,1,1,0,0,56.1,102.0
2026-08-22T22:04:06.087Z,18.41,0,0,1,2,0,0,56.1,102.0
2026-08-22T22:04:06.108Z,18.431,0,0,1,3,0,0,56.1,102.0
2026-08-22T22:04:06.108Z,18.431,0,0,1,4,0,0,56.1,102.0
2026-08-22T22:04:06.119Z,18.442,0,0,1,5,0,0,56.1,102.0
2026-08-22T22:04:06.140Z,18.463,0,0,1,0,0,0,56.1,102.0
2026-08-22T22:04:06.140Z,18.463,0,0,1,1,0,0,56.1,102.0
2026-08-22T22:04:06.151Z,18.474,0,0,1,2,0,0,56.1,102.0
2026-08-22T22:04:06.172Z,18.495,0,0,1,3,0,0,56.1,102.0
2026-08-22T22:04:06.172Z,18.495,0,0,1,4,0,0,56.1,102.0
2026-08-22T22:04:06.183Z,18.506,0,0,1,5,0,0,56.1,102.0
2026-08-22T22:04:06.203Z,18.526,0,0,1,0,0,0,56.1,102.0
2026-08-22T22:04:06.203Z,18.526,0,0,1,1,0,0,56.1,102.0
2026-08-22T22:04:06.215Z,18.538,0,0,1,2,0,0,56.1,102.0
2026-08-22T22:04:06.235Z,18.558,0,0,1,3,0,0,56.1,102.0
2026-08-22T22:04:06.235Z,18.558,0,0,1,4,0,0,56.1,102.0
2026-08-22T22:04:06.246Z,18.569,0,0,1,5,0,0,56.1,102.0
2026-08-22T22:04:06.267Z,18.59,0,0,1,0,0,0,56.1,102.0
2026-08-22T22:04:06.267Z,18.59,0,0,1,1,0,0,56.1,102.0
2026-08-22T22:04:06.278Z,18.601,0,0,1,2,0,0,56.1,102.0
2026-08-22T22:04:06.298Z,18.621,0,0,1,3,0,0,56.1,102.0
2026-08-22T22:04:06.298Z,18.621,0,0,1,4,0,0,56.1,102.0
2026-08-22T22:04:06.309Z,18.632,0,0,1,5,0,0,56.1,102.0
2026-08-22T22:04:06.330Z,18.653,0,0,1,0,0,0,56.1,102.0
2026-08-22T22:04:06.330Z,18.653,0,0,1,1,0,0,56.1,102.0
2026-08-22T22:04:06.340Z,18.663,0,0,1,2,0,0,56.1,102.0
2026-08-22T22:04:06.361Z,18.684,0,0,1,3,0,0,56.1,102.0
2026-08-22T22:04:06.362Z,18.685,0,0,1,4,0,0,56.1,102.0
2026-08-22T22:04:06.373Z,18.696,0,0,1,5,0,0,56.1,102.0
2026-08-22T22:04:06.377Z,18.7,0,0,1,0,0,0,56.1,102.0
2026-08-22T22:04:06.393Z,18.716,0,0,1,1,0,0,56.1,102.0
2026-08-22T22:04:06.403Z,18.726,0,0,1,2,0,0,56.1,102.0
2026-08-22T22:04:06.422Z,18.745,0,0,1,3,0,0,56.1,102.0
2026-08-22T22:04:06.422Z,18.745,0,0,1,4,0,0,56.1,102.0
2026-08-22T22:04:06.432Z,18.755,0,0,1,5,0,0,56.1,102.0
2026-08-22T22:04:06.453Z,18.776,0,0,1,0,0,0,56.1,102.0
2026-08-22T22:04:06.453Z,18.776,0,0,1,1,0,0,56.1,102.0
2026-08-22T22:04:06.464Z,18.787,0,0,1,2,0,0,56.1,102.0
2026-08-22T22:04:06.485Z,18.808,0,0,1,3,0,0,56.1,102.0
2026-08-22T22:04:06.485Z,18.808,0,0,1,4,0,0,56.1,102.0
2026-08-22T22:04:06.496Z,18.819,0,0,1,5,0,0,56.1,102.0
2026-08-22T22:04:06.518Z,18.841,0,0,1,0,0,0,56.1,102.0
2026-08-22T22:04:06.518Z,18.841,0,0,1,1,0,0,56.1,102.0
2026-08-22T22:04:06.529Z,18.852,0,0,1,2,0,0,56.1,102.0
2026-08-22T22:04:06.534Z,18.857,0,0,1,3,0,0,56.1,102.0
2026-08-22T22:04:06.552Z,18.875,0,0,1,4,0,0,56.1,102.0
2026-08-22T22:04:06.561Z,18.884,0,0,1,5,0,0,56.1,102.0
2026-08-22T22:04:06.565Z,18.888,0,0,1,0,0,0,56.1,102.0
2026-08-22T22:04:06.579Z,18.902,0,0,1,1,0,0,56.1,102.0
2026-08-22T22:04:06.588Z,18.911,0,0,1,2,0,0,56.1,102.0
2026-08-22T22:04:06.607Z,18.93,0,0,1,3,0,0,56.1,102.0
2026-08-22T22:04:06.607Z,18.93,0,0,1,4,0,0,56.1,102.0
2026-08-22T22:04:06.618Z,18.941,0,0,1,5,0,0,56.1,102.0
2026-08-22T22:04:06.640Z,18.963,0,0,1,0,0,0,56.1,102.0
2026-08-22T22:04:06.641Z,18.964,0,0,1,1,0,0,56.1,102.0
2026-08-22T22:04:06.651Z,18.974,0,0,1,2,0,0,56.1,102.0
2026-08-22T22:04:06.672Z,18.995,0,0,1,3,0,0,56.1,102.0
2026-08-22T22:04:06.672Z,18.995,0,0,1,4,0,0,56.1,102.0
2026-08-22T22:04:06.682Z,19.005,0,0,1,5,0,0,56.1,102.0
2026-08-22T22:04:06.704Z,19.027,0,0,1,0,0,0,56.1,102.0
2026-08-22T22:04:06.705Z,19.028,0,0,1,1,0,0,56.1,102.0
2026-08-22T22:04:06.716Z,19.039,0,0,1,2,0,0,56.1,102.0
2026-08-22T22:04:06.721Z,19.044,0,0,1,3,0,0,56.1,102.0
2026-08-22T22:04:06.736Z,19.059,0,0,1,4,0,0,56.1,102.0
2026-08-22T22:04:06.746Z,19.069,0,0,1,5,0,0,56.1,102.0
2026-08-22T22:04:06.766Z,19.089,0,0,1,0,0,0,56.1,102.0
2026-08-22T22:04:06.766Z,19.089,0,0,1,1,0,0,56.1,102.0
2026-08-22T22:04:06.777Z,19.1,0,0,1,2,0,0,56.1,102.0
2026-08-22T22:04:06.797Z,19.12,0,0,1,3,0,0,56.1,102.0
2026-08-22T22:04:06.797Z,19.12,0,0,1,4,0,0,56.1,102.0
2026-08-22T22:04:06.808Z,19.131,0,0,1,5,0,0,56.1,102.0
2026-08-22T22:04:06.829Z,19.152,0,0,1,0,0,0,56.1,102.0
2026-08-22T22:04:06.829Z,19.152,0,0,1,1,0,0,56.1,102.0
2026-08-22T22:04:06.840Z,19.163,0,0,1,2,0,0,56.1,102.0
2026-08-22T22:04:06.860Z,19.183,0,0,1,3,0,0,56.1,102.0
2026-08-22T22:04:06.860Z,19.183,0,0,1,4,0,0,56.1,102.0
2026-08-22T22:04:06.871Z,19.194,0,0,1,5,0,0,56.1,102.0
2026-08-22T22:04:06.891Z,19.214,0,0,1,0,0,0,56.1,102.0
2026-08-22T22:04:06.891Z,19.214,0,0,1,1,0,0,56.1,102.0
2026-08-22T22:04:06.902Z,19.225,0,0,1,2,0,0,56.1,102.0
2026-08-22T22:04:06.922Z,19.245,0,0,1,3,0,0,56.1,102.0
2026-08-22T22:04:06.922Z,19.245,0,0,1,4,0,0,56.1,102.0
2026-08-22T22:04:06.933Z,19.256,0,0,1,5,0,0,56.1,102.0
2026-08-22T22:04:06.954Z,19.277,0,0,1,0,0,0,56.1,102.0
2026-08-22T22:04:06.955Z,19.278,0,0,1,1,0,0,56.1,102.0
2026-08-22T22:04:06.965Z,19.288,0,0,1,2,0,0,56.1,102.0
2026-08-22T22:04:06.986Z,19.309,0,0,1,3,0,0,56.1,102.0
2026-08-22T22:04:06.986Z,19.309,0,0,1,4,0,0,56.1,102.0
2026-08-22T22:04:06.996Z,19.319,0,0,1,5,0,0,56.1,102.0
2026-08-22T22:04:07.018Z,19.341,0,0,1,0,0,0,56.1,102.0
2026-08-22T22:04:07.018Z,19.341,0,0,1,1,0,0,56.1,102.0
2026-08-22T22:04:07.029Z,19.352,0,0,1,2,0,0,56.1,102.0
2026-08-22T22:04:07.036Z,19.359,0,0,1,3,0,0,56.1,102.0
2026-08-22T22:04:07.052Z,19.375,0,0,1,4,0,0,56.1,102.0
2026-08-22T22:04:07.062Z,19.385,0,0,1,5,0,0,56.1,102.0
2026-08-22T22:04:07.066Z,19.389,0,0,1,0,0,0,56.1,102.0
2026-08-22T22:04:07.080Z,19.403,0,0,1,1,0,0,56.1,102.0
2026-08-22T22:04:07.088Z,19.411,0,0,1,2,0,0,56.1,102.0
2026-08-22T22:04:07.107Z,19.43,0,0,1,3,0,0,56.1,102.0
2026-08-22T22:04:07.107Z,19.43,0,0,1,4,0,0,56.1,102.0
2026-08-22T22:04:07.118Z,19.441,0,0,1,5,0,0,56.1,102.0
2026-08-22T22:04:07.138Z,19.461,0,0,1,0,0,0,56.1,102.0
2026-08-22T22:04:07.138Z,19.461,0,0,1,1,0,0,56.1,102.0
2026-08-22T22:04:07.149Z,19.472,0,0,1,2,0,0,56.1,102.0
2026-08-22T22:04:07.171Z,19.494,0,0,1,3,0,0,56.1,102.0
2026-08-22T22:04:07.171Z,19.494,0,0,1,4,0,0,56.1,102.0
2026-08-22T22:04:07.182Z,19.505,0,0,1,5,0,0,56.1,102.0
2026-08-22T22:04:07.203Z,19.526,0,0,1,0,0,0,56.1,102.0
2026-08-22T22:04:07.204Z,19.527,0,0,1,1,0,0,56.1,102.0
2026-08-22T22:04:07.215Z,19.538,0,0,1,2,0,0,56.1,102.0
2026-08-22T22:04:07.235Z,19.558,0,0,1,3,0,0,56.1,102.0
2026-08-22T22:04:07.235Z,19.558,0,0,1,4,0,0,56.1,102.0
2026-08-22T22:04:07.246Z,19.569,0,0,1,5,0,0,56.1,102.0
2026-08-22T22:04:07.267Z,19.59,0,0,1,0,0,0,56.1,102.0
2026-08-22T22:04:07.268Z,19.591,0,0,1,1,0,0,56.1,102.0
2026-08-22T22:04:07.279Z,19.602,0,0,1,2,0,0,56.1,102.0
2026-08-22T22:04:07.284Z,19.607,0,0,1,3,0,0,56.1,102.0
2026-08-22T22:04:07.300Z,19.623,0,0,1,4,0,0,56.1,102.0
2026-08-22T22:04:07.309Z,19.632,0,0,1,5,0,0,56.1,102.0
2026-08-22T22:04:07.329Z,19.652,0,0,1,0,0,0,56.1,102.0
2026-08-22T22:04:07.331Z,19.654,0,0,1,1,0,0,56.1,102.0
2026-08-22T22:04:07.343Z,19.666,0,0,1,2,0,0,56.1,102.0
2026-08-22T22:04:07.348Z,19.671,0,0,1,3,0,0,56.1,102.0
2026-08-22T22:04:07.362Z,19.685,0,0,1,4,0,0,56.1,102.0
2026-08-22T22:04:07.372Z,19.695,0,0,1,5,0,0,56.1,102.0
2026-08-22T22:04:07.376Z,19.699,0,0,1,0,0,0,56.1,102.0
2026-08-22T22:04:07.390Z,19.713,0,0,1,1,0,0,56.1,102.0
2026-08-22T22:04:07.397Z,19.72,0,0,1,2,0,0,56.1,102.0
2026-08-22T22:04:07.415Z,19.738,0,0,1,3,0,0,56.1,102.0
2026-08-22T22:04:07.427Z,19.75,0,0,1,4,0,0,56.1,102.0
2026-08-22T22:04:07.434Z,19.757,0,0,1,5,0,0,56.1,102.0
2026-08-22T22:04:07.451Z,19.774,0,0,1,0,0,0,56.1,102.0
2026-08-22T22:04:07.451Z,19.774,0,0,1,1,0,0,56.1,102.0
2026-08-22T22:04:07.461Z,19.784,0,0,1,2,0,0,56.1,102.0
2026-08-22T22:04:07.482Z,19.805,0,0,1,3,0,0,56.1,102.0
2026-08-22T22:04:07.482Z,19.805,0,0,1,4,0,0,56.1,102.0
2026-08-22T22:04:07.493Z,19.816,0,0,1,5,0,0,56.1,102.0
2026-08-22T22:04:07.514Z,19.837,0,0,1,0,0,0,56.1,102.0
2026-08-22T22:04:07.514Z,19.837,0,0,1,1,0,0,56.1,102.0
2026-08-22T22:04:07.525Z,19.848,0,0,1,2,0,0,56.1,102.0
2026-08-22T22:04:07.546Z,19.869,0,0,1,3,0,0,56.1,102.0
2026-08-22T22:04:07.546Z,19.869,0,0,1,4,0,0,56.1,102.0
2026-08-22T22:04:07.557Z,19.88,0,0,1,5,0,0,56.1,102.0
2026-08-22T22:04:07.577Z,19.9,0,0,1,0,0,0,56.1,102.0
2026-08-22T22:04:07.577Z,19.9,0,0,1,1,0,0,56.1,102.0
2026-08-22T22:04:07.588Z,19.911,0,0,1,2,0,0,56.1,102.0
2026-08-22T22:04:07.609Z,19.932,0,0,1,3,0,0,56.1,102.0
2026-08-22T22:04:07.609Z,19.932,0,0,1,4,0,0,56.1,102.0
2026-08-22T22:04:07.620Z,19.943,0,0,1,5,0,0,56.1,102.0
2026-08-22T22:04:07.641Z,19.964,0,0,1,0,0,0,56.1,102.0
2026-08-22T22:04:07.641Z,19.964,0,0,1,1,0,0,56.1,102.0
2026-08-22T22:04:07.653Z,19.976,0,0,1,2,0,0,56.1,102.0
2026-08-22T22:04:07.674Z,19.997,0,0,1,3,0,0,56.1,102.0
2026-08-22T22:04:07.674Z,19.997,0,0,1,4,0,0,56.1,102.0
2026-08-22T22:04:07.685Z,20.008,0,0,1,5,0,0,56.1,102.0
2026-08-22T22:04:07.690Z,20.013,0,0,1,0,0,0,56.1,102.0
2026-08-22T22:04:07.704Z,20.027,0,0,1,1,0,0,56.1,102.0
2026-08-22T22:04:07.714Z,20.037,0,0,1,2,0,0,56.1,102.0
2026-08-22T22:04:07.734Z,20.057,0,0,1,3,0,0,56.1,102.0
2026-08-22T22:04:07.734Z,20.057,0,0,1,4,0,0,56.1,102.0
2026-08-22T22:04:07.745Z,20.068,0,0,1,5,0,0,56.1,102.0
2026-08-22T22:04:07.766Z,20.089,0,0,1,0,0,0,56.1,102.0
2026-08-22T22:04:07.766Z,20.089,0,0,1,1,0,0,56.1,102.0
2026-08-22T22:04:07.777Z,20.1,0,0,1,2,0,0,56.1,102.0
2026-08-22T22:04:07.798Z,20.121,0,0,1,3,0,0,56.1,102.0
2026-08-22T22:04:07.798Z,20.121,0,0,1,4,0,0,56.1,102.0
2026-08-22T22:04:07.809Z,20.132,0,0,1,5,0,0,56.1,102.0
2026-08-22T22:04:07.830Z,20.153,0,0,1,0,0,0,56.1,102.0
2026-08-22T22:04:07.831Z,20.154,0,0,1,1,0,0,56.1,102.0
2026-08-22T22:04:07.841Z,20.164,0,0,1,2,0,0,56.1,102.0
2026-08-22T22:04:07.846Z,20.169,0,0,1,3,0,0,56.1,102.0
2026-08-22T22:04:07.861Z,20.184,0,0,1,4,0,0,56.1,102.0
2026-08-22T22:04:07.870Z,20.193,0,0,1,5,0,0,56.1,102.0
2026-08-22T22:04:07.890Z,20.213,0,0,1,0,0,0,56.1,102.0
2026-08-22T22:04:07.890Z,20.213,0,0,1,1,0,0,56.1,102.0
2026-08-22T22:04:07.901Z,20.224,0,0,1,2,0,0,56.1,102.0
2026-08-22T22:04:07.921Z,20.244,0,0,1,3,0,0,56.1,102.0
2026-08-22T22:04:07.921Z,20.244,0,0,1,4,0,0,56.1,102.0
2026-08-22T22:04:07.932Z,20.255,0,0,1,5,0,0,56.1,102.0
2026-08-22T22:04:07.953Z,20.276,0,0,1,0,0,0,56.1,102.0
2026-08-22T22:04:07.953Z,20.276,0,0,1,1,0,0,56.1,102.0
2026-08-22T22:04:07.965Z,20.288,0,0,1,2,0,0,56.1,102.0
2026-08-22T22:04:07.986Z,20.309,0,0,1,3,0,0,56.1,102.0
2026-08-22T22:04:07.986Z,20.309,0,0,1,4,0,0,56.1,102.0
2026-08-22T22:04:07.997Z,20.32,0,0,1,5,0,0,56.1,102.0
2026-08-22T22:04:08.018Z,20.341,0,0,1,0,0,0,56.1,102.0
2026-08-22T22:04:08.018Z,20.341,0,0,1,1,0,0,56.1,102.0
2026-08-22T22:04:08.029Z,20.352,0,0,1,2,0,0,56.1,102.0
2026-08-22T22:04:08.034Z,20.357,0,0,1,3,0,0,56.1,102.0
2026-08-22T22:04:08.050Z,20.373,0,0,1,4,0,0,56.1,102.0
2026-08-22T22:04:08.060Z,20.383,0,0,1,5,0,0,56.1,102.0
2026-08-22T22:04:08.080Z,20.403,0,0,1,0,0,0,56.1,102.0
2026-08-22T22:04:08.080Z,20.403,0,0,1,1,0,0,56.1,102.0
2026-08-22T22:04:08.091Z,20.414,0,0,1,2,0,0,56.1,102.0
2026-08-22T22:04:08.112Z,20.435,0,0,1,3,0,0,56.1,102.0
2026-08-22T22:04:08.112Z,20.435,0,0,1,4,0,0,56.1,102.0
2026-08-22T22:04:08.122Z,20.445,0,0,1,5,0,0,56.1,102.0
2026-08-22T22:04:08.143Z,20.466,0,0,1,0,0,0,56.1,102.0
2026-08-22T22:04:08.143Z,20.466,0,0,1,1,0,0,56.1,102.0
2026-08-22T22:04:08.153Z,20.476,0,0,1,2,0,0,56.1,102.0
2026-08-22T22:04:08.174Z,20.497,0,0,1,3,0,0,56.1,102.0
2026-08-22T22:04:08.174Z,20.497,0,0,1,4,0,0,56.1,102.0
2026-08-22T22:04:08.185Z,20.508,0,0,1,5,0,0,56.1,102.0
2026-08-22T22:04:08.190Z,20.513,0,0,1,0,0,0,56.1,102.0
2026-08-22T22:04:08.204Z,20.527,0,0,1,1,0,0,56.1,102.0
2026-08-22T22:04:08.214Z,20.537,0,0,1,2,0,0,56.1,102.0
2026-08-22T22:04:08.234Z,20.557,0,0,1,3,0,0,56.1,102.0
2026-08-22T22:04:08.234Z,20.557,0,0,1,4,0,0,56.1,102.0
2026-08-22T22:04:08.245Z,20.568,0,0,1,5,0,0,56.1,102.0
2026-08-22T22:04:08.266Z,20.589,0,0,1,0,0,0,56.1,102.0
2026-08-22T22:04:08.267Z,20.59,0,0,1,1,0,0,56.1,102.0
2026-08-22T22:04:08.277Z,20.6,0,0,1,2,0,0,56.1,102.0
2026-08-22T22:04:08.298Z,20.621,0,0,1,3,0,0,56.1,102.0
2026-08-22T22:04:08.298Z,20.621,0,0,1,4,0,0,56.1,102.0
2026-08-22T22:04:08.309Z,20.632,0,0,1,5,0,0,56.1,102.0
2026-08-22T22:04:08.329Z,20.652,0,0,1,0,0,0,56.1,102.0
2026-08-22T22:04:08.329Z,20.652,0,0,1,1,0,0,56.1,102.0
2026-08-22T22:04:08.340Z,20.663,0,0,1,2,0,0,56.1,102.0
2026-08-22T22:04:08.361Z,20.684,0,0,1,3,0,0,56.1,102.0
2026-08-22T22:04:08.362Z,20.685,0,0,1,4,0,0,56.1,102.0
2026-08-22T22:04:08.372Z,20.695,0,0,1,5,0,0,56.1,102.0
2026-08-22T22:04:08.393Z,20.716,0,0,1,0,0,0,56.1,102.0
2026-08-22T22:04:08.393Z,20.716,0,0,1,1,0,0,56.1,102.0
2026-08-22T22:04:08.404Z,20.727,0,0,1,2,0,0,56.1,102.0
2026-08-22T22:04:08.411Z,20.734,0,0,1,3,0,0,56.1,102.0
2026-08-22T22:04:08.427Z,20.75,0,0,1,4,0,0,56.1,102.0
2026-08-22T22:04:08.437Z,20.76,0,0,1,5,0,0,56.1,102.0
2026-08-22T22:04:08.442Z,20.765,0,0,1,0,0,0,56.1,102.0
2026-08-22T22:04:08.455Z,20.778,0,0,1,1,0,0,56.1,102.0
2026-08-22T22:04:08.464Z,20.787,0,0,1,2,0,0,56.1,102.0
2026-08-22T22:04:08.483Z,20.806,0,0,1,3,0,0,56.1,102.0
2026-08-22T22:04:08.483Z,20.806,0,0,1,4,0,0,56.1,102.0
2026-08-22T22:04:08.494Z,20.817,0,0,1,5,0,0,56.1,102.0
2026-08-22T22:04:08.515Z,20.838,0,0,1,0,0,0,56.1,102.0
2026-08-22T22:04:08.516Z,20.839,0,0,1,1,0,0,56.1,102.0
2026-08-22T22:04:08.528Z,20.851,0,0,1,2,0,0,56.1,102.0
2026-08-22T22:04:08.548Z,20.871,0,0,1,3,0,0,56.1,102.0
2026-08-22T22:04:08.549Z,20.872,0,0,1,4,0,0,56.1,102.0
2026-08-22T22:04:08.559Z,20.882,0,0,1,5,0,0,56.1,102.0
2026-08-22T22:04:08.581Z,20.904,0,0,1,0,0,0,56.1,102.0
2026-08-22T22:04:08.581Z,20.904,0,0,1,1,0,0,56.1,102.0
2026-08-22T22:04:08.592Z,20.915,0,0,1,2,0,0,56.1,102.0
2026-08-22T22:04:08.597Z,20.92,0,0,1,3,0,0,56.1,102.0
2026-08-22T22:04:08.612Z,20.935,0,0,1,4,0,0,56.1,102.0
2026-08-22T22:04:08.622Z,20.945,0,0,1,5,0,0,56.1,102.0
2026-08-22T22:04:08.641Z,20.964,0,0,1,0,0,0,56.1,102.0
2026-08-22T22:04:08.641Z,20.964,0,0,1,1,0,0,56.1,102.0
2026-08-22T22:04:08.653Z,20.976,0,0,1,2,0,0,56.1,102.0
2026-08-22T22:04:08.673Z,20.996,0,0,1,3,0,0,56.1,102.0
2026-08-22T22:04:08.673Z,20.996,0,0,1,4,0,0,56.1,102.0
2026-08-22T22:04:08.684Z,21.007,0,0,1,5,0,0,56.1,102.0
2026-08-22T22:04:08.704Z,21.027,0,0,1,0,0,0,56.1,102.0
2026-08-22T22:04:08.704Z,21.027,0,0,1,1,0,0,56.1,102.0
2026-08-22T22:04:08.716Z,21.039,0,0,1,2,0,0,56.1,102.0
2026-08-22T22:04:08.737Z,21.06,0,0,1,3,0,0,56.1,102.0
2026-08-22T22:04:08.737Z,21.06,0,0,1,4,0,0,56.1,102.0
2026-08-22T22:04:08.748Z,21.071,0,0,1,5,0,0,56.1,102.0
2026-08-22T22:04:08.753Z,21.076,0,0,1,0,0,0,56.1,102.0
2026-08-22T22:04:08.767Z,21.09,0,0,1,1,0,0,56.1,102.0
2026-08-22T22:04:08.776Z,21.099,0,0,1,2,0,0,56.1,102.0
2026-08-22T22:04:08.795Z,21.118,0,0,1,3,0,0,56.1,102.0
2026-08-22T22:04:08.795Z,21.118,0,0,1,4,0,0,56.1,102.0
2026-08-22T22:04:08.806Z,21.129,0,0,1,5,0,0,56.1,102.0
2026-08-22T22:04:08.827Z,21.15,0,0,1,0,0,0,56.1,102.0
2026-08-22T22:04:08.827Z,21.15,0,0,1,1,0,0,56.1,102.0
2026-08-22T22:04:08.839Z,21.162,0,0,1,2,0,0,56.1,102.0
2026-08-22T22:04:08.859Z,21.182,0,0,1,3,0,0,56.1,102.0
2026-08-22T22:04:08.859Z,21.182,0,0,1,4,0,0,56.1,102.0
2026-08-22T22:04:08.870Z,21.193,0,0,1,5,0,0,56.1,102.0
2026-08-22T22:04:08.891Z,21.214,0,0,1,0,0,0,56.1,102.0
2026-08-22T22:04:08.891Z,21.214,0,0,1,1,0,0,56.1,102.0
2026-08-22T22:04:08.902Z,21.225,0,0,1,2,0,0,56.1,102.0
2026-08-22T22:04:08.923Z,21.246,0,0,1,3,0,0,56.1,102.0
2026-08-22T22:04:08.924Z,21.247,0,0,1,4,0,0,56.1,102.0
2026-08-22T22:04:08.935Z,21.258,0,0,1,5,0,0,56.1,102.0
2026-08-22T22:04:08.955Z,21.278,0,0,1,0,0,0,56.1,102.0
2026-08-22T22:04:08.955Z,21.278,0,0,1,1,0,0,56.1,102.0
2026-08-22T22:04:08.966Z,21.289,0,0,1,2,0,0,56.1,102.0
2026-08-22T22:04:08.971Z,21.294,0,0,1,3,0,0,56.1,102.0
2026-08-22T22:04:08.986Z,21.309,0,0,1,4,0,0,56.1,102.0
2026-08-22T22:04:08.996Z,21.319,0,0,1,5,0,0,56.1,102.0
2026-08-22T22:04:09.016Z,21.339,0,0,1,0,0,0,56.1,102.0
2026-08-22T22:04:09.017Z,21.34,0,0,1,1,0,0,56.1,102.0
2026-08-22T22:04:09.027Z,21.35,0,0,1,2,0,0,56.1,102.0
2026-08-22T22:04:09.049Z,21.372,0,0,1,3,0,0,56.1,102.0
2026-08-22T22:04:09.049Z,21.372,0,0,1,4,0,0,56.1,102.0
2026-08-22T22:04:09.059Z,21.382,0,0,1,5,0,0,56.1,102.0
2026-08-22T22:04:09.079Z,21.402,0,0,1,0,0,0,56.1,102.0
2026-08-22T22:04:09.079Z,21.402,0,0,1,1,0,0,56.1,102.0
2026-08-22T22:04:09.091Z,21.414,0,0,1,2,0,0,56.1,102.0
2026-08-22T22:04:09.112Z,21.435,0,0,1,3,0,0,56.1,102.0
2026-08-22T22:04:09.112Z,21.435,0,0,1,4,0,0,56.1,102.0
2026-08-22T22:04:09.123Z,21.446,0,0,1,5,0,0,56.1,102.0
2026-08-22T22:04:09.128Z,21.451,0,0,1,0,0,0,56.1,102.0
2026-08-22T22:04:09.143Z,21.466,0,0,1,1,0,0,56.1,102.0
2026-08-22T22:04:09.151Z,21.474,0,0,1,2,0,0,56.1,102.0
2026-08-22T22:04:09.170Z,21.493,0,0,1,3,0,0,56.1,102.0
2026-08-22T22:04:09.170Z,21.493,0,0,1,4,0,0,56.1,102.0
2026-08-22T22:04:09.181Z,21.504,0,0,1,5,0,0,56.1,102.0
2026-08-22T22:04:09.203Z,21.526,0,0,1,0,0,0,56.1,102.0
2026-08-22T22:04:09.205Z,21.528,0,0,1,1,0,0,56.1,102.0
2026-08-22T22:04:09.217Z,21.54,0,0,1,2,0,0,56.1,102.0
2026-08-22T22:04:09.221Z,21.544,0,0,1,3,0,0,56.1,102.0
2026-08-22T22:04:09.236Z,21.559,0,0,1,4,0,0,56.1,102.0
2026-08-22T22:04:09.245Z,21.568,0,0,1,5,0,0,56.1,102.0
2026-08-22T22:04:09.265Z,21.588,0,0,1,0,0,0,56.1,102.0
2026-08-22T22:04:09.265Z,21.588,0,0,1,1,0,0,56.1,102.0
2026-08-22T22:04:09.276Z,21.599,0,0,1,2,0,0,56.1,102.0
2026-08-22T22:04:09.297Z,21.62,0,0,1,3,0,0,56.1,102.0
2026-08-22T22:04:09.297Z,21.62,0,0,1,4,0,0,56.1,102.0
2026-08-22T22:04:09.308Z,21.631,0,0,1,5,0,0,56.1,102.0
2026-08-22T22:04:09.328Z,21.651,0,0,1,0,0,0,56.1,102.0
2026-08-22T22:04:09.329Z,21.652,0,0,1,1,0,0,56.1,102.0
2026-08-22T22:04:09.340Z,21.663,0,0,1,2,0,0,56.1,102.0
2026-08-22T22:04:09.361Z,21.684,0,0,1,3,0,0,56.1,102.0
2026-08-22T22:04:09.361Z,21.684,0,0,1,4,0,0,56.1,102.0
2026-08-22T22:04:09.372Z,21.695,0,0,1,5,0,0,56.1,102.0
2026-08-22T22:04:09.392Z,21.715,0,0,1,0,0,0,56.1,102.0
2026-08-22T22:04:09.392Z,21.715,0,0,1,1,0,0,56.1,102.0
2026-08-22T22:04:09.404Z,21.727,0,0,1,2,0,0,56.1,102.0
2026-08-22T22:04:09.410Z,21.733,0,0,1,3,0,0,56.1,102.0
2026-08-22T22:04:09.426Z,21.749,0,0,1,4,0,0,56.1,102.0
2026-08-22T22:04:09.435Z,21.758,0,0,1,5,0,0,56.1,102.0
2026-08-22T22:04:09.439Z,21.762,0,0,1,0,0,0,56.1,102.0
2026-08-22T22:04:09.453Z,21.776,0,0,1,1,0,0,56.1,102.0
2026-08-22T22:04:09.462Z,21.785,0,0,1,2,0,0,56.1,102.0
2026-08-22T22:04:09.481Z,21.804,0,0,1,3,0,0,56.1,102.0
2026-08-22T22:04:09.493Z,21.816,0,0,1,4,0,0,56.1,102.0
2026-08-22T22:04:09.501Z,21.824,0,0,1,5,0,0,56.1,102.0
2026-08-22T22:04:09.503Z,21.826,0,0,1,0,0,0,56.1,102.0
2026-08-22T22:04:09.514Z,21.837,0,0,1,1,0,0,56.1,102.0
2026-08-22T22:04:09.520Z,21.843,0,0,1,2,0,0,56.1,102.0
2026-08-22T22:04:09.536Z,21.859,0,0,1,3,0,0,56.1,102.0
2026-08-22T22:04:09.546Z,21.869,0,0,1,4,0,0,56.1,102.0
2026-08-22T22:04:09.551Z,21.874,0,0,1,5,0,0,56.1,102.0
2026-08-22T22:04:09.566Z,21.889,0,0,1,0,0,0,56.1,102.0
2026-08-22T22:04:09.574Z,21.897,0,0,1,1,0,0,56.1,102.0
2026-08-22T22:04:09.593Z,21.916,0,0,1,2,0,0,56.1,102.0
2026-08-22T22:04:09.593Z,21.916,0,0,1,3,0,0,56.1,102.0
2026-08-22T22:04:09.603Z,21.926,0,0,1,4,0,0,56.1,102.0
2026-08-22T22:04:09.624Z,21.947,0,0,1,5,0,0,56.1,102.0
2026-08-22T22:04:09.624Z,21.947,0,0,1,0,0,0,56.1,102.0
2026-08-22T22:04:09.636Z,21.959,0,0,1,1,0,0,56.1,102.0
2026-08-22T22:04:09.656Z,21.979,0,0,1,2,0,0,56.1,102.0
2026-08-22T22:04:09.658Z,21.981,0,0,1,3,0,0,56.1,102.0
2026-08-22T22:04:09.668Z,21.991,0,0,1,4,0,0,56.1,102.0
2026-08-22T22:04:09.689Z,22.012,0,0,1,5,0,0,56.1,102.0
2026-08-22T22:04:09.689Z,22.012,0,0,1,0,0,0,56.1,102.0
2026-08-22T22:04:09.700Z,22.023,0,0,1,1,0,0,56.1,102.0
2026-08-22T22:04:09.721Z,22.044,0,0,1,2,0,0,56.1,102.0
2026-08-22T22:04:09.721Z,22.044,0,0,1,3,0,0,56.1,102.0
2026-08-22T22:04:09.732Z,22.055,0,0,1,4,0,0,56.1,102.0
2026-08-22T22:04:09.737Z,22.06,0,0,1,5,0,0,56.1,102.0
2026-08-22T22:04:09.753Z,22.076,0,0,1,0,0,0,56.1,102.0
2026-08-22T22:04:09.762Z,22.085,0,0,1,1,0,0,56.1,102.0
2026-08-22T22:04:09.782Z,22.105,0,0,1,2,0,0,56.1,102.0
2026-08-22T22:04:09.782Z,22.105,0,0,1,3,0,0,56.1,102.0
2026-08-22T22:04:09.793Z,22.116,0,0,1,4,0,0,56.1,102.0
2026-08-22T22:04:09.813Z,22.136,0,0,1,5,0,0,56.1,102.0
2026-08-22T22:04:09.813Z,22.136,0,0,1,0,0,0,56.1,102.0
2026-08-22T22:04:09.824Z,22.147,0,0,1,1,0,0,56.1,102.0
2026-08-22T22:04:09.845Z,22.168,0,0,1,2,0,0,56.1,102.0
2026-08-22T22:04:09.845Z,22.168,0,0,1,3,0,0,56.1,102.0
2026-08-22T22:04:09.856Z,22.179,0,0,1,4,0,0,56.1,102.0
2026-08-22T22:04:09.876Z,22.199,0,0,1,5,0,0,56.1,102.0
2026-08-22T22:04:09.876Z,22.199,0,0,1,0,0,0,56.1,102.0
2026-08-22T22:04:09.887Z,22.21,0,0,1,1,0,0,56.1,102.0
2026-08-22T22:04:09.908Z,22.231,0,0,1,2,0,0,56.1,102.0
2026-08-22T22:04:09.908Z,22.231,0,0,1,3,0,0,56.1,102.0
2026-08-22T22:04:09.919Z,22.242,0,0,1,4,0,0,56.1,102.0
2026-08-22T22:04:09.939Z,22.262,0,0,1,5,0,0,56.1,102.0
2026-08-22T22:04:09.941Z,22.264,0,0,1,0,0,0,56.1,102.0
2026-08-22T22:04:09.951Z,22.274,0,0,1,1,0,0,56.1,102.0
2026-08-22T22:04:09.957Z,22.28,0,0,1,2,0,0,56.1,102.0
2026-08-22T22:04:09.973Z,22.296,0,0,1,3,0,0,56.1,102.0
2026-08-22T22:04:09.982Z,22.305,0,0,1,4,0,0,56.1,102.0
2026-08-22T22:04:09.987Z,22.31,0,0,1,5,0,0,56.1,102.0
2026-08-22T22:04:10.001Z,22.324,0,0,1,0,0,0,56.1,102.0
2026-08-22T22:04:10.011Z,22.334,0,0,1,1,0,0,56.1,102.0
2026-08-22T22:04:10.029Z,22.352,0,0,1,2,0,0,56.1,102.0
2026-08-22T22:04:10.029Z,22.352,0,0,1,3,0,0,56.1,102.0
2026-08-22T22:04:10.040Z,22.363,0,0,1,4,0,0,56.1,102.0
2026-08-22T22:04:10.060Z,22.383,0,0,1,5,0,0,56.1,102.0
2026-08-22T22:04:10.060Z,22.383,0,0,1,0,0,0,56.1,102.0
2026-08-22T22:04:10.070Z,22.393,0,0,1,1,0,0,56.1,102.0
2026-08-22T22:04:10.091Z,22.414,0,0,1,2,0,0,56.1,102.0
2026-08-22T22:04:10.091Z,22.414,0,0,1,3,0,0,56.1,102.0
2026-08-22T22:04:10.102Z,22.425,0,0,1,4,0,0,56.1,102.0
2026-08-22T22:04:10.123Z,22.446,0,0,1,5,0,0,56.1,102.0
2026-08-22T22:04:10.123Z,22.446,0,0,1,0,0,0,56.1,102.0
2026-08-22T22:04:10.134Z,22.457,0,0,1,1,0,0,56.1,102.0
2026-08-22T22:04:10.154Z,22.477,0,0,1,2,0,0,56.1,102.0
2026-08-22T22:04:10.154Z,22.477,0,0,1,3,0,0,56.1,102.0
2026-08-22T22:04:10.165Z,22.488,0,0,1,4,0,0,56.1,102.0
2026-08-22T22:04:10.186Z,22.509,0,0,1,5,0,0,56.1,102.0
2026-08-22T22:04:10.186Z,22.509,0,0,1,0,0,0,56.1,102.0
2026-08-22T22:04:10.197Z,22.52,0,0,1,1,0,0,56.1,102.0
2026-08-22T22:04:10.217Z,22.54,0,0,1,2,0,0,56.1,102.0
2026-08-22T22:04:10.217Z,22.54,0,0,1,3,0,0,56.1,102.0
2026-08-22T22:04:10.228Z,22.551,0,0,1,4,0,0,56.1,102.0
2026-08-22T22:04:10.250Z,22.573,0,0,1,5,0,0,56.1,102.0
2026-08-22T22:04:10.250Z,22.573,0,0,1,0,0,0,56.1,102.0
2026-08-22T22:04:10.261Z,22.584,0,0,1,1,0,0,56.1,102.0
2026-08-22T22:04:10.282Z,22.605,0,0,1,2,0,0,56.1,102.0
2026-08-22T22:04:10.282Z,22.605,0,0,1,3,0,0,56.1,102.0
2026-08-22T22:04:10.293Z,22.616,0,0,1,4,0,0,56.1,102.0
2026-08-22T22:04:10.313Z,22.636,0,0,1,5,0,0,56.1,102.0
2026-08-22T22:04:10.313Z,22.636,0,0,1,0,0,0,56.1,102.0
2026-08-22T22:04:10.324Z,22.647,0,0,1,1,0,0,56.1,102.0
2026-08-22T22:04:10.345Z,22.668,0,0,1,2,0,0,56.1,102.0
2026-08-22T22:04:10.345Z,22.668,0,0,1,3,0,0,56.1,102.0
2026-08-22T22:04:10.356Z,22.679,0,0,1,4,0,0,56.1,102.0
2026-08-22T22:04:10.377Z,22.7,0,0,1,5,0,0,56.1,102.0
2026-08-22T22:04:10.377Z,22.7,0,0,1,0,0,0,56.1,102.0
