time,time_s,INV_Power_On_Timer,INV_Torque_Feedback,INV_Commanded_Torque,INV_Run_Fault_Hi,INV_Post_Fault_Hi,INV_Run_Fault_Lo,INV_Post_Fault_Lo,INV_Direction_Command,INV_Inverter_Enable_State,INV_Relay_3_Status,INV_Relay_4_Status,INV_Relay_2_Status,INV_Inverter_Run_Mode,INV_Inverter_Command_Mode,INV_Relay_1_Status,INV_Inverter_State,INV_VSM_State,INV_Inverter_Enable_Lockout,INV_Inverter_Discharge_State,INV_Relay_5_Status,INV_Relay_6_Status,INV_BMS_Active,INV_BMS_Torque_Limiting,INV_Max_Speed_Limiting,INV_Low_Speed_Limiting,INV_Rolling_Counter,INV_PWM_Frequency,INV_Start_Mode_Active,INV_Reference_Voltage_12_0,INV_Reference_Voltage_5_0,INV_Reference_Voltage_2_5,INV_Reference_Voltage_1_5,INV_VBC_Vq_Voltage,INV_VAB_Vd_Voltage,INV_Output_Voltage,INV_DC_Bus_Voltage,INV_DC_Bus_Current,INV_Phase_C_Current,INV_Phase_B_Current,INV_Phase_A_Current,INV_Delta_Resolver_Filtered,INV_Electrical_Output_Frequency,INV_Motor_Speed,INV_Motor_Angle_Electrical,INV_Torque_Shudder,INV_Motor_Temperature,INV_RTD5_Temperature,INV_RTD4_Temperature,INV_RTD3_Temperature,INV_RTD2_Temperature,INV_RTD1_Temperature,INV_Control_Board_Temperature,INV_Gate_Driver_Board,INV_Module_C,INV_Module_B,INV_Module_A,INV_Analog_Input_1,INV_Analog_Input_2,INV_Analog_Input_3,INV_Analog_Input_4,INV_Analog_Input_5,INV_Analog_Input_6,INV_DateCode_MMDD,INV_DateCode_YYYY,INV_Digital_Input_1,INV_Digital_Input_2,INV_Digital_Input_3,INV_Digital_Input_4,INV_Digital_Input_5,INV_Digital_Input_6,INV_Digital_Input_7,INV_Digital_Input_8,INV_Flux_Command,INV_Flux_Feedback,INV_Flux_Weakening_Output,INV_Id,INV_Id_Command,INV_Iq,INV_Iq_Command,INV_Modulation_Index,INV_Project_Code_EEP_Ver,INV_SW_Version
2026-07-21T18:12:07.716Z,0.0,524.556,0.0,0.0,0.0,0.0,2048.0,0.0,0.0,0.0,0.0,1.0,0.0,0.0,0.0,0.0,9.0,7.0,1.0,0.0,0.0,0.0,0.0,0.0,0.0,0.0,15.0,12.0,1.0,,,,,0.0,0.0,0.0,0.4,0.0,0.3,0.0,1.1,-64.0,0.0,0.0,64.0,,,,,,,,,,,,,4.95,2.0,4.96,0.16,0.0,0.0,,,0.0,0.0,0.0,0.0,0.0,1.0,0.0,0.0,0.0,0.0,,0.6000000000000001,,1.1,,,,
2026-07-21T18:12:07.719Z,0.003,966.18,0.0,0.0,0.0,0.0,2048.0,0.0,0.0,0.0,0.0,1.0,0.0,0.0,0.0,0.0,9.0,7.0,1.0,0.0,0.0,0.0,0.0,0.0,0.0,0.0,15.0,12.0,1.0,12.18,5.01,2.51,1.49,0.0,0.0,0.0,0.4,0.0,-0.4,-0.4,-0.6000000000000001,-64.0,0.0,0.0,64.0,0.0,22.4,26.200000000000003,26.200000000000003,26.6,300.0,300.0,28.9,32.9,26.200000000000003,25.4,27.3,4.96,2.0,4.96,0.16,0.0,0.0,,,0.0,0.0,0.0,0.0,0.0,1.0,0.0,0.0,0.0,0.0,0.0,-0.2,0.0,-1.1,0.0,0.0,,
2026-07-21T18:12:07.720Z,0.004,966.192,0.0,0.0,0.0,0.0,2048.0,0.0,0.0,0.0,0.0,0.0,0.0,0.0,0.0,0.0,9.0,7.0,1.0,0.0,0.0,0.0,0.0,0.0,0.0,0.0,15.0,12.0,1.0,12.18,5.01,2.51,1.49,0.0,0.0,0.0,0.4,0.0,1.3,0.1,1.0,-64.0,0.0,0.0,64.0,0.0,22.4,26.200000000000003,26.200000000000003,26.6,300.0,300.0,28.9,32.9,26.200000000000003,25.4,27.3,4.96,2.01,4.96,0.16,0.0,0.0,1027.0,8228.0,0.0,0.0,0.0,0.0,0.0,1.0,0.0,0.0,0.0,0.0,0.0,0.6000000000000001,0.0,1.1,0.0,0.0002,16.0,25903.0
2026-07-21T18:12:07.720Z,0.004,966.204,0.0,0.0,0.0,0.0,2048.0,0.0,0.0,0.0,0.0,0.0,0.0,0.0,0.0,0.0,9.0,7.0,1.0,0.0,0.0,0.0,0.0,0.0,0.0,0.0,15.0,12.0,1.0,12.18,5.01,2.51,1.49,0.0,0.0,0.0,0.4,0.0,0.2,0.1,-1.2000000000000002,-64.0,0.0,0.0,64.0,0.0,22.4,26.200000000000003,26.200000000000003,26.6,300.0,300.0,28.9,32.9,26.200000000000003,25.4,27.3,4.96,2.0,4.96,0.16,0.0,0.0,1027.0,8228.0,0.0,0.0,0.0,0.0,0.0,1.0,0.0,0.0,0.0,0.0,0.0,-0.8,0.0,-1.0,0.0,0.0,16.0,25903.0
2026-07-21T18:12:07.730Z,0.014,966.216,0.0,0.0,0.0,0.0,2048.0,0.0,0.0,0.0,0.0,0.0,0.0,0.0,0.0,0.0,9.0,7.0,1.0,0.0,0.0,0.0,0.0,0.0,0.0,0.0,6.0,12.0,1.0,12.18,5.01,2.51,1.49,0.0,0.0,0.0,0.4,0.0,0.8,1.3,0.0,-64.0,0.0,0.0,64.0,0.0,22.4,26.200000000000003,26.200000000000003,26.6,300.0,300.0,28.9,32.9,26.200000000000003,25.4,27.3,4.95,2.01,4.96,0.16,0.0,0.0,1027.0,8228.0,0.0,0.0,0.0,0.0,0.0,1.0,0.0,0.0,0.0,0.0,0.0,-0.7000000000000001,0.0,1.3,0.0,0.0,16.0,25903.0
2026-07-21T18:12:07.742Z,0.026,966.228,0.0,0.0,0.0,0.0,2048.0,0.0,0.0,0.0,0.0,0.0,0.0,0.0,0.0,0.0,9.0,7.0,1.0,0.0,0.0,0.0,0.0,0.0,0.0,0.0,1.0,12.0,1.0,12.18,5.01,2.51,1.49,0.0,0.0,0.0,0.4,0.0,-0.3,-0.9,-1.2000000000000002,-64.0,0.0,0.0,64.0,0.0,22.4,26.200000000000003,26.200000000000003,26.6,300.0,300.0,28.9,32.9,26.200000000000003,25.4,27.3,4.95,2.01,4.96,0.16,0.0,0.0,1027.0,8228.0,0.0,0.0,0.0,0.0,0.0,1.0,0.0,0.0,0.0,0.0,0.0,-0.3,0.0,-2.2,0.0,0.0,16.0,25903.0
2026-07-21T18:12:07.754Z,0.038,966.24,0.0,0.0,0.0,0.0,2048.0,0.0,0.0,0.0,0.0,0.0,0.0,0.0,0.0,0.0,9.0,7.0,1.0,0.0,0.0,0.0,0.0,0.0,0.0,0.0,2.0,12.0,1.0,12.18,5.01,2.51,1.49,0.0,0.0,0.0,0.4,0.0,0.2,-1.0,-1.7000000000000002,-64.0,0.0,0.0,64.0,0.0,22.4,26.200000000000003,26.200000000000003,26.6,300.0,300.0,28.9,32.9,26.200000000000003,25.4,27.3,4.95,2.01,4.96,0.16,0.0,0.0,1027.0,8228.0,0.0,0.0,0.0,0.0,0.0,1.0,0.0,0.0,0.0,0.0,0.0,-0.6000000000000001,0.0,-2.7,0.0,0.0,16.0,25903.0
2026-07-21T18:12:07.766Z,0.05,966.252,0.0,0.0,0.0,0.0,2048.0,0.0,0.0,0.0,0.0,0.0,0.0,0.0,0.0,0.0,9.0,7.0,1.0,0.0,0.0,0.0,0.0,0.0,0.0,0.0,3.0,12.0,1.0,12.18,5.01,2.51,1.49,0.0,0.0,0.0,0.4,0.0,0.2,1.3,0.5,-64.0,0.0,0.0,64.10000000000001,0.0,22.4,26.200000000000003,26.200000000000003,26.6,300.0,300.0,28.9,32.9,26.200000000000003,25.4,27.3,4.95,2.0,4.97,0.16,0.0,0.0,1027.0,8228.0,0.0,0.0,0.0,0.0,0.0,1.0,0.0,0.0,0.0,0.0,0.0,-0.3,0.0,1.9,0.0,0.0,16.0,25903.0
2026-07-21T18:12:07.778Z,0.062,966.264,0.0,0.0,0.0,0.0,2048.0,0.0,0.0,0.0,0.0,0.0,0.0,0.0,0.0,0.0,9.0,7.0,1.0,0.0,0.0,0.0,0.0,0.0,0.0,0.0,5.0,12.0,1.0,12.18,5.01,2.51,1.49,0.0,0.0,0.0,0.4,0.0,-0.3,1.3,0.0,-64.0,0.0,0.0,64.10000000000001,0.0,22.4,26.200000000000003,26.200000000000003,26.6,300.0,300.0,28.9,32.9,26.200000000000003,25.4,27.3,4.95,2.0,4.97,0.16,0.0,0.0,1027.0,8228.0,0.0,0.0,0.0,0.0,0.0,1.0,0.0,0.0,0.0,0.0,0.0,-0.6000000000000001,0.0,1.3,0.0,0.0003,16.0,25903.0
2026-07-21T18:12:07.791Z,0.075,966.276,0.0,0.0,0.0,0.0,2048.0,0.0,0.0,0.0,0.0,0.0,0.0,0.0,0.0,0.0,9.0,7.0,1.0,0.0,0.0,0.0,0.0,0.0,0.0,0.0,6.0,12.0,1.0,12.18,5.01,2.51,1.49,0.0,0.0,0.0,0.4,0.0,-0.2,-1.0,-0.5,-64.0,0.0,0.0,64.0,0.0,22.4,26.200000000000003,26.200000000000003,26.6,300.0,300.0,28.9,32.9,26.200000000000003,25.4,27.3,4.95,2.0,4.96,0.16,0.0,0.0,1027.0,8228.0,0.0,0.0,0.0,0.0,0.0,1.0,0.0,0.0,0.0,0.0,0.0,0.1,0.0,-1.5,0.0,0.0001,16.0,25903.0
2026-07-21T18:12:07.802Z,0.086,966.288,0.1,0.0,0.0,0.0,2048.0,0.0,0.0,0.0,0.0,0.0,0.0,0.0,0.0,0.0,9.0,7.0,1.0,0.0,0.0,0.0,0.0,0.0,0.0,0.0,2.0,12.0,1.0,12.11,5.01,2.51,1.49,0.0,0.1,0.0,0.4,0.0,-0.2,-1.0,-0.5,-64.0,0.0,0.0,64.0,0.0,22.4,26.200000000000003,26.200000000000003,26.5,300.0,300.0,28.9,33.0,26.200000000000003,25.4,27.3,4.95,2.0,4.97,0.16,0.0,0.0,1027.0,8228.0,0.0,0.0,0.0,0.0,0.0,1.0,0.0,0.0,0.0,0.0,0.0,-0.2,0.0,-2.1,0.0,0.0002,16.0,25903.0
2026-07-21T18:12:07.814Z,0.098,966.3,0.1,0.0,0.0,0.0,2048.0,0.0,0.0,0.0,0.0,0.0,0.0,0.0,0.0,0.0,9.0,7.0,1.0,0.0,0.0,0.0,0.0,0.0,0.0,0.0,3.0,12.0,1.0,12.11,5.01,2.51,1.49,0.0,0.0,0.0,0.4,0.0,-0.2,0.1,-0.5,-64.0,0.0,0.0,64.0,0.0,22.4,26.200000000000003,26.200000000000003,26.5,300.0,300.0,28.9,33.0,26.200000000000003,25.4,27.3,4.95,2.01,4.96,0.16,0.0,0.0,1027.0,8228.0,0.0,0.0,0.0,0.0,0.0,1.0,0.0,0.0,0.0,0.0,0.0,0.3,0.0,0.7000000000000001,0.0,0.0,16.0,25903.0
2026-07-21T18:12:07.826Z,0.11,966.312,0.1,0.0,0.0,0.0,2048.0,0.0,0.0,0.0,0.0,0.0,0.0,0.0,0.0,0.0,9.0,7.0,1.0,0.0,0.0,0.0,0.0,0.0,0.0,0.0,4.0,12.0,1.0,12.11,5.01,2.51,1.49,0.0,0.0,0.0,0.4,0.0,0.8,0.7000000000000001,-0.5,-64.0,0.0,0.0,64.0,0.0,22.4,26.200000000000003,26.200000000000003,26.5,300.0,300.0,28.9,33.0,26.200000000000003,25.4,27.3,4.96,2.01,4.96,0.16,0.0,0.0,1027.0,8228.0,0.0,0.0,0.0,0.0,0.0,1.0,0.0,0.0,0.0,0.0,0.0,-0.2,0.0,1.8,0.0,0.0,16.0,25903.0
2026-07-21T18:12:07.838Z,0.122,966.324,0.1,0.0,0.0,0.0,2048.0,0.0,0.0,0.0,0.0,0.0,0.0,0.0,0.0,0.0,9.0,7.0,1.0,0.0,0.0,0.0,0.0,0.0,0.0,0.0,6.0,12.0,1.0,12.11,5.01,2.51,1.49,0.0,0.0,0.0,0.4,0.0,0.2,-0.4,0.5,-64.0,0.0,0.0,64.0,0.0,22.4,26.200000000000003,26.200000000000003,26.5,300.0,300.0,28.9,33.0,26.200000000000003,25.4,27.3,4.95,2.01,4.96,0.16,0.0,0.0,1027.0,8228.0,0.0,0.0,0.0,0.0,0.0,1.0,0.0,0.0,0.0,0.0,0.0,0.5,0.0,0.0,0.0,0.0,16.0,25903.0
2026-07-21T18:12:07.850Z,0.134,966.336,0.1,0.0,0.0,0.0,2048.0,0.0,0.0,0.0,0.0,0.0,0.0,0.0,0.0,0.0,9.0,7.0,1.0,0.0,0.0,0.0,0.0,0.0,0.0,0.0,1.0,12.0,1.0,12.11,5.01,2.51,1.49,0.0,0.0,0.0,0.4,0.0,0.2,0.1,0.0,-64.0,0.0,0.0,64.10000000000001,0.0,22.4,26.200000000000003,26.200000000000003,26.5,300.0,300.0,28.9,33.0,26.200000000000003,25.4,27.3,4.95,2.0,4.97,0.16,0.0,0.0,1027.0,8228.0,0.0,0.0,0.0,0.0,0.0,1.0,0.0,0.0,0.0,0.0,0.0,0.0,0.0,0.1,0.0,0.0,16.0,25903.0
2026-07-21T18:12:07.862Z,0.146,966.348,0.1,0.0,0.0,0.0,2048.0,0.0,0.0,0.0,0.0,0.0,0.0,0.0,0.0,0.0,9.0,7.0,1.0,0.0,0.0,0.0,0.0,0.0,0.0,0.0,3.0,12.0,1.0,12.11,5.01,2.51,1.49,0.0,0.0,0.0,0.4,0.0,0.2,0.1,0.5,-64.0,0.0,0.0,64.2,0.0,22.4,26.200000000000003,26.200000000000003,26.5,300.0,300.0,28.9,33.0,26.200000000000003,25.4,27.3,4.95,2.0,4.96,0.16,0.0,0.0,1027.0,8228.0,0.0,0.0,0.0,0.0,0.0,1.0,0.0,0.0,0.0,0.0,0.0,0.2,0.0,0.6000000000000001,0.0,0.0001,16.0,25903.0
2026-07-21T18:12:07.875Z,0.159,966.36,0.1,0.0,0.0,0.0,2048.0,0.0,0.0,0.0,0.0,0.0,0.0,0.0,0.0,0.0,9.0,7.0,1.0,0.0,0.0,0.0,0.0,0.0,0.0,0.0,4.0,12.0,1.0,12.11,5.01,2.51,1.49,0.0,0.0,0.0,0.4,0.0,-1.5,-0.5,-0.6000000000000001,-64.0,0.0,0.0,64.2,0.0,22.4,26.200000000000003,26.200000000000003,26.5,300.0,300.0,28.9,33.0,26.200000000000003,25.4,27.3,4.96,2.0,4.96,0.16,0.0,0.0,1027.0,8228.0,0.0,0.0,0.0,0.0,0.0,1.0,0.0,0.0,0.0,0.0,0.0,-0.1,0.0,-1.1,0.0,0.0002,16.0,25903.0
2026-07-21T18:12:07.886Z,0.17,966.372,0.0,0.0,0.0,0.0,2048.0,0.0,0.0,0.0,0.0,0.0,0.0,0.0,0.0,0.0,9.0,7.0,1.0,0.0,0.0,0.0,0.0,0.0,0.0,0.0,6.0,12.0,1.0,12.11,5.01,2.51,1.49,0.0,0.1,0.0,0.5,0.0,-0.3,-0.4,0.4,-64.0,0.0,0.0,64.0,0.0,22.4,26.200000000000003,26.200000000000003,26.5,300.0,300.0,28.9,33.0,26.200000000000003,25.4,27.3,4.95,2.0,4.96,0.16,0.0,0.0,1027.0,8228.0,0.0,0.0,0.0,0.0,0.0,1.0,0.0,0.0,0.0,0.0,0.0,0.5,0.0,0.0,0.0,0.0,16.0,25903.0
2026-07-21T18:12:07.899Z,0.183,966.384,0.0,0.0,0.0,0.0,2048.0,0.0,0.0,0.0,0.0,0.0,0.0,0.0,0.0,0.0,9.0,7.0,1.0,0.0,0.0,0.0,0.0,0.0,0.0,0.0,1.0,12.0,1.0,12.18,5.01,2.5,1.49,0.0,0.0,0.0,0.4,0.0,-0.9,-0.4,-1.2000000000000002,-64.0,0.0,0.0,64.0,0.0,22.200000000000003,26.200000000000003,26.200000000000003,26.5,300.0,300.0,29.0,33.0,26.200000000000003,25.4,27.3,4.95,2.0,4.96,0.16,0.0,0.0,1027.0,8228.0,0.0,0.0,0.0,0.0,0.0,1.0,0.0,0.0,0.0,0.0,0.0,-0.5,0.0,-1.6,0.0,0.0004,16.0,25903.0
2026-07-21T18:12:07.910Z,0.194,966.396,0.0,0.0,0.0,0.0,2048.0,0.0,0.0,0.0,0.0,0.0,0.0,0.0,0.0,0.0,9.0,7.0,1.0,0.0,0.0,0.0,0.0,0.0,0.0,0.0,3.0,12.0,1.0,12.18,5.01,2.5,1.49,0.0,0.0,0.0,0.4,0.0,0.2,0.7000000000000001,1.0,-64.0,0.0,0.0,64.0,0.0,22.200000000000003,26.200000000000003,26.200000000000003,26.5,300.0,300.0,29.0,33.0,26.200000000000003,25.4,27.3,4.95,2.01,4.96,0.16,0.0,0.0,1027.0,8228.0,0.0,0.0,0.0,0.0,0.0,1.0,0.0,0.0,0.0,0.0,0.0,0.3,0.0,1.7000000000000002,0.0,0.0001,16.0,25903.0
2026-07-21T18:12:07.922Z,0.206,966.408,0.0,0.0,0.0,0.0,2048.0,0.0,0.0,0.0,0.0,0.0,0.0,0.0,0.0,0.0,9.0,7.0,1.0,0.0,0.0,0.0,0.0,0.0,0.0,0.0,4.0,12.0,1.0,12.18,5.01,2.5,1.49,0.0,0.0,0.0,0.4,0.0,-0.3,-0.4,-0.6000000000000001,-64.0,0.0,0.0,64.0,0.0,22.200000000000003,26.200000000000003,26.200000000000003,26.5,300.0,300.0,29.0,33.0,26.200000000000003,25.4,27.3,4.95,2.0,4.96,0.16,0.0,0.0,1027.0,8228.0,0.0,0.0,0.0,0.0,0.0,1.0,0.0,0.0,0.0,0.0,0.0,-0.1,0.0,-1.1,0.0,0.0,16.0,25903.0
2026-07-21T18:12:07.934Z,0.218,966.42,0.0,0.0,0.0,0.0,2048.0,0.0,0.0,0.0,0.0,0.0,0.0,0.0,0.0,0.0,9.0,7.0,1.0,0.0,0.0,0.0,0.0,0.0,0.0,0.0,5.0,12.0,1.0,12.18,5.01,2.5,1.49,0.0,0.0,0.0,0.4,0.0,0.8,0.6000000000000001,1.1,-64.0,0.0,0.0,64.0,0.0,22.200000000000003,26.200000000000003,26.200000000000003,26.5,300.0,300.0,29.0,33.0,26.200000000000003,25.4,27.3,4.95,2.0,4.97,0.16,0.0,0.0,1027.0,8228.0,0.0,0.0,0.0,0.0,0.0,1.0,0.0,0.0,0.0,0.0,0.0,0.3,0.0,1.7000000000000002,0.0,0.0,16.0,25903.0
2026-07-21T18:12:07.946Z,0.23,966.432,0.0,0.0,0.0,0.0,2048.0,0.0,0.0,0.0,0.0,0.0,0.0,0.0,0.0,0.0,9.0,7.0,1.0,0.0,0.0,0.0,0.0,0.0,0.0,0.0,1.0,12.0,1.0,12.18,5.01,2.5,1.49,0.0,0.0,0.0,0.4,0.0,0.2,-0.4,0.5,-64.0,0.0,0.0,64.0,0.0,22.200000000000003,26.200000000000003,26.200000000000003,26.5,300.0,300.0,29.0,33.0,26.200000000000003,25.4,27.3,4.96,2.0,4.96,0.16,0.0,0.0,1027.0,8228.0,0.0,0.0,0.0,0.0,0.0,1.0,0.0,0.0,0.0,0.0,0.0,0.6000000000000001,0.0,0.0,0.0,0.0,16.0,25903.0
2026-07-21T18:12:07.958Z,0.242,966.444,0.0,0.0,0.0,0.0,2048.0,0.0,0.0,0.0,0.0,0.0,0.0,0.0,0.0,0.0,9.0,7.0,1.0,0.0,0.0,0.0,0.0,0.0,0.0,0.0,2.0,12.0,1.0,12.18,5.01,2.5,1.49,0.0,0.0,0.0,0.4,0.0,0.8,-0.4,-0.6000000000000001,-64.0,0.0,0.0,64.0,0.0,22.200000000000003,26.200000000000003,26.200000000000003,26.5,300.0,300.0,29.0,33.0,26.200000000000003,25.4,27.3,4.96,2.0,4.96,0.16,0.0,0.0,1027.0,8228.0,0.0,0.0,0.0,0.0,0.0,1.0,0.0,0.0,0.0,0.0,0.0,-0.1,0.0,-1.0,0.0,0.0,16.0,25903.0
2026-07-21T18:12:07.970Z,0.254,966.456,0.0,0.0,0.0,0.0,2048.0,0.0,0.0,0.0,0.0,0.0,0.0,0.0,0.0,0.0,9.0,7.0,1.0,0.0,0.0,0.0,0.0,0.0,0.0,0.0,3.0,12.0,1.0,12.18,5.01,2.5,1.49,0.0,0.0,0.0,0.4,0.0,0.2,0.1,0.0,-64.0,0.0,0.0,64.2,0.0,22.200000000000003,26.200000000000003,26.200000000000003,26.5,300.0,300.0,29.0,33.0,26.200000000000003,25.4,27.3,4.95,2.0,4.96,0.16,0.0,0.0,1027.0,8228.0,0.0,0.0,0.0,0.0,0.0,1.0,0.0,0.0,0.0,0.0,0.0,0.0,0.0,0.1,0.0,0.0,16.0,25903.0
2026-07-21T18:12:07.982Z,0.266,966.468,0.1,0.0,0.0,0.0,2048.0,0.0,0.0,0.0,0.0,0.0,0.0,0.0,0.0,0.0,9.0,7.0,1.0,0.0,0.0,0.0,0.0,0.0,0.0,0.0,4.0,12.0,1.0,12.18,5.01,2.5,1.49,0.0,0.0,0.0,0.4,0.0,-0.2,-0.4,1.1,-64.0,0.0,0.0,64.0,0.0,22.200000000000003,26.200000000000003,26.200000000000003,26.5,300.0,300.0,29.0,33.0,26.200000000000003,25.4,27.3,4.96,2.0,4.96,0.16,0.0,0.0,1027.0,8228.0,0.0,0.0,0.0,0.0,0.0,1.0,0.0,0.0,0.0,0.0,0.0,0.9,0.0,0.6000000000000001,0.0,0.0004,16.0,25903.0
2026-07-21T18:12:07.994Z,0.278,966.48,0.1,0.0,0.0,0.0,2048.0,0.0,0.0,0.0,0.0,0.0,0.0,0.0,0.0,0.0,9.0,7.0,1.0,0.0,0.0,0.0,0.0,0.0,0.0,0.0,6.0,12.0,1.0,12.18,5.01,2.5,1.49,0.0,0.0,0.0,0.4,0.0,-0.8,-0.4,0.0,-64.0,0.0,0.0,64.0,0.0,22.200000000000003,26.200000000000003,26.200000000000003,26.5,300.0,300.0,29.0,33.0,26.200000000000003,25.4,27.3,4.95,2.01,4.96,0.16,0.0,0.0,1027.0,8228.0,0.0,0.0,0.0,0.0,0.0,1.0,0.0,0.0,0.0,0.0,0.0,0.2,0.0,-0.4,0.0,0.0001,16.0,25903.0
2026-07-21T18:12:08.006Z,0.29,966.492,0.1,0.0,0.0,0.0,2048.0,0.0,0.0,0.0,0.0,0.0,0.0,0.0,0.0,0.0,9.0,7.0,1.0,0.0,0.0,0.0,0.0,0.0,0.0,0.0,1.0,12.0,1.0,12.15,5.01,2.51,1.49,0.0,0.0,0.0,0.4,0.0,-0.2,-0.4,-1.1,-64.0,0.0,0.0,64.0,0.0,23.1,26.200000000000003,26.200000000000003,26.5,300.0,300.0,28.8,33.0,26.200000000000003,25.4,27.3,4.95,2.0,4.97,0.16,0.0,0.0,1027.0,8228.0,0.0,0.0,0.0,0.0,0.0,1.0,0.0,0.0,0.0,0.0,0.0,-0.5,0.0,-1.5,0.0,0.0002,16.0,25903.0
2026-07-21T18:12:08.018Z,0.302,966.504,0.0,0.0,0.0,0.0,2048.0,0.0,0.0,0.0,0.0,0.0,0.0,0.0,0.0,0.0,9.0,7.0,1.0,0.0,0.0,0.0,0.0,0.0,0.0,0.0,2.0,12.0,1.0,12.15,5.01,2.51,1.49,0.0,0.0,0.0,0.4,0.0,-0.2,-0.4,-0.5,-64.0,0.0,0.0,64.0,0.0,23.1,26.200000000000003,26.200000000000003,26.5,300.0,300.0,28.8,33.0,26.200000000000003,25.4,27.3,4.96,2.0,4.97,0.16,0.0,0.0,1027.0,8228.0,0.0,0.0,0.0,0.0,0.0,1.0,0.0,0.0,0.0,0.0,0.0,-0.1,0.0,-0.9,0.0,0.0,16.0,25903.0
2026-07-21T18:12:08.030Z,0.314,966.516,0.0,0.0,0.0,0.0,2048.0,0.0,0.0,0.0,0.0,0.0,0.0,0.0,0.0,0.0,9.0,7.0,1.0,0.0,0.0,0.0,0.0,0.0,0.0,0.0,3.0,12.0,1.0,12.15,5.01,2.51,1.49,0.0,0.0,0.0,0.4,0.0,-0.2,0.7000000000000001,0.5,-64.0,0.0,0.0,64.0,0.0,23.1,26.200000000000003,26.200000000000003,26.5,300.0,300.0,28.8,33.0,26.200000000000003,25.4,27.3,4.96,2.0,4.96,0.16,0.0,0.0,1027.0,8228.0,0.0,0.0,0.0,0.0,0.0,1.0,0.0,0.0,0.0,0.0,0.0,0.0,0.0,1.3,0.0,0.0,16.0,25903.0
2026-07-21T18:12:08.043Z,0.327,966.528,0.1,0.0,0.0,0.0,2048.0,0.0,0.0,0.0,0.0,0.0,0.0,0.0,0.0,0.0,9.0,7.0,1.0,0.0,0.0,0.0,0.0,0.0,0.0,0.0,4.0,12.0,1.0,12.15,5.01,2.51,1.49,0.0,0.0,0.0,0.4,0.0,-1.4,-1.5,-0.5,-64.0,0.0,0.0,64.0,0.0,23.1,26.200000000000003,26.200000000000003,26.5,300.0,300.0,28.8,33.0,26.200000000000003,25.4,27.3,4.95,2.0,4.97,0.16,0.0,0.0,1027.0,8228.0,0.0,0.0,0.0,0.0,0.0,1.0,0.0,0.0,0.0,0.0,0.0,0.4,0.0,-2.1,0.0,0.0,16.0,25903.0
2026-07-21T18:12:08.054Z,0.338,966.54,0.1,0.0,0.0,0.0,2048.0,0.0,0.0,0.0,0.0,0.0,0.0,0.0,0.0,0.0,9.0,7.0,1.0,0.0,0.0,0.0,0.0,0.0,0.0,0.0,6.0,12.0,1.0,12.15,5.01,2.51,1.49,0.0,0.0,0.0,0.4,0.0,-1.5,0.2,-1.7000000000000002,-64.0,0.0,0.0,64.0,0.0,23.1,26.200000000000003,26.200000000000003,26.5,300.0,300.0,28.8,33.0,26.200000000000003,25.4,27.3,4.95,2.0,4.96,0.16,0.0,0.0,1027.0,8228.0,0.0,0.0,0.0,0.0,0.0,1.0,0.0,0.0,0.0,0.0,0.0,-1.2000000000000002,0.0,-1.4,0.0,0.0,16.0,25903.0
2026-07-21T18:12:08.066Z,0.35,966.552,0.0,0.0,0.0,0.0,2048.0,0.0,0.0,0.0,0.0,0.0,0.0,0.0,0.0,0.0,9.0,7.0,1.0,0.0,0.0,0.0,0.0,0.0,0.0,0.0,1.0,12.0,1.0,12.15,5.01,2.51,1.49,0.0,0.0,0.0,0.4,0.0,-0.3,0.1,-1.1,-64.0,0.0,0.0,64.2,0.0,23.1,26.200000000000003,26.200000000000003,26.5,300.0,300.0,28.8,33.0,26.200000000000003,25.4,27.3,4.95,2.01,4.96,0.16,0.0,0.0,1027.0,8228.0,0.0,0.0,0.0,0.0,0.0,1.0,0.0,0.0,0.0,0.0,0.0,-0.8,0.0,-0.8,0.0,0.0002,16.0,25903.0
2026-07-21T18:12:08.078Z,0.362,966.564,0.0,0.0,0.0,0.0,2048.0,0.0,0.0,0.0,0.0,0.0,0.0,0.0,0.0,0.0,9.0,7.0,1.0,0.0,0.0,0.0,0.0,0.0,0.0,0.0,3.0,12.0,1.0,12.15,5.01,2.51,1.49,0.0,0.0,0.0,0.4,0.0,-0.3,-1.5,-0.5,-64.0,0.0,0.0,64.0,0.0,23.1,26.200000000000003,26.200000000000003,26.5,300.0,300.0,28.8,33.0,26.200000000000003,25.4,27.3,4.96,2.01,4.96,0.16,0.0,0.0,1027.0,8228.0,0.0,0.0,0.0,0.0,0.0,1.0,0.0,0.0,0.0,0.0,0.0,0.4,0.0,-2.1,0.0,0.0002,16.0,25903.0
2026-07-21T18:12:08.091Z,0.375,966.576,0.1,0.0,0.0,0.0,2048.0,0.0,0.0,0.0,0.0,0.0,0.0,0.0,0.0,0.0,9.0,7.0,1.0,0.0,0.0,0.0,0.0,0.0,0.0,0.0,4.0,12.0,1.0,12.15,5.01,2.51,1.49,0.0,0.0,0.0,0.4,0.0,-0.9,-0.4,0.5,-64.0,0.0,0.0,64.0,0.0,23.1,26.200000000000003,26.200000000000003,26.5,300.0,300.0,28.8,33.0,26.200000000000003,25.4,27.3,4.95,2.0,4.97,0.16,0.0,0.0,1027.0,8228.0,0.0,0.0,0.0,0.0,0.0,1.0,0.0,0.0,0.0,0.0,0.0,0.5,0.0,0.0,0.0,0.0003,16.0,25903.0
2026-07-21T18:12:08.104Z,0.388,966.588,0.0,0.0,0.0,0.0,2048.0,0.0,0.0,0.0,0.0,0.0,0.0,0.0,0.0,0.0,9.0,7.0,1.0,0.0,0.0,0.0,0.0,0.0,0.0,0.0,5.0,12.0,1.0,12.18,5.0200000000000005,2.51,1.49,0.0,0.0,0.0,0.4,0.0,0.7000000000000001,0.7000000000000001,0.0,-64.0,0.0,0.0,64.0,0.0,22.700000000000003,26.200000000000003,26.200000000000003,26.5,300.0,300.0,28.8,33.0,26.200000000000003,25.4,27.200000000000003,4.95,2.0,4.96,0.16,0.0,0.0,1027.0,8228.0,0.0,0.0,0.0,0.0,0.0,1.0,0.0,0.0,0.0,0.0,0.0,-0.3,0.0,0.7000000000000001,0.0,0.0001,16.0,25903.0
2026-07-21T18:12:08.115Z,0.399,966.6,0.0,0.0,0.0,0.0,2048.0,0.0,0.0,0.0,0.0,0.0,0.0,0.0,0.0,0.0,9.0,7.0,1.0,0.0,0.0,0.0,0.0,0.0,0.0,0.0,6.0,12.0,1.0,12.18,5.0200000000000005,2.51,1.49,0.0,0.0,0.0,0.4,0.0,-1.5,-0.4,0.0,-64.0,0.0,0.0,64.0,0.0,22.700000000000003,26.200000000000003,26.200000000000003,26.5,300.0,300.0,28.8,33.0,26.200000000000003,25.4,27.200000000000003,4.96,2.0,4.96,0.16,0.0,0.0,1027.0,8228.0,0.0,0.0,0.0,0.0,0.0,1.0,0.0,0.0,0.0,0.0,0.0,0.1,0.0,-0.5,0.0,0.0,16.0,25903.0
2026-07-21T18:12:08.126Z,0.41,966.612,0.0,0.0,0.0,0.0,2048.0,0.0,0.0,0.0,0.0,0.0,0.0,0.0,0.0,0.0,9.0,7.0,1.0,0.0,0.0,0.0,0.0,0.0,0.0,0.0,1.0,12.0,1.0,12.18,5.0200000000000005,2.51,1.49,0.0,0.0,0.0,0.5,0.0,0.7000000000000001,-1.0,-0.6000000000000001,-64.0,0.0,0.0,64.0,0.0,22.700000000000003,26.200000000000003,26.200000000000003,26.5,300.0,300.0,28.8,33.0,26.200000000000003,25.4,27.200000000000003,4.95,2.0,4.97,0.16,0.0,0.0,1027.0,8228.0,0.0,0.0,0.0,0.0,0.0,1.0,0.0,0.0,0.0,0.0,0.0,0.1,0.0,-1.7000000000000002,0.0,0.0,16.0,25903.0
2026-07-21T18:12:08.138Z,0.422,966.624,0.0,0.0,0.0,0.0,2048.0,0.0,0.0,0.0,0.0,0.0,0.0,0.0,0.0,0.0,9.0,7.0,1.0,0.0,0.0,0.0,0.0,0.0,0.0,0.0,3.0,12.0,1.0,12.18,5.0200000000000005,2.51,1.49,0.0,0.0,0.0,0.4,0.0,-0.9,-1.0,1.0,-64.0,0.0,0.0,64.0,0.0,22.700000000000003,26.200000000000003,26.200000000000003,26.5,300.0,300.0,28.8,33.0,26.200000000000003,25.4,27.200000000000003,4.95,2.0,4.96,0.16,0.0,0.0,1027.0,8228.0,0.0,0.0,0.0,0.0,0.0,1.0,0.0,0.0,0.0,0.0,0.0,1.2000000000000002,0.0,0.0,0.0,0.0,16.0,25903.0
2026-07-21T18:12:08.150Z,0.434,966.636,0.0,0.0,0.0,0.0,2048.0,0.0,0.0,0.0,0.0,0.0,0.0,0.0,0.0,0.0,9.0,7.0,1.0,0.0,0.0,0.0,0.0,0.0,0.0,0.0,4.0,12.0,1.0,12.18,5.0200000000000005,2.51,1.49,0.0,0.0,0.0,0.4,0.0,0.1,0.0,-0.6000000000000001,-64.0,0.0,0.0,64.0,0.0,22.700000000000003,26.200000000000003,26.200000000000003,26.5,300.0,300.0,28.8,33.0,26.200000000000003,25.4,27.200000000000003,4.95,2.01,4.96,0.16,0.0,0.0,1027.0,8228.0,0.0,0.0,0.0,0.0,0.0,1.0,0.0,0.0,0.0,0.0,0.0,-0.4,0.0,-0.5,0.0,0.0,16.0,25903.0
2026-07-21T18:12:08.163Z,0.447,966.648,0.0,0.0,0.0,0.0,2048.0,0.0,0.0,0.0,0.0,0.0,0.0,0.0,0.0,0.0,9.0,7.0,1.0,0.0,0.0,0.0,0.0,0.0,0.0,0.0,6.0,12.0,1.0,12.18,5.0200000000000005,2.51,1.49,0.0,0.0,0.0,0.4,0.0,0.7000000000000001,0.6000000000000001,0.0,-64.0,0.0,0.0,64.2,0.0,22.700000000000003,26.200000000000003,26.200000000000003,26.5,300.0,300.0,28.8,33.0,26.200000000000003,25.4,27.200000000000003,4.95,2.0,4.96,0.16,0.0,0.0,1027.0,8228.0,0.0,0.0,0.0,0.0,0.0,1.0,0.0,0.0,0.0,0.0,0.0,-0.3,0.0,0.5,0.0,0.0,16.0,25903.0
2026-07-21T18:12:08.174Z,0.458,966.66,0.0,0.0,0.0,0.0,2048.0,0.0,0.0,0.0,0.0,0.0,0.0,0.0,0.0,0.0,9.0,7.0,1.0,0.0,0.0,0.0,0.0,0.0,0.0,0.0,1.0,12.0,1.0,12.18,5.0200000000000005,2.51,1.49,0.0,0.0,0.0,0.4,0.0,0.1,1.2000000000000002,2.2,-64.0,0.0,0.0,64.2,0.0,22.700000000000003,26.200000000000003,26.200000000000003,26.5,300.0,300.0,28.8,33.0,26.200000000000003,25.4,27.200000000000003,4.95,2.0,4.97,0.16,0.0,0.0,1027.0,8228.0,0.0,0.0,0.0,0.0,0.0,1.0,0.0,0.0,0.0,0.0,0.0,0.8,0.0,3.4000000000000004,0.0,0.0002,16.0,25903.0
2026-07-21T18:12:08.186Z,0.47,966.672,0.0,0.0,0.0,0.0,2048.0,0.0,0.0,0.0,0.0,0.0,0.0,0.0,0.0,0.0,9.0,7.0,1.0,0.0,0.0,0.0,0.0,0.0,0.0,0.0,2.0,12.0,1.0,12.18,5.0200000000000005,2.51,1.49,0.0,0.0,0.0,0.4,0.0,0.7000000000000001,0.0,-0.6000000000000001,-64.0,0.0,0.0,64.0,0.0,22.700000000000003,26.200000000000003,26.200000000000003,26.5,300.0,300.0,28.8,33.0,26.200000000000003,25.4,27.200000000000003,4.96,2.01,4.96,0.16,0.0,0.0,1027.0,8228.0,0.0,0.0,0.0,0.0,0.0,1.0,0.0,0.0,0.0,0.0,0.0,-0.4,0.0,-0.5,0.0,0.0002,16.0,25903.0
2026-07-21T18:12:08.199Z,0.483,966.684,0.0,0.0,0.0,0.0,2048.0,0.0,0.0,0.0,0.0,0.0,0.0,0.0,0.0,0.0,9.0,7.0,1.0,0.0,0.0,0.0,0.0,0.0,0.0,0.0,3.0,12.0,1.0,12.18,5.0200000000000005,2.51,1.49,0.0,0.1,0.0,0.5,0.0,-0.4,0.0,0.0,-64.0,0.0,0.0,64.0,0.0,22.700000000000003,26.200000000000003,26.200000000000003,26.5,300.0,300.0,28.8,33.0,26.200000000000003,25.4,27.200000000000003,4.96,2.0,4.97,0.15,0.0,0.0,1027.0,8228.0,0.0,0.0,0.0,0.0,0.0,1.0,0.0,0.0,0.0,0.0,0.0,0.0,0.0,0.1,0.0,0.0003,16.0,25903.0
2026-07-21T18:12:08.210Z,0.494,966.696,0.0,0.0,0.0,0.0,2048.0,0.0,0.0,0.0,0.0,1.0,0.0,0.0,0.0,0.0,9.0,7.0,1.0,0.0,0.0,0.0,0.0,0.0,0.0,0.0,3.0,12.0,1.0,12.13,5.0200000000000005,2.5,1.5,0.0,0.0,0.0,0.4,0.0,0.7000000000000001,0.1,0.6000000000000001,-64.0,0.0,0.0,64.0,0.0,22.6,26.200000000000003,26.200000000000003,26.5,300.0,300.0,28.9,33.0,26.200000000000003,25.4,27.3,4.95,2.01,4.97,0.16,0.0,0.0,1027.0,8228.0,0.0,0.0,0.0,0.0,0.0,1.0,0.0,0.0,0.0,0.0,0.0,0.3,0.0,0.7000000000000001,0.0,0.0001,16.0,25903.0
2026-07-21T18:12:08.223Z,0.507,966.708,0.0,0.0,0.0,0.0,2048.0,0.0,0.0,0.0,0.0,1.0,0.0,0.0,0.0,0.0,9.0,7.0,1.0,0.0,0.0,0.0,0.0,0.0,0.0,0.0,4.0,12.0,1.0,12.13,5.0200000000000005,2.5,1.5,0.0,0.1,0.0,0.4,0.0,-0.4,0.1,1.2000000000000002,-64.0,0.0,0.0,64.0,0.0,22.6,26.200000000000003,26.200000000000003,26.5,300.0,300.0,28.9,33.0,26.200000000000003,25.4,27.3,4.95,2.01,4.96,0.16,0.0,0.0,1027.0,8228.0,0.0,0.0,0.0,0.0,0.0,1.0,0.0,0.0,0.0,0.0,0.0,0.7000000000000001,0.0,1.2000000000000002,0.0,0.0,16.0,25903.0
2026-07-21T18:12:08.235Z,0.519,966.72,0.0,0.0,0.0,0.0,2048.0,0.0,0.0,0.0,0.0,1.0,0.0,0.0,0.0,0.0,9.0,7.0,1.0,0.0,0.0,0.0,0.0,0.0,0.0,0.0,6.0,12.0,1.0,12.13,5.0200000000000005,2.5,1.5,0.0,0.0,0.0,0.4,0.0,-1.0,-0.4,-1.1,-64.0,0.0,0.0,64.0,0.0,22.6,26.200000000000003,26.200000000000003,26.5,300.0,300.0,28.9,33.0,26.200000000000003,25.4,27.3,4.95,2.01,4.96,0.16,0.0,0.0,1027.0,8228.0,0.0,0.0,0.0,0.0,0.0,1.0,0.0,0.0,0.0,0.0,0.0,-0.5,0.0,-1.6,0.0,0.0,16.0,25903.0
2026-07-21T18:12:08.247Z,0.531,966.732,0.0,0.0,0.0,0.0,2048.0,0.0,0.0,0.0,0.0,1.0,0.0,0.0,0.0,0.0,9.0,7.0,1.0,0.0,0.0,0.0,0.0,0.0,0.0,0.0,1.0,12.0,1.0,12.13,5.0200000000000005,2.5,1.5,0.0,0.0,0.0,0.4,0.0,0.0,0.7000000000000001,0.0,-64.0,0.0,0.0,64.0,0.0,22.6,26.200000000000003,26.200000000000003,26.5,300.0,300.0,28.9,33.0,26.200000000000003,25.4,27.3,4.95,2.0,4.96,0.16,0.0,0.0,1027.0,8228.0,0.0,0.0,0.0,0.0,0.0,1.0,0.0,0.0,0.0,0.0,0.0,-0.3,0.0,0.6000000000000001,0.0,0.0,16.0,25903.0
2026-07-21T18:12:08.259Z,0.543,966.744,0.0,0.0,0.0,0.0,2048.0,0.0,0.0,0.0,0.0,1.0,0.0,0.0,0.0,0.0,9.0,7.0,1.0,0.0,0.0,0.0,0.0,0.0,0.0,0.0,3.0,12.0,1.0,12.13,5.0200000000000005,2.5,1.5,0.0,0.0,0.0,0.4,0.0,0.0,-1.0,-1.2000000000000002,-64.0,0.0,0.0,64.0,0.0,22.6,26.200000000000003,26.200000000000003,26.5,300.0,300.0,28.9,33.0,26.200000000000003,25.4,27.3,4.95,2.01,4.96,0.16,0.0,0.0,1027.0,8228.0,0.0,0.0,0.0,0.0,0.0,1.0,0.0,0.0,0.0,0.0,0.0,-0.2,0.0,-2.3000000000000003,0.0,0.0,16.0,25903.0
2026-07-21T18:12:08.270Z,0.554,966.756,0.0,0.0,0.0,0.0,2048.0,0.0,0.0,0.0,0.0,1.0,0.0,0.0,0.0,0.0,9.0,7.0,1.0,0.0,0.0,0.0,0.0,0.0,0.0,0.0,3.0,12.0,1.0,12.13,5.0200000000000005,2.5,1.5,0.0,0.0,0.0,0.4,0.0,0.1,0.6000000000000001,2.2,-64.0,0.0,0.0,64.0,0.0,22.6,26.200000000000003,26.200000000000003,26.5,300.0,300.0,28.9,33.0,26.200000000000003,25.4,27.3,4.96,2.01,4.96,0.16,0.0,0.0,1027.0,8228.0,0.0,0.0,0.0,0.0,0.0,1.0,0.0,0.0,0.0,0.0,0.0,1.1,0.0,2.8000000000000003,0.0,0.0001,16.0,25903.0
2026-07-21T18:12:08.282Z,0.566,966.768,0.0,0.0,0.0,0.0,2048.0,0.0,0.0,0.0,0.0,1.0,0.0,0.0,0.0,0.0,9.0,7.0,1.0,0.0,0.0,0.0,0.0,0.0,0.0,0.0,5.0,12.0,1.0,12.13,5.0200000000000005,2.5,1.5,0.0,0.0,0.0,0.4,0.0,-0.4,0.1,-0.6000000000000001,-64.0,0.0,0.0,64.0,0.0,22.6,26.200000000000003,26.200000000000003,26.5,300.0,300.0,28.9,33.0,26.200000000000003,25.4,27.3,4.96,2.0,4.97,0.16,0.0,0.0,1027.0,8228.0,0.0,0.0,0.0,0.0,0.0,1.0,0.0,0.0,0.0,0.0,0.0,-0.4,0.0,-0.5,0.0,0.0001,16.0,25903.0
2026-07-21T18:12:08.295Z,0.579,966.78,0.0,0.0,0.0,0.0,2048.0,0.0,0.0,0.0,0.0,1.0,0.0,0.0,0.0,0.0,9.0,7.0,1.0,0.0,0.0,0.0,0.0,0.0,0.0,0.0,6.0,12.0,1.0,12.13,5.0200000000000005,2.5,1.5,0.0,0.0,0.0,0.4,0.0,0.8,1.2000000000000002,1.0,-64.0,0.0,0.0,64.0,0.0,22.6,26.200000000000003,26.200000000000003,26.5,300.0,300.0,28.9,33.0,26.200000000000003,25.4,27.3,4.96,2.0,4.96,0.16,0.0,0.0,1027.0,8228.0,0.0,0.0,0.0,0.0,0.0,1.0,0.0,0.0,0.0,0.0,0.0,0.0,0.0,2.3000000000000003,0.0,0.0001,16.0,25903.0
2026-07-21T18:12:08.307Z,0.591,966.792,0.0,0.0,0.0,0.0,2048.0,0.0,0.0,0.0,0.0,1.0,0.0,0.0,0.0,0.0,9.0,7.0,1.0,0.0,0.0,0.0,0.0,0.0,0.0,0.0,1.0,12.0,1.0,12.17,5.01,2.5,1.49,0.0,0.0,0.0,0.4,0.0,-0.3,0.7000000000000001,-1.2000000000000002,-64.0,0.0,0.0,64.0,0.0,23.0,26.200000000000003,26.200000000000003,26.5,300.0,300.0,29.0,33.0,26.200000000000003,25.4,27.3,4.96,2.01,4.96,0.16,0.0,0.0,1027.0,8228.0,0.0,0.0,0.0,0.0,0.0,1.0,0.0,0.0,0.0,0.0,0.0,-1.1,0.0,-0.4,0.0,0.0001,16.0,25903.0
2026-07-21T18:12:08.319Z,0.603,966.804,0.0,0.0,0.0,0.0,2048.0,0.0,0.0,0.0,0.0,1.0,0.0,0.0,0.0,0.0,9.0,7.0,1.0,0.0,0.0,0.0,0.0,0.0,0.0,0.0,2.0,12.0,1.0,12.17,5.01,2.5,1.49,0.0,0.1,0.0,0.4,0.0,0.2,-0.3,0.5,-64.0,0.0,0.0,64.0,0.0,23.0,26.200000000000003,26.200000000000003,26.5,300.0,300.0,29.0,33.0,26.200000000000003,25.4,27.3,4.95,2.01,4.96,0.16,0.0,0.0,1027.0,8228.0,0.0,0.0,0.0,0.0,0.0,1.0,0.0,0.0,0.0,0.0,0.0,0.9,0.0,0.6000000000000001,0.0,0.0,16.0,25903.0
2026-07-21T18:12:08.330Z,0.614,966.816,0.0,0.0,0.0,0.0,2048.0,0.0,0.0,0.0,0.0,1.0,0.0,0.0,0.0,0.0,9.0,7.0,1.0,0.0,0.0,0.0,0.0,0.0,0.0,0.0,3.0,12.0,1.0,12.17,5.01,2.5,1.49,0.0,0.0,0.0,0.4,0.0,-0.3,-0.4,0.0,-64.0,0.0,0.0,64.0,0.0,23.0,26.200000000000003,26.200000000000003,26.5,300.0,300.0,29.0,33.0,26.200000000000003,25.4,27.3,4.95,2.0,4.96,0.16,0.0,0.0,1027.0,8228.0,0.0,0.0,0.0,0.0,0.0,1.0,0.0,0.0,0.0,0.0,0.0,-0.5,0.0,-1.6,0.0,0.0,16.0,25903.0
2026-07-21T18:12:08.343Z,0.627,966.828,0.0,0.0,0.0,0.0,2048.0,0.0,0.0,0.0,0.0,1.0,0.0,0.0,0.0,0.0,9.0,7.0,1.0,0.0,0.0,0.0,0.0,0.0,0.0,0.0,4.0,12.0,1.0,12.17,5.01,2.5,1.49,0.0,0.0,0.0,0.4,0.0,-0.3,0.1,-0.6000000000000001,-64.0,0.0,0.0,64.0,0.0,23.0,26.200000000000003,26.200000000000003,26.5,300.0,300.0,29.0,33.0,26.200000000000003,25.4,27.3,4.95,2.0,4.96,0.16,0.0,0.0,1027.0,8228.0,0.0,0.0,0.0,0.0,0.0,1.0,0.0,0.0,0.0,0.0,0.0,-0.1,0.0,0.1,0.0,0.0,16.0,25903.0
2026-07-21T18:12:08.354Z,0.638,966.84,0.0,0.0,0.0,0.0,2048.0,0.0,0.0,0.0,0.0,1.0,0.0,0.0,0.0,0.0,9.0,7.0,1.0,0.0,0.0,0.0,0.0,0.0,0.0,0.0,5.0,12.0,1.0,12.17,5.01,2.5,1.49,0.0,0.0,0.0,0.4,0.0,0.2,1.3,1.6,-64.0,0.0,0.0,64.2,0.0,23.0,26.200000000000003,26.200000000000003,26.5,300.0,300.0,29.0,33.0,26.200000000000003,25.4,27.3,4.96,2.01,4.96,0.16,0.0,0.0,1027.0,8228.0,0.0,0.0,0.0,0.0,0.0,1.0,0.0,0.0,0.0,0.0,0.0,0.3,0.0,2.9000000000000004,0.0,0.0,16.0,25903.0
2026-07-21T18:12:08.366Z,0.65,966.852,0.0,0.0,0.0,0.0,2048.0,0.0,0.0,0.0,0.0,1.0,0.0,0.0,0.0,0.0,9.0,7.0,1.0,0.0,0.0,0.0,0.0,0.0,0.0,0.0,6.0,12.0,1.0,12.17,5.01,2.5,1.49,0.0,0.0,0.0,0.4,0.0,-0.3,0.1,0.4,-64.0,0.0,0.0,64.10000000000001,0.0,23.0,26.200000000000003,26.200000000000003,26.5,300.0,300.0,29.0,33.0,26.200000000000003,25.4,27.3,4.95,2.01,4.97,0.16,0.0,0.0,1027.0,8228.0,0.0,0.0,0.0,0.0,0.0,1.0,0.0,0.0,0.0,0.0,0.0,0.2,0.0,0.6000000000000001,0.0,0.0003,16.0,25903.0
2026-07-21T18:12:08.378Z,0.662,966.864,0.0,0.0,0.0,0.0,2048.0,0.0,0.0,0.0,0.0,1.0,0.0,0.0,0.0,0.0,9.0,7.0,1.0,0.0,0.0,0.0,0.0,0.0,0.0,0.0,1.0,12.0,1.0,12.17,5.01,2.5,1.49,0.0,0.1,0.0,0.4,0.0,0.2,-1.0,-1.2000000000000002,-64.0,0.0,0.0,64.0,0.0,23.0,26.200000000000003,26.200000000000003,26.5,300.0,300.0,29.0,33.0,26.200000000000003,25.4,27.3,4.96,2.0,4.96,0.16,0.0,0.0,1027.0,8228.0,0.0,0.0,0.0,0.0,0.0,1.0,0.0,0.0,0.0,0.0,0.0,-0.3,0.0,-2.2,0.0,0.0,16.0,25903.0
2026-07-21T18:12:08.390Z,0.674,966.876,0.0,0.0,0.0,0.0,2048.0,0.0,0.0,0.0,0.0,1.0,0.0,0.0,0.0,0.0,9.0,7.0,1.0,0.0,0.0,0.0,0.0,0.0,0.0,0.0,2.0,12.0,1.0,12.17,5.01,2.5,1.49,0.0,0.0,0.0,0.4,0.0,0.8,1.9,1.0,-64.0,0.0,0.0,64.0,0.0,23.0,26.200000000000003,26.200000000000003,26.5,300.0,300.0,29.0,33.0,26.200000000000003,25.4,27.3,4.96,2.0,4.96,0.16,0.0,0.0,1027.0,8228.0,0.0,0.0,0.0,0.0,0.0,1.0,0.0,0.0,0.0,0.0,0.0,-0.2,0.0,3.0,0.0,0.0001,16.0,25903.0
2026-07-21T18:12:08.403Z,0.687,966.888,0.0,0.0,0.0,0.0,2048.0,0.0,0.0,0.0,0.0,1.0,0.0,0.0,0.0,0.0,9.0,7.0,1.0,0.0,0.0,0.0,0.0,0.0,0.0,0.0,4.0,12.0,1.0,12.17,5.01,2.5,1.49,0.0,0.0,0.0,0.4,0.0,-0.3,0.2,-0.1,-64.0,0.0,0.0,64.0,0.0,23.0,26.200000000000003,26.200000000000003,26.5,300.0,300.0,29.0,33.0,26.200000000000003,25.4,27.3,4.95,2.0,4.96,0.16,0.0,0.0,1027.0,8228.0,0.0,0.0,0.0,0.0,0.0,1.0,0.0,0.0,0.0,0.0,0.0,-0.1,0.0,0.1,0.0,0.0002,16.0,25903.0
2026-07-21T18:12:08.414Z,0.698,966.9,0.0,0.0,0.0,0.0,2048.0,0.0,0.0,0.0,0.0,1.0,0.0,0.0,0.0,0.0,9.0,7.0,1.0,0.0,0.0,0.0,0.0,0.0,0.0,0.0,5.0,12.0,1.0,12.18,5.0200000000000005,2.51,1.49,0.0,0.1,0.0,0.4,0.0,0.2,-0.3,-0.7000000000000001,-64.0,0.0,0.0,64.0,0.0,22.200000000000003,26.200000000000003,26.200000000000003,26.5,300.0,300.0,28.9,33.0,26.200000000000003,25.4,27.3,4.95,2.0,4.97,0.16,0.0,0.0,1027.0,8228.0,0.0,0.0,0.0,0.0,0.0,1.0,0.0,0.0,0.0,0.0,0.0,-0.2,0.0,-1.0,0.0,0.0,16.0,25903.0
2026-07-21T18:12:08.427Z,0.711,966.912,0.0,0.0,0.0,0.0,2048.0,0.0,0.0,0.0,0.0,1.0,0.0,0.0,0.0,0.0,9.0,7.0,1.0,0.0,0.0,0.0,0.0,0.0,0.0,0.0,6.0,12.0,1.0,12.18,5.0200000000000005,2.51,1.49,0.0,0.0,0.0,0.5,0.0,-0.3,-0.9,-0.7000000000000001,-64.0,0.0,0.0,64.0,0.0,22.200000000000003,26.200000000000003,26.200000000000003,26.5,300.0,300.0,28.9,33.0,26.200000000000003,25.4,27.3,4.96,2.0,4.96,0.16,0.0,0.0,1027.0,8228.0,0.0,0.0,0.0,0.0,0.0,1.0,0.0,0.0,0.0,0.0,0.0,0.0,0.0,-1.7000000000000002,0.0,0.0,16.0,25903.0
2026-07-21T18:12:08.438Z,0.722,966.924,0.0,0.0,0.0,0.0,2048.0,0.0,0.0,0.0,0.0,1.0,0.0,0.0,0.0,0.0,9.0,7.0,1.0,0.0,0.0,0.0,0.0,0.0,0.0,0.0,2.0,12.0,1.0,12.18,5.0200000000000005,2.51,1.49,0.0,0.0,0.0,0.4,0.0,0.2,1.3,-0.8,-64.0,0.0,0.0,64.0,0.0,22.200000000000003,26.200000000000003,26.200000000000003,26.5,300.0,300.0,28.9,33.0,26.200000000000003,25.4,27.3,4.96,2.0,4.97,0.15,0.0,0.0,1027.0,8228.0,0.0,0.0,0.0,0.0,0.0,1.0,0.0,0.0,0.0,0.0,0.0,-1.2000000000000002,0.0,0.6000000000000001,0.0,0.0,16.0,25903.0
2026-07-21T18:12:08.451Z,0.735,966.936,0.0,0.0,0.0,0.0,2048.0,0.0,0.0,0.0,0.0,1.0,0.0,0.0,0.0,0.0,9.0,7.0,1.0,0.0,0.0,0.0,0.0,0.0,0.0,0.0,3.0,12.0,1.0,12.18,5.0200000000000005,2.51,1.49,0.0,0.1,0.0,0.4,0.0,0.1,0.1,0.3,-64.0,0.0,0.0,64.0,0.0,22.200000000000003,26.200000000000003,26.200000000000003,26.5,300.0,300.0,28.9,33.0,26.200000000000003,25.4,27.3,4.96,2.0,4.97,0.16,0.0,0.0,1027.0,8228.0,0.0,0.0,0.0,0.0,0.0,1.0,0.0,0.0,0.0,0.0,0.0,0.1,0.0,0.5,0.0,0.0,16.0,25903.0
2026-07-21T18:12:08.462Z,0.746,966.948,0.0,0.0,0.0,0.0,2048.0,0.0,0.0,0.0,0.0,1.0,0.0,0.0,0.0,0.0,9.0,7.0,1.0,0.0,0.0,0.0,0.0,0.0,0.0,0.0,4.0,12.0,1.0,12.18,5.0200000000000005,2.51,1.49,0.0,0.0,0.0,0.4,0.0,0.1,0.7000000000000001,-0.2,-64.0,0.0,0.0,64.2,0.0,22.200000000000003,26.200000000000003,26.200000000000003,26.5,300.0,300.0,28.9,33.0,26.200000000000003,25.4,27.3,4.95,2.0,4.97,0.16,0.0,0.0,1027.0,8228.0,0.0,0.0,0.0,0.0,0.0,1.0,0.0,0.0,0.0,0.0,0.0,-0.5,0.0,0.5,0.0,0.0001,16.0,25903.0
2026-07-21T18:12:08.474Z,0.758,966.96,0.0,0.0,0.0,0.0,2048.0,0.0,0.0,0.0,0.0,1.0,0.0,0.0,0.0,0.0,9.0,7.0,1.0,0.0,0.0,0.0,0.0,0.0,0.0,0.0,6.0,12.0,1.0,12.18,5.0200000000000005,2.51,1.49,0.0,0.0,0.0,0.4,0.0,-0.9,0.1,-0.7000000000000001,-64.0,0.0,0.0,64.0,0.0,22.200000000000003,26.200000000000003,26.200000000000003,26.5,300.0,300.0,28.9,33.0,26.200000000000003,25.4,27.3,4.95,2.01,4.96,0.16,0.0,0.0,1027.0,8228.0,0.0,0.0,0.0,0.0,0.0,1.0,0.0,0.0,0.0,0.0,0.0,-0.5,0.0,-0.5,0.0,0.0002,16.0,25903.0
2026-07-21T18:12:08.486Z,0.77,966.972,0.0,0.0,0.0,0.0,2048.0,0.0,0.0,0.0,0.0,1.0,0.0,0.0,0.0,0.0,9.0,7.0,1.0,0.0,0.0,0.0,0.0,0.0,0.0,0.0,1.0,12.0,1.0,12.18,5.0200000000000005,2.51,1.49,0.0,0.0,0.0,0.4,0.0,-0.3,0.7000000000000001,0.4,-64.0,0.0,0.0,64.0,0.0,22.200000000000003,26.200000000000003,26.200000000000003,26.5,300.0,300.0,28.9,33.0,26.200000000000003,25.4,27.3,4.95,2.0,4.97,0.16,0.0,0.0,1027.0,8228.0,0.0,0.0,0.0,0.0,0.0,1.0,0.0,0.0,0.0,0.0,0.0,-0.1,0.0,1.1,0.0,0.0002,16.0,25903.0
2026-07-21T18:12:08.498Z,0.782,966.984,0.0,0.0,0.0,0.0,2048.0,0.0,0.0,0.0,0.0,1.0,0.0,0.0,0.0,0.0,9.0,7.0,1.0,0.0,0.0,0.0,0.0,0.0,0.0,0.0,3.0,12.0,1.0,12.18,5.0200000000000005,2.51,1.49,0.0,0.0,0.0,0.4,0.0,-0.3,0.1,-0.7000000000000001,-64.0,0.0,0.0,64.0,0.0,22.200000000000003,26.200000000000003,26.200000000000003,26.5,300.0,300.0,28.9,33.0,26.200000000000003,25.4,27.3,4.95,2.0,4.97,0.16,0.0,0.0,1027.0,8228.0,0.0,0.0,0.0,0.0,0.0,1.0,0.0,0.0,0.0,0.0,0.0,-0.5,0.0,-0.5,0.0,0.0001,16.0,25903.0
2026-07-21T18:12:08.512Z,0.796,966.996,0.0,0.0,0.0,0.0,2048.0,0.0,0.0,0.0,0.0,1.0,0.0,0.0,0.0,0.0,9.0,7.0,1.0,0.0,0.0,0.0,0.0,0.0,0.0,0.0,4.0,12.0,1.0,12.17,5.0200000000000005,2.51,1.49,0.0,0.0,0.0,0.4,0.0,1.3,0.1,0.3,-64.0,0.0,0.0,64.0,0.0,22.700000000000003,26.200000000000003,26.200000000000003,26.5,300.0,300.0,28.9,33.0,26.200000000000003,25.4,27.3,4.96,2.0,4.96,0.16,0.0,0.0,1027.0,8228.0,0.0,0.0,0.0,0.0,0.0,1.0,0.0,0.0,0.0,0.0,0.0,0.1,0.0,0.4,0.0,0.0,16.0,25903.0
2026-07-21T18:12:08.522Z,0.806,967.008,0.0,0.0,0.0,0.0,2048.0,0.0,0.0,0.0,0.0,1.0,0.0,0.0,0.0,0.0,9.0,7.0,1.0,0.0,0.0,0.0,0.0,0.0,0.0,0.0,6.0,12.0,1.0,12.17,5.0200000000000005,2.51,1.49,0.0,0.0,0.0,0.4,0.0,-0.9,0.1,-1.3,-64.0,0.0,0.0,64.0,0.0,22.700000000000003,26.200000000000003,26.200000000000003,26.5,300.0,300.0,28.9,33.0,26.200000000000003,25.4,27.3,4.95,2.0,4.96,0.16,0.0,0.0,1027.0,8228.0,0.0,0.0,0.0,0.0,0.0,1.0,0.0,0.0,0.0,0.0,0.0,-0.9,0.0,-1.1,0.0,0.0,16.0,25903.0
2026-07-21T18:12:08.534Z,0.818,967.02,0.0,0.0,0.0,0.0,2048.0,0.0,0.0,0.0,0.0,1.0,0.0,0.0,0.0,0.0,9.0,7.0,1.0,0.0,0.0,0.0,0.0,0.0,0.0,0.0,1.0,12.0,1.0,12.17,5.0200000000000005,2.51,1.49,0.0,0.0,0.0,0.4,0.0,-0.9,-0.4,-0.7000000000000001,-64.0,0.0,0.0,64.0,0.0,22.700000000000003,26.200000000000003,26.200000000000003,26.5,300.0,300.0,28.9,33.0,26.200000000000003,25.4,27.3,4.95,2.0,4.97,0.16,0.0,0.0,1027.0,8228.0,0.0,0.0,0.0,0.0,0.0,1.0,0.0,0.0,0.0,0.0,0.0,-0.2,0.0,-1.1,0.0,0.0,16.0,25903.0
2026-07-21T18:12:08.546Z,0.83,967.032,0.0,0.0,0.0,0.0,2048.0,0.0,0.0,0.0,0.0,1.0,0.0,0.0,0.0,0.0,9.0,7.0,1.0,0.0,0.0,0.0,0.0,0.0,0.0,0.0,2.0,12.0,1.0,12.17,5.0200000000000005,2.51,1.49,0.0,0.0,0.0,0.4,0.0,-0.3,1.9,-0.1,-64.0,0.0,0.0,64.0,0.0,22.700000000000003,26.200000000000003,26.200000000000003,26.5,300.0,300.0,28.9,33.0,26.200000000000003,25.4,27.3,4.95,2.01,4.97,0.16,0.0,0.0,1027.0,8228.0,0.0,0.0,0.0,0.0,0.0,1.0,0.0,0.0,0.0,0.0,0.0,-1.0,0.0,1.8,0.0,0.0,16.0,25903.0
2026-07-21T18:12:08.559Z,0.843,967.044,0.0,0.0,0.0,0.0,2048.0,0.0,0.0,0.0,0.0,1.0,0.0,0.0,0.0,0.0,9.0,7.0,1.0,0.0,0.0,0.0,0.0,0.0,0.0,0.0,3.0,12.0,1.0,12.17,5.0200000000000005,2.51,1.49,0.0,0.0,0.0,0.4,0.0,0.2,-0.4,-1.3,-64.0,0.0,0.0,64.2,0.0,22.700000000000003,26.200000000000003,26.200000000000003,26.5,300.0,300.0,28.9,33.0,26.200000000000003,25.4,27.3,4.96,2.01,4.96,0.16,0.0,0.0,1027.0,8228.0,0.0,0.0,0.0,0.0,0.0,1.0,0.0,0.0,0.0,0.0,0.0,-0.6000000000000001,0.0,-1.7000000000000002,0.0,0.0,16.0,25903.0
2026-07-21T18:12:08.571Z,0.855,967.056,0.0,0.0,0.0,0.0,2048.0,0.0,0.0,0.0,0.0,1.0,0.0,0.0,0.0,0.0,9.0,7.0,1.0,0.0,0.0,0.0,0.0,0.0,0.0,0.0,4.0,12.0,1.0,12.17,5.0200000000000005,2.51,1.49,0.0,0.0,0.0,0.5,0.0,0.2,-1.0,0.4,-64.0,0.0,0.0,64.0,0.0,22.700000000000003,26.200000000000003,26.200000000000003,26.5,300.0,300.0,28.9,33.0,26.200000000000003,25.4,27.3,4.95,2.0,4.96,0.16,0.0,0.0,1027.0,8228.0,0.0,0.0,0.0,0.0,0.0,1.0,0.0,0.0,0.0,0.0,0.0,0.7000000000000001,0.0,-0.6000000000000001,0.0,0.0004,16.0,25903.0
2026-07-21T18:12:08.583Z,0.867,967.068,0.0,0.0,0.0,0.0,2048.0,0.0,0.0,0.0,0.0,1.0,0.0,0.0,0.0,0.0,9.0,7.0,1.0,0.0,0.0,0.0,0.0,0.0,0.0,0.0,5.0,12.0,1.0,12.17,5.0200000000000005,2.51,1.49,0.0,0.0,0.0,0.4,0.0,0.2,1.3,-0.1,-64.0,0.0,0.0,64.0,0.0,22.700000000000003,26.200000000000003,26.200000000000003,26.5,300.0,300.0,28.9,33.0,26.200000000000003,25.4,27.3,4.95,2.0,4.96,0.16,0.0,0.0,1027.0,8228.0,0.0,0.0,0.0,0.0,0.0,1.0,0.0,0.0,0.0,0.0,0.0,-0.7000000000000001,0.0,1.2000000000000002,0.0,0.0002,16.0,25903.0
2026-07-21T18:12:08.594Z,0.878,967.08,0.0,0.0,0.0,0.0,2048.0,0.0,0.0,0.0,0.0,1.0,0.0,0.0,0.0,0.0,9.0,7.0,1.0,0.0,0.0,0.0,0.0,0.0,0.0,0.0,1.0,12.0,1.0,12.17,5.0200000000000005,2.51,1.49,0.0,0.0,0.0,0.4,0.0,-0.3,-0.4,0.4,-64.0,0.0,0.0,64.0,0.0,22.700000000000003,26.200000000000003,26.200000000000003,26.5,300.0,300.0,28.9,33.0,26.200000000000003,25.4,27.3,4.95,2.0,4.96,0.16,0.0,0.0,1027.0,8228.0,0.0,0.0,0.0,0.0,0.0,1.0,0.0,0.0,0.0,0.0,0.0,0.5,0.0,0.0,0.0,0.0001,16.0,25903.0
2026-07-21T18:12:08.606Z,0.89,967.092,0.0,0.0,0.0,0.0,2048.0,0.0,0.0,0.0,0.0,1.0,0.0,0.0,0.0,0.0,9.0,7.0,1.0,0.0,0.0,0.0,0.0,0.0,0.0,0.0,2.0,12.0,1.0,12.17,5.0200000000000005,2.51,1.49,0.0,0.0,0.0,0.4,0.0,-0.4,0.7000000000000001,-0.7000000000000001,-64.0,0.0,0.0,64.0,0.0,22.700000000000003,26.200000000000003,26.200000000000003,26.5,300.0,300.0,28.9,33.0,26.200000000000003,25.4,27.3,4.95,2.0,4.97,0.16,0.0,0.0,1027.0,8228.0,0.0,0.0,0.0,0.0,0.0,1.0,0.0,0.0,0.0,0.0,0.0,-0.8,0.0,0.0,0.0,0.0,16.0,25903.0
2026-07-21T18:12:08.618Z,0.902,967.104,0.0,0.0,0.0,0.0,2048.0,0.0,0.0,0.0,0.0,1.0,0.0,0.0,0.0,0.0,9.0,7.0,1.0,0.0,0.0,0.0,0.0,0.0,0.0,0.0,3.0,12.0,1.0,12.17,5.0200000000000005,2.5,1.49,0.0,0.0,0.0,0.4,0.0,-0.3,0.1,0.3,-64.0,0.0,0.0,64.0,0.0,22.3,26.200000000000003,26.200000000000003,26.6,300.0,300.0,29.0,33.0,26.200000000000003,25.4,27.3,4.96,2.0,4.96,0.16,0.0,0.0,1027.0,8228.0,0.0,0.0,0.0,0.0,0.0,1.0,0.0,0.0,0.0,0.0,0.0,0.1,0.0,0.5,0.0,0.0,16.0,25903.0
2026-07-21T18:12:08.630Z,0.914,967.116,0.0,0.0,0.0,0.0,2048.0,0.0,0.0,0.0,0.0,1.0,0.0,0.0,0.0,0.0,9.0,7.0,1.0,0.0,0.0,0.0,0.0,0.0,0.0,0.0,5.0,12.0,1.0,12.17,5.0200000000000005,2.5,1.49,0.0,0.0,0.0,0.4,0.0,-0.9,0.7000000000000001,-1.4,-64.0,0.0,0.0,64.0,0.0,22.3,26.200000000000003,26.200000000000003,26.6,300.0,300.0,29.0,33.0,26.200000000000003,25.4,27.3,4.96,2.01,4.96,0.16,0.0,0.0,1027.0,8228.0,0.0,0.0,0.0,0.0,0.0,1.0,0.0,0.0,0.0,0.0,0.0,-1.2000000000000002,0.0,-0.6000000000000001,0.0,0.0,16.0,25903.0
2026-07-21T18:12:08.642Z,0.926,967.128,0.0,0.0,0.0,0.0,2048.0,0.0,0.0,0.0,0.0,1.0,0.0,0.0,0.0,0.0,9.0,7.0,1.0,0.0,0.0,0.0,0.0,0.0,0.0,0.0,6.0,12.0,1.0,12.17,5.0200000000000005,2.5,1.49,-0.1,0.1,0.0,0.4,0.0,-0.3,1.2000000000000002,0.3,-64.0,0.0,0.0,64.0,0.0,22.3,26.200000000000003,26.200000000000003,26.6,300.0,300.0,29.0,33.0,26.200000000000003,25.4,27.3,4.95,2.0,4.96,0.16,0.0,0.0,1027.0,8228.0,0.0,0.0,0.0,0.0,0.0,1.0,0.0,0.0,0.0,0.0,0.0,-0.4,0.0,1.6,0.0,0.0,16.0,25903.0
2026-07-21T18:12:08.654Z,0.938,967.14,0.0,0.0,0.0,0.0,2048.0,0.0,0.0,0.0,0.0,1.0,0.0,0.0,0.0,0.0,9.0,7.0,1.0,0.0,0.0,0.0,0.0,0.0,0.0,0.0,2.0,12.0,1.0,12.17,5.0200000000000005,2.5,1.49,0.0,0.1,0.0,0.4,0.0,-0.3,0.6000000000000001,-0.7000000000000001,-64.0,0.0,0.0,64.2,0.0,22.3,26.200000000000003,26.200000000000003,26.6,300.0,300.0,29.0,33.0,26.200000000000003,25.4,27.3,4.95,2.0,4.96,0.16,0.0,0.0,1027.0,8228.0,0.0,0.0,0.0,0.0,0.0,1.0,0.0,0.0,0.0,0.0,0.0,-0.8,0.0,0.0,0.0,0.0,16.0,25903.0
2026-07-21T18:12:08.667Z,0.951,967.152,0.0,0.0,0.0,0.0,2048.0,0.0,0.0,0.0,0.0,1.0,0.0,0.0,0.0,0.0,9.0,7.0,1.0,0.0,0.0,0.0,0.0,0.0,0.0,0.0,3.0,12.0,1.0,12.17,5.0200000000000005,2.5,1.49,0.0,0.0,0.0,0.4,0.0,0.2,1.2000000000000002,1.5,-64.0,0.0,0.0,64.10000000000001,0.0,22.3,26.200000000000003,26.200000000000003,26.6,300.0,300.0,29.0,33.0,26.200000000000003,25.4,27.3,4.96,2.0,4.96,0.16,0.0,0.0,1027.0,8228.0,0.0,0.0,0.0,0.0,0.0,1.0,0.0,0.0,0.0,0.0,0.0,0.3,0.0,2.7,0.0,0.0004,16.0,25903.0
2026-07-21T18:12:08.678Z,0.962,967.164,0.0,0.0,0.0,0.0,2048.0,0.0,0.0,0.0,0.0,1.0,0.0,0.0,0.0,0.0,9.0,7.0,1.0,0.0,0.0,0.0,0.0,0.0,0.0,0.0,5.0,12.0,1.0,12.17,5.0200000000000005,2.5,1.49,0.0,0.0,0.0,0.4,0.0,0.7000000000000001,1.2000000000000002,-0.7000000000000001,-64.0,0.0,0.0,64.0,0.0,22.3,26.200000000000003,26.200000000000003,26.6,300.0,300.0,29.0,33.0,26.200000000000003,25.4,27.3,4.96,2.0,4.97,0.16,0.0,0.0,1027.0,8228.0,0.0,0.0,0.0,0.0,0.0,1.0,0.0,0.0,0.0,0.0,0.0,-1.1,0.0,0.5,0.0,0.0001,16.0,25903.0
2026-07-21T18:12:08.690Z,0.974,967.176,0.0,0.0,0.0,0.0,2048.0,0.0,0.0,0.0,0.0,1.0,0.0,0.0,0.0,0.0,9.0,7.0,1.0,0.0,0.0,0.0,0.0,0.0,0.0,0.0,6.0,12.0,1.0,12.17,5.0200000000000005,2.5,1.49,0.0,0.0,0.0,0.4,0.0,0.1,-0.5,-0.1,-64.0,0.0,0.0,64.0,0.0,22.3,26.200000000000003,26.200000000000003,26.6,300.0,300.0,29.0,33.0,26.200000000000003,25.4,27.3,4.96,2.0,4.97,0.16,0.0,0.0,1027.0,8228.0,0.0,0.0,0.0,0.0,0.0,1.0,0.0,0.0,0.0,0.0,0.0,0.1,0.0,-0.6000000000000001,0.0,0.0003,16.0,25903.0
2026-07-21T18:12:08.702Z,0.986,967.188,0.0,0.0,0.0,0.0,2048.0,0.0,0.0,0.0,0.0,1.0,0.0,0.0,0.0,0.0,9.0,7.0,1.0,0.0,0.0,0.0,0.0,0.0,0.0,0.0,1.0,12.0,1.0,12.17,5.0200000000000005,2.5,1.49,0.0,0.0,0.0,0.5,0.0,-0.3,0.0,-0.1,-64.0,0.0,0.0,64.0,0.0,22.3,26.200000000000003,26.200000000000003,26.6,300.0,300.0,29.0,33.0,26.200000000000003,25.4,27.3,4.96,2.0,4.96,0.16,0.0,0.0,1027.0,8228.0,0.0,0.0,0.0,0.0,0.0,1.0,0.0,0.0,0.0,0.0,0.0,-0.1,0.0,0.0,0.0,0.0001,16.0,25903.0
2026-07-21T18:12:08.715Z,0.999,967.2,0.0,0.0,0.0,0.0,2048.0,0.0,0.0,0.0,0.0,0.0,0.0,0.0,0.0,0.0,9.0,7.0,1.0,0.0,0.0,0.0,0.0,0.0,0.0,0.0,3.0,12.0,1.0,12.17,5.0200000000000005,2.51,1.49,0.0,0.0,0.0,0.4,0.0,0.1,-0.5,0.4,-64.0,0.0,0.0,64.0,0.0,22.6,26.200000000000003,26.200000000000003,26.5,300.0,300.0,29.0,33.0,26.200000000000003,25.4,27.3,4.95,2.0,4.97,0.16,0.0,0.0,1027.0,8228.0,0.0,0.0,0.0,0.0,0.0,1.0,0.0,0.0,0.0,0.0,0.0,0.5,0.0,-0.1,0.0,0.0,16.0,25903.0
2026-07-21T18:12:08.726Z,1.01,967.212,0.0,0.0,0.0,0.0,2048.0,0.0,0.0,0.0,0.0,0.0,0.0,0.0,0.0,0.0,9.0,7.0,1.0,0.0,0.0,0.0,0.0,0.0,0.0,0.0,4.0,12.0,1.0,12.17,5.0200000000000005,2.51,1.49,0.0,0.0,0.0,0.4,0.0,0.2,0.0,0.4,-64.0,0.0,0.0,64.0,0.0,22.6,26.200000000000003,26.200000000000003,26.5,300.0,300.0,29.0,33.0,26.200000000000003,25.4,27.3,4.95,2.0,4.97,0.16,0.0,0.0,1027.0,8228.0,0.0,0.0,0.0,0.0,0.0,1.0,0.0,0.0,0.0,0.0,0.0,0.2,0.0,0.4,0.0,0.0,16.0,25903.0
2026-07-21T18:12:08.738Z,1.022,967.224,0.0,0.0,0.0,0.0,2048.0,0.0,0.0,0.0,0.0,0.0,0.0,0.0,0.0,0.0,9.0,7.0,1.0,0.0,0.0,0.0,0.0,0.0,0.0,0.0,6.0,12.0,1.0,12.17,5.0200000000000005,2.51,1.49,0.0,0.0,0.0,0.4,0.0,-0.3,-0.5,-1.8,-64.0,0.0,0.0,64.0,0.0,22.6,26.200000000000003,26.200000000000003,26.5,300.0,300.0,29.0,33.0,26.200000000000003,25.4,27.3,4.95,2.01,4.97,0.15,0.0,0.0,1027.0,8228.0,0.0,0.0,0.0,0.0,0.0,1.0,0.0,0.0,0.0,0.0,0.0,-0.9,0.0,-2.3000000000000003,0.0,0.0,16.0,25903.0
2026-07-21T18:12:08.750Z,1.034,967.236,0.0,0.0,0.0,0.0,2048.0,0.0,0.0,0.0,0.0,0.0,0.0,0.0,0.0,0.0,9.0,7.0,1.0,0.0,0.0,0.0,0.0,0.0,0.0,0.0,1.0,12.0,1.0,12.17,5.0200000000000005,2.51,1.49,0.0,0.0,0.0,0.4,0.0,0.8,-0.5,-0.7000000000000001,-64.0,0.0,0.0,64.0,0.0,22.6,26.200000000000003,26.200000000000003,26.5,300.0,300.0,29.0,33.0,26.200000000000003,25.4,27.3,4.96,2.01,4.96,0.16,0.0,0.0,1027.0,8228.0,0.0,0.0,0.0,0.0,0.0,1.0,0.0,0.0,0.0,0.0,0.0,-0.2,0.0,-1.2000000000000002,0.0,0.0,16.0,25903.0
2026-07-21T18:12:08.762Z,1.046,967.248,0.0,0.0,0.0,0.0,2048.0,0.0,0.0,0.0,0.0,0.0,0.0,0.0,0.0,0.0,9.0,7.0,1.0,0.0,0.0,0.0,0.0,0.0,0.0,0.0,3.0,12.0,1.0,12.17,5.0200000000000005,2.51,1.49,0.0,0.0,0.0,0.4,0.0,0.2,0.0,0.4,-64.0,0.0,0.0,64.2,0.0,22.6,26.200000000000003,26.200000000000003,26.5,300.0,300.0,29.0,33.0,26.200000000000003,25.4,27.3,4.95,2.0,4.97,0.16,0.0,0.0,1027.0,8228.0,0.0,0.0,0.0,0.0,0.0,1.0,0.0,0.0,0.0,0.0,0.0,0.2,0.0,0.4,0.0,0.0,16.0,25903.0
2026-07-21T18:12:08.774Z,1.058,967.26,0.0,0.0,0.0,0.0,2048.0,0.0,0.0,0.0,0.0,0.0,0.0,0.0,0.0,0.0,9.0,7.0,1.0,0.0,0.0,0.0,0.0,0.0,0.0,0.0,4.0,12.0,1.0,12.17,5.0200000000000005,2.51,1.49,0.0,0.0,0.0,0.4,0.0,-0.3,0.0,-0.7000000000000001,-64.0,0.0,0.0,64.2,0.0,22.6,26.200000000000003,26.200000000000003,26.5,300.0,300.0,29.0,33.0,26.200000000000003,25.4,27.3,4.95,2.0,4.97,0.16,0.0,0.0,1027.0,8228.0,0.0,0.0,0.0,0.0,0.0,1.0,0.0,0.0,0.0,0.0,0.0,-0.5,0.0,-0.6000000000000001,0.0,0.0003,16.0,25903.0
2026-07-21T18:12:08.786Z,1.07,967.272,0.0,0.0,0.0,0.0,2048.0,0.0,0.0,0.0,0.0,0.0,0.0,0.0,0.0,0.0,9.0,7.0,1.0,0.0,0.0,0.0,0.0,0.0,0.0,0.0,6.0,12.0,1.0,12.17,5.0200000000000005,2.51,1.49,0.0,0.0,0.0,0.4,0.0,0.2,0.0,0.4,-64.0,0.0,0.0,64.0,0.0,22.6,26.200000000000003,26.200000000000003,26.5,300.0,300.0,29.0,33.0,26.200000000000003,25.4,27.3,4.95,2.0,4.97,0.16,0.0,0.0,1027.0,8228.0,0.0,0.0,0.0,0.0,0.0,1.0,0.0,0.0,0.0,0.0,0.0,0.2,0.0,0.4,0.0,0.0,16.0,25903.0
2026-07-21T18:12:08.798Z,1.082,967.284,0.0,0.0,0.0,0.0,2048.0,0.0,0.0,0.0,0.0,0.0,0.0,0.0,0.0,0.0,9.0,7.0,1.0,0.0,0.0,0.0,0.0,0.0,0.0,0.0,1.0,12.0,1.0,12.17,5.0200000000000005,2.51,1.49,0.0,0.1,0.0,0.4,0.0,-0.4,-0.5,-1.3,-64.0,0.0,0.0,64.0,0.0,22.6,26.200000000000003,26.200000000000003,26.5,300.0,300.0,29.0,33.0,26.200000000000003,25.4,27.3,4.95,2.0,4.96,0.16,0.0,0.0,1027.0,8228.0,0.0,0.0,0.0,0.0,0.0,1.0,0.0,0.0,0.0,0.0,0.0,-0.6000000000000001,0.0,-1.8,0.0,0.0003,16.0,25903.0
2026-07-21T18:12:08.810Z,1.094,967.296,0.0,0.0,0.0,0.0,2048.0,0.0,0.0,0.0,0.0,0.0,0.0,0.0,0.0,0.0,9.0,7.0,1.0,0.0,0.0,0.0,0.0,0.0,0.0,0.0,3.0,12.0,1.0,12.17,5.0200000000000005,2.51,1.49,0.0,0.0,0.0,0.4,0.0,-0.4,-0.5,1.0,-64.0,0.0,0.0,64.0,0.0,22.6,26.200000000000003,26.200000000000003,26.5,300.0,300.0,29.0,33.0,26.200000000000003,25.4,27.3,4.95,2.0,4.97,0.16,0.0,0.0,1027.0,8228.0,0.0,0.0,0.0,0.0,0.0,1.0,0.0,0.0,0.0,0.0,0.0,0.9,0.0,0.3,0.0,0.0,16.0,25903.0
2026-07-21T18:12:08.822Z,1.106,967.308,0.0,0.0,0.0,0.0,2048.0,0.0,0.0,0.0,0.0,0.0,0.0,0.0,0.0,0.0,9.0,7.0,1.0,0.0,0.0,0.0,0.0,0.0,0.0,0.0,5.0,12.0,1.0,12.17,5.0200000000000005,2.51,1.49,0.0,0.0,0.0,0.4,0.0,-0.4,-1.1,-1.4,-64.0,0.0,0.0,64.0,0.0,22.6,26.200000000000003,26.200000000000003,26.6,300.0,300.0,28.9,33.0,26.200000000000003,25.4,27.3,4.95,2.0,4.96,0.16,0.0,0.0,1027.0,8228.0,0.0,0.0,0.0,0.0,0.0,1.0,0.0,0.0,0.0,0.0,0.0,-0.3,0.0,-2.6,0.0,0.0,16.0,25903.0
2026-07-21T18:12:08.834Z,1.118,967.32,0.0,0.0,0.0,0.0,2048.0,0.0,0.0,0.0,0.0,0.0,0.0,0.0,0.0,0.0,9.0,7.0,1.0,0.0,0.0,0.0,0.0,0.0,0.0,0.0,6.0,12.0,1.0,12.17,5.0200000000000005,2.51,1.49,0.0,0.1,0.0,0.4,0.0,-0.4,0.0,-0.8,-64.0,0.0,0.0,64.2,0.0,22.6,26.200000000000003,26.200000000000003,26.6,300.0,300.0,28.9,33.0,26.200000000000003,25.4,27.3,4.96,2.0,4.96,0.16,0.0,0.0,1027.0,8228.0,0.0,0.0,0.0,0.0,0.0,1.0,0.0,0.0,0.0,0.0,0.0,0.5,0.0,-0.2,0.0,0.0,16.0,25903.0
2026-07-21T18:12:08.846Z,1.13,967.332,-0.1,0.0,0.0,0.0,2048.0,0.0,0.0,0.0,0.0,0.0,0.0,0.0,0.0,0.0,9.0,7.0,1.0,0.0,0.0,0.0,0.0,0.0,0.0,0.0,1.0,12.0,1.0,12.17,5.0200000000000005,2.51,1.49,0.0,0.0,0.0,0.4,0.0,0.7000000000000001,0.5,0.9,-64.0,0.0,0.0,64.2,0.0,22.6,26.200000000000003,26.200000000000003,26.6,300.0,300.0,28.9,33.0,26.200000000000003,25.4,27.3,4.95,2.0,4.97,0.16,0.0,0.0,1027.0,8228.0,0.0,0.0,0.0,0.0,0.0,1.0,0.0,0.0,0.0,0.0,0.0,-0.3,0.0,1.5,0.0,0.0002,16.0,25903.0
2026-07-21T18:12:08.859Z,1.143,967.344,0.0,0.0,0.0,0.0,2048.0,0.0,0.0,0.0,0.0,0.0,0.0,0.0,0.0,0.0,9.0,7.0,1.0,0.0,0.0,0.0,0.0,0.0,0.0,0.0,2.0,12.0,1.0,12.17,5.0200000000000005,2.51,1.49,0.0,0.0,0.0,0.4,0.0,0.1,0.0,-0.7000000000000001,-64.0,0.0,0.0,64.2,0.0,22.6,26.200000000000003,26.200000000000003,26.6,300.0,300.0,28.9,33.0,26.200000000000003,25.4,27.3,4.96,2.0,4.96,0.16,0.0,0.0,1027.0,8228.0,0.0,0.0,0.0,0.0,0.0,1.0,0.0,0.0,0.0,0.0,0.0,1.2000000000000002,0.0,-0.2,0.0,0.0002,16.0,25903.0
2026-07-21T18:12:08.870Z,1.154,967.356,0.0,0.0,0.0,0.0,2048.0,0.0,0.0,0.0,0.0,0.0,0.0,0.0,0.0,0.0,9.0,7.0,1.0,0.0,0.0,0.0,0.0,0.0,0.0,0.0,4.0,12.0,1.0,12.17,5.0200000000000005,2.51,1.49,0.0,0.0,0.0,0.4,0.0,0.1,0.0,-1.3,-64.0,0.0,0.0,64.2,0.0,22.6,26.200000000000003,26.200000000000003,26.6,300.0,300.0,28.9,33.0,26.200000000000003,25.4,27.3,4.96,2.0,4.96,0.16,0.0,0.0,1027.0,8228.0,0.0,0.0,0.0,0.0,0.0,1.0,0.0,0.0,0.0,0.0,0.0,-0.8,0.0,-1.3,0.0,0.0,16.0,25903.0
2026-07-21T18:12:08.882Z,1.166,967.368,-0.1,0.0,0.0,0.0,2048.0,0.0,0.0,0.0,0.0,0.0,0.0,0.0,0.0,0.0,9.0,7.0,1.0,0.0,0.0,0.0,0.0,0.0,0.0,0.0,5.0,12.0,1.0,12.17,5.0200000000000005,2.51,1.49,0.0,0.1,0.0,0.4,0.0,-0.4,-0.6000000000000001,-1.3,-64.0,0.0,0.0,64.2,0.0,22.6,26.200000000000003,26.200000000000003,26.6,300.0,300.0,28.9,33.0,26.200000000000003,25.4,27.3,4.95,2.0,4.96,0.16,0.0,0.0,1027.0,8228.0,0.0,0.0,0.0,0.0,0.0,1.0,0.0,0.0,0.0,0.0,0.0,-0.5,0.0,-1.9,0.0,0.0,16.0,25903.0
2026-07-21T18:12:08.894Z,1.178,967.38,-0.1,0.0,0.0,0.0,2048.0,0.0,0.0,0.0,0.0,0.0,0.0,0.0,0.0,0.0,9.0,7.0,1.0,0.0,0.0,0.0,0.0,0.0,0.0,0.0,1.0,12.0,1.0,12.17,5.0200000000000005,2.51,1.49,0.0,0.0,0.0,0.4,0.0,-0.4,-0.6000000000000001,-0.1,-64.0,0.0,0.0,64.0,0.0,22.6,26.200000000000003,26.200000000000003,26.6,300.0,300.0,28.9,33.0,26.200000000000003,25.4,27.3,4.95,2.0,4.97,0.16,0.0,0.0,1027.0,8228.0,0.0,0.0,0.0,0.0,0.0,1.0,0.0,0.0,0.0,0.0,0.0,0.2,0.0,-0.7000000000000001,0.0,0.0001,16.0,25903.0
2026-07-21T18:12:08.907Z,1.191,967.392,0.0,0.0,0.0,0.0,2048.0,0.0,0.0,0.0,0.0,0.0,0.0,0.0,0.0,0.0,9.0,7.0,1.0,0.0,0.0,0.0,0.0,0.0,0.0,0.0,3.0,12.0,1.0,12.17,5.0200000000000005,2.51,1.49,0.0,0.1,0.0,0.4,0.0,0.1,0.0,-0.1,-64.0,0.0,0.0,64.0,0.0,22.6,26.200000000000003,26.200000000000003,26.6,300.0,300.0,28.9,33.0,26.200000000000003,25.4,27.3,4.96,2.01,4.96,0.16,0.0,0.0,1027.0,8228.0,0.0,0.0,0.0,0.0,0.0,1.0,0.0,0.0,0.0,0.0,0.0,0.0,0.0,-0.1,0.0,0.0004,16.0,25903.0
2026-07-21T18:12:08.920Z,1.204,967.404,0.0,0.0,0.0,0.0,2048.0,0.0,0.0,0.0,0.0,0.0,0.0,0.0,0.0,0.0,9.0,7.0,1.0,0.0,0.0,0.0,0.0,0.0,0.0,0.0,4.0,12.0,1.0,12.18,5.0200000000000005,2.5,1.5,0.0,0.0,0.0,0.4,0.0,0.7000000000000001,-1.2000000000000002,0.4,-64.0,0.0,0.0,64.0,0.0,22.700000000000003,26.200000000000003,26.200000000000003,26.6,300.0,300.0,28.9,33.0,26.200000000000003,25.4,27.3,4.96,2.0,4.97,0.16,0.0,0.0,1027.0,8228.0,0.0,0.0,0.0,0.0,0.0,1.0,0.0,0.0,0.0,0.0,0.0,0.9,0.0,-0.8,0.0,0.0001,16.0,25903.0
2026-07-21T18:12:08.930Z,1.214,967.416,0.0,0.0,0.0,0.0,2048.0,0.0,0.0,0.0,0.0,0.0,0.0,0.0,0.0,0.0,9.0,7.0,1.0,0.0,0.0,0.0,0.0,0.0,0.0,0.0,5.0,12.0,1.0,12.18,5.0200000000000005,2.5,1.5,0.0,0.0,0.0,0.4,0.0,0.7000000000000001,0.5,-0.7000000000000001,-64.0,0.0,0.0,64.0,0.0,22.700000000000003,26.200000000000003,26.200000000000003,26.6,300.0,300.0,28.9,33.0,26.200000000000003,25.4,27.3,4.95,2.0,4.97,0.16,0.0,0.0,1027.0,8228.0,0.0,0.0,0.0,0.0,0.0,1.0,0.0,0.0,0.0,0.0,0.0,-0.7000000000000001,0.0,-0.1,0.0,0.0,16.0,25903.0
2026-07-21T18:12:08.942Z,1.226,967.428,0.0,0.0,0.0,0.0,2048.0,0.0,0.0,0.0,0.0,0.0,0.0,0.0,0.0,0.0,9.0,7.0,1.0,0.0,0.0,0.0,0.0,0.0,0.0,0.0,1.0,12.0,1.0,12.18,5.0200000000000005,2.5,1.5,0.0,0.0,0.0,0.4,0.0,0.1,-1.2000000000000002,-0.7000000000000001,-64.0,0.0,0.0,64.0,0.0,22.700000000000003,26.200000000000003,26.200000000000003,26.6,300.0,300.0,28.9,33.0,26.200000000000003,25.4,27.3,4.96,2.0,4.96,0.16,0.0,0.0,1027.0,8228.0,0.0,0.0,0.0,0.0,0.0,1.0,0.0,0.0,0.0,0.0,0.0,0.1,0.0,-1.9,0.0,0.0,16.0,25903.0
2026-07-21T18:12:08.954Z,1.238,967.44,0.0,0.0,0.0,0.0,2048.0,0.0,0.0,0.0,0.0,0.0,0.0,0.0,0.0,0.0,9.0,7.0,1.0,0.0,0.0,0.0,0.0,0.0,0.0,0.0,2.0,12.0,1.0,12.18,5.0200000000000005,2.5,1.5,0.0,0.0,0.0,0.5,0.0,0.1,-0.6000000000000001,1.0,-64.0,0.0,0.0,64.10000000000001,0.0,22.700000000000003,26.200000000000003,26.200000000000003,26.6,300.0,300.0,28.9,33.0,26.200000000000003,25.4,27.3,4.96,2.01,4.96,0.16,0.0,0.0,1027.0,8228.0,0.0,0.0,0.0,0.0,0.0,1.0,0.0,0.0,0.0,0.0,0.0,0.9,0.0,0.3,0.0,0.0,16.0,25903.0
2026-07-21T18:12:08.966Z,1.25,967.452,0.0,0.0,0.0,0.0,2048.0,0.0,0.0,0.0,0.0,0.0,0.0,0.0,0.0,0.0,9.0,7.0,1.0,0.0,0.0,0.0,0.0,0.0,0.0,0.0,4.0,12.0,1.0,12.18,5.0200000000000005,2.5,1.5,0.0,0.0,0.0,0.4,0.0,0.8,0.5,0.5,-64.0,0.0,0.0,64.2,0.0,22.700000000000003,26.200000000000003,26.200000000000003,26.6,300.0,300.0,28.9,33.0,26.200000000000003,25.4,27.3,4.96,2.0,4.97,0.16,0.0,0.0,1027.0,8228.0,0.0,0.0,0.0,0.0,0.0,1.0,0.0,0.0,0.0,0.0,0.0,0.0,0.0,1.0,0.0,0.0001,16.0,25903.0
2026-07-21T18:12:08.978Z,1.262,967.464,0.0,0.0,0.0,0.0,2048.0,0.0,0.0,0.0,0.0,0.0,0.0,0.0,0.0,0.0,9.0,7.0,1.0,0.0,0.0,0.0,0.0,0.0,0.0,0.0,5.0,12.0,1.0,12.18,5.0200000000000005,2.5,1.5,0.0,0.0,0.0,0.4,0.0,0.2,0.6000000000000001,0.0,-64.0,0.0,0.0,64.2,0.0,22.700000000000003,26.200000000000003,26.200000000000003,26.6,300.0,300.0,28.9,33.0,26.200000000000003,25.4,27.3,4.95,2.01,4.97,0.16,0.0,0.0,1027.0,8228.0,0.0,0.0,0.0,0.0,0.0,1.0,0.0,0.0,0.0,0.0,0.0,-0.3,0.0,0.5,0.0,0.0002,16.0,25903.0
2026-07-21T18:12:08.990Z,1.274,967.476,0.0,0.0,0.0,0.0,2048.0,0.0,0.0,0.0,0.0,0.0,0.0,0.0,0.0,0.0,9.0,7.0,1.0,0.0,0.0,0.0,0.0,0.0,0.0,0.0,6.0,12.0,1.0,12.18,5.0200000000000005,2.5,1.5,0.0,0.0,0.0,0.4,0.0,0.8,-0.5,-0.1,-64.0,0.0,0.0,64.2,0.0,22.700000000000003,26.200000000000003,26.200000000000003,26.6,300.0,300.0,28.9,33.0,26.200000000000003,25.4,27.3,4.96,2.01,4.96,0.16,0.0,0.0,1027.0,8228.0,0.0,0.0,0.0,0.0,0.0,1.0,0.0,0.0,0.0,0.0,0.0,0.2,0.0,-0.6000000000000001,0.0,0.0,16.0,25903.0
2026-07-21T18:12:09.002Z,1.286,967.488,0.0,0.0,0.0,0.0,2048.0,0.0,0.0,0.0,0.0,0.0,0.0,0.0,0.0,0.0,9.0,7.0,1.0,0.0,0.0,0.0,0.0,0.0,0.0,0.0,1.0,12.0,1.0,12.18,5.0200000000000005,2.5,1.5,0.0,0.0,0.0,0.4,0.0,-0.3,-0.5,-0.6000000000000001,-64.0,0.0,0.0,64.0,0.0,22.700000000000003,26.200000000000003,26.200000000000003,26.6,300.0,300.0,28.9,33.0,26.200000000000003,25.4,27.3,4.95,2.01,4.97,0.16,0.0,0.0,1027.0,8228.0,0.0,0.0,0.0,0.0,0.0,1.0,0.0,0.0,0.0,0.0,0.0,-0.1,0.0,-1.1,0.0,0.0,16.0,25903.0
2026-07-21T18:12:09.014Z,1.298,967.5,0.0,0.0,0.0,0.0,2048.0,0.0,0.0,0.0,0.0,0.0,0.0,0.0,0.0,0.0,9.0,7.0,1.0,0.0,0.0,0.0,0.0,0.0,0.0,0.0,3.0,12.0,1.0,12.18,5.0200000000000005,2.5,1.5,0.0,0.0,0.0,0.4,0.0,-0.3,-1.1,-1.2000000000000002,-64.0,0.0,0.0,64.0,0.0,22.700000000000003,26.200000000000003,26.200000000000003,26.6,300.0,300.0,28.9,33.0,26.200000000000003,25.4,27.3,4.95,2.0,4.96,0.16,0.0,0.0,1027.0,8228.0,0.0,0.0,0.0,0.0,0.0,1.0,0.0,0.0,0.0,0.0,0.0,-0.2,0.0,-2.4000000000000004,0.0,0.0003,16.0,25903.0
2026-07-21T18:12:09.026Z,1.31,967.512,0.0,0.0,0.0,0.0,2048.0,0.0,0.0,0.0,0.0,0.0,0.0,0.0,0.0,0.0,9.0,7.0,1.0,0.0,0.0,0.0,0.0,0.0,0.0,0.0,4.0,12.0,1.0,12.18,5.01,2.51,1.49,0.0,0.0,0.0,0.4,0.0,0.2,-0.5,-1.2000000000000002,-64.0,0.0,0.0,64.0,0.0,22.6,26.200000000000003,26.200000000000003,26.6,300.0,300.0,28.9,33.0,26.200000000000003,25.4,27.3,4.96,2.01,4.96,0.16,0.0,0.0,1027.0,8228.0,0.0,0.0,0.0,0.0,0.0,1.0,0.0,0.0,0.0,0.0,0.0,-0.5,0.0,-1.7000000000000002,0.0,0.0,16.0,25903.0
2026-07-21T18:12:09.038Z,1.322,967.524,0.0,0.0,0.0,0.0,2048.0,0.0,0.0,0.0,0.0,0.0,0.0,0.0,0.0,0.0,9.0,7.0,1.0,0.0,0.0,0.0,0.0,0.0,0.0,0.0,5.0,12.0,1.0,12.18,5.01,2.51,1.49,0.0,0.0,0.0,0.4,0.0,-0.3,0.0,1.0,-64.0,0.0,0.0,64.2,0.0,22.6,26.200000000000003,26.200000000000003,26.6,300.0,300.0,28.9,33.0,26.200000000000003,25.4,27.3,4.95,2.01,4.96,0.16,0.0,0.0,1027.0,8228.0,0.0,0.0,0.0,0.0,0.0,1.0,0.0,0.0,0.0,0.0,0.0,0.6000000000000001,0.0,1.0,0.0,0.0,16.0,25903.0
2026-07-21T18:12:09.050Z,1.334,967.536,0.0,0.0,0.0,0.0,2048.0,0.0,0.0,0.0,0.0,0.0,0.0,0.0,0.0,0.0,9.0,7.0,1.0,0.0,0.0,0.0,0.0,0.0,0.0,0.0,6.0,12.0,1.0,12.18,5.01,2.51,1.49,0.0,0.0,0.0,0.4,0.0,-0.3,-1.1,-0.6000000000000001,-64.0,0.0,0.0,64.2,0.0,22.6,26.200000000000003,26.200000000000003,26.6,300.0,300.0,28.9,33.0,26.200000000000003,25.4,27.3,4.95,2.0,4.96,0.16,0.0,0.0,1027.0,8228.0,0.0,0.0,0.0,0.0,0.0,1.0,0.0,0.0,0.0,0.0,0.0,0.1,0.0,-1.8,0.0,0.0002,16.0,25903.0
2026-07-21T18:12:09.062Z,1.346,967.548,0.0,0.0,0.0,0.0,2048.0,0.0,0.0,0.0,0.0,0.0,0.0,0.0,0.0,0.0,9.0,7.0,1.0,0.0,0.0,0.0,0.0,0.0,0.0,0.0,2.0,12.0,1.0,12.18,5.01,2.51,1.49,0.0,0.0,0.0,0.4,0.0,0.2,-1.0,-1.2000000000000002,-64.0,0.0,0.0,64.2,0.0,22.6,26.200000000000003,26.200000000000003,26.6,300.0,300.0,28.9,33.0,26.200000000000003,25.4,27.3,4.95,2.0,4.96,0.16,0.0,0.0,1027.0,8228.0,0.0,0.0,0.0,0.0,0.0,1.0,0.0,0.0,0.0,0.0,0.0,-0.2,0.0,-2.2,0.0,0.0002,16.0,25903.0
2026-07-21T18:12:09.074Z,1.358,967.56,0.0,0.0,0.0,0.0,2048.0,0.0,0.0,0.0,0.0,0.0,0.0,0.0,0.0,0.0,9.0,7.0,1.0,0.0,0.0,0.0,0.0,0.0,0.0,0.0,3.0,12.0,1.0,12.18,5.01,2.51,1.49,0.0,0.0,0.0,0.4,0.0,0.2,0.1,1.1,-64.0,0.0,0.0,64.10000000000001,0.0,22.6,26.200000000000003,26.200000000000003,26.6,300.0,300.0,28.9,33.0,26.200000000000003,25.4,27.3,4.96,2.0,4.96,0.16,0.0,0.0,1027.0,8228.0,0.0,0.0,0.0,0.0,0.0,1.0,0.0,0.0,0.0,0.0,0.0,0.6000000000000001,0.0,1.1,0.0,0.0,16.0,25903.0
2026-07-21T18:12:09.086Z,1.37,967.572,0.0,0.0,0.0,0.0,2048.0,0.0,0.0,0.0,0.0,0.0,0.0,0.0,0.0,0.0,9.0,7.0,1.0,0.0,0.0,0.0,0.0,0.0,0.0,0.0,3.0,12.0,1.0,12.18,5.01,2.51,1.49,0.0,0.0,0.0,0.4,0.0,-0.9,0.1,1.1,-64.0,0.0,0.0,64.0,0.0,22.6,26.200000000000003,26.200000000000003,26.6,300.0,300.0,28.9,33.0,26.200000000000003,25.4,27.3,4.95,2.0,4.96,0.16,0.0,0.0,1027.0,8228.0,0.0,0.0,0.0,0.0,0.0,1.0,0.0,0.0,0.0,0.0,0.0,0.6000000000000001,0.0,1.2000000000000002,0.0,0.0,16.0,25903.0
2026-07-21T18:12:09.098Z,1.382,967.584,0.0,0.0,0.0,0.0,2048.0,0.0,0.0,0.0,0.0,0.0,0.0,0.0,0.0,0.0,9.0,7.0,1.0,0.0,0.0,0.0,0.0,0.0,0.0,0.0,5.0,12.0,1.0,12.18,5.01,2.51,1.49,0.0,0.0,0.0,0.4,0.0,0.2,0.0,0.0,-64.0,0.0,0.0,64.0,0.0,22.6,26.200000000000003,26.200000000000003,26.6,300.0,300.0,28.9,33.0,26.200000000000003,25.4,27.3,4.96,2.01,4.96,0.16,0.0,0.0,1027.0,8228.0,0.0,0.0,0.0,0.0,0.0,1.0,0.0,0.0,0.0,0.0,0.0,0.0,0.0,0.0,0.0,0.0003,16.0,25903.0
2026-07-21T18:12:09.110Z,1.394,967.596,0.0,0.0,0.0,0.0,2048.0,0.0,0.0,0.0,0.0,0.0,0.0,0.0,0.0,0.0,9.0,7.0,1.0,0.0,0.0,0.0,0.0,0.0,0.0,0.0,6.0,12.0,1.0,12.18,5.01,2.51,1.49,0.0,0.0,0.0,0.4,0.0,0.2,0.0,-1.2000000000000002,-64.0,0.0,0.0,64.0,0.0,22.6,26.200000000000003,26.200000000000003,26.6,300.0,300.0,28.9,33.0,26.200000000000003,25.4,27.3,4.96,2.0,4.96,0.16,0.0,0.0,1027.0,8228.0,0.0,0.0,0.0,0.0,0.0,1.0,0.0,0.0,0.0,0.0,0.0,-0.8,0.0,-1.0,0.0,0.0,16.0,25903.0
2026-07-21T18:12:09.123Z,1.407,967.608,0.0,0.0,0.0,0.0,2048.0,0.0,0.0,0.0,0.0,0.0,0.0,0.0,0.0,0.0,9.0,7.0,1.0,0.0,0.0,0.0,0.0,0.0,0.0,0.0,1.0,12.0,1.0,12.17,5.0200000000000005,2.51,1.49,0.0,0.0,0.0,0.4,0.0,-0.9,-0.4,-0.6000000000000001,-64.0,0.0,0.0,64.0,0.0,22.4,26.200000000000003,26.200000000000003,26.5,300.0,300.0,28.9,33.0,26.200000000000003,25.4,27.3,4.95,2.0,4.96,0.16,0.0,0.0,1027.0,8228.0,0.0,0.0,0.0,0.0,0.0,1.0,0.0,0.0,0.0,0.0,0.0,-0.1,0.0,-1.1,0.0,0.0,16.0,25903.0
2026-07-21T18:12:09.134Z,1.418,967.62,0.0,0.0,0.0,0.0,2048.0,0.0,0.0,0.0,0.0,0.0,0.0,0.0,0.0,0.0,9.0,7.0,1.0,0.0,0.0,0.0,0.0,0.0,0.0,0.0,2.0,12.0,1.0,12.17,5.0200000000000005,2.51,1.49,0.0,0.0,0.0,0.4,0.0,0.2,0.1,0.0,-64.0,0.0,0.0,64.0,0.0,22.4,26.200000000000003,26.200000000000003,26.5,300.0,300.0,28.9,33.0,26.200000000000003,25.4,27.3,4.95,2.0,4.97,0.16,0.0,0.0,1027.0,8228.0,0.0,0.0,0.0,0.0,0.0,1.0,0.0,0.0,0.0,0.0,0.0,0.0,0.0,0.0,0.0,0.0001,16.0,25903.0
2026-07-21T18:12:09.147Z,1.431,967.632,0.0,0.0,0.0,0.0,2048.0,0.0,0.0,0.0,0.0,0.0,0.0,0.0,0.0,0.0,9.0,7.0,1.0,0.0,0.0,0.0,0.0,0.0,0.0,0.0,2.0,12.0,1.0,12.17,5.0200000000000005,2.51,1.49,0.0,0.0,0.0,0.5,0.0,-0.8,-0.4,0.5,-64.0,0.0,0.0,64.10000000000001,0.0,22.4,26.200000000000003,26.200000000000003,26.5,300.0,300.0,28.9,33.0,26.200000000000003,25.4,27.3,4.95,2.0,4.96,0.16,0.0,0.0,1027.0,8228.0,0.0,0.0,0.0,0.0,0.0,1.0,0.0,0.0,0.0,0.0,0.0,0.5,0.0,0.0,0.0,0.0,16.0,25903.0
2026-07-21T18:12:09.158Z,1.442,967.644,0.0,0.0,0.0,0.0,2048.0,0.0,0.0,0.0,0.0,0.0,0.0,0.0,0.0,0.0,9.0,7.0,1.0,0.0,0.0,0.0,0.0,0.0,0.0,0.0,4.0,12.0,1.0,12.17,5.0200000000000005,2.51,1.49,0.0,0.0,0.0,0.4,0.0,0.3,0.7000000000000001,0.5,-64.0,0.0,0.0,64.2,0.0,22.4,26.200000000000003,26.200000000000003,26.5,300.0,300.0,28.9,33.0,26.200000000000003,25.4,27.3,4.95,2.0,4.97,0.16,0.0,0.0,1027.0,8228.0,0.0,0.0,0.0,0.0,0.0,1.0,0.0,0.0,0.0,0.0,0.0,0.0,0.0,1.2000000000000002,0.0,0.0003,16.0,25903.0
2026-07-21T18:12:09.171Z,1.455,967.656,0.0,0.0,0.0,0.0,2048.0,0.0,0.0,0.0,0.0,0.0,0.0,0.0,0.0,0.0,9.0,7.0,1.0,0.0,0.0,0.0,0.0,0.0,0.0,0.0,5.0,12.0,1.0,12.17,5.0200000000000005,2.51,1.49,0.0,0.0,0.0,0.5,0.0,0.3,0.1,-1.1,-64.0,0.0,0.0,64.2,0.0,22.4,26.200000000000003,26.200000000000003,26.5,300.0,300.0,28.9,33.0,26.200000000000003,25.4,27.3,4.95,2.0,4.97,0.16,0.0,0.0,1027.0,8228.0,0.0,0.0,0.0,0.0,0.0,1.0,0.0,0.0,0.0,0.0,0.0,-0.8,0.0,-1.0,0.0,0.0002,16.0,25903.0
2026-07-21T18:12:09.183Z,1.467,967.668,0.0,0.0,0.0,0.0,2048.0,0.0,0.0,0.0,0.0,0.0,0.0,0.0,0.0,0.0,9.0,7.0,1.0,0.0,0.0,0.0,0.0,0.0,0.0,0.0,6.0,12.0,1.0,12.17,5.0200000000000005,2.51,1.49,0.0,0.0,0.0,0.4,0.0,-0.2,-0.4,0.0,-64.0,0.0,0.0,64.0,0.0,22.4,26.200000000000003,26.200000000000003,26.5,300.0,300.0,28.9,33.0,26.200000000000003,25.4,27.3,4.96,2.0,4.96,0.17,0.0,0.0,1027.0,8228.0,0.0,0.0,0.0,0.0,0.0,1.0,0.0,0.0,0.0,0.0,0.0,0.2,0.0,-0.4,0.0,0.0001,16.0,25903.0
2026-07-21T18:12:09.194Z,1.478,967.68,0.0,0.0,0.0,0.0,2048.0,0.0,0.0,0.0,0.0,0.0,0.0,0.0,0.0,0.0,9.0,7.0,1.0,0.0,0.0,0.0,0.0,0.0,0.0,0.0,1.0,12.0,1.0,12.17,5.0200000000000005,2.51,1.49,0.0,0.0,0.0,0.4,0.0,0.2,-0.4,0.0,-64.0,0.0,0.0,64.0,0.0,22.4,26.200000000000003,26.200000000000003,26.5,300.0,300.0,28.9,33.0,26.200000000000003,25.4,27.3,4.95,2.0,4.96,0.17,0.0,0.0,1027.0,8228.0,0.0,0.0,0.0,0.0,0.0,1.0,0.0,0.0,0.0,0.0,0.0,0.2,0.0,-0.5,0.0,0.0003,16.0,25903.0
2026-07-21T18:12:09.206Z,1.49,967.692,0.0,0.0,0.0,0.0,2048.0,0.0,0.0,0.0,0.0,0.0,0.0,0.0,0.0,0.0,9.0,7.0,1.0,0.0,0.0,0.0,0.0,0.0,0.0,0.0,2.0,12.0,1.0,12.17,5.0200000000000005,2.51,1.49,0.0,0.0,0.0,0.4,0.0,-0.2,0.7000000000000001,0.5,-64.0,0.0,0.0,64.0,0.0,22.4,26.200000000000003,26.200000000000003,26.5,300.0,300.0,28.9,33.0,26.200000000000003,25.4,27.3,4.95,2.0,4.97,0.16,0.0,0.0,1027.0,8228.0,0.0,0.0,0.0,0.0,0.0,1.0,0.0,0.0,0.0,0.0,0.0,0.0,0.0,1.2000000000000002,0.0,0.0001,16.0,25903.0
2026-07-21T18:12:09.218Z,1.502,967.704,0.0,0.0,0.0,0.0,2048.0,0.0,0.0,0.0,0.0,1.0,0.0,0.0,0.0,0.0,9.0,7.0,1.0,0.0,0.0,0.0,0.0,0.0,0.0,0.0,3.0,12.0,1.0,12.17,5.0200000000000005,2.51,1.49,0.0,0.0,0.0,0.4,0.0,0.3,0.6000000000000001,1.1,-64.0,0.0,0.0,64.2,0.0,22.4,26.200000000000003,26.200000000000003,26.5,300.0,300.0,28.9,33.0,26.200000000000003,25.4,27.3,4.95,2.01,4.97,0.16,0.0,0.0,1027.0,8228.0,0.0,0.0,0.0,0.0,0.0,1.0,0.0,0.0,0.0,0.0,0.0,0.4,0.0,1.8,0.0,0.0,16.0,25903.0
2026-07-21T18:12:09.230Z,1.514,967.716,0.0,0.0,0.0,0.0,2048.0,0.0,0.0,0.0,0.0,1.0,0.0,0.0,0.0,0.0,9.0,7.0,1.0,0.0,0.0,0.0,0.0,0.0,0.0,0.0,4.0,12.0,1.0,12.18,5.01,2.51,1.49,0.0,0.0,0.0,0.4,0.0,2.0,1.2000000000000002,0.6000000000000001,-64.0,0.0,0.0,64.2,0.0,22.8,26.200000000000003,26.200000000000003,26.5,300.0,300.0,29.0,33.0,26.200000000000003,25.4,27.3,4.95,2.01,4.96,0.16,0.0,0.0,1027.0,8228.0,0.0,0.0,0.0,0.0,0.0,1.0,0.0,0.0,0.0,0.0,0.0,-0.2,0.0,1.8,0.0,0.0004,16.0,25903.0
2026-07-21T18:12:09.242Z,1.526,967.728,0.0,0.0,0.0,0.0,2048.0,0.0,0.0,0.0,0.0,1.0,0.0,0.0,0.0,0.0,9.0,7.0,1.0,0.0,0.0,0.0,0.0,0.0,0.0,0.0,5.0,12.0,1.0,12.18,5.01,2.51,1.49,0.0,0.0,0.0,0.4,0.0,-0.2,-0.4,0.6000000000000001,-64.0,0.0,0.0,64.2,0.0,22.8,26.200000000000003,26.200000000000003,26.5,300.0,300.0,29.0,33.0,26.200000000000003,25.4,27.3,4.95,2.0,4.97,0.16,0.0,0.0,1027.0,8228.0,0.0,0.0,0.0,0.0,0.0,1.0,0.0,0.0,0.0,0.0,0.0,0.6000000000000001,0.0,0.0,0.0,0.0001,16.0,25903.0
2026-07-21T18:12:09.254Z,1.538,967.74,0.0,0.0,0.0,0.0,2048.0,0.0,0.0,0.0,0.0,1.0,0.0,0.0,0.0,0.0,9.0,7.0,1.0,0.0,0.0,0.0,0.0,0.0,0.0,0.0,1.0,12.0,1.0,12.18,5.01,2.51,1.49,0.0,0.0,0.0,0.4,0.0,0.3,0.1,0.5,-64.0,0.0,0.0,64.2,0.0,22.8,26.200000000000003,26.200000000000003,26.5,300.0,300.0,29.0,33.0,26.200000000000003,25.4,27.3,4.95,2.0,4.97,0.16,0.0,0.0,1027.0,8228.0,0.0,0.0,0.0,0.0,0.0,1.0,0.0,0.0,0.0,0.0,0.0,0.2,0.0,0.5,0.0,0.0,16.0,25903.0
2026-07-21T18:12:09.266Z,1.55,967.752,0.0,0.0,0.0,0.0,2048.0,0.0,0.0,0.0,0.0,1.0,0.0,0.0,0.0,0.0,9.0,7.0,1.0,0.0,0.0,0.0,0.0,0.0,0.0,0.0,2.0,12.0,1.0,12.18,5.01,2.51,1.49,0.0,0.0,0.0,0.4,0.0,-0.2,1.2000000000000002,1.0,-64.0,0.0,0.0,64.2,0.0,22.8,26.200000000000003,26.200000000000003,26.5,300.0,300.0,29.0,33.0,26.200000000000003,25.4,27.3,4.96,2.01,4.97,0.16,0.0,0.0,1027.0,8228.0,0.0,0.0,0.0,0.0,0.0,1.0,0.0,0.0,0.0,0.0,0.0,0.0,0.0,2.3000000000000003,0.0,0.0,16.0,25903.0
2026-07-21T18:12:09.278Z,1.562,967.764,0.0,0.0,0.0,0.0,2048.0,0.0,0.0,0.0,0.0,1.0,0.0,0.0,0.0,0.0,9.0,7.0,1.0,0.0,0.0,0.0,0.0,0.0,0.0,0.0,3.0,12.0,1.0,12.18,5.01,2.51,1.49,0.0,0.0,0.0,0.4,0.0,0.8,0.0,1.0,-64.0,0.0,0.0,64.2,0.0,22.8,26.200000000000003,26.200000000000003,26.5,300.0,300.0,29.0,33.0,26.200000000000003,25.4,27.3,4.95,2.01,4.96,0.16,0.0,0.0,1027.0,8228.0,0.0,0.0,0.0,0.0,0.0,1.0,0.0,0.0,0.0,0.0,0.0,0.6000000000000001,0.0,1.0,0.0,0.0,16.0,25903.0
2026-07-21T18:12:09.291Z,1.575,967.776,0.0,0.0,0.0,0.0,2048.0,0.0,0.0,0.0,0.0,1.0,0.0,0.0,0.0,0.0,9.0,7.0,1.0,0.0,0.0,0.0,0.0,0.0,0.0,0.0,4.0,12.0,1.0,12.18,5.01,2.51,1.49,0.0,0.0,0.0,0.4,0.0,0.2,0.0,-0.7000000000000001,-64.0,0.0,0.0,64.2,0.0,22.8,26.200000000000003,26.200000000000003,26.5,300.0,300.0,29.0,33.0,26.200000000000003,25.4,27.3,4.95,2.0,4.97,0.16,0.0,0.0,1027.0,8228.0,0.0,0.0,0.0,0.0,0.0,1.0,0.0,0.0,0.0,0.0,0.0,-0.4,0.0,-0.6000000000000001,0.0,0.0,16.0,25903.0
2026-07-21T18:12:09.302Z,1.586,967.788,0.0,0.0,0.0,0.0,2048.0,0.0,0.0,0.0,0.0,1.0,0.0,0.0,0.0,0.0,9.0,7.0,1.0,0.0,0.0,0.0,0.0,0.0,0.0,0.0,6.0,12.0,1.0,12.18,5.01,2.51,1.49,0.0,0.0,0.0,0.4,0.0,0.2,-0.5,-0.1,-64.0,0.0,0.0,64.0,0.0,22.8,26.200000000000003,26.200000000000003,26.5,300.0,300.0,29.0,33.0,26.200000000000003,25.4,27.3,4.95,2.0,4.96,0.16,0.0,0.0,1027.0,8228.0,0.0,0.0,0.0,0.0,0.0,1.0,0.0,0.0,0.0,0.0,0.0,0.1,0.0,-0.7000000000000001,0.0,0.0,16.0,25903.0
2026-07-21T18:12:09.314Z,1.598,967.8,0.0,0.0,0.0,0.0,2048.0,0.0,0.0,0.0,0.0,1.0,0.0,0.0,0.0,0.0,9.0,7.0,1.0,0.0,0.0,0.0,0.0,0.0,0.0,0.0,1.0,12.0,1.0,12.18,5.01,2.51,1.49,0.0,0.1,0.0,0.4,0.0,-0.3,0.0,0.4,-64.0,0.0,0.0,64.0,0.0,22.8,26.200000000000003,26.200000000000003,26.5,300.0,300.0,29.0,33.0,26.200000000000003,25.4,27.3,4.96,2.0,4.96,0.16,0.0,0.0,1027.0,8228.0,0.0,0.0,0.0,0.0,0.0,1.0,0.0,0.0,0.0,0.0,0.0,0.2,0.0,0.5,0.0,0.0003,16.0,25903.0
2026-07-21T18:12:09.327Z,1.611,967.812,0.0,0.0,0.0,0.0,2048.0,0.0,0.0,0.0,0.0,1.0,0.0,0.0,0.0,0.0,9.0,7.0,1.0,0.0,0.0,0.0,0.0,0.0,0.0,0.0,2.0,12.0,1.0,12.18,5.01,2.5,1.5,0.0,0.1,0.0,0.4,0.0,-0.8,0.6000000000000001,0.0,-64.0,0.0,0.0,64.0,0.0,22.700000000000003,26.200000000000003,26.200000000000003,26.5,300.0,300.0,29.0,33.0,26.200000000000003,25.4,27.200000000000003,4.95,2.0,4.97,0.16,0.0,0.0,1027.0,8228.0,0.0,0.0,0.0,0.0,0.0,1.0,0.0,0.0,0.0,0.0,0.0,-0.3,0.0,0.6000000000000001,0.0,0.0,16.0,25903.0
2026-07-21T18:12:09.339Z,1.623,967.824,0.0,0.0,0.0,0.0,2048.0,0.0,0.0,0.0,0.0,1.0,0.0,0.0,0.0,0.0,9.0,7.0,1.0,0.0,0.0,0.0,0.0,0.0,0.0,0.0,3.0,12.0,1.0,12.18,5.01,2.5,1.5,0.0,0.0,0.0,0.4,0.0,0.2,-1.0,0.5,-64.0,0.0,0.0,64.0,0.0,22.700000000000003,26.200000000000003,26.200000000000003,26.5,300.0,300.0,29.0,33.0,26.200000000000003,25.4,27.200000000000003,4.96,2.0,4.96,0.16,0.0,0.0,1027.0,8228.0,0.0,0.0,0.0,0.0,0.0,1.0,0.0,0.0,0.0,0.0,0.0,0.9,0.0,-0.5,0.0,0.0,16.0,25903.0
2026-07-21T18:12:09.350Z,1.634,967.836,0.0,0.0,0.0,0.0,2048.0,0.0,0.0,0.0,0.0,1.0,0.0,0.0,0.0,0.0,9.0,7.0,1.0,0.0,0.0,0.0,0.0,0.0,0.0,0.0,4.0,12.0,1.0,12.18,5.01,2.5,1.5,0.0,0.0,0.0,0.4,0.0,0.2,0.0,0.5,-64.0,0.0,0.0,64.2,0.0,22.700000000000003,26.200000000000003,26.200000000000003,26.5,300.0,300.0,29.0,33.0,26.200000000000003,25.4,27.200000000000003,4.96,2.0,4.96,0.16,0.0,0.0,1027.0,8228.0,0.0,0.0,0.0,0.0,0.0,1.0,0.0,0.0,0.0,0.0,0.0,-0.7000000000000001,0.0,0.1,0.0,0.0,16.0,25903.0
2026-07-21T18:12:09.362Z,1.646,967.848,0.0,0.0,0.0,0.0,2048.0,0.0,0.0,0.0,0.0,1.0,0.0,0.0,0.0,0.0,9.0,7.0,1.0,0.0,0.0,0.0,0.0,0.0,0.0,0.0,5.0,12.0,1.0,12.18,5.01,2.5,1.5,0.0,0.0,0.0,0.4,0.0,-0.8,0.0,0.0,-64.0,0.0,0.0,64.2,0.0,22.700000000000003,26.200000000000003,26.200000000000003,26.5,300.0,300.0,29.0,33.0,26.200000000000003,25.4,27.200000000000003,4.95,2.0,4.96,0.16,0.0,0.0,1027.0,8228.0,0.0,0.0,0.0,0.0,0.0,1.0,0.0,0.0,0.0,0.0,0.0,-1.0,0.0,-0.3,0.0,0.0003,16.0,25903.0
2026-07-21T18:12:09.374Z,1.658,967.86,0.0,0.0,0.0,0.0,2048.0,0.0,0.0,0.0,0.0,1.0,0.0,0.0,0.0,0.0,9.0,7.0,1.0,0.0,0.0,0.0,0.0,0.0,0.0,0.0,6.0,12.0,1.0,12.18,5.01,2.5,1.5,0.0,0.0,0.0,0.5,0.0,-0.2,0.6000000000000001,0.0,-64.0,0.0,0.0,64.2,0.0,22.700000000000003,26.200000000000003,26.200000000000003,26.5,300.0,300.0,29.0,33.0,26.200000000000003,25.4,27.200000000000003,4.95,2.0,4.97,0.16,0.0,0.0,1027.0,8228.0,0.0,0.0,0.0,0.0,0.0,1.0,0.0,0.0,0.0,0.0,0.0,-0.4,0.0,-0.4,0.0,0.0001,16.0,25903.0
2026-07-21T18:12:09.387Z,1.671,967.872,0.0,0.0,0.0,0.0,2048.0,0.0,0.0,0.0,0.0,1.0,0.0,0.0,0.0,0.0,9.0,7.0,1.0,0.0,0.0,0.0,0.0,0.0,0.0,0.0,1.0,12.0,1.0,12.18,5.01,2.5,1.5,0.0,0.0,0.0,0.4,0.0,0.2,0.0,0.5,-64.0,0.0,0.0,64.0,0.0,22.700000000000003,26.200000000000003,26.200000000000003,26.5,300.0,300.0,29.0,33.0,26.200000000000003,25.4,27.200000000000003,4.95,2.01,4.96,0.16,0.0,0.0,1027.0,8228.0,0.0,0.0,0.0,0.0,0.0,1.0,0.0,0.0,0.0,0.0,0.0,0.3,0.0,0.6000000000000001,0.0,0.0,16.0,25903.0
2026-07-21T18:12:09.399Z,1.683,967.884,0.0,0.0,0.0,0.0,2048.0,0.0,0.0,0.0,0.0,1.0,0.0,0.0,0.0,0.0,9.0,7.0,1.0,0.0,0.0,0.0,0.0,0.0,0.0,0.0,1.0,12.0,1.0,12.18,5.01,2.5,1.5,0.0,0.0,0.0,0.4,0.0,-0.3,1.3,0.6000000000000001,-64.0,0.0,0.0,64.0,0.0,22.700000000000003,26.200000000000003,26.200000000000003,26.5,300.0,300.0,29.0,33.0,26.200000000000003,25.4,27.200000000000003,4.95,2.0,4.97,0.16,0.0,0.0,1027.0,8228.0,0.0,0.0,0.0,0.0,0.0,1.0,0.0,0.0,0.0,0.0,0.0,-0.2,0.0,1.9,0.0,0.0003,16.0,25903.0
2026-07-21T18:12:09.411Z,1.695,967.896,0.0,0.0,0.0,0.0,2048.0,0.0,0.0,0.0,0.0,1.0,0.0,0.0,0.0,0.0,9.0,7.0,1.0,0.0,0.0,0.0,0.0,0.0,0.0,0.0,3.0,12.0,1.0,12.18,5.01,2.5,1.5,0.0,0.0,0.0,0.4,0.0,-0.2,0.7000000000000001,0.5,-64.0,0.0,0.0,64.0,0.0,22.700000000000003,26.200000000000003,26.200000000000003,26.5,300.0,300.0,29.0,33.0,26.200000000000003,25.4,27.200000000000003,4.95,2.0,4.97,0.16,0.0,0.0,1027.0,8228.0,0.0,0.0,0.0,0.0,0.0,1.0,0.0,0.0,0.0,0.0,0.0,0.0,0.0,1.2000000000000002,0.0,0.0,16.0,25903.0
2026-07-21T18:12:09.422Z,1.706,967.908,0.0,0.0,0.0,0.0,2048.0,0.0,0.0,0.0,0.0,1.0,0.0,0.0,0.0,0.0,9.0,7.0,1.0,0.0,0.0,0.0,0.0,0.0,0.0,0.0,3.0,12.0,1.0,12.18,5.01,2.5,1.5,0.0,0.0,0.0,0.4,0.0,-0.2,0.6000000000000001,-1.1,-64.0,0.0,0.0,64.0,0.0,22.700000000000003,26.200000000000003,26.200000000000003,26.5,300.0,300.0,29.0,33.0,26.200000000000003,25.4,27.200000000000003,4.95,2.0,4.96,0.16,0.0,0.0,1027.0,8228.0,0.0,0.0,0.0,0.0,0.0,1.0,0.0,0.0,0.0,0.0,0.0,-1.0,0.0,-0.3,0.0,0.0,16.0,25903.0
2026-07-21T18:12:09.434Z,1.718,967.92,0.1,0.0,0.0,0.0,2048.0,0.0,0.0,0.0,0.0,1.0,0.0,0.0,0.0,0.0,9.0,7.0,1.0,0.0,0.0,0.0,0.0,0.0,0.0,0.0,5.0,12.0,1.0,12.15,5.01,2.51,1.49,0.0,0.0,0.0,0.4,0.0,-0.8,-0.4,-0.5,-64.0,0.0,0.0,64.0,0.0,22.8,26.200000000000003,26.200000000000003,26.5,300.0,300.0,29.0,33.0,26.200000000000003,25.4,27.3,4.95,2.01,4.96,0.16,0.0,0.0,1027.0,8228.0,0.0,0.0,0.0,0.0,0.0,1.0,0.0,0.0,0.0,0.0,0.0,-0.1,0.0,-1.0,0.0,0.0,16.0,25903.0
2026-07-21T18:12:09.447Z,1.731,967.932,0.1,0.0,0.0,0.0,2048.0,0.0,0.0,0.0,0.0,1.0,0.0,0.0,0.0,0.0,9.0,7.0,1.0,0.0,0.0,0.0,0.0,0.0,0.0,0.0,5.0,12.0,1.0,12.15,5.01,2.51,1.49,0.0,0.0,0.0,0.4,0.0,0.9,1.2000000000000002,0.6000000000000001,-64.0,0.0,0.0,64.0,0.0,22.8,26.200000000000003,26.200000000000003,26.5,300.0,300.0,29.0,33.0,26.200000000000003,25.4,27.3,4.95,2.0,4.97,0.16,0.0,0.0,1027.0,8228.0,0.0,0.0,0.0,0.0,0.0,1.0,0.0,0.0,0.0,0.0,0.0,-0.2,0.0,1.9,0.0,0.0,16.0,25903.0
2026-07-21T18:12:09.458Z,1.742,967.944,0.0,0.0,0.0,0.0,2048.0,0.0,0.0,0.0,0.0,1.0,0.0,0.0,0.0,0.0,9.0,7.0,1.0,0.0,0.0,0.0,0.0,0.0,0.0,0.0,1.0,12.0,1.0,12.15,5.01,2.51,1.49,0.0,0.0,0.0,0.4,0.0,-0.2,1.2000000000000002,-0.5,-64.0,0.0,0.0,64.2,0.0,22.8,26.200000000000003,26.200000000000003,26.5,300.0,300.0,29.0,33.0,26.200000000000003,25.4,27.3,4.95,2.0,4.97,0.16,0.0,0.0,1027.0,8228.0,0.0,0.0,0.0,0.0,0.0,1.0,0.0,0.0,0.0,0.0,0.0,-0.9,0.0,0.8,0.0,0.0,16.0,25903.0
2026-07-21T18:12:09.471Z,1.755,967.956,0.0,0.0,0.0,0.0,2048.0,0.0,0.0,0.0,0.0,1.0,0.0,0.0,0.0,0.0,9.0,7.0,1.0,0.0,0.0,0.0,0.0,0.0,0.0,0.0,2.0,12.0,1.0,12.15,5.01,2.51,1.49,0.0,0.0,0.0,0.4,0.0,0.3,-1.0,0.0,-64.0,0.0,0.0,64.2,0.0,22.8,26.200000000000003,26.200000000000003,26.5,300.0,300.0,29.0,33.0,26.200000000000003,25.4,27.3,4.96,2.0,4.96,0.16,0.0,0.0,1027.0,8228.0,0.0,0.0,0.0,0.0,0.0,1.0,0.0,0.0,0.0,0.0,0.0,0.5,0.0,-0.9,0.0,0.0003,16.0,25903.0
2026-07-21T18:12:09.483Z,1.767,967.968,0.1,0.0,0.0,0.0,2048.0,0.0,0.0,0.0,0.0,1.0,0.0,0.0,0.0,0.0,9.0,7.0,1.0,0.0,0.0,0.0,0.0,0.0,0.0,0.0,2.0,12.0,1.0,12.15,5.01,2.51,1.49,0.0,0.0,0.0,0.4,0.0,1.5,1.3,-0.4,-64.0,0.0,0.0,64.0,0.0,22.8,26.200000000000003,26.200000000000003,26.5,300.0,300.0,29.0,33.0,26.200000000000003,25.4,27.3,4.95,2.0,4.96,0.16,0.0,0.0,1027.0,8228.0,0.0,0.0,0.0,0.0,0.0,1.0,0.0,0.0,0.0,0.0,0.0,-0.9,0.0,0.9,0.0,0.0001,16.0,25903.0
2026-07-21T18:12:09.494Z,1.778,967.98,0.1,0.0,0.0,0.0,2048.0,0.0,0.0,0.0,0.0,1.0,0.0,0.0,0.0,0.0,9.0,7.0,1.0,0.0,0.0,0.0,0.0,0.0,0.0,0.0,3.0,12.0,1.0,12.15,5.01,2.51,1.49,0.0,0.0,0.0,0.5,0.0,-0.2,1.3,-0.4,-64.0,0.0,0.0,64.0,0.0,22.8,26.200000000000003,26.200000000000003,26.5,300.0,300.0,29.0,33.0,26.200000000000003,25.4,27.3,4.95,2.0,4.96,0.16,0.0,0.0,1027.0,8228.0,0.0,0.0,0.0,0.0,0.0,1.0,0.0,0.0,0.0,0.0,0.0,-0.9,0.0,0.9,0.0,0.0003,16.0,25903.0
2026-07-21T18:12:09.506Z,1.79,967.992,0.1,0.0,0.0,0.0,2048.0,0.0,0.0,0.0,0.0,1.0,0.0,0.0,0.0,0.0,9.0,7.0,1.0,0.0,0.0,0.0,0.0,0.0,0.0,0.0,4.0,12.0,1.0,12.15,5.01,2.51,1.49,0.0,0.0,0.0,0.4,0.0,-0.2,1.9,0.0,-64.0,0.0,0.0,64.0,0.0,22.8,26.200000000000003,26.200000000000003,26.5,300.0,300.0,29.0,33.0,26.200000000000003,25.4,27.3,4.95,2.0,4.96,0.16,0.0,0.0,1027.0,8228.0,0.0,0.0,0.0,0.0,0.0,1.0,0.0,0.0,0.0,0.0,0.0,-0.9,0.0,2.0,0.0,0.0001,16.0,25903.0
2026-07-21T18:12:09.519Z,1.803,968.004,0.1,0.0,0.0,0.0,2048.0,0.0,0.0,0.0,0.0,1.0,0.0,0.0,0.0,0.0,9.0,7.0,1.0,0.0,0.0,0.0,0.0,0.0,0.0,0.0,5.0,12.0,1.0,12.15,5.01,2.51,1.49,0.0,0.0,0.0,0.4,0.0,0.3,-1.0,-1.0,-64.0,0.0,0.0,64.0,0.0,22.8,26.200000000000003,26.200000000000003,26.5,300.0,300.0,29.0,33.0,26.200000000000003,25.4,27.3,4.95,2.0,4.96,0.16,0.0,0.0,1027.0,8228.0,0.0,0.0,0.0,0.0,0.0,1.0,0.0,0.0,0.0,0.0,0.0,-0.1,0.0,-2.0,0.0,0.0,16.0,25903.0
2026-07-21T18:12:09.531Z,1.815,968.016,0.1,0.0,0.0,0.0,2048.0,0.0,0.0,0.0,0.0,1.0,0.0,0.0,0.0,0.0,9.0,7.0,1.0,0.0,0.0,0.0,0.0,0.0,0.0,0.0,1.0,12.0,1.0,12.17,5.0200000000000005,2.51,1.49,0.0,0.1,0.0,0.4,0.0,-0.2,-0.9,0.0,-64.0,0.0,0.0,64.0,0.0,22.6,26.200000000000003,26.200000000000003,26.6,300.0,300.0,29.0,33.0,26.200000000000003,25.4,27.3,4.95,2.0,4.96,0.16,0.0,0.0,1027.0,8228.0,0.0,0.0,0.0,0.0,0.0,1.0,0.0,0.0,0.0,0.0,0.0,0.5,0.0,-0.9,0.0,0.0,16.0,25903.0
2026-07-21T18:12:09.542Z,1.826,968.028,0.1,0.0,0.0,0.0,2048.0,0.0,0.0,0.0,0.0,1.0,0.0,0.0,0.0,0.0,9.0,7.0,1.0,0.0,0.0,0.0,0.0,0.0,0.0,0.0,2.0,12.0,1.0,12.17,5.0200000000000005,2.51,1.49,0.0,0.0,0.0,0.4,0.0,-0.8,0.1,-1.2000000000000002,-64.0,0.0,0.0,64.2,0.0,22.6,26.200000000000003,26.200000000000003,26.6,300.0,300.0,29.0,33.0,26.200000000000003,25.4,27.3,4.95,2.01,4.96,0.16,0.0,0.0,1027.0,8228.0,0.0,0.0,0.0,0.0,0.0,1.0,0.0,0.0,0.0,0.0,0.0,-0.8,0.0,-0.9,0.0,0.0,16.0,25903.0
2026-07-21T18:12:09.554Z,1.838,968.04,0.1,0.0,0.0,0.0,2048.0,0.0,0.0,0.0,0.0,1.0,0.0,0.0,0.0,0.0,9.0,7.0,1.0,0.0,0.0,0.0,0.0,0.0,0.0,0.0,3.0,12.0,1.0,12.17,5.0200000000000005,2.51,1.49,0.0,0.0,0.0,0.4,0.0,0.3,-0.3,-1.7000000000000002,-64.0,0.0,0.0,64.2,0.0,22.6,26.200000000000003,26.200000000000003,26.6,300.0,300.0,29.0,33.0,26.200000000000003,25.4,27.3,4.96,2.0,4.96,0.16,0.0,0.0,1027.0,8228.0,0.0,0.0,0.0,0.0,0.0,1.0,0.0,0.0,0.0,0.0,0.0,-0.9,0.0,-2.0,0.0,0.0002,16.0,25903.0
2026-07-21T18:12:09.567Z,1.851,968.052,0.1,0.0,0.0,0.0,2048.0,0.0,0.0,0.0,0.0,1.0,0.0,0.0,0.0,0.0,9.0,7.0,1.0,0.0,0.0,0.0,0.0,0.0,0.0,0.0,4.0,12.0,1.0,12.17,5.0200000000000005,2.51,1.49,0.0,0.0,0.0,0.4,0.0,0.3,0.1,0.0,-64.0,0.0,0.0,64.10000000000001,0.0,22.6,26.200000000000003,26.200000000000003,26.6,300.0,300.0,29.0,33.0,26.200000000000003,25.4,27.3,4.95,2.0,4.96,0.16,0.0,0.0,1027.0,8228.0,0.0,0.0,0.0,0.0,0.0,1.0,0.0,0.0,0.0,0.0,0.0,0.0,0.0,0.1,0.0,0.0002,16.0,25903.0
2026-07-21T18:12:09.579Z,1.863,968.064,0.1,0.0,0.0,0.0,2048.0,0.0,0.0,0.0,0.0,1.0,0.0,0.0,0.0,0.0,9.0,7.0,1.0,0.0,0.0,0.0,0.0,0.0,0.0,0.0,5.0,12.0,1.0,12.17,5.0200000000000005,2.51,1.49,0.0,0.0,0.0,0.4,0.0,0.3,-0.9,0.0,-64.0,0.0,0.0,64.0,0.0,22.6,26.200000000000003,26.200000000000003,26.6,300.0,300.0,29.0,33.0,26.200000000000003,25.4,27.3,4.95,2.0,4.96,0.16,0.0,0.0,1027.0,8228.0,0.0,0.0,0.0,0.0,0.0,1.0,0.0,0.0,0.0,0.0,0.0,0.4,0.0,-1.0,0.0,0.0001,16.0,25903.0
2026-07-21T18:12:09.590Z,1.874,968.076,0.1,0.0,0.0,0.0,2048.0,0.0,0.0,0.0,0.0,1.0,0.0,0.0,0.0,0.0,9.0,7.0,1.0,0.0,0.0,0.0,0.0,0.0,0.0,0.0,6.0,12.0,1.0,12.17,5.0200000000000005,2.51,1.49,0.0,0.0,0.0,0.4,0.0,-0.2,0.2,-0.6000000000000001,-64.0,0.0,0.0,64.0,0.0,22.6,26.200000000000003,26.200000000000003,26.6,300.0,300.0,29.0,33.0,26.200000000000003,25.4,27.3,4.95,2.01,4.96,0.16,0.0,0.0,1027.0,8228.0,0.0,0.0,0.0,0.0,0.0,1.0,0.0,0.0,0.0,0.0,0.0,-0.5,0.0,-0.3,0.0,0.0002,16.0,25903.0
2026-07-21T18:12:09.602Z,1.886,968.088,0.1,0.0,0.0,0.0,2048.0,0.0,0.0,0.0,0.0,1.0,0.0,0.0,0.0,0.0,9.0,7.0,1.0,0.0,0.0,0.0,0.0,0.0,0.0,0.0,1.0,12.0,1.0,12.17,5.0200000000000005,2.51,1.49,0.0,0.0,0.0,0.4,0.0,-0.2,-0.3,-1.2000000000000002,-64.0,0.0,0.0,64.0,0.0,22.6,26.200000000000003,26.200000000000003,26.6,300.0,300.0,29.0,33.0,26.200000000000003,25.4,27.3,4.95,2.0,4.96,0.16,0.0,0.0,1027.0,8228.0,0.0,0.0,0.0,0.0,0.0,1.0,0.0,0.0,0.0,0.0,0.0,-0.5,0.0,-1.5,0.0,0.0,16.0,25903.0
2026-07-21T18:12:09.614Z,1.898,968.1,0.1,0.0,0.0,0.0,2048.0,0.0,0.0,0.0,0.0,1.0,0.0,0.0,0.0,0.0,9.0,7.0,1.0,0.0,0.0,0.0,0.0,0.0,0.0,0.0,2.0,12.0,1.0,12.17,5.0200000000000005,2.51,1.49,0.0,0.0,0.0,0.4,0.0,-0.7000000000000001,0.7000000000000001,0.5,-64.0,0.0,0.0,64.10000000000001,0.0,22.6,26.200000000000003,26.200000000000003,26.6,300.0,300.0,29.0,33.0,26.200000000000003,25.4,27.3,4.96,2.0,4.97,0.16,0.0,0.0,1027.0,8228.0,0.0,0.0,0.0,0.0,0.0,1.0,0.0,0.0,0.0,0.0,0.0,0.0,0.0,1.3,0.0,0.0,16.0,25903.0
2026-07-21T18:12:09.626Z,1.91,968.112,0.1,0.0,0.0,0.0,2048.0,0.0,0.0,0.0,0.0,1.0,0.0,0.0,0.0,0.0,9.0,7.0,1.0,0.0,0.0,0.0,0.0,0.0,0.0,0.0,3.0,12.0,1.0,12.17,5.0200000000000005,2.51,1.49,0.0,0.0,0.0,0.4,0.0,0.3,0.7000000000000001,1.7000000000000002,-64.0,0.0,0.0,64.0,0.0,22.6,26.200000000000003,26.200000000000003,26.6,300.0,300.0,29.0,33.0,26.200000000000003,25.4,27.3,4.95,2.01,4.96,0.16,0.0,0.0,1027.0,8228.0,0.0,0.0,0.0,0.0,0.0,1.0,0.0,0.0,0.0,0.0,0.0,0.7000000000000001,0.0,2.4000000000000004,0.0,0.0002,16.0,25903.0
2026-07-21T18:12:09.638Z,1.922,968.124,0.1,0.0,0.0,0.0,2048.0,0.0,0.0,0.0,0.0,1.0,0.0,0.0,0.0,0.0,9.0,7.0,1.0,0.0,0.0,0.0,0.0,0.0,0.0,0.0,4.0,12.0,1.0,12.18,5.01,2.5,1.49,0.0,0.0,0.0,0.4,0.0,1.5,0.7000000000000001,-0.5,-64.0,0.0,0.0,64.0,0.0,23.0,26.200000000000003,26.200000000000003,26.5,300.0,300.0,29.0,33.0,26.200000000000003,25.4,27.200000000000003,4.95,2.0,4.97,0.16,0.0,0.0,1027.0,8228.0,0.0,0.0,0.0,0.0,0.0,1.0,0.0,0.0,0.0,0.0,0.0,-0.7000000000000001,0.0,0.2,0.0,0.0001,16.0,25903.0
2026-07-21T18:12:09.650Z,1.934,968.136,0.1,0.0,0.0,0.0,2048.0,0.0,0.0,0.0,0.0,1.0,0.0,0.0,0.0,0.0,9.0,7.0,1.0,0.0,0.0,0.0,0.0,0.0,0.0,0.0,6.0,12.0,1.0,12.18,5.01,2.5,1.49,0.0,0.0,0.0,0.4,0.0,0.3,0.1,0.0,-64.0,0.0,0.0,64.0,0.0,23.0,26.200000000000003,26.200000000000003,26.5,300.0,300.0,29.0,33.0,26.200000000000003,25.4,27.200000000000003,4.95,2.0,4.97,0.16,0.0,0.0,1027.0,8228.0,0.0,0.0,0.0,0.0,0.0,1.0,0.0,0.0,0.0,0.0,0.0,0.0,0.0,0.1,0.0,0.0,16.0,25903.0
2026-07-21T18:12:09.662Z,1.946,968.148,0.0,0.0,0.0,0.0,2048.0,0.0,0.0,0.0,0.0,1.0,0.0,0.0,0.0,0.0,9.0,7.0,1.0,0.0,0.0,0.0,0.0,0.0,0.0,0.0,1.0,12.0,1.0,12.18,5.01,2.5,1.49,0.0,0.0,0.0,0.5,0.0,0.3,-0.4,0.0,-64.0,0.0,0.0,64.0,0.0,23.0,26.200000000000003,26.200000000000003,26.5,300.0,300.0,29.0,33.0,26.200000000000003,25.4,27.200000000000003,4.96,2.0,4.97,0.16,0.0,0.0,1027.0,8228.0,0.0,0.0,0.0,0.0,0.0,1.0,0.0,0.0,0.0,0.0,0.0,0.2,0.0,-0.4,0.0,0.0,16.0,25903.0
2026-07-21T18:12:09.674Z,1.958,968.16,0.1,0.0,0.0,0.0,2048.0,0.0,0.0,0.0,0.0,1.0,0.0,0.0,0.0,0.0,9.0,7.0,1.0,0.0,0.0,0.0,0.0,0.0,0.0,0.0,3.0,12.0,1.0,12.18,5.01,2.5,1.49,0.0,0.0,0.0,0.4,0.0,-0.2,-1.0,-0.5,-64.0,0.0,0.0,64.0,0.0,23.0,26.200000000000003,26.200000000000003,26.5,300.0,300.0,29.0,33.0,26.200000000000003,25.4,27.200000000000003,4.95,2.01,4.96,0.16,0.0,0.0,1027.0,8228.0,0.0,0.0,0.0,0.0,0.0,1.0,0.0,0.0,0.0,0.0,0.0,0.1,0.0,-1.6,0.0,0.0,16.0,25903.0
2026-07-21T18:12:09.686Z,1.97,968.172,0.0,0.0,0.0,0.0,2048.0,0.0,0.0,0.0,0.0,1.0,0.0,0.0,0.0,0.0,9.0,7.0,1.0,0.0,0.0,0.0,0.0,0.0,0.0,0.0,4.0,12.0,1.0,12.18,5.01,2.5,1.49,0.0,0.0,0.0,0.4,0.0,0.2,0.7000000000000001,0.0,-64.0,0.0,0.0,64.0,0.0,23.0,26.200000000000003,26.200000000000003,26.5,300.0,300.0,29.0,33.0,26.200000000000003,25.4,27.200000000000003,4.95,2.0,4.97,0.16,0.0,0.0,1027.0,8228.0,0.0,0.0,0.0,0.0,0.0,1.0,0.0,0.0,0.0,0.0,0.0,-0.3,0.0,0.7000000000000001,0.0,0.0,16.0,25903.0
2026-07-21T18:12:09.698Z,1.982,968.184,0.0,0.0,0.0,0.0,2048.0,0.0,0.0,0.0,0.0,1.0,0.0,0.0,0.0,0.0,9.0,7.0,1.0,0.0,0.0,0.0,0.0,0.0,0.0,0.0,5.0,12.0,1.0,12.18,5.01,2.5,1.49,0.0,0.1,0.0,0.4,0.0,-0.2,0.1,0.0,-64.0,0.0,0.0,64.0,0.0,23.0,26.200000000000003,26.200000000000003,26.5,300.0,300.0,29.0,33.0,26.200000000000003,25.4,27.200000000000003,4.95,2.0,4.97,0.16,0.0,0.0,1027.0,8228.0,0.0,0.0,0.0,0.0,0.0,1.0,0.0,0.0,0.0,0.0,0.0,0.0,0.0,0.1,0.0,0.0,16.0,25903.0
2026-07-21T18:12:09.711Z,1.995,968.196,0.0,0.0,0.0,0.0,2048.0,0.0,0.0,0.0,0.0,0.0,0.0,0.0,0.0,0.0,9.0,7.0,1.0,0.0,0.0,0.0,0.0,0.0,0.0,0.0,6.0,12.0,1.0,12.18,5.01,2.5,1.49,0.0,0.0,0.0,0.4,0.0,-0.8,-0.4,0.0,-64.0,0.0,0.0,64.0,0.0,23.0,26.200000000000003,26.200000000000003,26.5,300.0,300.0,29.0,33.0,26.200000000000003,25.4,27.200000000000003,4.96,2.0,4.96,0.16,0.0,0.0,1027.0,8228.0,0.0,0.0,0.0,0.0,0.0,1.0,0.0,0.0,0.0,0.0,0.0,0.2,0.0,-0.4,0.0,0.0,16.0,25903.0
2026-07-21T18:12:09.723Z,2.007,968.208,0.0,0.0,0.0,0.0,2048.0,0.0,0.0,0.0,0.0,0.0,0.0,0.0,0.0,0.0,9.0,7.0,1.0,0.0,0.0,0.0,0.0,0.0,0.0,0.0,6.0,12.0,1.0,12.18,5.01,2.5,1.49,0.0,0.0,0.0,0.4,0.0,0.8,-0.4,0.0,-64.0,0.0,0.0,64.0,0.0,23.0,26.200000000000003,26.200000000000003,26.5,300.0,300.0,29.0,33.0,26.200000000000003,25.4,27.200000000000003,4.95,2.0,4.96,0.16,0.0,0.0,1027.0,8228.0,0.0,0.0,0.0,0.0,0.0,1.0,0.0,0.0,0.0,0.0,0.0,0.1,0.0,-0.5,0.0,0.0,16.0,25903.0
2026-07-21T18:12:09.736Z,2.02,968.22,0.0,0.0,0.0,0.0,2048.0,0.0,0.0,0.0,0.0,0.0,0.0,0.0,0.0,0.0,9.0,7.0,1.0,0.0,0.0,0.0,0.0,0.0,0.0,0.0,1.0,12.0,1.0,12.17,5.01,2.51,1.49,0.0,0.0,0.0,0.4,0.0,-0.3,0.1,-0.6000000000000001,-64.0,0.0,0.0,64.0,0.0,22.700000000000003,26.200000000000003,26.200000000000003,26.5,300.0,300.0,28.9,33.0,26.200000000000003,25.4,27.3,4.95,2.0,4.96,0.16,0.0,0.0,1027.0,8228.0,0.0,0.0,0.0,0.0,0.0,1.0,0.0,0.0,0.0,0.0,0.0,-0.4,0.0,-0.4,0.0,0.0,16.0,25903.0
2026-07-21T18:12:09.747Z,2.031,968.232,0.0,0.0,0.0,0.0,2048.0,0.0,0.0,0.0,0.0,0.0,0.0,0.0,0.0,0.0,9.0,7.0,1.0,0.0,0.0,0.0,0.0,0.0,0.0,0.0,2.0,12.0,1.0,12.17,5.01,2.51,1.49,0.0,0.0,0.0,0.4,0.0,-0.3,0.0,0.5,-64.0,0.0,0.0,64.2,0.0,22.700000000000003,26.200000000000003,26.200000000000003,26.5,300.0,300.0,28.9,33.0,26.200000000000003,25.4,27.3,4.96,2.01,4.96,0.16,0.0,0.0,1027.0,8228.0,0.0,0.0,0.0,0.0,0.0,1.0,0.0,0.0,0.0,0.0,0.0,0.3,0.0,0.6000000000000001,0.0,0.0,16.0,25903.0
2026-07-21T18:12:09.758Z,2.042,968.244,0.0,0.0,0.0,0.0,2048.0,0.0,0.0,0.0,0.0,0.0,0.0,0.0,0.0,0.0,9.0,7.0,1.0,0.0,0.0,0.0,0.0,0.0,0.0,0.0,3.0,12.0,1.0,12.17,5.01,2.51,1.49,0.0,0.0,0.0,0.4,0.0,0.2,0.0,-1.2000000000000002,-64.0,0.0,0.0,64.2,0.0,22.700000000000003,26.200000000000003,26.200000000000003,26.5,300.0,300.0,28.9,33.0,26.200000000000003,25.4,27.3,4.95,2.01,4.96,0.16,0.0,0.0,1027.0,8228.0,0.0,0.0,0.0,0.0,0.0,1.0,0.0,0.0,0.0,0.0,0.0,-0.8,0.0,-1.0,0.0,0.0003,16.0,25903.0
2026-07-21T18:12:09.770Z,2.054,968.256,0.0,0.0,0.0,0.0,2048.0,0.0,0.0,0.0,0.0,0.0,0.0,0.0,0.0,0.0,9.0,7.0,1.0,0.0,0.0,0.0,0.0,0.0,0.0,0.0,4.0,12.0,1.0,12.17,5.01,2.51,1.49,0.0,0.0,0.0,0.4,0.0,0.2,0.0,1.1,-64.0,0.0,0.0,64.0,0.0,22.700000000000003,26.200000000000003,26.200000000000003,26.5,300.0,300.0,28.9,33.0,26.200000000000003,25.4,27.3,4.96,2.0,4.97,0.16,0.0,0.0,1027.0,8228.0,0.0,0.0,0.0,0.0,0.0,1.0,0.0,0.0,0.0,0.0,0.0,0.6000000000000001,0.0,1.1,0.0,0.0001,16.0,25903.0
2026-07-21T18:12:09.783Z,2.067,968.268,0.0,0.0,0.0,0.0,2048.0,0.0,0.0,0.0,0.0,0.0,0.0,0.0,0.0,0.0,9.0,7.0,1.0,0.0,0.0,0.0,0.0,0.0,0.0,0.0,5.0,12.0,1.0,12.17,5.01,2.51,1.49,0.0,0.0,0.0,0.4,0.0,0.2,-0.5,-0.6000000000000001,-64.0,0.0,0.0,64.0,0.0,22.700000000000003,26.200000000000003,26.200000000000003,26.5,300.0,300.0,28.9,33.0,26.200000000000003,25.4,27.3,4.96,2.0,4.96,0.16,0.0,0.0,1027.0,8228.0,0.0,0.0,0.0,0.0,0.0,1.0,0.0,0.0,0.0,0.0,0.0,-0.1,0.0,-1.2000000000000002,0.0,0.0003,16.0,25903.0
2026-07-21T18:12:09.795Z,2.079,968.28,0.0,0.0,0.0,0.0,2048.0,0.0,0.0,0.0,0.0,0.0,0.0,0.0,0.0,0.0,9.0,7.0,1.0,0.0,0.0,0.0,0.0,0.0,0.0,0.0,6.0,12.0,1.0,12.17,5.01,2.51,1.49,0.0,0.0,0.0,0.4,0.0,0.2,0.6000000000000001,0.5,-64.0,0.0,0.0,64.0,0.0,22.700000000000003,26.200000000000003,26.200000000000003,26.5,300.0,300.0,28.9,33.0,26.200000000000003,25.4,27.3,4.96,2.0,4.96,0.16,0.0,0.0,1027.0,8228.0,0.0,0.0,0.0,0.0,0.0,1.0,0.0,0.0,0.0,0.0,0.0,0.0,0.0,1.1,0.0,0.0001,16.0,25903.0
2026-07-21T18:12:09.807Z,2.091,968.292,0.0,0.0,0.0,0.0,2048.0,0.0,0.0,0.0,0.0,0.0,0.0,0.0,0.0,0.0,9.0,7.0,1.0,0.0,0.0,0.0,0.0,0.0,0.0,0.0,2.0,12.0,1.0,12.17,5.01,2.51,1.49,0.0,0.0,0.0,0.4,0.0,0.1,-0.5,0.5,-64.0,0.0,0.0,64.0,0.0,22.700000000000003,26.200000000000003,26.200000000000003,26.5,300.0,300.0,28.9,33.0,26.200000000000003,25.4,27.3,4.95,2.0,4.97,0.16,0.0,0.0,1027.0,8228.0,0.0,0.0,0.0,0.0,0.0,1.0,0.0,0.0,0.0,0.0,0.0,0.6000000000000001,0.0,0.0,0.0,0.0,16.0,25903.0
2026-07-21T18:12:09.818Z,2.102,968.304,0.0,0.0,0.0,0.0,2048.0,0.0,0.0,0.0,0.0,0.0,0.0,0.0,0.0,0.0,9.0,7.0,1.0,0.0,0.0,0.0,0.0,0.0,0.0,0.0,3.0,12.0,1.0,12.17,5.01,2.51,1.49,0.0,0.0,0.0,0.4,0.0,-0.4,-1.1,0.5,-64.0,0.0,0.0,64.10000000000001,0.0,22.700000000000003,26.200000000000003,26.200000000000003,26.5,300.0,300.0,28.9,33.0,26.200000000000003,25.4,27.3,4.96,2.0,4.96,0.16,0.0,0.0,1027.0,8228.0,0.0,0.0,0.0,0.0,0.0,1.0,0.0,0.0,0.0,0.0,0.0,0.9,0.0,-0.6000000000000001,0.0,0.0,16.0,25903.0
2026-07-21T18:12:09.830Z,2.114,968.316,0.0,0.0,0.0,0.0,2048.0,0.0,0.0,0.0,0.0,0.0,0.0,0.0,0.0,0.0,9.0,7.0,1.0,0.0,0.0,0.0,0.0,0.0,0.0,0.0,3.0,12.0,1.0,12.17,5.01,2.51,1.49,0.0,0.0,0.0,0.4,0.0,0.7000000000000001,0.0,1.1,-64.0,0.0,0.0,64.0,0.0,22.700000000000003,26.200000000000003,26.200000000000003,26.5,300.0,300.0,28.9,33.0,26.200000000000003,25.4,27.3,4.96,2.01,4.96,0.16,0.0,0.0,1027.0,8228.0,0.0,0.0,0.0,0.0,0.0,1.0,0.0,0.0,0.0,0.0,0.0,0.7000000000000001,0.0,1.1,0.0,0.0002,16.0,25903.0
2026-07-21T18:12:09.842Z,2.126,968.328,0.0,0.0,0.0,0.0,2048.0,0.0,0.0,0.0,0.0,0.0,0.0,0.0,0.0,0.0,9.0,7.0,1.0,0.0,0.0,0.0,0.0,0.0,0.0,0.0,5.0,12.0,1.0,12.17,5.01,2.5,1.49,0.0,0.0,0.0,0.4,0.0,1.3,1.2000000000000002,-0.6000000000000001,-64.0,0.0,0.0,64.2,0.0,22.8,26.200000000000003,26.200000000000003,26.5,300.0,300.0,29.0,33.0,26.200000000000003,25.4,27.3,4.95,2.0,4.96,0.16,0.0,0.0,1027.0,8228.0,0.0,0.0,0.0,0.0,0.0,1.0,0.0,0.0,0.0,0.0,0.0,-1.0,0.0,0.6000000000000001,0.0,0.0,16.0,25903.0
2026-07-21T18:12:09.854Z,2.138,968.34,0.0,0.0,0.0,0.0,2048.0,0.0,0.0,0.0,0.0,0.0,0.0,0.0,0.0,0.0,9.0,7.0,1.0,0.0,0.0,0.0,0.0,0.0,0.0,0.0,6.0,12.0,1.0,12.17,5.01,2.5,1.49,0.0,0.0,0.0,0.4,0.0,0.1,-1.1,0.0,-64.0,0.0,0.0,64.2,0.0,22.8,26.200000000000003,26.200000000000003,26.5,300.0,300.0,29.0,33.0,26.200000000000003,25.4,27.3,4.95,2.0,4.97,0.16,0.0,0.0,1027.0,8228.0,0.0,0.0,0.0,0.0,0.0,1.0,0.0,0.0,0.0,0.0,0.0,0.5,0.0,-1.2000000000000002,0.0,0.0002,16.0,25903.0
2026-07-21T18:12:09.866Z,2.15,968.352,0.0,0.0,0.0,0.0,2048.0,0.0,0.0,0.0,0.0,0.0,0.0,0.0,0.0,0.0,9.0,7.0,1.0,0.0,0.0,0.0,0.0,0.0,0.0,0.0,1.0,12.0,1.0,12.17,5.01,2.5,1.49,0.0,0.0,0.0,0.4,0.0,-0.4,0.0,-0.1,-64.0,0.0,0.0,64.0,0.0,22.8,26.200000000000003,26.200000000000003,26.5,300.0,300.0,29.0,33.0,26.200000000000003,25.4,27.3,4.96,2.01,4.96,0.16,0.0,0.0,1027.0,8228.0,0.0,0.0,0.0,0.0,0.0,1.0,0.0,0.0,0.0,0.0,0.0,0.0,0.0,-2.9000000000000004,0.0,0.0001,16.0,25903.0
2026-07-21T18:12:09.878Z,2.162,968.364,0.0,0.0,0.0,0.0,2048.0,0.0,0.0,0.0,0.0,0.0,0.0,0.0,0.0,0.0,9.0,7.0,1.0,0.0,0.0,0.0,0.0,0.0,0.0,0.0,2.0,12.0,1.0,12.17,5.01,2.5,1.49,0.0,0.0,0.0,0.4,0.0,-0.4,0.6000000000000001,-0.6000000000000001,-64.0,0.0,0.0,64.0,0.0,22.8,26.200000000000003,26.200000000000003,26.5,300.0,300.0,29.0,33.0,26.200000000000003,25.4,27.3,4.96,2.0,4.97,0.16,0.0,0.0,1027.0,8228.0,0.0,0.0,0.0,0.0,0.0,1.0,0.0,0.0,0.0,0.0,0.0,1.4,0.0,2.2,0.0,0.0002,16.0,25903.0
2026-07-21T18:12:09.890Z,2.174,968.376,0.0,0.0,0.0,0.0,2048.0,0.0,0.0,0.0,0.0,0.0,0.0,0.0,0.0,0.0,9.0,7.0,1.0,0.0,0.0,0.0,0.0,0.0,0.0,0.0,3.0,12.0,1.0,12.17,5.01,2.5,1.49,0.0,0.0,0.0,0.4,0.0,0.1,0.6000000000000001,1.6,-64.0,0.0,0.0,64.0,0.0,22.8,26.200000000000003,26.200000000000003,26.5,300.0,300.0,29.0,33.0,26.200000000000003,25.4,27.3,4.95,2.0,4.97,0.16,0.0,0.0,1027.0,8228.0,0.0,0.0,0.0,0.0,0.0,1.0,0.0,0.0,0.0,0.0,0.0,0.7000000000000001,0.0,2.3000000000000003,0.0,0.0002,16.0,25903.0
2026-07-21T18:12:09.902Z,2.186,968.388,0.0,0.0,0.0,0.0,2048.0,0.0,0.0,0.0,0.0,0.0,0.0,0.0,0.0,0.0,9.0,7.0,1.0,0.0,0.0,0.0,0.0,0.0,0.0,0.0,4.0,12.0,1.0,12.17,5.01,2.5,1.49,0.0,0.0,0.0,0.4,0.0,0.0,0.0,-1.2000000000000002,-64.0,0.0,0.0,64.0,0.0,22.8,26.200000000000003,26.200000000000003,26.5,300.0,300.0,29.0,33.0,26.200000000000003,25.4,27.3,4.95,2.0,4.97,0.16,0.0,0.0,1027.0,8228.0,0.0,0.0,0.0,0.0,0.0,1.0,0.0,0.0,0.0,0.0,0.0,-0.8,0.0,-1.1,0.0,0.0,16.0,25903.0
2026-07-21T18:12:09.914Z,2.198,968.4,0.0,0.0,0.0,0.0,2048.0,0.0,0.0,0.0,0.0,0.0,0.0,0.0,0.0,0.0,9.0,7.0,1.0,0.0,0.0,0.0,0.0,0.0,0.0,0.0,5.0,12.0,1.0,12.17,5.01,2.5,1.49,0.0,0.0,0.0,0.5,0.0,0.6000000000000001,0.0,0.5,-64.0,0.0,0.0,64.0,0.0,22.8,26.200000000000003,26.200000000000003,26.5,300.0,300.0,29.0,33.0,26.200000000000003,25.4,27.3,4.96,2.01,4.96,0.16,0.0,0.0,1027.0,8228.0,0.0,0.0,0.0,0.0,0.0,1.0,0.0,0.0,0.0,0.0,0.0,0.3,0.0,0.5,0.0,0.0,16.0,25903.0
2026-07-21T18:12:09.926Z,2.21,968.412,0.0,0.0,0.0,0.0,2048.0,0.0,0.0,0.0,0.0,0.0,0.0,0.0,0.0,0.0,9.0,7.0,1.0,0.0,0.0,0.0,0.0,0.0,0.0,0.0,6.0,12.0,1.0,12.17,5.01,2.5,1.49,0.0,0.0,0.0,0.4,0.0,0.0,1.2000000000000002,-1.2000000000000002,-64.0,0.0,0.0,64.0,0.0,22.8,26.200000000000003,26.200000000000003,26.5,300.0,300.0,29.0,33.0,26.200000000000003,25.4,27.3,4.96,2.0,4.96,0.16,0.0,0.0,1027.0,8228.0,0.0,0.0,0.0,0.0,0.0,1.0,0.0,0.0,0.0,0.0,0.0,-1.4,0.0,0.0,0.0,0.0,16.0,25903.0
2026-07-21T18:12:09.939Z,2.223,968.424,0.0,0.0,0.0,0.0,2048.0,0.0,0.0,0.0,0.0,0.0,0.0,0.0,0.0,0.0,9.0,7.0,1.0,0.0,0.0,0.0,0.0,0.0,0.0,0.0,1.0,12.0,1.0,12.18,5.01,2.5,1.49,0.0,0.0,0.0,0.4,0.0,0.0,0.0,1.0,-64.0,0.0,0.0,64.0,0.0,22.700000000000003,26.200000000000003,26.200000000000003,26.5,300.0,300.0,28.8,33.0,26.200000000000003,25.4,27.200000000000003,4.95,2.0,4.96,0.16,0.0,0.0,1027.0,8228.0,0.0,0.0,0.0,0.0,0.0,1.0,0.0,0.0,0.0,0.0,0.0,0.6000000000000001,0.0,1.1,0.0,0.0,16.0,25903.0
2026-07-21T18:12:09.950Z,2.234,968.436,0.0,0.0,0.0,0.0,2048.0,0.0,0.0,0.0,0.0,0.0,0.0,0.0,0.0,0.0,9.0,7.0,1.0,0.0,0.0,0.0,0.0,0.0,0.0,0.0,3.0,12.0,1.0,12.18,5.01,2.5,1.49,0.0,0.0,0.0,0.4,0.0,0.0,0.1,0.5,-64.0,0.0,0.0,64.2,0.0,22.700000000000003,26.200000000000003,26.200000000000003,26.5,300.0,300.0,28.8,33.0,26.200000000000003,25.4,27.200000000000003,4.95,2.0,4.96,0.16,0.0,0.0,1027.0,8228.0,0.0,0.0,0.0,0.0,0.0,1.0,0.0,0.0,0.0,0.0,0.0,0.2,0.0,0.6000000000000001,0.0,0.0,16.0,25903.0
2026-07-21T18:12:09.962Z,2.246,968.448,0.0,0.0,0.0,0.0,2048.0,0.0,0.0,0.0,0.0,0.0,0.0,0.0,0.0,0.0,9.0,7.0,1.0,0.0,0.0,0.0,0.0,0.0,0.0,0.0,4.0,12.0,1.0,12.18,5.01,2.5,1.49,0.0,0.0,0.0,0.4,0.0,-0.5,0.0,1.0,-64.0,0.0,0.0,64.2,0.0,22.700000000000003,26.200000000000003,26.200000000000003,26.5,300.0,300.0,28.8,33.0,26.200000000000003,25.4,27.200000000000003,4.95,2.01,4.97,0.16,0.0,0.0,1027.0,8228.0,0.0,0.0,0.0,0.0,0.0,1.0,0.0,0.0,0.0,0.0,0.0,0.6000000000000001,0.0,1.1,0.0,0.0003,16.0,25903.0
2026-07-21T18:12:09.974Z,2.258,968.46,0.0,0.0,0.0,0.0,2048.0,0.0,0.0,0.0,0.0,0.0,0.0,0.0,0.0,0.0,9.0,7.0,1.0,0.0,0.0,0.0,0.0,0.0,0.0,0.0,5.0,12.0,1.0,12.18,5.01,2.5,1.49,0.0,0.0,0.0,0.4,0.0,0.0,0.0,0.5,-64.0,0.0,0.0,64.0,0.0,22.700000000000003,26.200000000000003,26.200000000000003,26.5,300.0,300.0,28.8,33.0,26.200000000000003,25.4,27.200000000000003,4.95,2.0,4.96,0.16,0.0,0.0,1027.0,8228.0,0.0,0.0,0.0,0.0,0.0,1.0,0.0,0.0,0.0,0.0,0.0,0.2,0.0,0.5,0.0,0.0001,16.0,25903.0
2026-07-21T18:12:09.986Z,2.27,968.472,0.0,0.0,0.0,0.0,2048.0,0.0,0.0,0.0,0.0,0.0,0.0,0.0,0.0,0.0,9.0,7.0,1.0,0.0,0.0,0.0,0.0,0.0,0.0,0.0,6.0,12.0,1.0,12.18,5.01,2.5,1.49,0.0,0.0,0.0,0.4,0.0,0.0,-0.4,-0.6000000000000001,-64.0,0.0,0.0,64.0,0.0,22.700000000000003,26.200000000000003,26.200000000000003,26.5,300.0,300.0,28.8,33.0,26.200000000000003,25.4,27.200000000000003,4.96,2.01,4.96,0.16,0.0,0.0,1027.0,8228.0,0.0,0.0,0.0,0.0,0.0,1.0,0.0,0.0,0.0,0.0,0.0,-0.1,0.0,-1.1,0.0,0.0002,16.0,25903.0
2026-07-21T18:12:09.998Z,2.282,968.484,0.0,0.0,0.0,0.0,2048.0,0.0,0.0,0.0,0.0,0.0,0.0,0.0,0.0,0.0,9.0,7.0,1.0,0.0,0.0,0.0,0.0,0.0,0.0,0.0,1.0,12.0,1.0,12.18,5.01,2.5,1.49,0.0,0.0,0.0,0.4,0.0,0.0,-0.4,0.5,-64.0,0.0,0.0,64.0,0.0,22.700000000000003,26.200000000000003,26.200000000000003,26.5,300.0,300.0,28.8,33.0,26.200000000000003,25.4,27.200000000000003,4.95,2.01,4.96,0.16,0.0,0.0,1027.0,8228.0,0.0,0.0,0.0,0.0,0.0,1.0,0.0,0.0,0.0,0.0,0.0,0.5,0.0,0.0,0.0,0.0002,16.0,25903.0
2026-07-21T18:12:10.010Z,2.294,968.496,0.0,0.0,0.0,0.0,2048.0,0.0,0.0,0.0,0.0,0.0,0.0,0.0,0.0,0.0,9.0,7.0,1.0,0.0,0.0,0.0,0.0,0.0,0.0,0.0,2.0,12.0,1.0,12.18,5.01,2.5,1.49,0.0,0.0,0.0,0.4,0.0,-1.0,-0.4,-0.6000000000000001,-64.0,0.0,0.0,64.0,0.0,22.700000000000003,26.200000000000003,26.200000000000003,26.5,300.0,300.0,28.8,33.0,26.200000000000003,25.4,27.200000000000003,4.95,2.0,4.97,0.16,0.0,0.0,1027.0,8228.0,0.0,0.0,0.0,0.0,0.0,1.0,0.0,0.0,0.0,0.0,0.0,-0.1,0.0,-1.0,0.0,0.0,16.0,25903.0
2026-07-21T18:12:10.022Z,2.306,968.508,0.0,0.0,0.0,0.0,2048.0,0.0,0.0,0.0,0.0,0.0,0.0,0.0,0.0,0.0,9.0,7.0,1.0,0.0,0.0,0.0,0.0,0.0,0.0,0.0,3.0,12.0,1.0,12.18,5.01,2.5,1.49,0.0,0.0,0.0,0.4,0.0,0.1,0.7000000000000001,1.7000000000000002,-64.0,0.0,0.0,64.0,0.0,22.700000000000003,26.200000000000003,26.200000000000003,26.5,300.0,300.0,28.8,33.0,26.200000000000003,25.4,27.200000000000003,4.95,2.0,4.96,0.16,0.0,0.0,1027.0,8228.0,0.0,0.0,0.0,0.0,0.0,1.0,0.0,0.0,0.0,0.0,0.0,0.7000000000000001,0.0,2.4000000000000004,0.0,0.0,16.0,25903.0
2026-07-21T18:12:10.034Z,2.318,968.52,0.0,0.0,0.0,0.0,2048.0,0.0,0.0,0.0,0.0,0.0,0.0,0.0,0.0,0.0,9.0,7.0,1.0,0.0,0.0,0.0,0.0,0.0,0.0,0.0,5.0,12.0,1.0,12.18,5.01,2.5,1.49,0.0,0.1,0.0,0.4,0.0,0.1,0.1,0.5,-64.0,0.0,0.0,64.0,0.0,22.700000000000003,26.200000000000003,26.200000000000003,26.5,300.0,300.0,28.8,33.0,26.200000000000003,25.4,27.200000000000003,4.96,2.0,4.96,0.16,0.0,0.0,1027.0,8228.0,0.0,0.0,0.0,0.0,0.0,1.0,0.0,0.0,0.0,0.0,0.0,0.2,0.0,0.7000000000000001,0.0,0.0,16.0,25903.0
2026-07-21T18:12:10.046Z,2.33,968.532,0.0,0.0,0.0,0.0,2048.0,0.0,0.0,0.0,0.0,0.0,0.0,0.0,0.0,0.0,9.0,7.0,1.0,0.0,0.0,0.0,0.0,0.0,0.0,0.0,6.0,12.0,1.0,12.14,5.01,2.5,1.49,0.0,0.0,0.0,0.4,0.0,-0.4,-1.0,-0.6000000000000001,-64.0,0.0,0.0,64.2,0.0,22.6,26.200000000000003,26.200000000000003,26.5,300.0,300.0,28.9,33.0,26.200000000000003,25.4,27.200000000000003,4.95,2.0,4.96,0.16,0.0,0.0,1027.0,8228.0,0.0,0.0,0.0,0.0,0.0,1.0,0.0,0.0,0.0,0.0,0.0,0.1,0.0,-1.6,0.0,0.0,16.0,25903.0
2026-07-21T18:12:10.058Z,2.342,968.544,0.0,0.0,0.0,0.0,2048.0,0.0,0.0,0.0,0.0,0.0,0.0,0.0,0.0,0.0,9.0,7.0,1.0,0.0,0.0,0.0,0.0,0.0,0.0,0.0,2.0,12.0,1.0,12.14,5.01,2.5,1.49,0.0,0.0,0.0,0.4,0.0,0.1,0.1,0.5,-64.0,0.0,0.0,64.2,0.0,22.6,26.200000000000003,26.200000000000003,26.5,300.0,300.0,28.9,33.0,26.200000000000003,25.4,27.200000000000003,4.95,2.0,4.96,0.16,0.0,0.0,1027.0,8228.0,0.0,0.0,0.0,0.0,0.0,1.0,0.0,0.0,0.0,0.0,0.0,0.2,0.0,0.7000000000000001,0.0,0.0003,16.0,25903.0
2026-07-21T18:12:10.070Z,2.354,968.556,0.0,0.0,0.0,0.0,2048.0,0.0,0.0,0.0,0.0,0.0,0.0,0.0,0.0,0.0,9.0,7.0,1.0,0.0,0.0,0.0,0.0,0.0,0.0,0.0,3.0,12.0,1.0,12.14,5.01,2.5,1.49,0.0,0.0,0.0,0.4,0.0,0.1,0.1,0.0,-64.0,0.0,0.0,64.2,0.0,22.6,26.200000000000003,26.200000000000003,26.5,300.0,300.0,28.9,33.0,26.200000000000003,25.4,27.200000000000003,4.95,2.01,4.96,0.16,0.0,0.0,1027.0,8228.0,0.0,0.0,0.0,0.0,0.0,1.0,0.0,0.0,0.0,0.0,0.0,0.0,0.0,0.1,0.0,0.0002,16.0,25903.0
2026-07-21T18:12:10.082Z,2.366,968.568,0.0,0.0,0.0,0.0,2048.0,0.0,0.0,0.0,0.0,0.0,0.0,0.0,0.0,0.0,9.0,7.0,1.0,0.0,0.0,0.0,0.0,0.0,0.0,0.0,4.0,12.0,1.0,12.14,5.01,2.5,1.49,0.0,0.0,0.0,0.4,0.0,-0.4,0.1,0.0,-64.0,0.0,0.0,64.0,0.0,22.6,26.200000000000003,26.200000000000003,26.5,300.0,300.0,28.9,33.0,26.200000000000003,25.4,27.200000000000003,4.96,2.0,4.96,0.16,0.0,0.0,1027.0,8228.0,0.0,0.0,0.0,0.0,0.0,1.0,0.0,0.0,0.0,0.0,0.0,-0.1,0.0,0.1,0.0,0.0,16.0,25903.0
2026-07-21T18:12:10.094Z,2.378,968.58,0.0,0.0,0.0,0.0,2048.0,0.0,0.0,0.0,0.0,0.0,0.0,0.0,0.0,0.0,9.0,7.0,1.0,0.0,0.0,0.0,0.0,0.0,0.0,0.0,5.0,12.0,1.0,12.14,5.01,2.5,1.49,0.0,0.0,0.0,0.4,0.0,0.1,-0.4,1.6,-64.0,0.0,0.0,64.0,0.0,22.6,26.200000000000003,26.200000000000003,26.5,300.0,300.0,28.9,33.0,26.200000000000003,25.4,27.200000000000003,4.95,2.0,4.97,0.16,0.0,0.0,1027.0,8228.0,0.0,0.0,0.0,0.0,0.0,1.0,0.0,0.0,0.0,0.0,0.0,1.2000000000000002,0.0,1.1,0.0,0.0003,16.0,25903.0
2026-07-21T18:12:10.106Z,2.39,968.592,0.0,0.0,0.0,0.0,2048.0,0.0,0.0,0.0,0.0,0.0,0.0,0.0,0.0,0.0,9.0,7.0,1.0,0.0,0.0,0.0,0.0,0.0,0.0,0.0,6.0,12.0,1.0,12.14,5.01,2.5,1.49,0.0,0.1,0.0,0.4,0.0,-0.9,-1.0,-0.6000000000000001,-64.0,0.0,0.0,64.0,0.0,22.6,26.200000000000003,26.200000000000003,26.5,300.0,300.0,28.9,33.0,26.200000000000003,25.4,27.200000000000003,4.96,2.01,4.96,0.16,0.0,0.0,1027.0,8228.0,0.0,0.0,0.0,0.0,0.0,1.0,0.0,0.0,0.0,0.0,0.0,0.0,0.0,-1.6,0.0,0.0001,16.0,25903.0
2026-07-21T18:12:10.119Z,2.403,968.604,0.0,0.0,0.0,0.0,2048.0,0.0,0.0,0.0,0.0,0.0,0.0,0.0,0.0,0.0,9.0,7.0,1.0,0.0,0.0,0.0,0.0,0.0,0.0,0.0,1.0,12.0,1.0,12.14,5.01,2.5,1.49,0.0,0.0,0.0,0.4,0.0,0.1,1.2000000000000002,0.0,-64.0,0.0,0.0,64.0,0.0,22.6,26.200000000000003,26.200000000000003,26.5,300.0,300.0,28.9,33.0,26.200000000000003,25.4,27.200000000000003,4.96,2.0,4.97,0.15,0.0,0.0,1027.0,8228.0,0.0,0.0,0.0,0.0,0.0,1.0,0.0,0.0,0.0,0.0,0.0,-0.7000000000000001,0.0,1.2000000000000002,0.0,0.0,16.0,25903.0
2026-07-21T18:12:10.130Z,2.414,968.616,0.0,0.0,0.0,0.0,2048.0,0.0,0.0,0.0,0.0,0.0,0.0,0.0,0.0,0.0,9.0,7.0,1.0,0.0,0.0,0.0,0.0,0.0,0.0,0.0,3.0,12.0,1.0,12.14,5.01,2.5,1.49,0.0,0.0,0.0,0.4,0.0,-0.4,0.0,-0.6000000000000001,-64.0,0.0,0.0,64.0,0.0,22.6,26.200000000000003,26.200000000000003,26.5,300.0,300.0,28.9,33.0,26.200000000000003,25.4,27.200000000000003,4.95,2.0,4.97,0.16,0.0,0.0,1027.0,8228.0,0.0,0.0,0.0,0.0,0.0,1.0,0.0,0.0,0.0,0.0,0.0,-0.4,0.0,-0.5,0.0,0.0,16.0,25903.0
2026-07-21T18:12:10.143Z,2.427,968.628,0.0,0.0,0.0,0.0,2048.0,0.0,0.0,0.0,0.0,0.0,0.0,0.0,0.0,0.0,9.0,7.0,1.0,0.0,0.0,0.0,0.0,0.0,0.0,0.0,4.0,12.0,1.0,12.17,5.01,2.51,1.49,0.0,0.0,0.0,0.4,0.0,0.1,0.6000000000000001,1.0,-64.0,0.0,0.0,64.0,0.0,22.4,26.200000000000003,26.200000000000003,26.5,300.0,300.0,29.0,33.0,26.200000000000003,25.4,27.200000000000003,4.95,2.0,4.97,0.16,0.0,0.0,1027.0,8228.0,0.0,0.0,0.0,0.0,0.0,1.0,0.0,0.0,0.0,0.0,0.0,0.3,0.0,1.6,0.0,0.0,16.0,25903.0
2026-07-21T18:12:10.154Z,2.438,968.64,0.0,0.0,0.0,0.0,2048.0,0.0,0.0,0.0,0.0,0.0,0.0,0.0,0.0,0.0,9.0,7.0,1.0,0.0,0.0,0.0,0.0,0.0,0.0,0.0,6.0,12.0,1.0,12.17,5.01,2.51,1.49,0.0,0.0,0.0,0.5,0.0,1.3,0.6000000000000001,-0.1,-64.0,0.0,0.0,64.2,0.0,22.4,26.200000000000003,26.200000000000003,26.5,300.0,300.0,29.0,33.0,26.200000000000003,25.4,27.200000000000003,4.95,2.01,4.96,0.16,0.0,0.0,1027.0,8228.0,0.0,0.0,0.0,0.0,0.0,1.0,0.0,0.0,0.0,0.0,0.0,-0.3,0.0,0.5,0.0,0.0,16.0,25903.0
2026-07-21T18:12:10.167Z,2.451,968.652,0.0,0.0,0.0,0.0,2048.0,0.0,0.0,0.0,0.0,0.0,0.0,0.0,0.0,0.0,9.0,7.0,1.0,0.0,0.0,0.0,0.0,0.0,0.0,0.0,1.0,12.0,1.0,12.17,5.01,2.51,1.49,0.0,0.0,0.0,0.4,0.0,-0.4,0.0,-0.6000000000000001,-64.0,0.0,0.0,64.2,0.0,22.4,26.200000000000003,26.200000000000003,26.5,300.0,300.0,29.0,33.0,26.200000000000003,25.4,27.200000000000003,4.95,2.0,4.97,0.16,0.0,0.0,1027.0,8228.0,0.0,0.0,0.0,0.0,0.0,1.0,0.0,0.0,0.0,0.0,0.0,-0.4,0.0,-0.5,0.0,0.0004,16.0,25903.0
2026-07-21T18:12:10.178Z,2.462,968.664,0.0,0.0,0.0,0.0,2048.0,0.0,0.0,0.0,0.0,0.0,0.0,0.0,0.0,0.0,9.0,7.0,1.0,0.0,0.0,0.0,0.0,0.0,0.0,0.0,2.0,12.0,1.0,12.17,5.01,2.51,1.49,0.0,0.0,0.0,0.4,0.0,0.1,0.6000000000000001,1.1,-64.0,0.0,0.0,64.0,0.0,22.4,26.200000000000003,26.200000000000003,26.5,300.0,300.0,29.0,33.0,26.200000000000003,25.4,27.200000000000003,4.95,2.0,4.97,0.16,0.0,0.0,1027.0,8228.0,0.0,0.0,0.0,0.0,0.0,1.0,0.0,0.0,0.0,0.0,0.0,0.3,0.0,1.7000000000000002,0.0,0.0001,16.0,25903.0
2026-07-21T18:12:10.190Z,2.474,968.676,0.0,0.0,0.0,0.0,2048.0,0.0,0.0,0.0,0.0,0.0,0.0,0.0,0.0,0.0,9.0,7.0,1.0,0.0,0.0,0.0,0.0,0.0,0.0,0.0,3.0,12.0,1.0,12.17,5.01,2.51,1.49,0.0,0.0,0.0,0.5,0.0,0.7000000000000001,0.6000000000000001,0.0,-64.0,0.0,0.0,64.0,0.0,22.4,26.200000000000003,26.200000000000003,26.5,300.0,300.0,29.0,33.0,26.200000000000003,25.4,27.200000000000003,4.96,2.0,4.96,0.16,0.0,0.0,1027.0,8228.0,0.0,0.0,0.0,0.0,0.0,1.0,0.0,0.0,0.0,0.0,0.0,-0.3,0.0,0.6000000000000001,0.0,0.0004,16.0,25903.0
2026-07-21T18:12:10.203Z,2.487,968.688,0.0,0.0,0.0,0.0,2048.0,0.0,0.0,0.0,0.0,0.0,0.0,0.0,0.0,0.0,9.0,7.0,1.0,0.0,0.0,0.0,0.0,0.0,0.0,0.0,4.0,12.0,1.0,12.17,5.01,2.51,1.49,0.0,0.0,0.0,0.4,0.0,0.1,0.1,1.1,-64.0,0.0,0.0,64.0,0.0,22.4,26.200000000000003,26.200000000000003,26.5,300.0,300.0,29.0,33.0,26.200000000000003,25.4,27.200000000000003,4.95,2.0,4.97,0.16,0.0,0.0,1027.0,8228.0,0.0,0.0,0.0,0.0,0.0,1.0,0.0,0.0,0.0,0.0,0.0,0.7000000000000001,0.0,1.2000000000000002,0.0,0.0001,16.0,25903.0
2026-07-21T18:12:10.214Z,2.498,968.7,0.0,0.0,0.0,0.0,2048.0,0.0,0.0,0.0,0.0,1.0,0.0,0.0,0.0,0.0,9.0,7.0,1.0,0.0,0.0,0.0,0.0,0.0,0.0,0.0,6.0,12.0,1.0,12.17,5.01,2.51,1.49,0.0,0.0,0.0,0.4,0.0,-0.3,0.6000000000000001,-0.5,-64.0,0.0,0.0,64.0,0.0,22.4,26.200000000000003,26.200000000000003,26.5,300.0,300.0,29.0,33.0,26.200000000000003,25.4,27.200000000000003,4.95,2.0,4.96,0.16,0.0,0.0,1027.0,8228.0,0.0,0.0,0.0,0.0,0.0,1.0,0.0,0.0,0.0,0.0,0.0,-0.7000000000000001,0.0,0.1,0.0,0.0,16.0,25903.0
2026-07-21T18:12:10.226Z,2.51,968.712,0.0,0.0,0.0,0.0,2048.0,0.0,0.0,0.0,0.0,1.0,0.0,0.0,0.0,0.0,9.0,7.0,1.0,0.0,0.0,0.0,0.0,0.0,0.0,0.0,1.0,12.0,1.0,12.17,5.01,2.51,1.49,0.0,0.0,0.0,0.5,0.0,0.2,0.1,0.7000000000000001,-64.0,0.0,0.0,64.2,0.0,22.4,26.200000000000003,26.200000000000003,26.5,300.0,300.0,29.0,33.0,26.200000000000003,25.4,27.200000000000003,4.96,2.01,4.96,0.16,0.0,0.0,1027.0,8228.0,0.0,0.0,0.0,0.0,0.0,1.0,0.0,0.0,0.0,0.0,0.0,0.3,0.0,0.8,0.0,0.0,16.0,25903.0
2026-07-21T18:12:10.239Z,2.523,968.724,0.0,0.0,0.0,0.0,2048.0,0.0,0.0,0.0,0.0,1.0,0.0,0.0,0.0,0.0,9.0,7.0,1.0,0.0,0.0,0.0,0.0,0.0,0.0,0.0,2.0,12.0,1.0,12.17,5.01,2.51,1.49,0.0,0.0,0.0,0.4,0.0,0.2,0.7000000000000001,0.1,-64.0,0.0,0.0,64.2,0.0,22.4,26.200000000000003,26.200000000000003,26.5,300.0,300.0,29.0,33.0,26.200000000000003,25.4,27.200000000000003,4.95,2.01,4.96,0.16,0.0,0.0,1027.0,8228.0,0.0,0.0,0.0,0.0,0.0,1.0,0.0,0.0,0.0,0.0,0.0,-0.3,0.0,0.9,0.0,0.0003,16.0,25903.0
2026-07-21T18:12:10.250Z,2.534,968.736,0.0,0.0,0.0,0.0,2048.0,0.0,0.0,0.0,0.0,1.0,0.0,0.0,0.0,0.0,9.0,7.0,1.0,0.0,0.0,0.0,0.0,0.0,0.0,0.0,3.0,12.0,1.0,12.17,5.0200000000000005,2.51,1.49,0.0,0.0,0.0,0.4,0.0,-0.3,0.1,0.1,-64.0,0.0,0.0,64.10000000000001,0.0,22.3,26.200000000000003,26.200000000000003,26.5,300.0,300.0,29.0,33.1,26.200000000000003,25.4,27.3,4.95,2.0,4.96,0.16,0.0,0.0,1027.0,8228.0,0.0,0.0,0.0,0.0,0.0,1.0,0.0,0.0,0.0,0.0,0.0,0.0,0.0,0.3,0.0,0.0001,16.0,25903.0
2026-07-21T18:12:10.262Z,2.546,968.748,0.0,0.0,0.0,0.0,2048.0,0.0,0.0,0.0,0.0,1.0,0.0,0.0,0.0,0.0,9.0,7.0,1.0,0.0,0.0,0.0,0.0,0.0,0.0,0.0,4.0,12.0,1.0,12.17,5.0200000000000005,2.51,1.49,0.0,0.0,0.0,0.4,0.0,0.2,1.3,1.8,-64.0,0.0,0.0,64.2,0.0,22.3,26.200000000000003,26.200000000000003,26.5,300.0,300.0,29.0,33.1,26.200000000000003,25.4,27.3,4.95,2.0,4.96,0.16,0.0,0.0,1027.0,8228.0,0.0,0.0,0.0,0.0,0.0,1.0,0.0,0.0,0.0,0.0,0.0,0.5,0.0,3.2,0.0,0.0002,16.0,25903.0
2026-07-21T18:12:10.274Z,2.558,968.76,0.0,0.0,0.0,0.0,2048.0,0.0,0.0,0.0,0.0,1.0,0.0,0.0,0.0,0.0,9.0,7.0,1.0,0.0,0.0,0.0,0.0,0.0,0.0,0.0,5.0,12.0,1.0,12.17,5.0200000000000005,2.51,1.49,0.0,0.0,0.0,0.4,0.0,-0.3,-0.3,-0.4,-64.0,0.0,0.0,64.0,0.0,22.3,26.200000000000003,26.200000000000003,26.5,300.0,300.0,29.0,33.1,26.200000000000003,25.4,27.3,4.96,2.0,4.96,0.16,0.0,0.0,1027.0,8228.0,0.0,0.0,0.0,0.0,0.0,1.0,0.0,0.0,0.0,0.0,0.0,-0.1,0.0,-0.8,0.0,0.0001,16.0,25903.0
2026-07-21T18:12:10.287Z,2.571,968.772,0.0,0.0,0.0,0.0,2048.0,0.0,0.0,0.0,0.0,1.0,0.0,0.0,0.0,0.0,9.0,7.0,1.0,0.0,0.0,0.0,0.0,0.0,0.0,0.0,6.0,12.0,1.0,12.17,5.0200000000000005,2.51,1.49,0.0,0.0,0.0,0.4,0.0,0.8,-0.3,0.7000000000000001,-64.0,0.0,0.0,64.0,0.0,22.3,26.200000000000003,26.200000000000003,26.5,300.0,300.0,29.0,33.1,26.200000000000003,25.4,27.3,4.95,2.0,4.97,0.16,0.0,0.0,1027.0,8228.0,0.0,0.0,0.0,0.0,0.0,1.0,0.0,0.0,0.0,0.0,0.0,0.6000000000000001,0.0,0.3,0.0,0.0003,16.0,25903.0
2026-07-21T18:12:10.299Z,2.583,968.784,0.1,0.0,0.0,0.0,2048.0,0.0,0.0,0.0,0.0,1.0,0.0,0.0,0.0,0.0,9.0,7.0,1.0,0.0,0.0,0.0,0.0,0.0,0.0,0.0,1.0,12.0,1.0,12.17,5.0200000000000005,2.51,1.49,0.0,0.0,0.0,0.5,0.0,0.2,-0.9,-1.0,-64.0,0.0,0.0,64.0,0.0,22.3,26.200000000000003,26.200000000000003,26.5,300.0,300.0,29.0,33.1,26.200000000000003,25.4,27.3,4.96,2.0,4.96,0.16,0.0,0.0,1027.0,8228.0,0.0,0.0,0.0,0.0,0.0,1.0,0.0,0.0,0.0,0.0,0.0,-0.1,0.0,-1.9,0.0,0.0001,16.0,25903.0
2026-07-21T18:12:10.311Z,2.595,968.796,0.1,0.0,0.0,0.0,2048.0,0.0,0.0,0.0,0.0,1.0,0.0,0.0,0.0,0.0,9.0,7.0,1.0,0.0,0.0,0.0,0.0,0.0,0.0,0.0,2.0,12.0,1.0,12.17,5.0200000000000005,2.51,1.49,0.0,0.1,0.0,0.4,0.0,0.8,0.8,-0.3,-64.0,0.0,0.0,64.0,0.0,22.3,26.200000000000003,26.200000000000003,26.5,300.0,300.0,29.0,33.1,26.200000000000003,25.4,27.3,4.96,2.0,4.96,0.16,0.0,0.0,1027.0,8228.0,0.0,0.0,0.0,0.0,0.0,1.0,0.0,0.0,0.0,0.0,0.0,-0.6000000000000001,0.0,0.4,0.0,0.0,16.0,25903.0
2026-07-21T18:12:10.323Z,2.607,968.808,0.1,0.0,0.0,0.0,2048.0,0.0,0.0,0.0,0.0,1.0,0.0,0.0,0.0,0.0,9.0,7.0,1.0,0.0,0.0,0.0,0.0,0.0,0.0,0.0,3.0,12.0,1.0,12.17,5.0200000000000005,2.51,1.49,0.0,0.1,0.0,0.4,0.0,0.8,0.8,0.1,-64.0,0.0,0.0,64.0,0.0,22.3,26.200000000000003,26.200000000000003,26.5,300.0,300.0,29.0,33.1,26.200000000000003,25.4,27.3,4.95,2.0,4.96,0.16,0.0,0.0,1027.0,8228.0,0.0,0.0,0.0,0.0,0.0,1.0,0.0,0.0,0.0,0.0,0.0,-0.3,0.0,0.9,0.0,0.0,16.0,25903.0
2026-07-21T18:12:10.334Z,2.618,968.82,0.1,0.0,0.0,0.0,2048.0,0.0,0.0,0.0,0.0,1.0,0.0,0.0,0.0,0.0,9.0,7.0,1.0,0.0,0.0,0.0,0.0,0.0,0.0,0.0,4.0,12.0,1.0,12.17,5.0200000000000005,2.51,1.49,0.0,0.0,0.0,0.4,0.0,-0.3,-0.9,-1.0,-64.0,0.0,0.0,64.0,0.0,22.3,26.200000000000003,26.200000000000003,26.5,300.0,300.0,29.0,33.1,26.200000000000003,25.4,27.3,4.95,2.0,4.97,0.16,0.0,0.0,1027.0,8228.0,0.0,0.0,0.0,0.0,0.0,1.0,0.0,0.0,0.0,0.0,0.0,-0.1,0.0,-2.0,0.0,0.0,16.0,25903.0
2026-07-21T18:12:10.348Z,2.632,968.832,0.1,0.0,0.0,0.0,2048.0,0.0,0.0,0.0,0.0,1.0,0.0,0.0,0.0,0.0,9.0,7.0,1.0,0.0,0.0,0.0,0.0,0.0,0.0,0.0,6.0,12.0,1.0,12.15,5.01,2.51,1.49,0.0,0.0,0.0,0.4,0.0,-0.9,-0.9,-0.4,-64.0,0.0,0.0,64.0,0.0,22.8,26.200000000000003,26.200000000000003,26.6,300.0,300.0,28.9,33.0,26.200000000000003,25.4,27.3,4.96,2.01,4.96,0.16,0.0,0.0,1027.0,8228.0,0.0,0.0,0.0,0.0,0.0,1.0,0.0,0.0,0.0,0.0,0.0,0.1,0.0,-1.5,0.0,0.0,16.0,25903.0
2026-07-21T18:12:10.359Z,2.643,968.844,0.1,0.0,0.0,0.0,2048.0,0.0,0.0,0.0,0.0,1.0,0.0,0.0,0.0,0.0,9.0,7.0,1.0,0.0,0.0,0.0,0.0,0.0,0.0,0.0,1.0,12.0,1.0,12.15,5.01,2.51,1.49,0.0,0.0,0.0,0.4,0.0,-0.3,0.1,0.0,-64.0,0.0,0.0,64.2,0.0,22.8,26.200000000000003,26.200000000000003,26.6,300.0,300.0,28.9,33.0,26.200000000000003,25.4,27.3,4.96,2.0,4.97,0.15,0.0,0.0,1027.0,8228.0,0.0,0.0,0.0,0.0,0.0,1.0,0.0,0.0,0.0,0.0,0.0,0.0,0.0,0.2,0.0,0.0,16.0,25903.0
2026-07-21T18:12:10.371Z,2.655,968.856,0.1,0.0,0.0,0.0,2048.0,0.0,0.0,0.0,0.0,1.0,0.0,0.0,0.0,0.0,9.0,7.0,1.0,0.0,0.0,0.0,0.0,0.0,0.0,0.0,1.0,12.0,1.0,12.15,5.01,2.51,1.49,0.0,0.0,0.0,0.4,0.0,0.2,0.7000000000000001,0.0,-64.0,0.0,0.0,64.0,0.0,22.8,26.200000000000003,26.200000000000003,26.6,300.0,300.0,28.9,33.0,26.200000000000003,25.4,27.3,4.95,2.0,4.97,0.16,0.0,0.0,1027.0,8228.0,0.0,0.0,0.0,0.0,0.0,1.0,0.0,0.0,0.0,0.0,0.0,-0.3,0.0,1.4,0.0,0.0003,16.0,25903.0
2026-07-21T18:12:10.383Z,2.667,968.868,0.0,0.0,0.0,0.0,2048.0,0.0,0.0,0.0,0.0,1.0,0.0,0.0,0.0,0.0,9.0,7.0,1.0,0.0,0.0,0.0,0.0,0.0,0.0,0.0,2.0,12.0,1.0,12.15,5.01,2.51,1.49,0.0,0.0,0.0,0.4,0.0,1.3,-0.4,0.6000000000000001,-64.0,0.0,0.0,64.0,0.0,22.8,26.200000000000003,26.200000000000003,26.6,300.0,300.0,28.9,33.0,26.200000000000003,25.4,27.3,4.96,2.0,4.97,0.16,0.0,0.0,1027.0,8228.0,0.0,0.0,0.0,0.0,0.0,1.0,0.0,0.0,0.0,0.0,0.0,0.0,0.0,-0.9,0.0,0.0002,16.0,25903.0
2026-07-21T18:12:10.394Z,2.678,968.88,0.1,0.0,0.0,0.0,2048.0,0.0,0.0,0.0,0.0,1.0,0.0,0.0,0.0,0.0,9.0,7.0,1.0,0.0,0.0,0.0,0.0,0.0,0.0,0.0,4.0,12.0,1.0,12.15,5.01,2.51,1.49,0.0,0.0,0.0,0.4,0.0,0.1,0.1,1.2000000000000002,-64.0,0.0,0.0,64.0,0.0,22.8,26.200000000000003,26.200000000000003,26.6,300.0,300.0,28.9,33.0,26.200000000000003,25.4,27.3,4.95,2.0,4.97,0.16,0.0,0.0,1027.0,8228.0,0.0,0.0,0.0,0.0,0.0,1.0,0.0,0.0,0.0,0.0,0.0,0.7000000000000001,0.0,1.3,0.0,0.0001,16.0,25903.0
2026-07-21T18:12:10.406Z,2.69,968.892,0.0,0.0,0.0,0.0,2048.0,0.0,0.0,0.0,0.0,1.0,0.0,0.0,0.0,0.0,9.0,7.0,1.0,0.0,0.0,0.0,0.0,0.0,0.0,0.0,4.0,12.0,1.0,12.15,5.01,2.51,1.49,0.0,0.0,0.0,0.4,0.0,0.7000000000000001,-0.4,0.0,-64.0,0.0,0.0,64.0,0.0,22.8,26.200000000000003,26.200000000000003,26.6,300.0,300.0,28.9,33.0,26.200000000000003,25.4,27.3,4.95,2.0,4.96,0.16,0.0,0.0,1027.0,8228.0,0.0,0.0,0.0,0.0,0.0,1.0,0.0,0.0,0.0,0.0,0.0,-0.7000000000000001,0.0,0.1,0.0,0.0,16.0,25903.0
2026-07-21T18:12:10.418Z,2.702,968.904,0.0,0.0,0.0,0.0,2048.0,0.0,0.0,0.0,0.0,1.0,0.0,0.0,0.0,0.0,9.0,7.0,1.0,0.0,0.0,0.0,0.0,0.0,0.0,0.0,6.0,12.0,1.0,12.15,5.01,2.51,1.49,0.0,0.0,0.0,0.4,0.0,-0.4,0.0,-1.1,-64.0,0.0,0.0,64.0,0.0,22.8,26.200000000000003,26.200000000000003,26.6,300.0,300.0,28.9,33.0,26.200000000000003,25.4,27.3,4.95,2.01,4.96,0.16,0.0,0.0,1027.0,8228.0,0.0,0.0,0.0,0.0,0.0,1.0,0.0,0.0,0.0,0.0,0.0,-0.7000000000000001,0.0,-1.0,0.0,0.0,16.0,25903.0
2026-07-21T18:12:10.430Z,2.714,968.916,0.0,0.0,0.0,0.0,2048.0,0.0,0.0,0.0,0.0,1.0,0.0,0.0,0.0,0.0,9.0,7.0,1.0,0.0,0.0,0.0,0.0,0.0,0.0,0.0,6.0,12.0,1.0,12.15,5.01,2.51,1.49,0.0,0.0,0.0,0.4,0.0,0.1,0.6000000000000001,0.6000000000000001,-64.0,0.0,0.0,64.0,0.0,22.8,26.200000000000003,26.200000000000003,26.6,300.0,300.0,28.9,33.0,26.200000000000003,25.4,27.3,4.96,2.01,4.96,0.16,0.0,0.0,1027.0,8228.0,0.0,0.0,0.0,0.0,0.0,1.0,0.0,0.0,0.0,0.0,0.0,0.0,0.0,1.2000000000000002,0.0,0.0,16.0,25903.0
2026-07-21T18:12:10.442Z,2.726,968.928,0.0,0.0,0.0,0.0,2048.0,0.0,0.0,0.0,0.0,1.0,0.0,0.0,0.0,0.0,9.0,7.0,1.0,0.0,0.0,0.0,0.0,0.0,0.0,0.0,2.0,12.0,1.0,12.15,5.01,2.51,1.49,0.0,0.0,0.0,0.4,0.0,-0.3,-1.0,-0.5,-64.0,0.0,0.0,64.2,0.0,22.8,26.200000000000003,26.200000000000003,26.6,300.0,300.0,28.9,33.0,26.200000000000003,25.4,27.3,4.95,2.0,4.97,0.16,0.0,0.0,1027.0,8228.0,0.0,0.0,0.0,0.0,0.0,1.0,0.0,0.0,0.0,0.0,0.0,0.1,0.0,-1.6,0.0,0.0,16.0,25903.0
2026-07-21T18:12:10.454Z,2.738,968.94,0.0,0.0,0.0,0.0,2048.0,0.0,0.0,0.0,0.0,1.0,0.0,0.0,0.0,0.0,9.0,7.0,1.0,0.0,0.0,0.0,0.0,0.0,0.0,0.0,3.0,12.0,1.0,12.17,5.0200000000000005,2.5,1.49,0.0,0.0,0.0,0.5,0.0,0.7000000000000001,0.1,1.2000000000000002,-64.0,0.0,0.0,64.10000000000001,0.0,22.700000000000003,26.200000000000003,26.200000000000003,26.6,300.0,300.0,28.9,33.0,26.200000000000003,25.4,27.3,4.95,2.0,4.96,0.16,0.0,0.0,1027.0,8228.0,0.0,0.0,0.0,0.0,0.0,1.0,0.0,0.0,0.0,0.0,0.0,0.7000000000000001,0.0,1.2000000000000002,0.0,0.0003,16.0,25903.0
2026-07-21T18:12:10.466Z,2.75,968.952,0.0,0.0,0.0,0.0,2048.0,0.0,0.0,0.0,0.0,1.0,0.0,0.0,0.0,0.0,9.0,7.0,1.0,0.0,0.0,0.0,0.0,0.0,0.0,0.0,4.0,12.0,1.0,12.17,5.0200000000000005,2.5,1.49,0.0,0.0,0.0,0.4,0.0,0.1,0.1,-0.5,-64.0,0.0,0.0,64.2,0.0,22.700000000000003,26.200000000000003,26.200000000000003,26.6,300.0,300.0,28.9,33.0,26.200000000000003,25.4,27.3,4.96,2.01,4.96,0.16,0.0,0.0,1027.0,8228.0,0.0,0.0,0.0,0.0,0.0,1.0,0.0,0.0,0.0,0.0,0.0,-0.4,0.0,-0.3,0.0,0.0001,16.0,25903.0
2026-07-21T18:12:10.479Z,2.763,968.964,0.0,0.0,0.0,0.0,2048.0,0.0,0.0,0.0,0.0,1.0,0.0,0.0,0.0,0.0,9.0,7.0,1.0,0.0,0.0,0.0,0.0,0.0,0.0,0.0,5.0,12.0,1.0,12.17,5.0200000000000005,2.5,1.49,0.0,0.0,0.0,0.4,0.0,-0.3,-1.6,0.6000000000000001,-64.0,0.0,0.0,64.0,0.0,22.700000000000003,26.200000000000003,26.200000000000003,26.6,300.0,300.0,28.9,33.0,26.200000000000003,25.4,27.3,4.95,2.01,4.96,0.16,0.0,0.0,1027.0,8228.0,0.0,0.0,0.0,0.0,0.0,1.0,0.0,0.0,0.0,0.0,0.0,1.2000000000000002,0.0,-1.1,0.0,0.0001,16.0,25903.0
2026-07-21T18:12:10.490Z,2.774,968.976,0.1,0.0,0.0,0.0,2048.0,0.0,0.0,0.0,0.0,1.0,0.0,0.0,0.0,0.0,9.0,7.0,1.0,0.0,0.0,0.0,0.0,0.0,0.0,0.0,1.0,12.0,1.0,12.17,5.0200000000000005,2.5,1.49,0.0,0.0,0.0,0.4,0.0,-0.3,0.1,0.0,-64.0,0.0,0.0,64.0,0.0,22.700000000000003,26.200000000000003,26.200000000000003,26.6,300.0,300.0,28.9,33.0,26.200000000000003,25.4,27.3,4.96,2.0,4.97,0.16,0.0,0.0,1027.0,8228.0,0.0,0.0,0.0,0.0,0.0,1.0,0.0,0.0,0.0,0.0,0.0,0.0,0.0,0.1,0.0,0.0003,16.0,25903.0
2026-07-21T18:12:10.502Z,2.786,968.988,0.0,0.0,0.0,0.0,2048.0,0.0,0.0,0.0,0.0,1.0,0.0,0.0,0.0,0.0,9.0,7.0,1.0,0.0,0.0,0.0,0.0,0.0,0.0,0.0,2.0,12.0,1.0,12.17,5.0200000000000005,2.5,1.49,0.0,0.0,0.0,0.4,0.0,0.3,0.7000000000000001,1.2000000000000002,-64.0,0.0,0.0,64.0,0.0,22.700000000000003,26.200000000000003,26.200000000000003,26.6,300.0,300.0,28.9,33.0,26.200000000000003,25.4,27.3,4.96,2.0,4.96,0.16,0.0,0.0,1027.0,8228.0,0.0,0.0,0.0,0.0,0.0,1.0,0.0,0.0,0.0,0.0,0.0,0.4,0.0,1.9,0.0,0.0001,16.0,25903.0
2026-07-21T18:12:10.514Z,2.798,969.0,0.0,0.0,0.0,0.0,2048.0,0.0,0.0,0.0,0.0,1.0,0.0,0.0,0.0,0.0,9.0,7.0,1.0,0.0,0.0,0.0,0.0,0.0,0.0,0.0,3.0,12.0,1.0,12.17,5.0200000000000005,2.5,1.49,0.0,0.0,0.0,0.4,0.0,0.3,0.1,1.2000000000000002,-64.0,0.0,0.0,64.0,0.0,22.700000000000003,26.200000000000003,26.200000000000003,26.6,300.0,300.0,28.9,33.0,26.200000000000003,25.4,27.3,4.96,2.01,4.96,0.16,0.0,0.0,1027.0,8228.0,0.0,0.0,0.0,0.0,0.0,1.0,0.0,0.0,0.0,0.0,0.0,0.7000000000000001,0.0,1.3,0.0,0.0,16.0,25903.0
2026-07-21T18:12:10.526Z,2.81,969.012,0.0,0.0,0.0,0.0,2048.0,0.0,0.0,0.0,0.0,1.0,0.0,0.0,0.0,0.0,9.0,7.0,1.0,0.0,0.0,0.0,0.0,0.0,0.0,0.0,5.0,12.0,1.0,12.17,5.0200000000000005,2.5,1.49,0.0,0.0,0.0,0.4,0.0,-0.2,-1.0,0.0,-64.0,0.0,0.0,64.0,0.0,22.700000000000003,26.200000000000003,26.200000000000003,26.6,300.0,300.0,28.9,33.0,26.200000000000003,25.4,27.3,4.95,2.01,4.96,0.16,0.0,0.0,1027.0,8228.0,0.0,0.0,0.0,0.0,0.0,1.0,0.0,0.0,0.0,0.0,0.0,0.5,0.0,-1.0,0.0,0.0,16.0,25903.0
2026-07-21T18:12:10.538Z,2.822,969.024,0.0,0.0,0.0,0.0,2048.0,0.0,0.0,0.0,0.0,1.0,0.0,0.0,0.0,0.0,9.0,7.0,1.0,0.0,0.0,0.0,0.0,0.0,0.0,0.0,6.0,12.0,1.0,12.17,5.0200000000000005,2.5,1.49,0.0,0.0,0.0,0.5,0.0,0.2,0.1,0.5,-64.0,0.0,0.0,64.0,0.0,22.700000000000003,26.200000000000003,26.200000000000003,26.6,300.0,300.0,28.9,33.0,26.200000000000003,25.4,27.3,4.95,2.0,4.96,0.16,0.0,0.0,1027.0,8228.0,0.0,0.0,0.0,0.0,0.0,1.0,0.0,0.0,0.0,0.0,0.0,0.2,0.0,0.6000000000000001,0.0,0.0,16.0,25903.0
2026-07-21T18:12:10.551Z,2.835,969.036,0.0,0.0,0.0,0.0,2048.0,0.0,0.0,0.0,0.0,1.0,0.0,0.0,0.0,0.0,9.0,7.0,1.0,0.0,0.0,0.0,0.0,0.0,0.0,0.0,2.0,12.0,1.0,12.17,5.01,2.51,1.49,0.0,0.0,0.0,0.4,0.0,0.2,1.3,0.5,-64.0,0.0,0.0,64.2,0.0,22.700000000000003,26.200000000000003,26.200000000000003,26.5,300.0,300.0,28.9,33.0,26.200000000000003,25.4,27.3,4.95,2.0,4.96,0.16,0.0,0.0,1027.0,8228.0,0.0,0.0,0.0,0.0,0.0,1.0,0.0,0.0,0.0,0.0,0.0,-0.2,0.0,1.9,0.0,0.0,16.0,25903.0
2026-07-21T18:12:10.562Z,2.846,969.048,0.0,0.0,0.0,0.0,2048.0,0.0,0.0,0.0,0.0,1.0,0.0,0.0,0.0,0.0,9.0,7.0,1.0,0.0,0.0,0.0,0.0,0.0,0.0,0.0,2.0,12.0,1.0,12.17,5.01,2.51,1.49,0.0,0.0,0.0,0.5,0.0,-0.2,0.7000000000000001,-0.5,-64.0,0.0,0.0,64.0,0.0,22.700000000000003,26.200000000000003,26.200000000000003,26.5,300.0,300.0,28.9,33.0,26.200000000000003,25.4,27.3,4.96,2.0,4.96,0.16,0.0,0.0,1027.0,8228.0,0.0,0.0,0.0,0.0,0.0,1.0,0.0,0.0,0.0,0.0,0.0,-0.7000000000000001,0.0,0.1,0.0,0.0003,16.0,25903.0
2026-07-21T18:12:10.574Z,2.858,969.06,0.0,0.0,0.0,0.0,2048.0,0.0,0.0,0.0,0.0,1.0,0.0,0.0,0.0,0.0,9.0,7.0,1.0,0.0,0.0,0.0,0.0,0.0,0.0,0.0,4.0,12.0,1.0,12.17,5.01,2.51,1.49,0.0,0.0,0.0,0.4,0.0,-0.3,-1.0,0.0,-64.0,0.0,0.0,64.0,0.0,22.700000000000003,26.200000000000003,26.200000000000003,26.5,300.0,300.0,28.9,33.0,26.200000000000003,25.4,27.3,4.95,2.0,4.97,0.16,0.0,0.0,1027.0,8228.0,0.0,0.0,0.0,0.0,0.0,1.0,0.0,0.0,0.0,0.0,0.0,0.5,0.0,-1.1,0.0,0.0003,16.0,25903.0
2026-07-21T18:12:10.586Z,2.87,969.072,0.0,0.0,0.0,0.0,2048.0,0.0,0.0,0.0,0.0,1.0,0.0,0.0,0.0,0.0,9.0,7.0,1.0,0.0,0.0,0.0,0.0,0.0,0.0,0.0,5.0,12.0,1.0,12.17,5.01,2.51,1.49,0.0,0.0,0.0,0.4,0.0,0.2,-1.1,1.1,-64.0,0.0,0.0,64.0,0.0,22.700000000000003,26.200000000000003,26.200000000000003,26.5,300.0,300.0,28.9,33.0,26.200000000000003,25.4,27.3,4.96,2.01,4.96,0.16,0.0,0.0,1027.0,8228.0,0.0,0.0,0.0,0.0,0.0,1.0,0.0,0.0,0.0,0.0,0.0,1.2000000000000002,0.0,0.0,0.0,0.0001,16.0,25903.0
2026-07-21T18:12:10.598Z,2.882,969.084,0.0,0.0,0.0,0.0,2048.0,0.0,0.0,0.0,0.0,1.0,0.0,0.0,0.0,0.0,9.0,7.0,1.0,0.0,0.0,0.0,0.0,0.0,0.0,0.0,1.0,12.0,1.0,12.17,5.01,2.51,1.49,0.0,0.0,0.0,0.4,0.0,0.8,0.1,-0.6000000000000001,-64.0,0.0,0.0,64.0,0.0,22.700000000000003,26.200000000000003,26.200000000000003,26.5,300.0,300.0,28.9,33.0,26.200000000000003,25.4,27.3,4.96,2.0,4.96,0.16,0.0,0.0,1027.0,8228.0,0.0,0.0,0.0,0.0,0.0,1.0,0.0,0.0,0.0,0.0,0.0,-0.4,0.0,-0.4,0.0,0.0,16.0,25903.0
2026-07-21T18:12:10.610Z,2.894,969.096,0.0,0.0,0.0,0.0,2048.0,0.0,0.0,0.0,0.0,1.0,0.0,0.0,0.0,0.0,9.0,7.0,1.0,0.0,0.0,0.0,0.0,0.0,0.0,0.0,2.0,12.0,1.0,12.17,5.01,2.51,1.49,0.0,0.0,0.0,0.4,0.0,-0.2,0.6000000000000001,0.0,-64.0,0.0,0.0,64.0,0.0,22.700000000000003,26.200000000000003,26.200000000000003,26.5,300.0,300.0,28.9,33.0,26.200000000000003,25.4,27.3,4.95,2.0,4.96,0.16,0.0,0.0,1027.0,8228.0,0.0,0.0,0.0,0.0,0.0,1.0,0.0,0.0,0.0,0.0,0.0,-0.3,0.0,0.6000000000000001,0.0,0.0,16.0,25903.0
2026-07-21T18:12:10.622Z,2.906,969.108,0.0,0.0,0.0,0.0,2048.0,0.0,0.0,0.0,0.0,1.0,0.0,0.0,0.0,0.0,9.0,7.0,1.0,0.0,0.0,0.0,0.0,0.0,0.0,0.0,4.0,12.0,1.0,12.17,5.01,2.51,1.49,0.0,0.0,0.0,0.4,0.0,-0.2,0.1,1.1,-64.0,0.0,0.0,64.0,0.0,22.700000000000003,26.200000000000003,26.200000000000003,26.5,300.0,300.0,28.9,33.0,26.200000000000003,25.4,27.3,4.96,2.0,4.96,0.16,0.0,0.0,1027.0,8228.0,0.0,0.0,0.0,0.0,0.0,1.0,0.0,0.0,0.0,0.0,0.0,0.6000000000000001,0.0,1.2000000000000002,0.0,0.0,16.0,25903.0
2026-07-21T18:12:10.634Z,2.918,969.12,0.0,0.0,0.0,0.0,2048.0,0.0,0.0,0.0,0.0,1.0,0.0,0.0,0.0,0.0,9.0,7.0,1.0,0.0,0.0,0.0,0.0,0.0,0.0,0.0,5.0,12.0,1.0,12.17,5.01,2.51,1.49,0.0,0.0,0.0,0.4,0.0,0.3,0.1,1.1,-64.0,0.0,0.0,64.0,0.0,22.700000000000003,26.200000000000003,26.200000000000003,26.5,300.0,300.0,28.9,33.0,26.200000000000003,25.4,27.3,4.95,2.01,4.96,0.16,0.0,0.0,1027.0,8228.0,0.0,0.0,0.0,0.0,0.0,1.0,0.0,0.0,0.0,0.0,0.0,0.6000000000000001,0.0,1.2000000000000002,0.0,0.0,16.0,25903.0
2026-07-21T18:12:10.646Z,2.93,969.132,0.0,0.0,0.0,0.0,2048.0,0.0,0.0,0.0,0.0,1.0,0.0,0.0,0.0,0.0,9.0,7.0,1.0,0.0,0.0,0.0,0.0,0.0,0.0,0.0,6.0,12.0,1.0,12.17,5.01,2.51,1.49,0.0,0.1,0.0,0.4,0.0,0.2,1.3,-0.6000000000000001,-64.0,0.0,0.0,64.0,0.0,22.700000000000003,26.200000000000003,26.200000000000003,26.5,300.0,300.0,28.9,33.0,26.200000000000003,25.4,27.3,4.95,2.0,4.96,0.16,0.0,0.0,1027.0,8228.0,0.0,0.0,0.0,0.0,0.0,1.0,0.0,0.0,0.0,0.0,0.0,-1.0,0.0,0.7000000000000001,0.0,0.0,16.0,25903.0
2026-07-21T18:12:10.658Z,2.942,969.144,0.0,0.0,0.0,0.0,2048.0,0.0,0.0,0.0,0.0,1.0,0.0,0.0,0.0,0.0,9.0,7.0,1.0,0.0,0.0,0.0,0.0,0.0,0.0,0.0,2.0,12.0,1.0,12.17,5.0200000000000005,2.51,1.49,0.0,0.0,0.0,0.4,0.0,-0.2,-0.5,0.0,-64.0,0.0,0.0,64.2,0.0,22.3,26.200000000000003,26.200000000000003,26.5,300.0,300.0,28.8,32.9,26.200000000000003,25.4,27.3,4.96,2.0,4.96,0.15,0.0,0.0,1027.0,8228.0,0.0,0.0,0.0,0.0,0.0,1.0,0.0,0.0,0.0,0.0,0.0,0.2,0.0,-0.5,0.0,0.0,16.0,25903.0
2026-07-21T18:12:10.671Z,2.955,969.156,0.0,0.0,0.0,0.0,2048.0,0.0,0.0,0.0,0.0,1.0,0.0,0.0,0.0,0.0,9.0,7.0,1.0,0.0,0.0,0.0,0.0,0.0,0.0,0.0,3.0,12.0,1.0,12.17,5.0200000000000005,2.51,1.49,0.0,0.0,0.0,0.4,0.0,0.2,0.6000000000000001,0.0,-64.0,0.0,0.0,64.0,0.0,22.3,26.200000000000003,26.200000000000003,26.5,300.0,300.0,28.8,32.9,26.200000000000003,25.4,27.3,4.96,2.0,4.96,0.16,0.0,0.0,1027.0,8228.0,0.0,0.0,0.0,0.0,0.0,1.0,0.0,0.0,0.0,0.0,0.0,-0.3,0.0,0.6000000000000001,0.0,0.0003,16.0,25903.0
2026-07-21T18:12:10.683Z,2.967,969.168,0.0,0.0,0.0,0.0,2048.0,0.0,0.0,0.0,0.0,1.0,0.0,0.0,0.0,0.0,9.0,7.0,1.0,0.0,0.0,0.0,0.0,0.0,0.0,0.0,4.0,12.0,1.0,12.17,5.0200000000000005,2.51,1.49,0.0,0.0,0.0,0.5,0.0,-0.2,0.1,-0.5,-64.0,0.0,0.0,64.0,0.0,22.3,26.200000000000003,26.200000000000003,26.5,300.0,300.0,28.8,32.9,26.200000000000003,25.4,27.3,4.95,2.01,4.96,0.16,0.0,0.0,1027.0,8228.0,0.0,0.0,0.0,0.0,0.0,1.0,0.0,0.0,0.0,0.0,0.0,-0.4,0.0,-0.4,0.0,0.0002,16.0,25903.0
2026-07-21T18:12:10.694Z,2.978,969.18,0.0,0.0,0.0,0.0,2048.0,0.0,0.0,0.0,0.0,1.0,0.0,0.0,0.0,0.0,9.0,7.0,1.0,0.0,0.0,0.0,0.0,0.0,0.0,0.0,6.0,12.0,1.0,12.17,5.0200000000000005,2.51,1.49,0.0,0.0,0.0,0.4,0.0,0.3,0.7000000000000001,0.5,-64.0,0.0,0.0,64.0,0.0,22.3,26.200000000000003,26.200000000000003,26.5,300.0,300.0,28.8,32.9,26.200000000000003,25.4,27.3,4.95,2.0,4.96,0.16,0.0,0.0,1027.0,8228.0,0.0,0.0,0.0,0.0,0.0,1.0,0.0,0.0,0.0,0.0,0.0,0.0,0.0,1.2000000000000002,0.0,0.0001,16.0,25903.0
2026-07-21T18:12:10.707Z,2.991,969.192,0.0,0.0,0.0,0.0,2048.0,0.0,0.0,0.0,0.0,1.0,0.0,0.0,0.0,0.0,9.0,7.0,1.0,0.0,0.0,0.0,0.0,0.0,0.0,0.0,1.0,12.0,1.0,12.17,5.0200000000000005,2.51,1.49,0.0,0.0,0.0,0.4,0.0,0.9,1.8,0.0,-64.0,0.0,0.0,64.0,0.0,22.3,26.200000000000003,26.200000000000003,26.5,300.0,300.0,28.8,32.9,26.200000000000003,25.4,27.3,4.96,2.0,4.96,0.16,0.0,0.0,1027.0,8228.0,0.0,0.0,0.0,0.0,0.0,1.0,0.0,0.0,0.0,0.0,0.0,-0.9,0.0,1.9,0.0,0.0,16.0,25903.0
2026-07-21T18:12:10.718Z,3.002,969.204,0.0,0.0,0.0,0.0,2048.0,0.0,0.0,0.0,0.0,0.0,0.0,0.0,0.0,0.0,9.0,7.0,1.0,0.0,0.0,0.0,0.0,0.0,0.0,0.0,2.0,12.0,1.0,12.17,5.0200000000000005,2.51,1.49,0.0,0.0,0.0,0.4,0.0,-0.2,0.6000000000000001,-1.1,-64.0,0.0,0.0,64.10000000000001,0.0,22.3,26.200000000000003,26.200000000000003,26.5,300.0,300.0,28.8,32.9,26.200000000000003,25.4,27.3,4.96,2.0,4.97,0.16,0.0,0.0,1027.0,8228.0,0.0,0.0,0.0,0.0,0.0,1.0,0.0,0.0,0.0,0.0,0.0,-1.1,0.0,-0.4,0.0,0.0,16.0,25903.0
2026-07-21T18:12:10.730Z,3.014,969.216,0.0,0.0,0.0,0.0,2048.0,0.0,0.0,0.0,0.0,0.0,0.0,0.0,0.0,0.0,9.0,7.0,1.0,0.0,0.0,0.0,0.0,0.0,0.0,0.0,4.0,12.0,1.0,12.17,5.0200000000000005,2.51,1.49,0.0,0.0,0.0,0.5,0.0,0.3,0.0,0.5,-64.0,0.0,0.0,64.2,0.0,22.3,26.200000000000003,26.200000000000003,26.5,300.0,300.0,28.8,32.9,26.200000000000003,25.4,27.3,4.95,2.0,4.96,0.16,0.0,0.0,1027.0,8228.0,0.0,0.0,0.0,0.0,0.0,1.0,0.0,0.0,0.0,0.0,0.0,0.3,0.0,0.6000000000000001,0.0,0.0001,16.0,25903.0
2026-07-21T18:12:10.743Z,3.027,969.228,0.0,0.0,0.0,0.0,2048.0,0.0,0.0,0.0,0.0,0.0,0.0,0.0,0.0,0.0,9.0,7.0,1.0,0.0,0.0,0.0,0.0,0.0,0.0,0.0,5.0,12.0,1.0,12.17,5.0200000000000005,2.51,1.49,0.0,0.0,0.0,0.4,0.0,0.8,0.0,1.1,-64.0,0.0,0.0,64.2,0.0,22.3,26.200000000000003,26.200000000000003,26.5,300.0,300.0,28.8,32.9,26.200000000000003,25.4,27.3,4.95,2.01,4.96,0.16,0.0,0.0,1027.0,8228.0,0.0,0.0,0.0,0.0,0.0,1.0,0.0,0.0,0.0,0.0,0.0,0.7000000000000001,0.0,1.1,0.0,0.0002,16.0,25903.0
2026-07-21T18:12:10.755Z,3.039,969.24,0.0,0.0,0.0,0.0,2048.0,0.0,0.0,0.0,0.0,0.0,0.0,0.0,0.0,0.0,9.0,7.0,1.0,0.0,0.0,0.0,0.0,0.0,0.0,0.0,6.0,12.0,1.0,12.14,5.01,2.5,1.49,0.0,0.0,0.0,0.4,0.0,0.8,1.1,0.5,-64.0,0.0,0.0,64.0,0.0,22.3,26.200000000000003,26.200000000000003,26.5,300.0,300.0,28.9,32.9,26.200000000000003,25.4,27.200000000000003,4.96,2.0,4.96,0.16,0.0,0.0,1027.0,8228.0,0.0,0.0,0.0,0.0,0.0,1.0,0.0,0.0,0.0,0.0,0.0,-0.2,0.0,1.7000000000000002,0.0,0.0,16.0,25903.0
2026-07-21T18:12:10.766Z,3.05,969.252,0.0,0.0,0.0,0.0,2048.0,0.0,0.0,0.0,0.0,0.0,0.0,0.0,0.0,0.0,9.0,7.0,1.0,0.0,0.0,0.0,0.0,0.0,0.0,0.0,2.0,12.0,1.0,12.14,5.01,2.5,1.49,0.0,0.0,0.0,0.4,0.0,-0.8,-0.5,-0.5,-64.0,0.0,0.0,64.10000000000001,0.0,22.3,26.200000000000003,26.200000000000003,26.5,300.0,300.0,28.9,32.9,26.200000000000003,25.4,27.200000000000003,4.95,2.0,4.97,0.16,0.0,0.0,1027.0,8228.0,0.0,0.0,0.0,0.0,0.0,1.0,0.0,0.0,0.0,0.0,0.0,0.0,0.0,-1.1,0.0,0.0004,16.0,25903.0
2026-07-21T18:12:10.779Z,3.063,969.264,0.0,0.0,0.0,0.0,2048.0,0.0,0.0,0.0,0.0,0.0,0.0,0.0,0.0,0.0,9.0,7.0,1.0,0.0,0.0,0.0,0.0,0.0,0.0,0.0,3.0,12.0,1.0,12.14,5.01,2.5,1.49,0.0,0.0,0.0,0.4,0.0,0.2,0.0,0.6000000000000001,-64.0,0.0,0.0,64.0,0.0,22.3,26.200000000000003,26.200000000000003,26.5,300.0,300.0,28.9,32.9,26.200000000000003,25.4,27.200000000000003,4.96,2.0,4.96,0.16,0.0,0.0,1027.0,8228.0,0.0,0.0,0.0,0.0,0.0,1.0,0.0,0.0,0.0,0.0,0.0,0.4,0.0,0.6000000000000001,0.0,0.0002,16.0,25903.0
2026-07-21T18:12:10.790Z,3.074,969.276,0.0,0.0,0.0,0.0,2048.0,0.0,0.0,0.0,0.0,0.0,0.0,0.0,0.0,0.0,9.0,7.0,1.0,0.0,0.0,0.0,0.0,0.0,0.0,0.0,4.0,12.0,1.0,12.14,5.01,2.5,1.49,0.0,0.0,0.0,0.4,0.0,0.2,0.6000000000000001,0.6000000000000001,-64.0,0.0,0.0,64.0,0.0,22.3,26.200000000000003,26.200000000000003,26.5,300.0,300.0,28.9,32.9,26.200000000000003,25.4,27.200000000000003,4.96,2.01,4.96,0.16,0.0,0.0,1027.0,8228.0,0.0,0.0,0.0,0.0,0.0,1.0,0.0,0.0,0.0,0.0,0.0,0.0,0.0,1.2000000000000002,0.0,0.0002,16.0,25903.0
2026-07-21T18:12:10.802Z,3.086,969.288,0.0,0.0,0.0,0.0,2048.0,0.0,0.0,0.0,0.0,0.0,0.0,0.0,0.0,0.0,9.0,7.0,1.0,0.0,0.0,0.0,0.0,0.0,0.0,0.0,6.0,12.0,1.0,12.14,5.01,2.5,1.49,0.0,0.0,0.0,0.4,0.0,-0.2,0.6000000000000001,-0.4,-64.0,0.0,0.0,64.0,0.0,22.3,26.200000000000003,26.200000000000003,26.5,300.0,300.0,28.9,32.9,26.200000000000003,25.4,27.200000000000003,4.95,2.0,4.96,0.16,0.0,0.0,1027.0,8228.0,0.0,0.0,0.0,0.0,0.0,1.0,0.0,0.0,0.0,0.0,0.0,-0.6000000000000001,0.0,0.1,0.0,0.0,16.0,25903.0
2026-07-21T18:12:10.815Z,3.099,969.3,0.0,0.0,0.0,0.0,2048.0,0.0,0.0,0.0,0.0,0.0,0.0,0.0,0.0,0.0,9.0,7.0,1.0,0.0,0.0,0.0,0.0,0.0,0.0,0.0,1.0,12.0,1.0,12.14,5.01,2.5,1.49,0.0,0.0,0.0,0.4,0.0,-0.2,-1.0,1.2000000000000002,-64.0,0.0,0.0,64.0,0.0,22.3,26.200000000000003,26.200000000000003,26.5,300.0,300.0,28.9,32.9,26.200000000000003,25.4,27.200000000000003,4.96,2.0,4.97,0.16,0.0,0.0,1027.0,8228.0,0.0,0.0,0.0,0.0,0.0,1.0,0.0,0.0,0.0,0.0,0.0,1.3,0.0,0.0,0.0,0.0,16.0,25903.0
2026-07-21T18:12:10.826Z,3.11,969.312,0.1,0.0,0.0,0.0,2048.0,0.0,0.0,0.0,0.0,0.0,0.0,0.0,0.0,0.0,9.0,7.0,1.0,0.0,0.0,0.0,0.0,0.0,0.0,0.0,3.0,12.0,1.0,12.14,5.01,2.5,1.49,0.0,0.0,0.0,0.4,0.0,1.4,0.0,-0.5,-64.0,0.0,0.0,64.0,0.0,22.3,26.200000000000003,26.200000000000003,26.5,300.0,300.0,28.9,32.9,26.200000000000003,25.4,27.200000000000003,4.96,2.01,4.96,0.16,0.0,0.0,1027.0,8228.0,0.0,0.0,0.0,0.0,0.0,1.0,0.0,0.0,0.0,0.0,0.0,-0.4,0.0,-0.4,0.0,0.0,16.0,25903.0
2026-07-21T18:12:10.838Z,3.122,969.324,0.1,0.0,0.0,0.0,2048.0,0.0,0.0,0.0,0.0,0.0,0.0,0.0,0.0,0.0,9.0,7.0,1.0,0.0,0.0,0.0,0.0,0.0,0.0,0.0,4.0,12.0,1.0,12.14,5.01,2.5,1.49,0.0,0.0,0.0,0.4,0.0,0.2,0.6000000000000001,0.0,-64.0,0.0,0.0,64.0,0.0,22.3,26.200000000000003,26.200000000000003,26.5,300.0,300.0,28.9,32.9,26.200000000000003,25.4,27.200000000000003,4.96,2.0,4.97,0.16,0.0,0.0,1027.0,8228.0,0.0,0.0,0.0,0.0,0.0,1.0,0.0,0.0,0.0,0.0,0.0,-0.3,0.0,0.7000000000000001,0.0,0.0,16.0,25903.0
2026-07-21T18:12:10.850Z,3.134,969.336,0.0,0.0,0.0,0.0,2048.0,0.0,0.0,0.0,0.0,0.0,0.0,0.0,0.0,0.0,9.0,7.0,1.0,0.0,0.0,0.0,0.0,0.0,0.0,0.0,5.0,12.0,1.0,12.14,5.01,2.5,1.49,0.0,0.0,0.0,0.4,0.0,-0.2,0.0,0.6000000000000001,-64.0,0.0,0.0,64.10000000000001,0.0,22.3,26.200000000000003,26.200000000000003,26.5,300.0,300.0,28.9,32.9,26.200000000000003,25.4,27.200000000000003,4.95,2.01,4.97,0.16,0.0,0.0,1027.0,8228.0,0.0,0.0,0.0,0.0,0.0,1.0,0.0,0.0,0.0,0.0,0.0,0.3,0.0,0.6000000000000001,0.0,0.0,16.0,25903.0
2026-07-21T18:12:10.862Z,3.146,969.348,0.0,0.0,0.0,0.0,2048.0,0.0,0.0,0.0,0.0,0.0,0.0,0.0,0.0,0.0,9.0,7.0,1.0,0.0,0.0,0.0,0.0,0.0,0.0,0.0,1.0,12.0,1.0,12.17,5.01,2.51,1.49,0.0,0.0,0.0,0.4,0.0,0.8,0.0,0.5,-64.0,0.0,0.0,64.2,0.0,23.200000000000003,26.200000000000003,26.200000000000003,26.5,300.0,300.0,29.0,33.0,26.200000000000003,25.4,27.200000000000003,4.96,2.01,4.96,0.16,0.0,0.0,1027.0,8228.0,0.0,0.0,0.0,0.0,0.0,1.0,0.0,0.0,0.0,0.0,0.0,0.3,0.0,0.6000000000000001,0.0,0.0,16.0,25903.0
2026-07-21T18:12:10.874Z,3.158,969.36,0.0,0.0,0.0,0.0,2048.0,0.0,0.0,0.0,0.0,0.0,0.0,0.0,0.0,0.0,9.0,7.0,1.0,0.0,0.0,0.0,0.0,0.0,0.0,0.0,2.0,12.0,1.0,12.17,5.01,2.51,1.49,0.0,0.0,0.0,0.4,0.0,0.2,-0.5,0.0,-64.0,0.0,0.0,64.0,0.0,23.200000000000003,26.200000000000003,26.200000000000003,26.5,300.0,300.0,29.0,33.0,26.200000000000003,25.4,27.200000000000003,4.95,2.0,4.96,0.16,0.0,0.0,1027.0,8228.0,0.0,0.0,0.0,0.0,0.0,1.0,0.0,0.0,0.0,0.0,0.0,0.3,0.0,-0.5,0.0,0.0002,16.0,25903.0
2026-07-21T18:12:10.886Z,3.17,969.372,0.0,0.0,0.0,0.0,2048.0,0.0,0.0,0.0,0.0,0.0,0.0,0.0,0.0,0.0,9.0,7.0,1.0,0.0,0.0,0.0,0.0,0.0,0.0,0.0,4.0,12.0,1.0,12.17,5.01,2.51,1.49,0.0,0.0,0.0,0.4,0.0,0.8,1.7000000000000002,0.0,-64.0,0.0,0.0,64.0,0.0,23.200000000000003,26.200000000000003,26.200000000000003,26.5,300.0,300.0,29.0,33.0,26.200000000000003,25.4,27.200000000000003,4.95,2.0,4.97,0.16,0.0,0.0,1027.0,8228.0,0.0,0.0,0.0,0.0,0.0,1.0,0.0,0.0,0.0,0.0,0.0,0.3,0.0,0.5,0.0,0.0002,16.0,25903.0
2026-07-21T18:12:10.898Z,3.182,969.384,0.0,0.0,0.0,0.0,2048.0,0.0,0.0,0.0,0.0,0.0,0.0,0.0,0.0,0.0,9.0,7.0,1.0,0.0,0.0,0.0,0.0,0.0,0.0,0.0,5.0,12.0,1.0,12.17,5.01,2.51,1.49,0.0,0.0,0.0,0.4,0.0,0.2,-0.5,-1.2000000000000002,-64.0,0.0,0.0,64.0,0.0,23.200000000000003,26.200000000000003,26.200000000000003,26.5,300.0,300.0,29.0,33.0,26.200000000000003,25.4,27.200000000000003,4.95,2.0,4.97,0.16,0.0,0.0,1027.0,8228.0,0.0,0.0,0.0,0.0,0.0,1.0,0.0,0.0,0.0,0.0,0.0,-0.5,0.0,-1.7000000000000002,0.0,0.0002,16.0,25903.0
2026-07-21T18:12:10.910Z,3.194,969.396,0.0,0.0,0.0,0.0,2048.0,0.0,0.0,0.0,0.0,0.0,0.0,0.0,0.0,0.0,9.0,7.0,1.0,0.0,0.0,0.0,0.0,0.0,0.0,0.0,1.0,12.0,1.0,12.17,5.01,2.51,1.49,0.0,0.1,0.0,0.4,0.0,-0.3,0.6000000000000001,0.5,-64.0,0.0,0.0,64.0,0.0,23.200000000000003,26.200000000000003,26.200000000000003,26.5,300.0,300.0,29.0,33.0,26.200000000000003,25.4,27.200000000000003,4.96,2.0,4.96,0.16,0.0,0.0,1027.0,8228.0,0.0,0.0,0.0,0.0,0.0,1.0,0.0,0.0,0.0,0.0,0.0,-0.1,0.0,-1.1,0.0,0.0,16.0,25903.0
2026-07-21T18:12:10.922Z,3.206,969.408,0.0,0.0,0.0,0.0,2048.0,0.0,0.0,0.0,0.0,0.0,0.0,0.0,0.0,0.0,9.0,7.0,1.0,0.0,0.0,0.0,0.0,0.0,0.0,0.0,2.0,12.0,1.0,12.17,5.01,2.51,1.49,0.0,0.0,0.0,0.4,0.0,-0.3,0.0,1.1,-64.0,0.0,0.0,64.0,0.0,23.200000000000003,26.200000000000003,26.200000000000003,26.5,300.0,300.0,29.0,33.0,26.200000000000003,25.4,27.200000000000003,4.95,2.0,4.96,0.16,0.0,0.0,1027.0,8228.0,0.0,0.0,0.0,0.0,0.0,1.0,0.0,0.0,0.0,0.0,0.0,1.0,0.0,0.5,0.0,0.0,16.0,25903.0
2026-07-21T18:12:10.934Z,3.218,969.42,0.0,0.0,0.0,0.0,2048.0,0.0,0.0,0.0,0.0,0.0,0.0,0.0,0.0,0.0,9.0,7.0,1.0,0.0,0.0,0.0,0.0,0.0,0.0,0.0,4.0,12.0,1.0,12.17,5.01,2.51,1.49,0.0,0.0,0.0,0.4,0.0,0.1,0.0,-1.2000000000000002,-64.0,0.0,0.0,64.2,0.0,23.200000000000003,26.200000000000003,26.200000000000003,26.5,300.0,300.0,29.0,33.0,26.200000000000003,25.4,27.200000000000003,4.95,2.0,4.96,0.17,0.0,0.0,1027.0,8228.0,0.0,0.0,0.0,0.0,0.0,1.0,0.0,0.0,0.0,0.0,0.0,-0.8,0.0,-1.1,0.0,0.0,16.0,25903.0
2026-07-21T18:12:10.946Z,3.23,969.432,0.0,0.0,0.0,0.0,2048.0,0.0,0.0,0.0,0.0,0.0,0.0,0.0,0.0,0.0,9.0,7.0,1.0,0.0,0.0,0.0,0.0,0.0,0.0,0.0,5.0,12.0,1.0,12.17,5.01,2.51,1.49,0.0,0.0,0.0,0.4,0.0,0.1,0.6000000000000001,1.1,-64.0,0.0,0.0,64.0,0.0,23.200000000000003,26.200000000000003,26.200000000000003,26.5,300.0,300.0,29.0,33.0,26.200000000000003,25.4,27.200000000000003,4.95,2.0,4.96,0.16,0.0,0.0,1027.0,8228.0,0.0,0.0,0.0,0.0,0.0,1.0,0.0,0.0,0.0,0.0,0.0,0.4,0.0,1.7000000000000002,0.0,0.0003,16.0,25903.0
2026-07-21T18:12:10.959Z,3.243,969.444,0.0,0.0,0.0,0.0,2048.0,0.0,0.0,0.0,0.0,0.0,0.0,0.0,0.0,0.0,9.0,7.0,1.0,0.0,0.0,0.0,0.0,0.0,0.0,0.0,1.0,12.0,1.0,12.14,5.01,2.51,1.49,0.0,0.0,0.0,0.4,0.0,0.1,0.6000000000000001,0.5,-64.0,0.0,0.0,64.0,0.0,22.700000000000003,26.200000000000003,26.200000000000003,26.5,300.0,300.0,28.9,33.0,26.200000000000003,25.4,27.3,4.95,2.0,4.96,0.16,0.0,0.0,1027.0,8228.0,0.0,0.0,0.0,0.0,0.0,1.0,0.0,0.0,0.0,0.0,0.0,0.0,0.0,1.2000000000000002,0.0,0.0002,16.0,25903.0
2026-07-21T18:12:10.970Z,3.254,969.456,0.0,0.0,0.0,0.0,2048.0,0.0,0.0,0.0,0.0,0.0,0.0,0.0,0.0,0.0,9.0,7.0,1.0,0.0,0.0,0.0,0.0,0.0,0.0,0.0,2.0,12.0,1.0,12.14,5.01,2.51,1.49,0.0,0.0,0.0,0.4,0.0,-0.4,-2.2,-1.2000000000000002,-64.0,0.0,0.0,64.0,0.0,22.700000000000003,26.200000000000003,26.200000000000003,26.5,300.0,300.0,28.9,33.0,26.200000000000003,25.4,27.3,4.95,2.0,4.96,0.16,0.0,0.0,1027.0,8228.0,0.0,0.0,0.0,0.0,0.0,1.0,0.0,0.0,0.0,0.0,0.0,0.3,0.0,-3.5,0.0,0.0001,16.0,25903.0
2026-07-21T18:12:10.982Z,3.266,969.468,0.0,0.0,0.0,0.0,2048.0,0.0,0.0,0.0,0.0,0.0,0.0,0.0,0.0,0.0,9.0,7.0,1.0,0.0,0.0,0.0,0.0,0.0,0.0,0.0,4.0,12.0,1.0,12.14,5.01,2.51,1.49,0.0,0.0,0.0,0.4,0.0,-0.4,1.2000000000000002,1.1,-64.0,0.0,0.0,64.0,0.0,22.700000000000003,26.200000000000003,26.200000000000003,26.5,300.0,300.0,28.9,33.0,26.200000000000003,25.4,27.3,4.95,2.0,4.96,0.16,0.0,0.0,1027.0,8228.0,0.0,0.0,0.0,0.0,0.0,1.0,0.0,0.0,0.0,0.0,0.0,0.0,0.0,2.3000000000000003,0.0,0.0001,16.0,25903.0
2026-07-21T18:12:10.994Z,3.278,969.48,0.0,0.0,0.0,0.0,2048.0,0.0,0.0,0.0,0.0,0.0,0.0,0.0,0.0,0.0,9.0,7.0,1.0,0.0,0.0,0.0,0.0,0.0,0.0,0.0,5.0,12.0,1.0,12.14,5.01,2.51,1.49,0.0,0.0,0.0,0.4,0.0,-0.4,0.0,-0.6000000000000001,-64.0,0.0,0.0,64.0,0.0,22.700000000000003,26.200000000000003,26.200000000000003,26.5,300.0,300.0,28.9,33.0,26.200000000000003,25.4,27.3,4.96,2.0,4.96,0.16,0.0,0.0,1027.0,8228.0,0.0,0.0,0.0,0.0,0.0,1.0,0.0,0.0,0.0,0.0,0.0,-0.4,0.0,-0.5,0.0,0.0,16.0,25903.0
2026-07-21T18:12:11.006Z,3.29,969.492,0.0,0.0,0.0,0.0,2048.0,0.0,0.0,0.0,0.0,0.0,0.0,0.0,0.0,0.0,9.0,7.0,1.0,0.0,0.0,0.0,0.0,0.0,0.0,0.0,1.0,12.0,1.0,12.14,5.01,2.51,1.49,0.0,0.0,0.0,0.4,0.0,-0.4,-0.5,0.4,-64.0,0.0,0.0,64.0,0.0,22.700000000000003,26.200000000000003,26.200000000000003,26.5,300.0,300.0,28.9,33.0,26.200000000000003,25.4,27.3,4.96,2.0,4.97,0.16,0.0,0.0,1027.0,8228.0,0.0,0.0,0.0,0.0,0.0,1.0,0.0,0.0,0.0,0.0,0.0,0.5,0.0,0.0,0.0,0.0,16.0,25903.0
2026-07-21T18:12:11.019Z,3.303,969.504,0.0,0.0,0.0,0.0,2048.0,0.0,0.0,0.0,0.0,0.0,0.0,0.0,0.0,0.0,9.0,7.0,1.0,0.0,0.0,0.0,0.0,0.0,0.0,0.0,2.0,12.0,1.0,12.14,5.01,2.51,1.49,0.0,0.1,0.0,0.4,0.0,0.1,0.0,1.0,-64.0,0.0,0.0,64.2,0.0,22.700000000000003,26.200000000000003,26.200000000000003,26.5,300.0,300.0,28.9,33.0,26.200000000000003,25.4,27.3,4.96,2.0,4.96,0.16,0.0,0.0,1027.0,8228.0,0.0,0.0,0.0,0.0,0.0,1.0,0.0,0.0,0.0,0.0,0.0,0.6000000000000001,0.0,1.1,0.0,0.0,16.0,25903.0
2026-07-21T18:12:11.030Z,3.314,969.516,0.0,0.0,0.0,0.0,2048.0,0.0,0.0,0.0,0.0,0.0,0.0,0.0,0.0,0.0,9.0,7.0,1.0,0.0,0.0,0.0,0.0,0.0,0.0,0.0,3.0,12.0,1.0,12.14,5.01,2.51,1.49,0.0,0.0,0.0,0.4,0.0,0.1,0.6000000000000001,0.5,-64.0,0.0,0.0,64.2,0.0,22.700000000000003,26.200000000000003,26.200000000000003,26.5,300.0,300.0,28.9,33.0,26.200000000000003,25.4,27.3,4.96,2.0,4.96,0.16,0.0,0.0,1027.0,8228.0,0.0,0.0,0.0,0.0,0.0,1.0,0.0,0.0,0.0,0.0,0.0,0.0,0.0,1.2000000000000002,0.0,0.0003,16.0,25903.0
2026-07-21T18:12:11.043Z,3.327,969.528,0.0,0.0,0.0,0.0,2048.0,0.0,0.0,0.0,0.0,0.0,0.0,0.0,0.0,0.0,9.0,7.0,1.0,0.0,0.0,0.0,0.0,0.0,0.0,0.0,5.0,12.0,1.0,12.14,5.01,2.51,1.49,0.0,0.0,0.0,0.4,0.0,0.1,0.1,-0.1,-64.0,0.0,0.0,64.2,0.0,22.700000000000003,26.200000000000003,26.200000000000003,26.5,300.0,300.0,28.9,33.0,26.200000000000003,25.4,27.3,4.96,2.0,4.96,0.16,0.0,0.0,1027.0,8228.0,0.0,0.0,0.0,0.0,0.0,1.0,0.0,0.0,0.0,0.0,0.0,-0.1,0.0,0.0,0.0,0.0001,16.0,25903.0
2026-07-21T18:12:11.054Z,3.338,969.54,0.0,0.0,0.0,0.0,2048.0,0.0,0.0,0.0,0.0,0.0,0.0,0.0,0.0,0.0,9.0,7.0,1.0,0.0,0.0,0.0,0.0,0.0,0.0,0.0,5.0,12.0,1.0,12.14,5.01,2.51,1.49,0.0,0.0,0.0,0.4,0.0,-0.4,0.1,-1.2000000000000002,-64.0,0.0,0.0,64.2,0.0,22.700000000000003,26.200000000000003,26.200000000000003,26.5,300.0,300.0,28.9,33.0,26.200000000000003,25.4,27.3,4.95,2.0,4.97,0.16,0.0,0.0,1027.0,8228.0,0.0,0.0,0.0,0.0,0.0,1.0,0.0,0.0,0.0,0.0,0.0,-0.8,0.0,-1.0,0.0,0.0,16.0,25903.0
2026-07-21T18:12:11.066Z,3.35,969.552,0.0,0.0,0.0,0.0,2048.0,0.0,0.0,0.0,0.0,0.0,0.0,0.0,0.0,0.0,9.0,7.0,1.0,0.0,0.0,0.0,0.0,0.0,0.0,0.0,6.0,12.0,1.0,12.15,5.0200000000000005,2.51,1.49,0.0,0.0,0.0,0.4,0.0,0.1,0.7000000000000001,1.0,-64.0,0.0,0.0,64.0,0.0,22.8,26.200000000000003,26.200000000000003,26.5,300.0,300.0,28.9,33.0,26.200000000000003,25.4,27.3,4.96,2.01,4.96,0.16,0.0,0.0,1027.0,8228.0,0.0,0.0,0.0,0.0,0.0,1.0,0.0,0.0,0.0,0.0,0.0,0.3,0.0,1.7000000000000002,0.0,0.0,16.0,25903.0
2026-07-21T18:12:11.078Z,3.362,969.564,0.0,0.0,0.0,0.0,2048.0,0.0,0.0,0.0,0.0,0.0,0.0,0.0,0.0,0.0,9.0,7.0,1.0,0.0,0.0,0.0,0.0,0.0,0.0,0.0,1.0,12.0,1.0,12.15,5.0200000000000005,2.51,1.49,0.0,0.0,0.0,0.4,0.0,0.7000000000000001,0.1,-1.3,-64.0,0.0,0.0,64.0,0.0,22.8,26.200000000000003,26.200000000000003,26.5,300.0,300.0,28.9,33.0,26.200000000000003,25.4,27.3,4.96,2.0,4.96,0.16,0.0,0.0,1027.0,8228.0,0.0,0.0,0.0,0.0,0.0,1.0,0.0,0.0,0.0,0.0,0.0,-0.9,0.0,-1.0,0.0,0.0004,16.0,25903.0
2026-07-21T18:12:11.090Z,3.374,969.576,0.0,0.0,0.0,0.0,2048.0,0.0,0.0,0.0,0.0,0.0,0.0,0.0,0.0,0.0,9.0,7.0,1.0,0.0,0.0,0.0,0.0,0.0,0.0,0.0,2.0,12.0,1.0,12.15,5.0200000000000005,2.51,1.49,0.0,0.0,0.0,0.4,0.0,-1.0,-1.0,-0.7000000000000001,-64.0,0.0,0.0,64.0,0.0,22.8,26.200000000000003,26.200000000000003,26.5,300.0,300.0,28.9,33.0,26.200000000000003,25.4,27.3,4.95,2.0,4.96,0.16,0.0,0.0,1027.0,8228.0,0.0,0.0,0.0,0.0,0.0,1.0,0.0,0.0,0.0,0.0,0.0,0.0,0.0,-1.7000000000000002,0.0,0.0001,16.0,25903.0
2026-07-21T18:12:11.102Z,3.386,969.588,0.0,0.0,0.0,0.0,2048.0,0.0,0.0,0.0,0.0,0.0,0.0,0.0,0.0,0.0,9.0,7.0,1.0,0.0,0.0,0.0,0.0,0.0,0.0,0.0,3.0,12.0,1.0,12.15,5.0200000000000005,2.51,1.49,0.0,0.0,0.0,0.4,0.0,-0.4,-0.4,0.4,-64.0,0.0,0.0,64.0,0.0,22.8,26.200000000000003,26.200000000000003,26.5,300.0,300.0,28.9,33.0,26.200000000000003,25.4,27.3,4.96,2.0,4.97,0.16,0.0,0.0,1027.0,8228.0,0.0,0.0,0.0,0.0,0.0,1.0,0.0,0.0,0.0,0.0,0.0,0.5,0.0,0.0,0.0,0.0,16.0,25903.0
2026-07-21T18:12:11.114Z,3.398,969.6,0.0,0.0,0.0,0.0,2048.0,0.0,0.0,0.0,0.0,0.0,0.0,0.0,0.0,0.0,9.0,7.0,1.0,0.0,0.0,0.0,0.0,0.0,0.0,0.0,5.0,12.0,1.0,12.15,5.0200000000000005,2.51,1.49,0.0,0.0,0.0,0.5,0.0,0.1,0.1,1.0,-64.0,0.0,0.0,64.0,0.0,22.8,26.200000000000003,26.200000000000003,26.5,300.0,300.0,28.9,33.0,26.200000000000003,25.4,27.3,4.95,2.0,4.96,0.16,0.0,0.0,1027.0,8228.0,0.0,0.0,0.0,0.0,0.0,1.0,0.0,0.0,0.0,0.0,0.0,0.6000000000000001,0.0,1.1,0.0,0.0,16.0,25903.0
2026-07-21T18:12:11.127Z,3.411,969.612,0.0,0.0,0.0,0.0,2048.0,0.0,0.0,0.0,0.0,0.0,0.0,0.0,0.0,0.0,9.0,7.0,1.0,0.0,0.0,0.0,0.0,0.0,0.0,0.0,5.0,12.0,1.0,12.15,5.0200000000000005,2.51,1.49,0.0,0.0,0.0,0.4,0.0,0.1,0.7000000000000001,1.0,-64.0,0.0,0.0,64.0,0.0,22.8,26.200000000000003,26.200000000000003,26.5,300.0,300.0,28.9,33.0,26.200000000000003,25.4,27.3,4.95,2.0,4.97,0.16,0.0,0.0,1027.0,8228.0,0.0,0.0,0.0,0.0,0.0,1.0,0.0,0.0,0.0,0.0,0.0,0.2,0.0,1.7000000000000002,0.0,0.0,16.0,25903.0
2026-07-21T18:12:11.138Z,3.422,969.624,0.0,0.0,0.0,0.0,2048.0,0.0,0.0,0.0,0.0,0.0,0.0,0.0,0.0,0.0,9.0,7.0,1.0,0.0,0.0,0.0,0.0,0.0,0.0,0.0,6.0,12.0,1.0,12.15,5.0200000000000005,2.51,1.49,0.0,0.0,0.0,0.4,0.0,-0.4,0.0,-1.9,-64.0,0.0,0.0,64.2,0.0,22.8,26.200000000000003,26.200000000000003,26.5,300.0,300.0,28.9,33.0,26.200000000000003,25.4,27.3,4.95,2.0,4.97,0.16,0.0,0.0,1027.0,8228.0,0.0,0.0,0.0,0.0,0.0,1.0,0.0,0.0,0.0,0.0,0.0,-1.2000000000000002,0.0,-1.7000000000000002,0.0,0.0,16.0,25903.0
2026-07-21T18:12:11.151Z,3.435,969.636,0.0,0.0,0.0,0.0,2048.0,0.0,0.0,0.0,0.0,0.0,0.0,0.0,0.0,0.0,9.0,7.0,1.0,0.0,0.0,0.0,0.0,0.0,0.0,0.0,1.0,12.0,1.0,12.15,5.0200000000000005,2.51,1.49,0.0,0.0,0.0,0.4,0.0,0.1,-0.5,-0.1,-64.0,0.0,0.0,64.2,0.0,22.8,26.200000000000003,26.200000000000003,26.5,300.0,300.0,28.9,33.0,26.200000000000003,25.4,27.3,4.96,2.0,4.97,0.16,0.0,0.0,1027.0,8228.0,0.0,0.0,0.0,0.0,0.0,1.0,0.0,0.0,0.0,0.0,0.0,0.1,0.0,-0.6000000000000001,0.0,0.0002,16.0,25903.0
2026-07-21T18:12:11.163Z,3.447,969.648,0.0,0.0,0.0,0.0,2048.0,0.0,0.0,0.0,0.0,0.0,0.0,0.0,0.0,0.0,9.0,7.0,1.0,0.0,0.0,0.0,0.0,0.0,0.0,0.0,3.0,12.0,1.0,12.14,5.0200000000000005,2.5,1.49,0.0,0.1,0.0,0.4,0.0,-0.4,-1.1,-0.7000000000000001,-64.0,0.0,0.0,64.10000000000001,0.0,22.700000000000003,26.200000000000003,26.200000000000003,26.5,300.0,300.0,29.0,33.0,26.200000000000003,25.4,27.3,4.95,2.0,4.96,0.16,0.0,0.0,1027.0,8228.0,0.0,0.0,0.0,0.0,0.0,1.0,0.0,0.0,0.0,0.0,0.0,0.0,0.0,-1.8,0.0,0.0002,16.0,25903.0
2026-07-21T18:12:11.174Z,3.458,969.66,0.0,0.0,0.0,0.0,2048.0,0.0,0.0,0.0,0.0,0.0,0.0,0.0,0.0,0.0,9.0,7.0,1.0,0.0,0.0,0.0,0.0,0.0,0.0,0.0,4.0,12.0,1.0,12.14,5.0200000000000005,2.5,1.49,0.0,0.0,0.0,0.4,0.0,-0.9,0.7000000000000001,-0.6000000000000001,-64.0,0.0,0.0,64.0,0.0,22.700000000000003,26.200000000000003,26.200000000000003,26.5,300.0,300.0,29.0,33.0,26.200000000000003,25.4,27.3,4.95,2.0,4.97,0.17,0.0,0.0,1027.0,8228.0,0.0,0.0,0.0,0.0,0.0,1.0,0.0,0.0,0.0,0.0,0.0,-0.7000000000000001,0.0,0.0,0.0,0.0001,16.0,25903.0
2026-07-21T18:12:11.186Z,3.47,969.672,0.0,0.0,0.0,0.0,2048.0,0.0,0.0,0.0,0.0,0.0,0.0,0.0,0.0,0.0,9.0,7.0,1.0,0.0,0.0,0.0,0.0,0.0,0.0,0.0,5.0,12.0,1.0,12.14,5.0200000000000005,2.5,1.49,0.0,0.0,0.0,0.4,0.0,0.2,-0.4,1.1,-64.0,0.0,0.0,64.0,0.0,22.700000000000003,26.200000000000003,26.200000000000003,26.5,300.0,300.0,29.0,33.0,26.200000000000003,25.4,27.3,4.96,2.0,4.97,0.16,0.0,0.0,1027.0,8228.0,0.0,0.0,0.0,0.0,0.0,1.0,0.0,0.0,0.0,0.0,0.0,0.9,0.0,0.6000000000000001,0.0,0.0002,16.0,25903.0
2026-07-21T18:12:11.198Z,3.482,969.684,0.0,0.0,0.0,0.0,2048.0,0.0,0.0,0.0,0.0,0.0,0.0,0.0,0.0,0.0,9.0,7.0,1.0,0.0,0.0,0.0,0.0,0.0,0.0,0.0,5.0,12.0,1.0,12.14,5.0200000000000005,2.5,1.49,0.0,0.0,0.0,0.4,0.0,0.7000000000000001,0.1,-1.1,-64.0,0.0,0.0,64.0,0.0,22.700000000000003,26.200000000000003,26.200000000000003,26.5,300.0,300.0,29.0,33.0,26.200000000000003,25.4,27.3,4.95,2.0,4.96,0.16,0.0,0.0,1027.0,8228.0,0.0,0.0,0.0,0.0,0.0,1.0,0.0,0.0,0.0,0.0,0.0,-0.8,0.0,-0.9,0.0,0.0,16.0,25903.0
2026-07-21T18:12:11.210Z,3.494,969.696,0.0,0.0,0.0,0.0,2048.0,0.0,0.0,0.0,0.0,0.0,0.0,0.0,0.0,0.0,9.0,7.0,1.0,0.0,0.0,0.0,0.0,0.0,0.0,0.0,6.0,12.0,1.0,12.14,5.0200000000000005,2.5,1.49,0.0,0.1,0.0,0.4,0.0,0.2,-1.5,0.0,-64.0,0.0,0.0,64.0,0.0,22.700000000000003,26.200000000000003,26.200000000000003,26.5,300.0,300.0,29.0,33.0,26.200000000000003,25.4,27.3,4.95,2.0,4.97,0.16,0.0,0.0,1027.0,8228.0,0.0,0.0,0.0,0.0,0.0,1.0,0.0,0.0,0.0,0.0,0.0,0.7000000000000001,0.0,-1.6,0.0,0.0,16.0,25903.0
2026-07-21T18:12:11.222Z,3.506,969.708,0.0,0.0,0.0,0.0,2048.0,0.0,0.0,0.0,0.0,1.0,0.0,0.0,0.0,0.0,9.0,7.0,1.0,0.0,0.0,0.0,0.0,0.0,0.0,0.0,2.0,12.0,1.0,12.14,5.0200000000000005,2.5,1.49,0.0,0.0,0.0,0.4,0.0,0.1,0.1,-1.1,-64.0,0.0,0.0,64.2,0.0,22.700000000000003,26.200000000000003,26.200000000000003,26.5,300.0,300.0,29.0,33.0,26.200000000000003,25.4,27.3,4.95,2.01,4.96,0.16,0.0,0.0,1027.0,8228.0,0.0,0.0,0.0,0.0,0.0,1.0,0.0,0.0,0.0,0.0,0.0,-0.8,0.0,-0.9,0.0,0.0,16.0,25903.0
2026-07-21T18:12:11.234Z,3.518,969.72,0.0,0.0,0.0,0.0,2048.0,0.0,0.0,0.0,0.0,1.0,0.0,0.0,0.0,0.0,9.0,7.0,1.0,0.0,0.0,0.0,0.0,0.0,0.0,0.0,3.0,12.0,1.0,12.14,5.0200000000000005,2.5,1.49,0.0,0.0,0.0,0.4,0.0,-0.3,-0.4,1.1,-64.0,0.0,0.0,64.2,0.0,22.700000000000003,26.200000000000003,26.200000000000003,26.5,300.0,300.0,29.0,33.0,26.200000000000003,25.4,27.3,4.96,2.0,4.96,0.16,0.0,0.0,1027.0,8228.0,0.0,0.0,0.0,0.0,0.0,1.0,0.0,0.0,0.0,0.0,0.0,0.9,0.0,0.6000000000000001,0.0,0.0003,16.0,25903.0
2026-07-21T18:12:11.246Z,3.53,969.732,0.0,0.0,0.0,0.0,2048.0,0.0,0.0,0.0,0.0,1.0,0.0,0.0,0.0,0.0,9.0,7.0,1.0,0.0,0.0,0.0,0.0,0.0,0.0,0.0,4.0,12.0,1.0,12.14,5.0200000000000005,2.5,1.49,0.0,0.1,0.0,0.4,0.0,0.8,0.2,-0.6000000000000001,-64.0,0.0,0.0,64.2,0.0,22.700000000000003,26.200000000000003,26.200000000000003,26.5,300.0,300.0,29.0,33.0,26.200000000000003,25.4,27.3,4.95,2.0,4.97,0.16,0.0,0.0,1027.0,8228.0,0.0,0.0,0.0,0.0,0.0,1.0,0.0,0.0,0.0,0.0,0.0,-0.4,0.0,-0.3,0.0,0.0002,16.0,25903.0
2026-07-21T18:12:11.258Z,3.542,969.744,0.0,0.0,0.0,0.0,2048.0,0.0,0.0,0.0,0.0,1.0,0.0,0.0,0.0,0.0,9.0,7.0,1.0,0.0,0.0,0.0,0.0,0.0,0.0,0.0,5.0,12.0,1.0,12.14,5.0200000000000005,2.5,1.49,0.0,0.0,0.0,0.4,0.0,0.2,-0.3,-0.6000000000000001,-64.0,0.0,0.0,64.2,0.0,22.700000000000003,26.200000000000003,26.200000000000003,26.5,300.0,300.0,29.0,33.0,26.200000000000003,25.4,27.3,4.96,2.0,4.96,0.16,0.0,0.0,1027.0,8228.0,0.0,0.0,0.0,0.0,0.0,1.0,0.0,0.0,0.0,0.0,0.0,-0.2,0.0,-1.0,0.0,0.0,16.0,25903.0
2026-07-21T18:12:11.270Z,3.554,969.756,0.0,0.0,0.0,0.0,2048.0,0.0,0.0,0.0,0.0,1.0,0.0,0.0,0.0,0.0,9.0,7.0,1.0,0.0,0.0,0.0,0.0,0.0,0.0,0.0,6.0,12.0,1.0,12.15,5.01,2.51,1.49,0.0,0.0,0.0,0.4,0.0,0.2,0.1,-0.6000000000000001,-64.0,0.0,0.0,64.2,0.0,22.6,26.200000000000003,26.200000000000003,26.5,300.0,300.0,28.9,33.0,26.200000000000003,25.4,27.3,4.96,2.01,4.97,0.16,0.0,0.0,1027.0,8228.0,0.0,0.0,0.0,0.0,0.0,1.0,0.0,0.0,0.0,0.0,0.0,-0.5,0.0,-0.4,0.0,0.0,16.0,25903.0
2026-07-21T18:12:11.282Z,3.566,969.768,0.0,0.0,0.0,0.0,2048.0,0.0,0.0,0.0,0.0,1.0,0.0,0.0,0.0,0.0,9.0,7.0,1.0,0.0,0.0,0.0,0.0,0.0,0.0,0.0,2.0,12.0,1.0,12.15,5.01,2.51,1.49,0.0,0.0,0.0,0.4,0.0,0.2,0.1,0.0,-64.0,0.0,0.0,64.2,0.0,22.6,26.200000000000003,26.200000000000003,26.5,300.0,300.0,28.9,33.0,26.200000000000003,25.4,27.3,4.95,2.0,4.97,0.16,0.0,0.0,1027.0,8228.0,0.0,0.0,0.0,0.0,0.0,1.0,0.0,0.0,0.0,0.0,0.0,-0.1,0.0,0.1,0.0,0.0,16.0,25903.0
2026-07-21T18:12:11.294Z,3.578,969.78,0.0,0.0,0.0,0.0,2048.0,0.0,0.0,0.0,0.0,1.0,0.0,0.0,0.0,0.0,9.0,7.0,1.0,0.0,0.0,0.0,0.0,0.0,0.0,0.0,3.0,12.0,1.0,12.15,5.01,2.51,1.49,0.0,0.0,0.0,0.4,0.0,0.2,0.1,0.5,-64.0,0.0,0.0,64.0,0.0,22.6,26.200000000000003,26.200000000000003,26.5,300.0,300.0,28.9,33.0,26.200000000000003,25.4,27.3,4.95,2.0,4.97,0.16,0.0,0.0,1027.0,8228.0,0.0,0.0,0.0,0.0,0.0,1.0,0.0,0.0,0.0,0.0,0.0,0.2,0.0,0.6000000000000001,0.0,0.0,16.0,25903.0
2026-07-21T18:12:11.307Z,3.591,969.792,0.0,0.0,0.0,0.0,2048.0,0.0,0.0,0.0,0.0,1.0,0.0,0.0,0.0,0.0,9.0,7.0,1.0,0.0,0.0,0.0,0.0,0.0,0.0,0.0,4.0,12.0,1.0,12.15,5.01,2.51,1.49,0.0,0.0,0.0,0.4,0.0,-0.3,-0.4,1.0,-64.0,0.0,0.0,64.0,0.0,22.6,26.200000000000003,26.200000000000003,26.5,300.0,300.0,28.9,33.0,26.200000000000003,25.4,27.3,4.95,2.0,4.96,0.16,0.0,0.0,1027.0,8228.0,0.0,0.0,0.0,0.0,0.0,1.0,0.0,0.0,0.0,0.0,0.0,0.9,0.0,0.6000000000000001,0.0,0.0003,16.0,25903.0
2026-07-21T18:12:11.318Z,3.602,969.804,0.0,0.0,0.0,0.0,2048.0,0.0,0.0,0.0,0.0,1.0,0.0,0.0,0.0,0.0,9.0,7.0,1.0,0.0,0.0,0.0,0.0,0.0,0.0,0.0,6.0,12.0,1.0,12.15,5.01,2.51,1.49,0.0,0.0,0.0,0.4,0.0,-0.3,1.3,-0.1,-64.0,0.0,0.0,64.2,0.0,22.6,26.200000000000003,26.200000000000003,26.5,300.0,300.0,28.9,33.0,26.200000000000003,25.4,27.3,4.95,2.0,4.97,0.16,0.0,0.0,1027.0,8228.0,0.0,0.0,0.0,0.0,0.0,1.0,0.0,0.0,0.0,0.0,0.0,-0.7000000000000001,0.0,1.2000000000000002,0.0,0.0001,16.0,25903.0
2026-07-21T18:12:11.330Z,3.614,969.816,0.0,0.0,0.0,0.0,2048.0,0.0,0.0,0.0,0.0,1.0,0.0,0.0,0.0,0.0,9.0,7.0,1.0,0.0,0.0,0.0,0.0,0.0,0.0,0.0,1.0,12.0,1.0,12.15,5.01,2.51,1.49,0.0,0.0,0.0,0.4,0.0,-0.3,0.1,-0.6000000000000001,-64.0,0.0,0.0,64.0,0.0,22.6,26.200000000000003,26.200000000000003,26.5,300.0,300.0,28.9,33.0,26.200000000000003,25.4,27.3,4.95,2.0,4.97,0.16,0.0,0.0,1027.0,8228.0,0.0,0.0,0.0,0.0,0.0,1.0,0.0,0.0,0.0,0.0,0.0,-0.5,0.0,-0.4,0.0,0.0002,16.0,25903.0
2026-07-21T18:12:11.342Z,3.626,969.828,0.0,0.0,0.0,0.0,2048.0,0.0,0.0,0.0,0.0,1.0,0.0,0.0,0.0,0.0,9.0,7.0,1.0,0.0,0.0,0.0,0.0,0.0,0.0,0.0,2.0,12.0,1.0,12.15,5.01,2.51,1.49,0.0,0.0,0.0,0.4,0.0,0.8,0.1,0.0,-64.0,0.0,0.0,64.2,0.0,22.6,26.200000000000003,26.200000000000003,26.5,300.0,300.0,28.9,33.0,26.200000000000003,25.4,27.3,4.96,2.0,4.96,0.16,0.0,0.0,1027.0,8228.0,0.0,0.0,0.0,0.0,0.0,1.0,0.0,0.0,0.0,0.0,0.0,-0.1,0.0,0.1,0.0,0.0001,16.0,25903.0
2026-07-21T18:12:11.355Z,3.639,969.84,0.0,0.0,0.0,0.0,2048.0,0.0,0.0,0.0,0.0,1.0,0.0,0.0,0.0,0.0,9.0,7.0,1.0,0.0,0.0,0.0,0.0,0.0,0.0,0.0,4.0,12.0,1.0,12.15,5.01,2.51,1.49,0.0,0.0,0.0,0.4,0.0,0.8,-0.3,-0.6000000000000001,-64.0,0.0,0.0,64.2,0.0,22.6,26.200000000000003,26.200000000000003,26.5,300.0,300.0,28.9,33.0,26.200000000000003,25.4,27.3,4.95,2.0,4.96,0.16,0.0,0.0,1027.0,8228.0,0.0,0.0,0.0,0.0,0.0,1.0,0.0,0.0,0.0,0.0,0.0,-0.2,0.0,-1.0,0.0,0.0001,16.0,25903.0
2026-07-21T18:12:11.367Z,3.651,969.852,0.0,0.0,0.0,0.0,2048.0,0.0,0.0,0.0,0.0,1.0,0.0,0.0,0.0,0.0,9.0,7.0,1.0,0.0,0.0,0.0,0.0,0.0,0.0,0.0,5.0,12.0,1.0,12.27,5.0200000000000005,2.51,1.49,0.0,0.0,0.0,0.4,0.0,-0.3,0.7000000000000001,0.0,-64.0,0.0,0.0,64.2,0.0,22.3,26.200000000000003,26.200000000000003,26.5,300.0,300.0,28.9,33.0,26.200000000000003,25.4,27.3,4.95,2.0,4.97,0.16,0.0,0.0,1027.0,8228.0,0.0,0.0,0.0,0.0,0.0,1.0,0.0,0.0,0.0,0.0,0.0,-0.4,0.0,0.6000000000000001,0.0,0.0,16.0,25903.0
2026-07-21T18:12:11.378Z,3.662,969.864,0.0,0.0,0.0,0.0,2048.0,0.0,0.0,0.0,0.0,1.0,0.0,0.0,0.0,0.0,9.0,7.0,1.0,0.0,0.0,0.0,0.0,0.0,0.0,0.0,6.0,12.0,1.0,12.27,5.0200000000000005,2.51,1.49,0.0,0.0,0.0,0.4,0.0,-0.3,-0.4,-1.8,-64.0,0.0,0.0,64.0,0.0,22.3,26.200000000000003,26.200000000000003,26.5,300.0,300.0,28.9,33.0,26.200000000000003,25.4,27.3,4.95,2.0,4.97,0.15,0.0,0.0,1027.0,8228.0,0.0,0.0,0.0,0.0,0.0,1.0,0.0,0.0,0.0,0.0,0.0,-0.9,0.0,-2.2,0.0,0.0,16.0,25903.0
2026-07-21T18:12:11.390Z,3.674,969.876,0.0,0.0,0.0,0.0,2048.0,0.0,0.0,0.0,0.0,1.0,0.0,0.0,0.0,0.0,9.0,7.0,1.0,0.0,0.0,0.0,0.0,0.0,0.0,0.0,1.0,12.0,1.0,12.27,5.0200000000000005,2.51,1.49,0.0,0.0,0.0,0.4,0.0,-0.3,-1.0,0.0,-64.0,0.0,0.0,64.0,0.0,22.3,26.200000000000003,26.200000000000003,26.5,300.0,300.0,28.9,33.0,26.200000000000003,25.4,27.3,4.96,2.0,4.96,0.16,0.0,0.0,1027.0,8228.0,0.0,0.0,0.0,0.0,0.0,1.0,0.0,0.0,0.0,0.0,0.0,0.4,0.0,-1.1,0.0,0.0003,16.0,25903.0
2026-07-21T18:12:11.402Z,3.686,969.888,0.0,0.0,0.0,0.0,2048.0,0.0,0.0,0.0,0.0,1.0,0.0,0.0,0.0,0.0,9.0,7.0,1.0,0.0,0.0,0.0,0.0,0.0,0.0,0.0,2.0,12.0,1.0,12.27,5.0200000000000005,2.51,1.49,0.0,0.0,0.0,0.4,0.0,1.4,0.6000000000000001,-0.5,-64.0,0.0,0.0,64.0,0.0,22.3,26.200000000000003,26.200000000000003,26.5,300.0,300.0,28.9,33.0,26.200000000000003,25.4,27.3,4.95,2.0,4.96,0.16,0.0,0.0,1027.0,8228.0,0.0,0.0,0.0,0.0,0.0,1.0,0.0,0.0,0.0,0.0,0.0,-0.7000000000000001,0.0,0.1,0.0,0.0,16.0,25903.0
2026-07-21T18:12:11.414Z,3.698,969.9,0.0,0.0,0.0,0.0,2048.0,0.0,0.0,0.0,0.0,1.0,0.0,0.0,0.0,0.0,9.0,7.0,1.0,0.0,0.0,0.0,0.0,0.0,0.0,0.0,3.0,12.0,1.0,12.27,5.0200000000000005,2.51,1.49,0.0,0.0,0.0,0.4,0.0,0.2,1.2000000000000002,1.1,-64.0,0.0,0.0,64.0,0.0,22.3,26.200000000000003,26.200000000000003,26.5,300.0,300.0,28.9,33.0,26.200000000000003,25.4,27.3,4.95,2.0,4.96,0.16,0.0,0.0,1027.0,8228.0,0.0,0.0,0.0,0.0,0.0,1.0,0.0,0.0,0.0,0.0,0.0,1.0,0.0,1.7000000000000002,0.0,0.0,16.0,25903.0
2026-07-21T18:12:11.427Z,3.711,969.912,0.0,0.0,0.0,0.0,2048.0,0.0,0.0,0.0,0.0,1.0,0.0,0.0,0.0,0.0,9.0,7.0,1.0,0.0,0.0,0.0,0.0,0.0,0.0,0.0,4.0,12.0,1.0,12.27,5.0200000000000005,2.51,1.49,0.0,0.0,0.0,0.4,0.0,-0.9,0.0,0.6000000000000001,-64.0,0.0,0.0,64.0,0.0,22.3,26.200000000000003,26.200000000000003,26.5,300.0,300.0,28.9,33.0,26.200000000000003,25.4,27.3,4.95,2.0,4.96,0.16,0.0,0.0,1027.0,8228.0,0.0,0.0,0.0,0.0,0.0,1.0,0.0,0.0,0.0,0.0,0.0,0.1,0.0,2.4000000000000004,0.0,0.0,16.0,25903.0
2026-07-21T18:12:11.438Z,3.722,969.924,0.0,0.0,0.0,0.0,2048.0,0.0,0.0,0.0,0.0,1.0,0.0,0.0,0.0,0.0,9.0,7.0,1.0,0.0,0.0,0.0,0.0,0.0,0.0,0.0,5.0,12.0,1.0,12.27,5.0200000000000005,2.51,1.49,0.0,0.0,0.0,0.4,0.0,-0.3,-1.0,-0.6000000000000001,-64.0,0.0,0.0,64.0,0.0,22.3,26.200000000000003,26.200000000000003,26.5,300.0,300.0,28.9,33.0,26.200000000000003,25.4,27.3,4.95,2.0,4.96,0.16,0.0,0.0,1027.0,8228.0,0.0,0.0,0.0,0.0,0.0,1.0,0.0,0.0,0.0,0.0,0.0,0.3,0.0,0.6000000000000001,0.0,0.0,16.0,25903.0
2026-07-21T18:12:11.450Z,3.734,969.936,0.0,0.0,0.0,0.0,2048.0,0.0,0.0,0.0,0.0,1.0,0.0,0.0,0.0,0.0,9.0,7.0,1.0,0.0,0.0,0.0,0.0,0.0,0.0,0.0,6.0,12.0,1.0,12.27,5.0200000000000005,2.51,1.49,0.0,0.0,0.0,0.4,0.0,-0.3,-0.5,-0.6000000000000001,-64.0,0.0,0.0,64.10000000000001,0.0,22.3,26.200000000000003,26.200000000000003,26.5,300.0,300.0,28.9,33.0,26.200000000000003,25.4,27.3,4.95,2.0,4.97,0.16,0.0,0.0,1027.0,8228.0,0.0,0.0,0.0,0.0,0.0,1.0,0.0,0.0,0.0,0.0,0.0,-0.1,0.0,-1.1,0.0,0.0,16.0,25903.0
2026-07-21T18:12:11.462Z,3.746,969.948,0.0,0.0,0.0,0.0,2048.0,0.0,0.0,0.0,0.0,1.0,0.0,0.0,0.0,0.0,9.0,7.0,1.0,0.0,0.0,0.0,0.0,0.0,0.0,0.0,1.0,12.0,1.0,12.27,5.0200000000000005,2.51,1.49,0.0,0.0,0.0,0.4,0.0,-0.3,-0.5,-0.5,-64.0,0.0,0.0,64.2,0.0,22.3,26.200000000000003,26.200000000000003,26.5,300.0,300.0,28.9,33.0,26.200000000000003,25.4,27.3,4.95,2.01,4.96,0.16,0.0,0.0,1027.0,8228.0,0.0,0.0,0.0,0.0,0.0,1.0,0.0,0.0,0.0,0.0,0.0,-0.1,0.0,-1.0,0.0,0.0003,16.0,25903.0
2026-07-21T18:12:11.474Z,3.758,969.96,0.0,0.0,0.0,0.0,2048.0,0.0,0.0,0.0,0.0,1.0,0.0,0.0,0.0,0.0,9.0,7.0,1.0,0.0,0.0,0.0,0.0,0.0,0.0,0.0,3.0,12.0,1.0,12.18,5.01,2.51,1.49,0.0,0.1,0.0,0.4,0.0,-0.3,-0.4,0.5,-64.0,0.0,0.0,64.0,0.0,22.8,26.200000000000003,26.200000000000003,26.6,300.0,300.0,28.8,32.9,26.200000000000003,25.4,27.3,4.96,2.0,4.96,0.16,0.0,0.0,1027.0,8228.0,0.0,0.0,0.0,0.0,0.0,1.0,0.0,0.0,0.0,0.0,0.0,0.6000000000000001,0.0,0.0,0.0,0.0001,16.0,25903.0
2026-07-21T18:12:11.487Z,3.771,969.972,0.0,0.0,0.0,0.0,2048.0,0.0,0.0,0.0,0.0,1.0,0.0,0.0,0.0,0.0,9.0,7.0,1.0,0.0,0.0,0.0,0.0,0.0,0.0,0.0,4.0,12.0,1.0,12.18,5.01,2.51,1.49,0.0,0.0,0.0,0.4,0.0,-0.3,-1.0,1.1,-64.0,0.0,0.0,64.0,0.0,22.8,26.200000000000003,26.200000000000003,26.6,300.0,300.0,28.8,32.9,26.200000000000003,25.4,27.3,4.95,2.0,4.96,0.16,0.0,0.0,1027.0,8228.0,0.0,0.0,0.0,0.0,0.0,1.0,0.0,0.0,0.0,0.0,0.0,1.2000000000000002,0.0,0.0,0.0,0.0003,16.0,25903.0
2026-07-21T18:12:11.499Z,3.783,969.984,0.0,0.0,0.0,0.0,2048.0,0.0,0.0,0.0,0.0,1.0,0.0,0.0,0.0,0.0,9.0,7.0,1.0,0.0,0.0,0.0,0.0,0.0,0.0,0.0,6.0,12.0,1.0,12.18,5.01,2.51,1.49,0.0,0.0,0.0,0.4,0.0,0.2,0.1,0.6000000000000001,-64.0,0.0,0.0,64.0,0.0,22.8,26.200000000000003,26.200000000000003,26.6,300.0,300.0,28.8,32.9,26.200000000000003,25.4,27.3,4.96,2.0,4.96,0.16,0.0,0.0,1027.0,8228.0,0.0,0.0,0.0,0.0,0.0,1.0,0.0,0.0,0.0,0.0,0.0,0.3,0.0,0.7000000000000001,0.0,0.0,16.0,25903.0
2026-07-21T18:12:11.510Z,3.794,969.996,0.0,0.0,0.0,0.0,2048.0,0.0,0.0,0.0,0.0,1.0,0.0,0.0,0.0,0.0,9.0,7.0,1.0,0.0,0.0,0.0,0.0,0.0,0.0,0.0,2.0,12.0,1.0,12.18,5.01,2.51,1.49,0.0,0.0,0.0,0.4,0.0,0.8,0.0,0.0,-64.0,0.0,0.0,64.0,0.0,22.8,26.200000000000003,26.200000000000003,26.6,300.0,300.0,28.8,32.9,26.200000000000003,25.4,27.3,4.96,2.0,4.96,0.16,0.0,0.0,1027.0,8228.0,0.0,0.0,0.0,0.0,0.0,1.0,0.0,0.0,0.0,0.0,0.0,0.0,0.0,0.0,0.0,0.0,16.0,25903.0
2026-07-21T18:12:11.522Z,3.806,970.008,0.0,0.0,0.0,0.0,2048.0,0.0,0.0,0.0,0.0,1.0,0.0,0.0,0.0,0.0,9.0,7.0,1.0,0.0,0.0,0.0,0.0,0.0,0.0,0.0,3.0,12.0,1.0,12.18,5.01,2.51,1.49,0.0,0.0,0.0,0.4,0.0,-0.3,0.0,-0.5,-64.0,0.0,0.0,64.0,0.0,22.8,26.200000000000003,26.200000000000003,26.6,300.0,300.0,28.8,32.9,26.200000000000003,25.4,27.3,4.95,2.0,4.96,0.16,0.0,0.0,1027.0,8228.0,0.0,0.0,0.0,0.0,0.0,1.0,0.0,0.0,0.0,0.0,0.0,-0.4,0.0,-0.4,0.0,0.0,16.0,25903.0
2026-07-21T18:12:11.535Z,3.819,970.02,0.0,0.0,0.0,0.0,2048.0,0.0,0.0,0.0,0.0,1.0,0.0,0.0,0.0,0.0,9.0,7.0,1.0,0.0,0.0,0.0,0.0,0.0,0.0,0.0,4.0,12.0,1.0,12.18,5.01,2.51,1.49,0.0,0.0,0.0,0.4,0.0,-0.3,-0.4,0.6000000000000001,-64.0,0.0,0.0,64.0,0.0,22.8,26.200000000000003,26.200000000000003,26.6,300.0,300.0,28.8,32.9,26.200000000000003,25.4,27.3,4.95,2.0,4.97,0.16,0.0,0.0,1027.0,8228.0,0.0,0.0,0.0,0.0,0.0,1.0,0.0,0.0,0.0,0.0,0.0,0.6000000000000001,0.0,0.1,0.0,0.0,16.0,25903.0
2026-07-21T18:12:11.547Z,3.831,970.032,0.0,0.0,0.0,0.0,2048.0,0.0,0.0,0.0,0.0,1.0,0.0,0.0,0.0,0.0,9.0,7.0,1.0,0.0,0.0,0.0,0.0,0.0,0.0,0.0,5.0,12.0,1.0,12.18,5.01,2.51,1.49,0.0,0.0,0.0,0.4,0.0,-0.3,-1.6,-1.0,-64.0,0.0,0.0,64.2,0.0,22.8,26.200000000000003,26.200000000000003,26.6,300.0,300.0,28.8,32.9,26.200000000000003,25.4,27.3,4.96,2.01,4.96,0.16,0.0,0.0,1027.0,8228.0,0.0,0.0,0.0,0.0,0.0,1.0,0.0,0.0,0.0,0.0,0.0,0.0,0.0,-2.7,0.0,0.0,16.0,25903.0
2026-07-21T18:12:11.559Z,3.843,970.044,0.0,0.0,0.0,0.0,2048.0,0.0,0.0,0.0,0.0,1.0,0.0,0.0,0.0,0.0,9.0,7.0,1.0,0.0,0.0,0.0,0.0,0.0,0.0,0.0,6.0,12.0,1.0,12.18,5.01,2.51,1.49,0.0,0.0,0.0,0.4,0.0,-0.3,0.7000000000000001,0.6000000000000001,-64.0,0.0,0.0,64.2,0.0,22.8,26.200000000000003,26.200000000000003,26.6,300.0,300.0,28.8,32.9,26.200000000000003,25.4,27.3,4.96,2.0,4.97,0.16,0.0,0.0,1027.0,8228.0,0.0,0.0,0.0,0.0,0.0,1.0,0.0,0.0,0.0,0.0,0.0,0.0,0.0,1.3,0.0,0.0003,16.0,25903.0
2026-07-21T18:12:11.571Z,3.855,970.056,0.0,0.0,0.0,0.0,2048.0,0.0,0.0,0.0,0.0,1.0,0.0,0.0,0.0,0.0,9.0,7.0,1.0,0.0,0.0,0.0,0.0,0.0,0.0,0.0,1.0,12.0,1.0,12.18,5.01,2.5,1.49,0.0,0.0,0.0,0.4,0.0,-0.3,1.9,1.2000000000000002,-64.0,0.0,0.0,64.0,0.0,22.3,26.200000000000003,26.200000000000003,26.5,300.0,300.0,29.0,32.9,26.200000000000003,25.4,27.3,4.95,2.0,4.97,0.16,0.0,0.0,1027.0,8228.0,0.0,0.0,0.0,0.0,0.0,1.0,0.0,0.0,0.0,0.0,0.0,-0.1,0.0,3.1,0.0,0.0,16.0,25903.0
2026-07-21T18:12:11.583Z,3.867,970.068,0.0,0.0,0.0,0.0,2048.0,0.0,0.0,0.0,0.0,1.0,0.0,0.0,0.0,0.0,9.0,7.0,1.0,0.0,0.0,0.0,0.0,0.0,0.0,0.0,1.0,12.0,1.0,12.18,5.01,2.5,1.49,0.0,0.0,0.0,0.4,0.0,-0.3,-1.0,-1.1,-64.0,0.0,0.0,64.0,0.0,22.3,26.200000000000003,26.200000000000003,26.5,300.0,300.0,29.0,32.9,26.200000000000003,25.4,27.3,4.95,2.0,4.96,0.16,0.0,0.0,1027.0,8228.0,0.0,0.0,0.0,0.0,0.0,1.0,0.0,0.0,0.0,0.0,0.0,-0.2,0.0,-2.1,0.0,0.0004,16.0,25903.0
2026-07-21T18:12:11.595Z,3.879,970.08,0.0,0.0,0.0,0.0,2048.0,0.0,0.0,0.0,0.0,1.0,0.0,0.0,0.0,0.0,9.0,7.0,1.0,0.0,0.0,0.0,0.0,0.0,0.0,0.0,2.0,12.0,1.0,12.18,5.01,2.5,1.49,0.0,0.0,0.0,0.4,0.0,-0.3,-0.4,0.5,-64.0,0.0,0.0,64.0,0.0,22.3,26.200000000000003,26.200000000000003,26.5,300.0,300.0,29.0,32.9,26.200000000000003,25.4,27.3,4.96,2.01,4.96,0.16,0.0,0.0,1027.0,8228.0,0.0,0.0,0.0,0.0,0.0,1.0,0.0,0.0,0.0,0.0,0.0,0.5,0.0,0.0,0.0,0.0001,16.0,25903.0
2026-07-21T18:12:11.606Z,3.89,970.092,0.0,0.0,0.0,0.0,2048.0,0.0,0.0,0.0,0.0,1.0,0.0,0.0,0.0,0.0,9.0,7.0,1.0,0.0,0.0,0.0,0.0,0.0,0.0,0.0,3.0,12.0,1.0,12.18,5.01,2.5,1.49,0.0,0.0,0.0,0.4,0.0,0.2,0.7000000000000001,0.5,-64.0,0.0,0.0,64.0,0.0,22.3,26.200000000000003,26.200000000000003,26.5,300.0,300.0,29.0,32.9,26.200000000000003,25.4,27.3,4.96,2.0,4.97,0.16,0.0,0.0,1027.0,8228.0,0.0,0.0,0.0,0.0,0.0,1.0,0.0,0.0,0.0,0.0,0.0,0.0,0.0,1.2000000000000002,0.0,0.0,16.0,25903.0
2026-07-21T18:12:11.618Z,3.902,970.104,0.0,0.0,0.0,0.0,2048.0,0.0,0.0,0.0,0.0,1.0,0.0,0.0,0.0,0.0,9.0,7.0,1.0,0.0,0.0,0.0,0.0,0.0,0.0,0.0,4.0,12.0,1.0,12.18,5.01,2.5,1.49,0.0,0.1,0.0,0.4,0.0,-0.3,0.1,0.5,-64.0,0.0,0.0,64.2,0.0,22.3,26.200000000000003,26.200000000000003,26.5,300.0,300.0,29.0,32.9,26.200000000000003,25.4,27.3,4.95,2.0,4.97,0.16,0.0,0.0,1027.0,8228.0,0.0,0.0,0.0,0.0,0.0,1.0,0.0,0.0,0.0,0.0,0.0,0.2,0.0,0.6000000000000001,0.0,0.0,16.0,25903.0
2026-07-21T18:12:11.630Z,3.914,970.116,0.0,0.0,0.0,0.0,2048.0,0.0,0.0,0.0,0.0,1.0,0.0,0.0,0.0,0.0,9.0,7.0,1.0,0.0,0.0,0.0,0.0,0.0,0.0,0.0,3.0,12.0,1.0,12.18,5.01,2.5,1.49,0.0,0.0,0.0,0.4,0.0,0.8,-0.4,1.1,-64.0,0.0,0.0,64.2,0.0,22.3,26.200000000000003,26.200000000000003,26.5,300.0,300.0,29.0,32.9,26.200000000000003,25.4,27.3,4.96,2.0,4.96,0.16,0.0,0.0,1027.0,8228.0,0.0,0.0,0.0,0.0,0.0,1.0,0.0,0.0,0.0,0.0,0.0,0.9,0.0,0.6000000000000001,0.0,0.0004,16.0,25903.0
2026-07-21T18:12:11.643Z,3.927,970.128,0.0,0.0,0.0,0.0,2048.0,0.0,0.0,0.0,0.0,1.0,0.0,0.0,0.0,0.0,9.0,7.0,1.0,0.0,0.0,0.0,0.0,0.0,0.0,0.0,4.0,12.0,1.0,12.18,5.01,2.5,1.49,0.0,0.0,0.0,0.4,0.0,-0.3,-1.0,0.0,-64.0,0.0,0.0,64.2,0.0,22.3,26.200000000000003,26.200000000000003,26.5,300.0,300.0,29.0,32.9,26.200000000000003,25.4,27.3,4.95,2.0,4.96,0.16,0.0,0.0,1027.0,8228.0,0.0,0.0,0.0,0.0,0.0,1.0,0.0,0.0,0.0,0.0,0.0,0.5,0.0,-1.0,0.0,0.0001,16.0,25903.0
2026-07-21T18:12:11.655Z,3.939,970.14,0.0,0.0,0.0,0.0,2048.0,0.0,0.0,0.0,0.0,1.0,0.0,0.0,0.0,0.0,9.0,7.0,1.0,0.0,0.0,0.0,0.0,0.0,0.0,0.0,6.0,12.0,1.0,12.18,5.01,2.5,1.49,0.0,0.0,0.0,0.4,0.0,0.2,0.1,0.0,-64.0,0.0,0.0,64.2,0.0,22.3,26.200000000000003,26.200000000000003,26.5,300.0,300.0,29.0,32.9,26.200000000000003,25.4,27.3,4.95,2.0,4.96,0.16,0.0,0.0,1027.0,8228.0,0.0,0.0,0.0,0.0,0.0,1.0,0.0,0.0,0.0,0.0,0.0,0.0,0.0,0.1,0.0,0.0,16.0,25903.0
2026-07-21T18:12:11.666Z,3.95,970.152,0.0,0.0,0.0,0.0,2048.0,0.0,0.0,0.0,0.0,1.0,0.0,0.0,0.0,0.0,9.0,7.0,1.0,0.0,0.0,0.0,0.0,0.0,0.0,0.0,6.0,12.0,1.0,12.18,5.01,2.5,1.49,0.0,0.0,0.0,0.4,0.0,-0.2,1.2000000000000002,0.6000000000000001,-64.0,0.0,0.0,64.0,0.0,22.3,26.200000000000003,26.200000000000003,26.5,300.0,300.0,29.0,32.9,26.200000000000003,25.4,27.3,4.96,2.01,4.96,0.16,0.0,0.0,1027.0,8228.0,0.0,0.0,0.0,0.0,0.0,1.0,0.0,0.0,0.0,0.0,0.0,-0.2,0.0,1.9,0.0,0.0,16.0,25903.0
2026-07-21T18:12:11.678Z,3.962,970.164,0.0,0.0,0.0,0.0,2048.0,0.0,0.0,0.0,0.0,1.0,0.0,0.0,0.0,0.0,9.0,7.0,1.0,0.0,0.0,0.0,0.0,0.0,0.0,0.0,1.0,12.0,1.0,12.17,5.01,2.5,1.49,0.0,0.1,0.0,0.4,0.0,-0.2,-1.6,0.0,-64.0,0.0,0.0,64.0,0.0,23.200000000000003,26.200000000000003,26.200000000000003,26.5,300.0,300.0,28.9,32.9,26.200000000000003,25.4,27.3,4.95,2.01,4.96,0.16,0.0,0.0,1027.0,8228.0,0.0,0.0,0.0,0.0,0.0,1.0,0.0,0.0,0.0,0.0,0.0,0.8,0.0,-1.6,0.0,0.0003,16.0,25903.0
2026-07-21T18:12:11.690Z,3.974,970.176,0.0,0.0,0.0,0.0,2048.0,0.0,0.0,0.0,0.0,1.0,0.0,0.0,0.0,0.0,9.0,7.0,1.0,0.0,0.0,0.0,0.0,0.0,0.0,0.0,2.0,12.0,1.0,12.17,5.01,2.5,1.49,0.0,0.1,0.0,0.4,0.0,-0.2,0.1,0.0,-64.0,0.0,0.0,64.0,0.0,23.200000000000003,26.200000000000003,26.200000000000003,26.5,300.0,300.0,28.9,32.9,26.200000000000003,25.4,27.3,4.95,2.0,4.97,0.16,0.0,0.0,1027.0,8228.0,0.0,0.0,0.0,0.0,0.0,1.0,0.0,0.0,0.0,0.0,0.0,0.0,0.0,0.2,0.0,0.0001,16.0,25903.0
2026-07-21T18:12:11.702Z,3.986,970.188,0.0,0.0,0.0,0.0,2048.0,0.0,0.0,0.0,0.0,1.0,0.0,0.0,0.0,0.0,9.0,7.0,1.0,0.0,0.0,0.0,0.0,0.0,0.0,0.0,3.0,12.0,1.0,12.17,5.01,2.5,1.49,0.0,0.0,0.0,0.4,0.0,-0.2,-1.0,0.0,-64.0,0.0,0.0,64.0,0.0,23.200000000000003,26.200000000000003,26.200000000000003,26.5,300.0,300.0,28.9,32.9,26.200000000000003,25.4,27.3,4.95,2.01,4.96,0.16,0.0,0.0,1027.0,8228.0,0.0,0.0,0.0,0.0,0.0,1.0,0.0,0.0,0.0,0.0,0.0,0.5,0.0,-0.9,0.0,0.0,16.0,25903.0
2026-07-21T18:12:11.714Z,3.998,970.2,0.0,0.0,0.0,0.0,2048.0,0.0,0.0,0.0,0.0,0.0,0.0,0.0,0.0,0.0,9.0,7.0,1.0,0.0,0.0,0.0,0.0,0.0,0.0,0.0,4.0,12.0,1.0,12.17,5.01,2.5,1.49,-0.1,0.1,0.0,0.4,0.0,-0.2,0.7000000000000001,0.0,-64.0,0.0,0.0,64.0,0.0,23.200000000000003,26.200000000000003,26.200000000000003,26.5,300.0,300.0,28.9,32.9,26.200000000000003,25.4,27.3,4.95,2.0,4.96,0.16,0.0,0.0,1027.0,8228.0,0.0,0.0,0.0,0.0,0.0,1.0,0.0,0.0,0.0,0.0,0.0,-0.3,0.0,0.7000000000000001,0.0,0.0,16.0,25903.0
2026-07-21T18:12:11.726Z,4.01,970.212,0.0,0.0,0.0,0.0,2048.0,0.0,0.0,0.0,0.0,0.0,0.0,0.0,0.0,0.0,9.0,7.0,1.0,0.0,0.0,0.0,0.0,0.0,0.0,0.0,4.0,12.0,1.0,12.17,5.01,2.5,1.49,0.0,0.0,0.0,0.4,0.0,0.9,1.3,0.6000000000000001,-64.0,0.0,0.0,64.0,0.0,23.200000000000003,26.200000000000003,26.200000000000003,26.5,300.0,300.0,28.9,32.9,26.200000000000003,25.4,27.3,4.95,2.0,4.97,0.16,0.0,0.0,1027.0,8228.0,0.0,0.0,0.0,0.0,0.0,1.0,0.0,0.0,0.0,0.0,0.0,-0.2,0.0,1.9,0.0,0.0,16.0,25903.0
2026-07-21T18:12:11.739Z,4.023,970.224,0.0,0.0,0.0,0.0,2048.0,0.0,0.0,0.0,0.0,0.0,0.0,0.0,0.0,0.0,9.0,7.0,1.0,0.0,0.0,0.0,0.0,0.0,0.0,0.0,5.0,12.0,1.0,12.17,5.01,2.5,1.49,0.0,0.0,0.0,0.4,0.0,-0.2,-1.0,0.6000000000000001,-64.0,0.0,0.0,64.0,0.0,23.200000000000003,26.200000000000003,26.200000000000003,26.5,300.0,300.0,28.9,32.9,26.200000000000003,25.4,27.3,4.96,2.01,4.97,0.16,0.0,0.0,1027.0,8228.0,0.0,0.0,0.0,0.0,0.0,1.0,0.0,0.0,0.0,0.0,0.0,0.9,0.0,-0.4,0.0,0.0,16.0,25903.0
2026-07-21T18:12:11.751Z,4.035,970.236,0.1,0.0,0.0,0.0,2048.0,0.0,0.0,0.0,0.0,0.0,0.0,0.0,0.0,0.0,9.0,7.0,1.0,0.0,0.0,0.0,0.0,0.0,0.0,0.0,6.0,12.0,1.0,12.17,5.01,2.5,1.49,0.0,0.1,0.0,0.4,0.0,-0.2,0.1,0.0,-64.0,0.0,0.0,64.2,0.0,23.200000000000003,26.200000000000003,26.200000000000003,26.5,300.0,300.0,28.9,32.9,26.200000000000003,25.4,27.3,4.96,2.0,4.96,0.16,0.0,0.0,1027.0,8228.0,0.0,0.0,0.0,0.0,0.0,1.0,0.0,0.0,0.0,0.0,0.0,0.0,0.0,0.2,0.0,0.0,16.0,25903.0
2026-07-21T18:12:11.762Z,4.046,970.248,0.0,0.0,0.0,0.0,2048.0,0.0,0.0,0.0,0.0,0.0,0.0,0.0,0.0,0.0,9.0,7.0,1.0,0.0,0.0,0.0,0.0,0.0,0.0,0.0,2.0,12.0,1.0,12.17,5.01,2.5,1.49,0.0,0.0,0.0,0.4,0.0,0.3,-0.4,-0.5,-64.0,0.0,0.0,64.0,0.0,23.200000000000003,26.200000000000003,26.200000000000003,26.5,300.0,300.0,28.9,32.9,26.200000000000003,25.4,27.3,4.96,2.0,4.96,0.16,0.0,0.0,1027.0,8228.0,0.0,0.0,0.0,0.0,0.0,1.0,0.0,0.0,0.0,0.0,0.0,0.0,0.0,-0.9,0.0,0.0003,16.0,25903.0
2026-07-21T18:12:11.775Z,4.059,970.26,0.1,0.0,0.0,0.0,2048.0,0.0,0.0,0.0,0.0,0.0,0.0,0.0,0.0,0.0,9.0,7.0,1.0,0.0,0.0,0.0,0.0,0.0,0.0,0.0,3.0,12.0,1.0,12.18,5.01,2.51,1.49,0.0,0.0,0.0,0.4,0.0,0.2,-0.5,-0.5,-64.0,0.0,0.0,64.0,0.0,22.4,26.200000000000003,26.200000000000003,26.5,300.0,300.0,28.8,32.9,26.200000000000003,25.4,27.3,4.95,2.0,4.96,0.16,0.0,0.0,1027.0,8228.0,0.0,0.0,0.0,0.0,0.0,1.0,0.0,0.0,0.0,0.0,0.0,0.0,0.0,-1.0,0.0,0.0001,16.0,25903.0
2026-07-21T18:12:11.786Z,4.07,970.272,0.1,0.0,0.0,0.0,2048.0,0.0,0.0,0.0,0.0,0.0,0.0,0.0,0.0,0.0,9.0,7.0,1.0,0.0,0.0,0.0,0.0,0.0,0.0,0.0,4.0,12.0,1.0,12.18,5.01,2.51,1.49,0.0,0.0,0.0,0.5,0.0,0.2,-0.5,-0.4,-64.0,0.0,0.0,64.0,0.0,22.4,26.200000000000003,26.200000000000003,26.5,300.0,300.0,28.8,32.9,26.200000000000003,25.4,27.3,4.95,2.0,4.96,0.16,0.0,0.0,1027.0,8228.0,0.0,0.0,0.0,0.0,0.0,1.0,0.0,0.0,0.0,0.0,0.0,0.0,0.0,-1.0,0.0,0.0002,16.0,25903.0
2026-07-21T18:12:11.798Z,4.082,970.284,0.0,0.0,0.0,0.0,2048.0,0.0,0.0,0.0,0.0,0.0,0.0,0.0,0.0,0.0,9.0,7.0,1.0,0.0,0.0,0.0,0.0,0.0,0.0,0.0,5.0,12.0,1.0,12.18,5.01,2.51,1.49,0.0,0.1,0.0,0.4,0.0,0.2,1.2000000000000002,1.2000000000000002,-64.0,0.0,0.0,64.0,0.0,22.4,26.200000000000003,26.200000000000003,26.5,300.0,300.0,28.8,32.9,26.200000000000003,25.4,27.3,4.95,2.0,4.97,0.16,0.0,0.0,1027.0,8228.0,0.0,0.0,0.0,0.0,0.0,1.0,0.0,0.0,0.0,0.0,0.0,0.1,0.0,2.4000000000000004,0.0,0.0,16.0,25903.0
2026-07-21T18:12:11.811Z,4.095,970.296,0.0,0.0,0.0,0.0,2048.0,0.0,0.0,0.0,0.0,0.0,0.0,0.0,0.0,0.0,9.0,7.0,1.0,0.0,0.0,0.0,0.0,0.0,0.0,0.0,6.0,12.0,1.0,12.18,5.01,2.51,1.49,0.0,0.0,0.0,0.4,0.0,-0.8,-0.5,-0.5,-64.0,0.0,0.0,64.0,0.0,22.4,26.200000000000003,26.200000000000003,26.5,300.0,300.0,28.8,32.9,26.200000000000003,25.4,27.3,4.95,2.0,4.97,0.16,0.0,0.0,1027.0,8228.0,0.0,0.0,0.0,0.0,0.0,1.0,0.0,0.0,0.0,0.0,0.0,0.0,0.0,-1.0,0.0,0.0,16.0,25903.0
2026-07-21T18:12:11.822Z,4.106,970.308,0.0,0.0,0.0,0.0,2048.0,0.0,0.0,0.0,0.0,0.0,0.0,0.0,0.0,0.0,9.0,7.0,1.0,0.0,0.0,0.0,0.0,0.0,0.0,0.0,1.0,12.0,1.0,12.18,5.01,2.51,1.49,0.0,0.1,0.0,0.5,0.0,0.3,-0.4,0.1,-64.0,0.0,0.0,64.0,0.0,22.4,26.200000000000003,26.200000000000003,26.5,300.0,300.0,28.8,32.9,26.200000000000003,25.4,27.3,4.96,2.0,4.97,0.16,0.0,0.0,1027.0,8228.0,0.0,0.0,0.0,0.0,0.0,1.0,0.0,0.0,0.0,0.0,0.0,0.3,0.0,-0.4,0.0,0.0,16.0,25903.0
2026-07-21T18:12:11.835Z,4.119,970.32,0.1,0.0,0.0,0.0,2048.0,0.0,0.0,0.0,0.0,0.0,0.0,0.0,0.0,0.0,9.0,7.0,1.0,0.0,0.0,0.0,0.0,0.0,0.0,0.0,2.0,12.0,1.0,12.18,5.01,2.51,1.49,0.0,0.0,0.0,0.4,0.0,-0.2,0.0,0.7000000000000001,-64.0,0.0,0.0,64.0,0.0,22.4,26.200000000000003,26.200000000000003,26.5,300.0,300.0,28.8,32.9,26.200000000000003,25.4,27.3,4.95,2.01,4.96,0.16,0.0,0.0,1027.0,8228.0,0.0,0.0,0.0,0.0,0.0,1.0,0.0,0.0,0.0,0.0,0.0,0.4,0.0,0.7000000000000001,0.0,0.0001,16.0,25903.0
2026-07-21T18:12:11.846Z,4.13,970.332,0.0,0.0,0.0,0.0,2048.0,0.0,0.0,0.0,0.0,0.0,0.0,0.0,0.0,0.0,9.0,7.0,1.0,0.0,0.0,0.0,0.0,0.0,0.0,0.0,3.0,12.0,1.0,12.18,5.01,2.51,1.49,0.0,0.0,0.0,0.4,0.0,0.3,1.2000000000000002,-1.5,-64.0,0.0,0.0,64.2,0.0,22.4,26.200000000000003,26.200000000000003,26.5,300.0,300.0,28.8,32.9,26.200000000000003,25.4,27.3,4.95,2.0,4.97,0.16,0.0,0.0,1027.0,8228.0,0.0,0.0,0.0,0.0,0.0,1.0,0.0,0.0,0.0,0.0,0.0,-1.6,0.0,-0.2,0.0,0.0,16.0,25903.0
2026-07-21T18:12:11.858Z,4.142,970.344,0.0,0.0,0.0,0.0,2048.0,0.0,0.0,0.0,0.0,0.0,0.0,0.0,0.0,0.0,9.0,7.0,1.0,0.0,0.0,0.0,0.0,0.0,0.0,0.0,5.0,12.0,1.0,12.18,5.01,2.51,1.49,0.0,0.0,0.0,0.4,0.0,0.3,0.6000000000000001,1.3,-64.0,0.0,0.0,64.2,0.0,22.4,26.200000000000003,26.200000000000003,26.5,300.0,300.0,28.8,32.9,26.200000000000003,25.4,27.3,4.95,2.0,4.97,0.16,0.0,0.0,1027.0,8228.0,0.0,0.0,0.0,0.0,0.0,1.0,0.0,0.0,0.0,0.0,0.0,0.5,0.0,1.9,0.0,0.0003,16.0,25903.0
2026-07-21T18:12:11.870Z,4.154,970.356,0.0,0.0,0.0,0.0,2048.0,0.0,0.0,0.0,0.0,0.0,0.0,0.0,0.0,0.0,9.0,7.0,1.0,0.0,0.0,0.0,0.0,0.0,0.0,0.0,1.0,12.0,1.0,12.18,5.01,2.51,1.49,0.0,0.0,0.0,0.4,0.0,0.3,0.0,0.1,-64.0,0.0,0.0,64.0,0.0,22.4,26.200000000000003,26.200000000000003,26.5,300.0,300.0,28.8,32.9,26.200000000000003,25.4,27.3,4.96,2.0,4.96,0.16,0.0,0.0,1027.0,8228.0,0.0,0.0,0.0,0.0,0.0,1.0,0.0,0.0,0.0,0.0,0.0,0.0,0.0,0.1,0.0,0.0,16.0,25903.0
2026-07-21T18:12:11.882Z,4.166,970.368,0.0,0.0,0.0,0.0,2048.0,0.0,0.0,0.0,0.0,0.0,0.0,0.0,0.0,0.0,9.0,7.0,1.0,0.0,0.0,0.0,0.0,0.0,0.0,0.0,2.0,12.0,1.0,12.13,5.0200000000000005,2.5,1.49,0.0,0.0,0.0,0.4,0.0,-0.8,-0.5,1.3,-64.0,0.0,0.0,64.0,0.0,22.700000000000003,26.200000000000003,26.200000000000003,26.6,300.0,300.0,28.8,33.0,26.200000000000003,25.4,27.3,4.95,2.0,4.96,0.16,0.0,0.0,1027.0,8228.0,0.0,0.0,0.0,0.0,0.0,1.0,0.0,0.0,0.0,0.0,0.0,1.1,0.0,0.7000000000000001,0.0,0.0003,16.0,25903.0
2026-07-21T18:12:11.894Z,4.178,970.38,0.0,0.0,0.0,0.0,2048.0,0.0,0.0,0.0,0.0,0.0,0.0,0.0,0.0,0.0,9.0,7.0,1.0,0.0,0.0,0.0,0.0,0.0,0.0,0.0,4.0,12.0,1.0,12.13,5.0200000000000005,2.5,1.49,0.0,0.0,0.0,0.4,0.0,0.8,0.0,0.1,-64.0,0.0,0.0,64.0,0.0,22.700000000000003,26.200000000000003,26.200000000000003,26.6,300.0,300.0,28.8,33.0,26.200000000000003,25.4,27.3,4.95,2.0,4.96,0.16,0.0,0.0,1027.0,8228.0,0.0,0.0,0.0,0.0,0.0,1.0,0.0,0.0,0.0,0.0,0.0,0.0,0.0,0.2,0.0,0.0001,16.0,25903.0
2026-07-21T18:12:11.906Z,4.19,970.392,0.0,0.0,0.0,0.0,2048.0,0.0,0.0,0.0,0.0,0.0,0.0,0.0,0.0,0.0,9.0,7.0,1.0,0.0,0.0,0.0,0.0,0.0,0.0,0.0,5.0,12.0,1.0,12.13,5.0200000000000005,2.5,1.49,0.0,0.0,0.0,0.4,0.0,-0.3,-0.5,0.1,-64.0,0.0,0.0,64.2,0.0,22.700000000000003,26.200000000000003,26.200000000000003,26.6,300.0,300.0,28.8,33.0,26.200000000000003,25.4,27.3,4.96,2.0,4.96,0.16,0.0,0.0,1027.0,8228.0,0.0,0.0,0.0,0.0,0.0,1.0,0.0,0.0,0.0,0.0,0.0,0.3,0.0,-0.4,0.0,0.0,16.0,25903.0
2026-07-21T18:12:11.918Z,4.202,970.404,0.0,0.0,0.0,0.0,2048.0,0.0,0.0,0.0,0.0,0.0,0.0,0.0,0.0,0.0,9.0,7.0,1.0,0.0,0.0,0.0,0.0,0.0,0.0,0.0,6.0,12.0,1.0,12.13,5.0200000000000005,2.5,1.49,0.0,0.0,0.0,0.4,0.0,-0.3,0.0,1.2000000000000002,-64.0,0.0,0.0,64.0,0.0,22.700000000000003,26.200000000000003,26.200000000000003,26.6,300.0,300.0,28.8,33.0,26.200000000000003,25.4,27.3,4.95,2.0,4.96,0.16,0.0,0.0,1027.0,8228.0,0.0,0.0,0.0,0.0,0.0,1.0,0.0,0.0,0.0,0.0,0.0,0.2,0.0,-1.5,0.0,0.0002,16.0,25903.0
2026-07-21T18:12:11.930Z,4.214,970.416,0.0,0.0,0.0,0.0,2048.0,0.0,0.0,0.0,0.0,0.0,0.0,0.0,0.0,0.0,9.0,7.0,1.0,0.0,0.0,0.0,0.0,0.0,0.0,0.0,2.0,12.0,1.0,12.13,5.0200000000000005,2.5,1.49,0.0,0.0,0.0,0.4,0.0,-0.8,0.0,0.0,-64.0,0.0,0.0,64.2,0.0,22.700000000000003,26.200000000000003,26.200000000000003,26.6,300.0,300.0,28.8,33.0,26.200000000000003,25.4,27.3,4.95,2.0,4.97,0.16,0.0,0.0,1027.0,8228.0,0.0,0.0,0.0,0.0,0.0,1.0,0.0,0.0,0.0,0.0,0.0,0.1,0.0,-2.7,0.0,0.0001,16.0,25903.0
2026-07-21T18:12:11.942Z,4.226,970.428,0.0,0.0,0.0,0.0,2048.0,0.0,0.0,0.0,0.0,0.0,0.0,0.0,0.0,0.0,9.0,7.0,1.0,0.0,0.0,0.0,0.0,0.0,0.0,0.0,3.0,12.0,1.0,12.13,5.0200000000000005,2.5,1.49,0.0,0.0,0.0,0.4,0.0,-0.3,-1.0,-0.5,-64.0,0.0,0.0,64.0,0.0,22.700000000000003,26.200000000000003,26.200000000000003,26.6,300.0,300.0,28.8,33.0,26.200000000000003,25.4,27.3,4.95,2.0,4.97,0.16,0.0,0.0,1027.0,8228.0,0.0,0.0,0.0,0.0,0.0,1.0,0.0,0.0,0.0,0.0,0.0,-0.7000000000000001,0.0,-0.9,0.0,0.0002,16.0,25903.0
2026-07-21T18:12:11.954Z,4.238,970.44,0.0,0.0,0.0,0.0,2048.0,0.0,0.0,0.0,0.0,0.0,0.0,0.0,0.0,0.0,9.0,7.0,1.0,0.0,0.0,0.0,0.0,0.0,0.0,0.0,4.0,12.0,1.0,12.13,5.0200000000000005,2.5,1.49,0.0,0.0,0.0,0.4,0.0,-0.3,0.6000000000000001,-1.2000000000000002,-64.0,0.0,0.0,64.2,0.0,22.700000000000003,26.200000000000003,26.200000000000003,26.6,300.0,300.0,28.8,33.0,26.200000000000003,25.4,27.3,4.96,2.0,4.97,0.15,0.0,0.0,1027.0,8228.0,0.0,0.0,0.0,0.0,0.0,1.0,0.0,0.0,0.0,0.0,0.0,-0.4,0.0,-0.5,0.0,0.0002,16.0,25903.0
2026-07-21T18:12:11.966Z,4.25,970.452,0.0,0.0,0.0,0.0,2048.0,0.0,0.0,0.0,0.0,0.0,0.0,0.0,0.0,0.0,9.0,7.0,1.0,0.0,0.0,0.0,0.0,0.0,0.0,0.0,6.0,12.0,1.0,12.13,5.0200000000000005,2.5,1.49,0.0,0.0,0.0,0.4,0.0,0.2,0.0,0.5,-64.0,0.0,0.0,64.0,0.0,22.700000000000003,26.200000000000003,26.200000000000003,26.6,300.0,300.0,28.8,33.0,26.200000000000003,25.4,27.3,4.95,2.0,4.97,0.16,0.0,0.0,1027.0,8228.0,0.0,0.0,0.0,0.0,0.0,1.0,0.0,0.0,0.0,0.0,0.0,0.3,0.0,0.6000000000000001,0.0,0.0001,16.0,25903.0
2026-07-21T18:12:11.979Z,4.263,970.464,0.0,0.0,0.0,0.0,2048.0,0.0,0.0,0.0,0.0,0.0,0.0,0.0,0.0,0.0,9.0,7.0,1.0,0.0,0.0,0.0,0.0,0.0,0.0,0.0,1.0,12.0,1.0,12.2,5.01,2.5,1.49,0.0,0.0,0.0,0.4,0.0,0.2,1.2000000000000002,1.2000000000000002,-64.0,0.0,0.0,64.0,0.0,22.6,26.200000000000003,26.200000000000003,26.5,300.0,300.0,28.9,33.0,26.200000000000003,25.4,27.3,4.95,2.0,4.96,0.16,0.0,0.0,1027.0,8228.0,0.0,0.0,0.0,0.0,0.0,1.0,0.0,0.0,0.0,0.0,0.0,0.1,0.0,2.4000000000000004,0.0,0.0001,16.0,25903.0
2026-07-21T18:12:11.990Z,4.274,970.476,0.0,0.0,0.0,0.0,2048.0,0.0,0.0,0.0,0.0,0.0,0.0,0.0,0.0,0.0,9.0,7.0,1.0,0.0,0.0,0.0,0.0,0.0,0.0,0.0,3.0,12.0,1.0,12.2,5.01,2.5,1.49,0.0,0.0,0.0,0.4,0.0,-0.3,0.7000000000000001,0.0,-64.0,0.0,0.0,64.0,0.0,22.6,26.200000000000003,26.200000000000003,26.5,300.0,300.0,28.9,33.0,26.200000000000003,25.4,27.3,4.95,2.01,4.96,0.16,0.0,0.0,1027.0,8228.0,0.0,0.0,0.0,0.0,0.0,1.0,0.0,0.0,0.0,0.0,0.0,-0.3,0.0,0.7000000000000001,0.0,0.0,16.0,25903.0
2026-07-21T18:12:12.002Z,4.286,970.488,0.0,0.0,0.0,0.0,2048.0,0.0,0.0,0.0,0.0,0.0,0.0,0.0,0.0,0.0,9.0,7.0,1.0,0.0,0.0,0.0,0.0,0.0,0.0,0.0,4.0,12.0,1.0,12.2,5.01,2.5,1.49,0.0,0.0,0.0,0.4,0.0,-0.9,0.1,-1.6,-64.0,0.0,0.0,64.0,0.0,22.6,26.200000000000003,26.200000000000003,26.5,300.0,300.0,28.9,33.0,26.200000000000003,25.4,27.3,4.95,2.0,4.96,0.16,0.0,0.0,1027.0,8228.0,0.0,0.0,0.0,0.0,0.0,1.0,0.0,0.0,0.0,0.0,0.0,-1.1,0.0,-1.5,0.0,0.0,16.0,25903.0
2026-07-21T18:12:12.014Z,4.298,970.5,0.0,0.0,0.0,0.0,2048.0,0.0,0.0,0.0,0.0,0.0,0.0,0.0,0.0,0.0,9.0,7.0,1.0,0.0,0.0,0.0,0.0,0.0,0.0,0.0,5.0,12.0,1.0,12.2,5.01,2.5,1.49,0.0,0.0,0.0,0.4,0.0,-0.3,-0.5,-0.5,-64.0,0.0,0.0,64.0,0.0,22.6,26.200000000000003,26.200000000000003,26.5,300.0,300.0,28.9,33.0,26.200000000000003,25.4,27.3,4.95,2.0,4.96,0.16,0.0,0.0,1027.0,8228.0,0.0,0.0,0.0,0.0,0.0,1.0,0.0,0.0,0.0,0.0,0.0,-0.1,0.0,-1.0,0.0,0.0,16.0,25903.0
2026-07-21T18:12:12.027Z,4.311,970.512,0.0,0.0,0.0,0.0,2048.0,0.0,0.0,0.0,0.0,0.0,0.0,0.0,0.0,0.0,9.0,7.0,1.0,0.0,0.0,0.0,0.0,0.0,0.0,0.0,6.0,12.0,1.0,12.2,5.01,2.5,1.49,0.0,0.0,0.0,0.4,0.0,0.3,0.1,0.0,-64.0,0.0,0.0,64.0,0.0,22.6,26.200000000000003,26.200000000000003,26.5,300.0,300.0,28.9,33.0,26.200000000000003,25.4,27.3,4.95,2.0,4.96,0.16,0.0,0.0,1027.0,8228.0,0.0,0.0,0.0,0.0,0.0,1.0,0.0,0.0,0.0,0.0,0.0,0.0,0.0,0.2,0.0,0.0,16.0,25903.0
2026-07-21T18:12:12.038Z,4.322,970.524,0.0,0.0,0.0,0.0,2048.0,0.0,0.0,0.0,0.0,0.0,0.0,0.0,0.0,0.0,9.0,7.0,1.0,0.0,0.0,0.0,0.0,0.0,0.0,0.0,1.0,12.0,1.0,12.2,5.01,2.5,1.49,0.0,0.0,0.0,0.4,0.0,-0.2,-0.4,-1.0,-64.0,0.0,0.0,64.0,0.0,22.6,26.200000000000003,26.200000000000003,26.5,300.0,300.0,28.9,33.0,26.200000000000003,25.4,27.3,4.95,2.0,4.97,0.16,0.0,0.0,1027.0,8228.0,0.0,0.0,0.0,0.0,0.0,1.0,0.0,0.0,0.0,0.0,0.0,-0.4,0.0,-1.4,0.0,0.0,16.0,25903.0
2026-07-21T18:12:12.050Z,4.334,970.536,0.0,0.0,0.0,0.0,2048.0,0.0,0.0,0.0,0.0,0.0,0.0,0.0,0.0,0.0,9.0,7.0,1.0,0.0,0.0,0.0,0.0,0.0,0.0,0.0,2.0,12.0,1.0,12.2,5.01,2.5,1.49,0.0,0.0,0.0,0.4,0.0,0.3,0.7000000000000001,1.3,-64.0,0.0,0.0,64.2,0.0,22.6,26.200000000000003,26.200000000000003,26.5,300.0,300.0,28.9,33.0,26.200000000000003,25.4,27.3,4.95,2.0,4.97,0.16,0.0,0.0,1027.0,8228.0,0.0,0.0,0.0,0.0,0.0,1.0,0.0,0.0,0.0,0.0,0.0,0.4,0.0,2.0,0.0,0.0,16.0,25903.0
2026-07-21T18:12:12.063Z,4.347,970.548,0.0,0.0,0.0,0.0,2048.0,0.0,0.0,0.0,0.0,0.0,0.0,0.0,0.0,0.0,9.0,7.0,1.0,0.0,0.0,0.0,0.0,0.0,0.0,0.0,3.0,12.0,1.0,12.2,5.01,2.5,1.49,0.0,0.0,0.0,0.4,0.0,0.9,0.1,-0.3,-64.0,0.0,0.0,64.2,0.0,22.6,26.200000000000003,26.200000000000003,26.5,300.0,300.0,28.9,33.0,26.200000000000003,25.4,27.3,4.96,2.0,4.96,0.16,0.0,0.0,1027.0,8228.0,0.0,0.0,0.0,0.0,0.0,1.0,0.0,0.0,0.0,0.0,0.0,-0.3,0.0,-0.2,0.0,0.0003,16.0,25903.0
2026-07-21T18:12:12.074Z,4.358,970.56,0.1,0.0,0.0,0.0,2048.0,0.0,0.0,0.0,0.0,0.0,0.0,0.0,0.0,0.0,9.0,7.0,1.0,0.0,0.0,0.0,0.0,0.0,0.0,0.0,4.0,12.0,1.0,12.2,5.01,2.5,1.49,0.0,0.0,0.0,0.4,0.0,-0.1,-0.9,-0.9,-64.0,0.0,0.0,64.0,0.0,22.6,26.200000000000003,26.200000000000003,26.5,300.0,300.0,28.9,33.0,26.200000000000003,25.4,27.3,4.95,2.0,4.96,0.16,0.0,0.0,1027.0,8228.0,0.0,0.0,0.0,0.0,0.0,1.0,0.0,0.0,0.0,0.0,0.0,-0.1,0.0,-1.9,0.0,0.0001,16.0,25903.0
2026-07-21T18:12:12.086Z,4.37,970.572,0.1,0.0,0.0,0.0,2048.0,0.0,0.0,0.0,0.0,0.0,0.0,0.0,0.0,0.0,9.0,7.0,1.0,0.0,0.0,0.0,0.0,0.0,0.0,0.0,5.0,12.0,1.0,12.15,5.01,2.51,1.49,0.0,0.0,0.0,0.4,0.0,-0.1,0.7000000000000001,0.2,-64.0,0.0,0.0,64.0,0.0,22.700000000000003,26.200000000000003,26.200000000000003,26.6,300.0,300.0,28.9,33.0,26.200000000000003,25.4,27.3,4.95,2.0,4.97,0.16,0.0,0.0,1027.0,8228.0,0.0,0.0,0.0,0.0,0.0,1.0,0.0,0.0,0.0,0.0,0.0,-0.2,0.0,0.9,0.0,0.0003,16.0,25903.0
2026-07-21T18:12:12.099Z,4.383,970.584,0.1,0.0,0.0,0.0,2048.0,0.0,0.0,0.0,0.0,0.0,0.0,0.0,0.0,0.0,9.0,7.0,1.0,0.0,0.0,0.0,0.0,0.0,0.0,0.0,6.0,12.0,1.0,12.15,5.01,2.51,1.49,0.0,0.0,0.0,0.4,0.0,-0.1,-0.4,0.7000000000000001,-64.0,0.0,0.0,64.0,0.0,22.700000000000003,26.200000000000003,26.200000000000003,26.6,300.0,300.0,28.9,33.0,26.200000000000003,25.4,27.3,4.95,2.0,4.97,0.16,0.0,0.0,1027.0,8228.0,0.0,0.0,0.0,0.0,0.0,1.0,0.0,0.0,0.0,0.0,0.0,0.7000000000000001,0.0,0.2,0.0,0.0,16.0,25903.0
2026-07-21T18:12:12.110Z,4.394,970.596,0.1,0.0,0.0,0.0,2048.0,0.0,0.0,0.0,0.0,0.0,0.0,0.0,0.0,0.0,9.0,7.0,1.0,0.0,0.0,0.0,0.0,0.0,0.0,0.0,1.0,12.0,1.0,12.15,5.01,2.51,1.49,0.0,0.0,0.0,0.4,0.0,1.0,0.1,1.9,-64.0,0.0,0.0,64.10000000000001,0.0,22.700000000000003,26.200000000000003,26.200000000000003,26.6,300.0,300.0,28.9,33.0,26.200000000000003,25.4,27.3,4.96,2.0,4.96,0.16,0.0,0.0,1027.0,8228.0,0.0,0.0,0.0,0.0,0.0,1.0,0.0,0.0,0.0,0.0,0.0,1.1,0.0,2.0,0.0,0.0,16.0,25903.0
2026-07-21T18:12:12.123Z,4.407,970.608,0.1,0.0,0.0,0.0,2048.0,0.0,0.0,0.0,0.0,0.0,0.0,0.0,0.0,0.0,9.0,7.0,1.0,0.0,0.0,0.0,0.0,0.0,0.0,0.0,2.0,12.0,1.0,12.15,5.01,2.51,1.49,0.0,0.0,0.0,0.4,0.0,-0.2,-1.0,-0.3,-64.0,0.0,0.0,64.0,0.0,22.700000000000003,26.200000000000003,26.200000000000003,26.6,300.0,300.0,28.9,33.0,26.200000000000003,25.4,27.3,4.95,2.0,4.97,0.16,0.0,0.0,1027.0,8228.0,0.0,0.0,0.0,0.0,0.0,1.0,0.0,0.0,0.0,0.0,0.0,0.2,0.0,-1.4,0.0,0.0001,16.0,25903.0
2026-07-21T18:12:12.134Z,4.418,970.62,0.1,0.0,0.0,0.0,2048.0,0.0,0.0,0.0,0.0,0.0,0.0,0.0,0.0,0.0,9.0,7.0,1.0,0.0,0.0,0.0,0.0,0.0,0.0,0.0,4.0,12.0,1.0,12.15,5.01,2.51,1.49,0.0,0.0,0.0,0.4,0.0,-0.2,-0.4,-0.9,-64.0,0.0,0.0,64.0,0.0,22.700000000000003,26.200000000000003,26.200000000000003,26.6,300.0,300.0,28.9,33.0,26.200000000000003,25.4,27.3,4.95,2.0,4.96,0.16,0.0,0.0,1027.0,8228.0,0.0,0.0,0.0,0.0,0.0,1.0,0.0,0.0,0.0,0.0,0.0,-0.4,0.0,-1.3,0.0,0.0001,16.0,25903.0
2026-07-21T18:12:12.146Z,4.43,970.632,0.1,0.0,0.0,0.0,2048.0,0.0,0.0,0.0,0.0,0.0,0.0,0.0,0.0,0.0,9.0,7.0,1.0,0.0,0.0,0.0,0.0,0.0,0.0,0.0,5.0,12.0,1.0,12.15,5.01,2.51,1.49,0.0,0.0,0.0,0.4,0.0,0.3,1.9,1.3,-64.0,0.0,0.0,64.2,0.0,22.700000000000003,26.200000000000003,26.200000000000003,26.6,300.0,300.0,28.9,33.0,26.200000000000003,25.4,27.3,4.96,2.01,4.96,0.16,0.0,0.0,1027.0,8228.0,0.0,0.0,0.0,0.0,0.0,1.0,0.0,0.0,0.0,0.0,0.0,0.0,0.0,3.3000000000000003,0.0,0.0001,16.0,25903.0
2026-07-21T18:12:12.158Z,4.442,970.644,0.1,0.0,0.0,0.0,2048.0,0.0,0.0,0.0,0.0,0.0,0.0,0.0,0.0,0.0,9.0,7.0,1.0,0.0,0.0,0.0,0.0,0.0,0.0,0.0,6.0,12.0,1.0,12.15,5.01,2.51,1.49,0.0,0.0,0.0,0.4,0.0,-0.8,-1.0,0.7000000000000001,-64.0,0.0,0.0,64.0,0.0,22.700000000000003,26.200000000000003,26.200000000000003,26.6,300.0,300.0,28.9,33.0,26.200000000000003,25.4,27.3,4.95,2.01,4.96,0.16,0.0,0.0,1027.0,8228.0,0.0,0.0,0.0,0.0,0.0,1.0,0.0,0.0,0.0,0.0,0.0,1.0,0.0,-0.3,0.0,0.0002,16.0,25903.0
2026-07-21T18:12:12.170Z,4.454,970.656,0.1,0.0,0.0,0.0,2048.0,0.0,0.0,0.0,0.0,0.0,0.0,0.0,0.0,0.0,9.0,7.0,1.0,0.0,0.0,0.0,0.0,0.0,0.0,0.0,1.0,12.0,1.0,12.15,5.01,2.51,1.49,0.0,0.0,0.0,0.4,0.0,1.4,-0.4,0.7000000000000001,-64.0,0.0,0.0,64.0,0.0,22.700000000000003,26.200000000000003,26.200000000000003,26.6,300.0,300.0,28.9,33.0,26.200000000000003,25.4,27.3,4.95,2.0,4.97,0.16,0.0,0.0,1027.0,8228.0,0.0,0.0,0.0,0.0,0.0,1.0,0.0,0.0,0.0,0.0,0.0,0.7000000000000001,0.0,0.2,0.0,0.0002,16.0,25903.0
2026-07-21T18:12:12.183Z,4.467,970.668,0.1,0.0,0.0,0.0,2048.0,0.0,0.0,0.0,0.0,0.0,0.0,0.0,0.0,0.0,9.0,7.0,1.0,0.0,0.0,0.0,0.0,0.0,0.0,0.0,2.0,12.0,1.0,12.18,5.01,2.51,1.49,0.0,0.0,0.0,0.4,0.0,-0.2,0.1,-0.4,-64.0,0.0,0.0,64.0,0.0,22.700000000000003,26.200000000000003,26.200000000000003,26.6,300.0,300.0,29.1,33.0,26.200000000000003,25.4,27.3,4.95,2.0,4.96,0.16,0.0,0.0,1027.0,8228.0,0.0,0.0,0.0,0.0,0.0,1.0,0.0,0.0,0.0,0.0,0.0,-0.3,0.0,-0.2,0.0,0.0001,16.0,25903.0
2026-07-21T18:12:12.194Z,4.478,970.68,0.1,0.0,0.0,0.0,2048.0,0.0,0.0,0.0,0.0,0.0,0.0,0.0,0.0,0.0,9.0,7.0,1.0,0.0,0.0,0.0,0.0,0.0,0.0,0.0,3.0,12.0,1.0,12.18,5.01,2.51,1.49,0.0,0.0,0.0,0.4,0.0,-0.8,0.1,-1.0,-64.0,0.0,0.0,64.0,0.0,22.700000000000003,26.200000000000003,26.200000000000003,26.6,300.0,300.0,29.1,33.0,26.200000000000003,25.4,27.3,4.96,2.0,4.96,0.16,0.0,0.0,1027.0,8228.0,0.0,0.0,0.0,0.0,0.0,1.0,0.0,0.0,0.0,0.0,0.0,-0.7000000000000001,0.0,-0.8,0.0,0.0,16.0,25903.0
2026-07-21T18:12:12.206Z,4.49,970.692,0.0,0.0,0.0,0.0,2048.0,0.0,0.0,0.0,0.0,0.0,0.0,0.0,0.0,0.0,9.0,7.0,1.0,0.0,0.0,0.0,0.0,0.0,0.0,0.0,4.0,12.0,1.0,12.18,5.01,2.51,1.49,0.0,0.0,0.0,0.4,0.0,-0.8,0.7000000000000001,0.1,-64.0,0.0,0.0,64.0,0.0,22.700000000000003,26.200000000000003,26.200000000000003,26.6,300.0,300.0,29.1,33.0,26.200000000000003,25.4,27.3,4.95,2.0,4.96,0.16,0.0,0.0,1027.0,8228.0,0.0,0.0,0.0,0.0,0.0,1.0,0.0,0.0,0.0,0.0,0.0,-0.2,0.0,0.8,0.0,0.0,16.0,25903.0
2026-07-21T18:12:12.219Z,4.503,970.704,0.0,0.0,0.0,0.0,2048.0,0.0,0.0,0.0,0.0,1.0,0.0,0.0,0.0,0.0,9.0,7.0,1.0,0.0,0.0,0.0,0.0,0.0,0.0,0.0,5.0,12.0,1.0,12.18,5.01,2.51,1.49,0.0,0.0,0.0,0.4,0.0,-0.8,-1.0,0.7000000000000001,-64.0,0.0,0.0,64.0,0.0,22.700000000000003,26.200000000000003,26.200000000000003,26.6,300.0,300.0,29.1,33.0,26.200000000000003,25.4,27.3,4.96,2.0,4.96,0.16,0.0,0.0,1027.0,8228.0,0.0,0.0,0.0,0.0,0.0,1.0,0.0,0.0,0.0,0.0,0.0,0.9,0.0,-0.3,0.0,0.0,16.0,25903.0
2026-07-21T18:12:12.230Z,4.514,970.716,0.0,0.0,0.0,0.0,2048.0,0.0,0.0,0.0,0.0,1.0,0.0,0.0,0.0,0.0,9.0,7.0,1.0,0.0,0.0,0.0,0.0,0.0,0.0,0.0,5.0,12.0,1.0,12.18,5.01,2.51,1.49,0.0,0.0,0.0,0.3,0.0,-0.8,0.1,0.7000000000000001,-64.0,0.0,0.0,64.0,0.0,22.700000000000003,26.200000000000003,26.200000000000003,26.6,300.0,300.0,29.1,33.0,26.200000000000003,25.4,27.3,4.96,2.0,4.96,0.16,0.0,0.0,1027.0,8228.0,0.0,0.0,0.0,0.0,0.0,1.0,0.0,0.0,0.0,0.0,0.0,0.3,0.0,0.8,0.0,0.0,16.0,25903.0
2026-07-21T18:12:12.243Z,4.527,970.728,0.0,0.0,0.0,0.0,2048.0,0.0,0.0,0.0,0.0,1.0,0.0,0.0,0.0,0.0,9.0,7.0,1.0,0.0,0.0,0.0,0.0,0.0,0.0,0.0,6.0,12.0,1.0,12.18,5.01,2.51,1.49,0.0,0.0,0.0,0.4,0.0,-0.2,0.2,-1.0,-64.0,0.0,0.0,64.0,0.0,22.700000000000003,26.200000000000003,26.200000000000003,26.6,300.0,300.0,29.1,33.0,26.200000000000003,25.4,27.3,4.96,2.0,4.96,0.16,0.0,0.0,1027.0,8228.0,0.0,0.0,0.0,0.0,0.0,1.0,0.0,0.0,0.0,0.0,0.0,-0.7000000000000001,0.0,-0.7000000000000001,0.0,0.0002,16.0,25903.0
2026-07-21T18:12:12.255Z,4.539,970.74,0.0,0.0,0.0,0.0,2048.0,0.0,0.0,0.0,0.0,1.0,0.0,0.0,0.0,0.0,9.0,7.0,1.0,0.0,0.0,0.0,0.0,0.0,0.0,0.0,1.0,12.0,1.0,12.18,5.01,2.51,1.49,0.0,0.0,0.0,0.4,0.0,-0.2,0.1,-0.4,-64.0,0.0,0.0,64.2,0.0,22.700000000000003,26.200000000000003,26.200000000000003,26.6,300.0,300.0,29.1,33.0,26.200000000000003,25.4,27.3,4.95,2.0,4.96,0.16,0.0,0.0,1027.0,8228.0,0.0,0.0,0.0,0.0,0.0,1.0,0.0,0.0,0.0,0.0,0.0,-0.4,0.0,-0.2,0.0,0.0001,16.0,25903.0
2026-07-21T18:12:12.267Z,4.551,970.752,0.0,0.0,0.0,0.0,2048.0,0.0,0.0,0.0,0.0,1.0,0.0,0.0,0.0,0.0,9.0,7.0,1.0,0.0,0.0,0.0,0.0,0.0,0.0,0.0,2.0,12.0,1.0,12.18,5.01,2.51,1.49,0.0,0.1,0.0,0.4,0.0,-0.2,-0.3,0.6000000000000001,-64.0,0.0,0.0,64.2,0.0,22.700000000000003,26.200000000000003,26.200000000000003,26.6,300.0,300.0,29.1,33.0,26.200000000000003,25.4,27.3,4.96,2.0,4.96,0.16,0.0,0.0,1027.0,8228.0,0.0,0.0,0.0,0.0,0.0,1.0,0.0,0.0,0.0,0.0,0.0,0.6000000000000001,0.0,0.2,0.0,0.0003,16.0,25903.0
2026-07-21T18:12:12.278Z,4.562,970.764,0.0,0.0,0.0,0.0,2048.0,0.0,0.0,0.0,0.0,1.0,0.0,0.0,0.0,0.0,9.0,7.0,1.0,0.0,0.0,0.0,0.0,0.0,0.0,0.0,3.0,12.0,1.0,12.18,5.01,2.51,1.49,0.0,0.0,0.0,0.4,0.0,0.3,0.8,-0.4,-64.0,0.0,0.0,64.0,0.0,22.700000000000003,26.200000000000003,26.200000000000003,26.6,300.0,300.0,29.1,33.0,26.200000000000003,25.4,27.3,4.96,2.0,4.97,0.16,0.0,0.0,1027.0,8228.0,0.0,0.0,0.0,0.0,0.0,1.0,0.0,0.0,0.0,0.0,0.0,-0.7000000000000001,0.0,0.3,0.0,0.0,16.0,25903.0
2026-07-21T18:12:12.290Z,4.574,970.776,0.0,0.0,0.0,0.0,2048.0,0.0,0.0,0.0,0.0,1.0,0.0,0.0,0.0,0.0,9.0,7.0,1.0,0.0,0.0,0.0,0.0,0.0,0.0,0.0,4.0,12.0,1.0,12.17,5.01,2.5,1.49,0.0,0.0,0.0,0.4,0.0,0.3,-0.9,0.1,-64.0,0.0,0.0,64.0,0.0,22.6,26.200000000000003,26.200000000000003,26.5,300.0,300.0,29.0,32.9,26.200000000000003,25.4,27.3,4.95,2.0,4.97,0.16,0.0,0.0,1027.0,8228.0,0.0,0.0,0.0,0.0,0.0,1.0,0.0,0.0,0.0,0.0,0.0,0.5,0.0,-0.9,0.0,0.0002,16.0,25903.0
2026-07-21T18:12:12.302Z,4.586,970.788,0.0,0.0,0.0,0.0,2048.0,0.0,0.0,0.0,0.0,1.0,0.0,0.0,0.0,0.0,9.0,7.0,1.0,0.0,0.0,0.0,0.0,0.0,0.0,0.0,5.0,12.0,1.0,12.17,5.01,2.5,1.49,0.0,0.0,0.0,0.4,0.0,0.9,-0.4,-0.4,-64.0,0.0,0.0,64.0,0.0,22.6,26.200000000000003,26.200000000000003,26.5,300.0,300.0,29.0,32.9,26.200000000000003,25.4,27.3,4.95,2.0,4.96,0.16,0.0,0.0,1027.0,8228.0,0.0,0.0,0.0,0.0,0.0,1.0,0.0,0.0,0.0,0.0,0.0,0.0,0.0,-0.8,0.0,0.0002,16.0,25903.0
2026-07-21T18:12:12.314Z,4.598,970.8,0.0,0.0,0.0,0.0,2048.0,0.0,0.0,0.0,0.0,1.0,0.0,0.0,0.0,0.0,9.0,7.0,1.0,0.0,0.0,0.0,0.0,0.0,0.0,0.0,6.0,12.0,1.0,12.17,5.01,2.5,1.49,0.0,0.0,0.0,0.4,0.0,-0.2,-1.6,-1.1,-64.0,0.0,0.0,64.0,0.0,22.6,26.200000000000003,26.200000000000003,26.5,300.0,300.0,29.0,32.9,26.200000000000003,25.4,27.3,4.95,2.01,4.96,0.16,0.0,0.0,1027.0,8228.0,0.0,0.0,0.0,0.0,0.0,1.0,0.0,0.0,0.0,0.0,0.0,0.1,0.0,-2.7,0.0,0.0,16.0,25903.0
2026-07-21T18:12:12.327Z,4.611,970.812,0.0,0.0,0.0,0.0,2048.0,0.0,0.0,0.0,0.0,1.0,0.0,0.0,0.0,0.0,9.0,7.0,1.0,0.0,0.0,0.0,0.0,0.0,0.0,0.0,1.0,12.0,1.0,12.17,5.01,2.5,1.49,0.0,0.0,0.0,0.4,0.0,0.2,0.7000000000000001,-0.5,-64.0,0.0,0.0,64.0,0.0,22.6,26.200000000000003,26.200000000000003,26.5,300.0,300.0,29.0,32.9,26.200000000000003,25.4,27.3,4.95,2.0,4.97,0.16,0.0,0.0,1027.0,8228.0,0.0,0.0,0.0,0.0,0.0,1.0,0.0,0.0,0.0,0.0,0.0,-0.7000000000000001,0.0,0.2,0.0,0.0,16.0,25903.0
2026-07-21T18:12:12.339Z,4.623,970.824,0.0,0.0,0.0,0.0,2048.0,0.0,0.0,0.0,0.0,1.0,0.0,0.0,0.0,0.0,9.0,7.0,1.0,0.0,0.0,0.0,0.0,0.0,0.0,0.0,2.0,12.0,1.0,12.17,5.01,2.5,1.49,0.0,0.0,0.0,0.4,0.0,0.2,0.7000000000000001,-0.5,-64.0,0.0,0.0,64.10000000000001,0.0,22.6,26.200000000000003,26.200000000000003,26.5,300.0,300.0,29.0,32.9,26.200000000000003,25.4,27.3,4.95,2.0,4.97,0.16,0.0,0.0,1027.0,8228.0,0.0,0.0,0.0,0.0,0.0,1.0,0.0,0.0,0.0,0.0,0.0,-0.7000000000000001,0.0,0.2,0.0,0.0,16.0,25903.0
2026-07-21T18:12:12.351Z,4.635,970.836,0.0,0.0,0.0,0.0,2048.0,0.0,0.0,0.0,0.0,1.0,0.0,0.0,0.0,0.0,9.0,7.0,1.0,0.0,0.0,0.0,0.0,0.0,0.0,0.0,3.0,12.0,1.0,12.17,5.01,2.5,1.49,0.0,0.0,0.0,0.4,0.0,-0.3,0.7000000000000001,1.2000000000000002,-64.0,0.0,0.0,64.2,0.0,22.6,26.200000000000003,26.200000000000003,26.5,300.0,300.0,29.0,32.9,26.200000000000003,25.4,27.3,4.96,2.0,4.97,0.16,0.0,0.0,1027.0,8228.0,0.0,0.0,0.0,0.0,0.0,1.0,0.0,0.0,0.0,0.0,0.0,0.4,0.0,1.9,0.0,0.0001,16.0,25903.0
2026-07-21T18:12:12.362Z,4.646,970.848,0.0,0.0,0.0,0.0,2048.0,0.0,0.0,0.0,0.0,1.0,0.0,0.0,0.0,0.0,9.0,7.0,1.0,0.0,0.0,0.0,0.0,0.0,0.0,0.0,5.0,12.0,1.0,12.17,5.01,2.5,1.49,0.0,0.1,0.0,0.4,0.0,-0.3,-0.4,0.0,-64.0,0.0,0.0,64.0,0.0,22.6,26.200000000000003,26.200000000000003,26.5,300.0,300.0,29.0,32.9,26.200000000000003,25.4,27.3,4.95,2.0,4.97,0.16,0.0,0.0,1027.0,8228.0,0.0,0.0,0.0,0.0,0.0,1.0,0.0,0.0,0.0,0.0,0.0,0.2,0.0,-0.4,0.0,0.0002,16.0,25903.0
2026-07-21T18:12:12.374Z,4.658,970.86,0.0,0.0,0.0,0.0,2048.0,0.0,0.0,0.0,0.0,1.0,0.0,0.0,0.0,0.0,9.0,7.0,1.0,0.0,0.0,0.0,0.0,0.0,0.0,0.0,6.0,12.0,1.0,12.17,5.01,2.5,1.49,0.0,0.0,0.0,0.4,0.0,-0.3,-0.4,0.0,-64.0,0.0,0.0,64.0,0.0,22.6,26.200000000000003,26.200000000000003,26.5,300.0,300.0,29.0,32.9,26.200000000000003,25.4,27.3,4.95,2.0,4.96,0.16,0.0,0.0,1027.0,8228.0,0.0,0.0,0.0,0.0,0.0,1.0,0.0,0.0,0.0,0.0,0.0,0.2,0.0,-0.4,0.0,0.0001,16.0,25903.0
2026-07-21T18:12:12.387Z,4.671,970.872,0.0,0.0,0.0,0.0,2048.0,0.0,0.0,0.0,0.0,1.0,0.0,0.0,0.0,0.0,9.0,7.0,1.0,0.0,0.0,0.0,0.0,0.0,0.0,0.0,1.0,12.0,1.0,12.17,5.01,2.51,1.49,0.0,0.0,0.0,0.4,0.0,0.2,0.0,1.1,-64.0,0.0,0.0,64.0,0.0,22.700000000000003,26.200000000000003,26.200000000000003,26.5,300.0,300.0,29.0,32.9,26.200000000000003,25.4,27.3,4.96,2.0,4.96,0.16,0.0,0.0,1027.0,8228.0,0.0,0.0,0.0,0.0,0.0,1.0,0.0,0.0,0.0,0.0,0.0,0.7000000000000001,0.0,1.1,0.0,0.0002,16.0,25903.0
2026-07-21T18:12:12.398Z,4.682,970.884,0.0,0.0,0.0,0.0,2048.0,0.0,0.0,0.0,0.0,1.0,0.0,0.0,0.0,0.0,9.0,7.0,1.0,0.0,0.0,0.0,0.0,0.0,0.0,0.0,3.0,12.0,1.0,12.17,5.01,2.51,1.49,0.0,0.0,0.0,0.4,0.0,0.2,0.0,0.0,-64.0,0.0,0.0,64.0,0.0,22.700000000000003,26.200000000000003,26.200000000000003,26.5,300.0,300.0,29.0,32.9,26.200000000000003,25.4,27.3,4.95,2.0,4.96,0.16,0.0,0.0,1027.0,8228.0,0.0,0.0,0.0,0.0,0.0,1.0,0.0,0.0,0.0,0.0,0.0,0.0,0.0,0.0,0.0,0.0,16.0,25903.0
2026-07-21T18:12:12.410Z,4.694,970.896,0.0,0.0,0.0,0.0,2048.0,0.0,0.0,0.0,0.0,1.0,0.0,0.0,0.0,0.0,9.0,7.0,1.0,0.0,0.0,0.0,0.0,0.0,0.0,0.0,4.0,12.0,1.0,12.17,5.01,2.51,1.49,0.0,0.0,0.0,0.4,0.0,-0.9,-0.5,0.0,-64.0,0.0,0.0,64.0,0.0,22.700000000000003,26.200000000000003,26.200000000000003,26.5,300.0,300.0,29.0,32.9,26.200000000000003,25.4,27.3,4.95,2.0,4.97,0.16,0.0,0.0,1027.0,8228.0,0.0,0.0,0.0,0.0,0.0,1.0,0.0,0.0,0.0,0.0,0.0,0.2,0.0,-0.5,0.0,0.0,16.0,25903.0
2026-07-21T18:12:12.422Z,4.706,970.908,0.0,0.0,0.0,0.0,2048.0,0.0,0.0,0.0,0.0,1.0,0.0,0.0,0.0,0.0,9.0,7.0,1.0,0.0,0.0,0.0,0.0,0.0,0.0,0.0,5.0,12.0,1.0,12.17,5.01,2.51,1.49,0.0,0.0,0.0,0.4,0.0,-0.3,0.0,-1.2000000000000002,-64.0,0.0,0.0,64.0,0.0,22.700000000000003,26.200000000000003,26.200000000000003,26.5,300.0,300.0,29.0,32.9,26.200000000000003,25.4,27.3,4.95,2.0,4.96,0.16,0.0,0.0,1027.0,8228.0,0.0,0.0,0.0,0.0,0.0,1.0,0.0,0.0,0.0,0.0,0.0,-0.8,0.0,-1.1,0.0,0.0,16.0,25903.0
2026-07-21T18:12:12.434Z,4.718,970.92,0.0,0.0,0.0,0.0,2048.0,0.0,0.0,0.0,0.0,1.0,0.0,0.0,0.0,0.0,9.0,7.0,1.0,0.0,0.0,0.0,0.0,0.0,0.0,0.0,1.0,12.0,1.0,12.17,5.01,2.51,1.49,0.0,0.0,0.0,0.4,0.0,-0.3,-1.1,-1.2000000000000002,-64.0,0.0,0.0,64.0,0.0,22.700000000000003,26.200000000000003,26.200000000000003,26.5,300.0,300.0,29.0,32.9,26.200000000000003,25.4,27.3,4.96,2.0,4.96,0.16,0.0,0.0,1027.0,8228.0,0.0,0.0,0.0,0.0,0.0,1.0,0.0,0.0,0.0,0.0,0.0,-0.8,0.0,-1.1,0.0,0.0,16.0,25903.0
2026-07-21T18:12:12.447Z,4.731,970.932,0.0,0.0,0.0,0.0,2048.0,0.0,0.0,0.0,0.0,1.0,0.0,0.0,0.0,0.0,9.0,7.0,1.0,0.0,0.0,0.0,0.0,0.0,0.0,0.0,2.0,12.0,1.0,12.17,5.01,2.51,1.49,0.0,0.0,0.0,0.4,0.0,0.2,0.0,1.6,-64.0,0.0,0.0,64.2,0.0,22.700000000000003,26.200000000000003,26.200000000000003,26.5,300.0,300.0,29.0,32.9,26.200000000000003,25.4,27.3,4.95,2.0,4.96,0.16,0.0,0.0,1027.0,8228.0,0.0,0.0,0.0,0.0,0.0,1.0,0.0,0.0,0.0,0.0,0.0,-0.8,0.0,-1.1,0.0,0.0,16.0,25903.0
2026-07-21T18:12:12.458Z,4.742,970.944,0.0,0.0,0.0,0.0,2048.0,0.0,0.0,0.0,0.0,1.0,0.0,0.0,0.0,0.0,9.0,7.0,1.0,0.0,0.0,0.0,0.0,0.0,0.0,0.0,3.0,12.0,1.0,12.17,5.01,2.51,1.49,0.0,0.0,0.0,0.4,0.0,0.2,0.0,-0.6000000000000001,-64.0,0.0,0.0,64.10000000000001,0.0,22.700000000000003,26.200000000000003,26.200000000000003,26.5,300.0,300.0,29.0,32.9,26.200000000000003,25.4,27.3,4.96,2.0,4.96,0.16,0.0,0.0,1027.0,8228.0,0.0,0.0,0.0,0.0,0.0,1.0,0.0,0.0,0.0,0.0,0.0,0.0,0.0,0.0,0.0,0.0003,16.0,25903.0
2026-07-21T18:12:12.470Z,4.754,970.956,0.0,0.0,0.0,0.0,2048.0,0.0,0.0,0.0,0.0,1.0,0.0,0.0,0.0,0.0,9.0,7.0,1.0,0.0,0.0,0.0,0.0,0.0,0.0,0.0,4.0,12.0,1.0,12.17,5.01,2.51,1.49,0.0,0.0,0.0,0.4,0.0,0.8,1.1,1.0,-64.0,0.0,0.0,64.0,0.0,22.700000000000003,26.200000000000003,26.200000000000003,26.5,300.0,300.0,29.0,32.9,26.200000000000003,25.4,27.3,4.96,2.0,4.96,0.16,0.0,0.0,1027.0,8228.0,0.0,0.0,0.0,0.0,0.0,1.0,0.0,0.0,0.0,0.0,0.0,-0.4,0.0,-0.6000000000000001,0.0,0.0001,16.0,25903.0
2026-07-21T18:12:12.482Z,4.766,970.968,0.0,0.0,0.0,0.0,2048.0,0.0,0.0,0.0,0.0,1.0,0.0,0.0,0.0,0.0,9.0,7.0,1.0,0.0,0.0,0.0,0.0,0.0,0.0,0.0,5.0,12.0,1.0,12.17,5.01,2.51,1.49,0.0,0.0,0.0,0.4,0.0,0.8,0.5,0.0,-64.0,0.0,0.0,64.0,0.0,22.700000000000003,26.200000000000003,26.200000000000003,26.5,300.0,300.0,29.0,32.9,26.200000000000003,25.4,27.3,4.95,2.0,4.96,0.16,0.0,0.0,1027.0,8228.0,0.0,0.0,0.0,0.0,0.0,1.0,0.0,0.0,0.0,0.0,0.0,-0.3,0.0,0.5,0.0,0.0003,16.0,25903.0
2026-07-21T18:12:12.494Z,4.778,970.98,0.0,0.0,0.0,0.0,2048.0,0.0,0.0,0.0,0.0,1.0,0.0,0.0,0.0,0.0,9.0,7.0,1.0,0.0,0.0,0.0,0.0,0.0,0.0,0.0,6.0,12.0,1.0,12.17,5.0200000000000005,2.51,1.49,0.0,0.0,0.0,0.4,0.0,-0.3,0.0,-0.6000000000000001,-64.0,0.0,0.0,64.0,0.0,22.200000000000003,26.200000000000003,26.200000000000003,26.5,300.0,300.0,29.0,33.0,26.200000000000003,25.4,27.3,4.96,2.0,4.97,0.16,0.0,0.0,1027.0,8228.0,0.0,0.0,0.0,0.0,0.0,1.0,0.0,0.0,0.0,0.0,0.0,-0.4,0.0,-0.6000000000000001,0.0,0.0,16.0,25903.0
2026-07-21T18:12:12.506Z,4.79,970.992,0.0,0.0,0.0,0.0,2048.0,0.0,0.0,0.0,0.0,1.0,0.0,0.0,0.0,0.0,9.0,7.0,1.0,0.0,0.0,0.0,0.0,0.0,0.0,0.0,1.0,12.0,1.0,12.17,5.0200000000000005,2.51,1.49,0.0,0.0,0.0,0.4,0.0,-0.2,-1.1,1.1,-64.0,0.0,0.0,64.0,0.0,22.200000000000003,26.200000000000003,26.200000000000003,26.5,300.0,300.0,29.0,33.0,26.200000000000003,25.4,27.3,4.96,2.0,4.96,0.16,0.0,0.0,1027.0,8228.0,0.0,0.0,0.0,0.0,0.0,1.0,0.0,0.0,0.0,0.0,0.0,1.2000000000000002,0.0,-0.1,0.0,0.0,16.0,25903.0
2026-07-21T18:12:12.519Z,4.803,971.004,0.0,0.0,0.0,0.0,2048.0,0.0,0.0,0.0,0.0,1.0,0.0,0.0,0.0,0.0,9.0,7.0,1.0,0.0,0.0,0.0,0.0,0.0,0.0,0.0,2.0,12.0,1.0,12.17,5.0200000000000005,2.51,1.49,0.0,0.0,0.0,0.4,0.0,-0.2,0.6000000000000001,0.5,-64.0,0.0,0.0,64.0,0.0,22.200000000000003,26.200000000000003,26.200000000000003,26.5,300.0,300.0,29.0,33.0,26.200000000000003,25.4,27.3,4.96,2.0,4.96,0.16,0.0,0.0,1027.0,8228.0,0.0,0.0,0.0,0.0,0.0,1.0,0.0,0.0,0.0,0.0,0.0,0.0,0.0,1.1,0.0,0.0,16.0,25903.0
2026-07-21T18:12:12.530Z,4.814,971.016,0.0,0.0,0.0,0.0,2048.0,0.0,0.0,0.0,0.0,1.0,0.0,0.0,0.0,0.0,9.0,7.0,1.0,0.0,0.0,0.0,0.0,0.0,0.0,0.0,3.0,12.0,1.0,12.17,5.0200000000000005,2.51,1.49,0.0,0.0,0.0,0.5,0.0,0.2,-0.4,-0.6000000000000001,-64.0,0.0,0.0,64.0,0.0,22.200000000000003,26.200000000000003,26.200000000000003,26.5,300.0,300.0,29.0,33.0,26.200000000000003,25.4,27.3,4.95,2.0,4.96,0.16,0.0,0.0,1027.0,8228.0,0.0,0.0,0.0,0.0,0.0,1.0,0.0,0.0,0.0,0.0,0.0,-0.1,0.0,-1.1,0.0,0.0,16.0,25903.0
2026-07-21T18:12:12.542Z,4.826,971.028,0.0,0.0,0.0,0.0,2048.0,0.0,0.0,0.0,0.0,1.0,0.0,0.0,0.0,0.0,9.0,7.0,1.0,0.0,0.0,0.0,0.0,0.0,0.0,0.0,4.0,12.0,1.0,12.17,5.0200000000000005,2.51,1.49,0.0,0.0,0.0,0.4,0.0,-1.4,0.0,0.4,-64.0,0.0,0.0,64.0,0.0,22.200000000000003,26.200000000000003,26.200000000000003,26.5,300.0,300.0,29.0,33.0,26.200000000000003,25.4,27.3,4.96,2.0,4.96,0.16,0.0,0.0,1027.0,8228.0,0.0,0.0,0.0,0.0,0.0,1.0,0.0,0.0,0.0,0.0,0.0,0.2,0.0,0.4,0.0,0.0,16.0,25903.0
2026-07-21T18:12:12.554Z,4.838,971.04,0.0,0.0,0.0,0.0,2048.0,0.0,0.0,0.0,0.0,1.0,0.0,0.0,0.0,0.0,9.0,7.0,1.0,0.0,0.0,0.0,0.0,0.0,0.0,0.0,5.0,12.0,1.0,12.17,5.0200000000000005,2.51,1.49,0.0,0.0,0.0,0.4,0.0,-0.3,-1.7000000000000002,-1.9,-64.0,0.0,0.0,64.2,0.0,22.200000000000003,26.200000000000003,26.200000000000003,26.5,300.0,300.0,29.0,33.0,26.200000000000003,25.4,27.3,4.95,2.0,4.96,0.16,0.0,0.0,1027.0,8228.0,0.0,0.0,0.0,0.0,0.0,1.0,0.0,0.0,0.0,0.0,0.0,-0.3,0.0,-3.6,0.0,0.0,16.0,25903.0
2026-07-21T18:12:12.566Z,4.85,971.052,0.0,0.0,0.0,0.0,2048.0,0.0,0.0,0.0,0.0,1.0,0.0,0.0,0.0,0.0,9.0,7.0,1.0,0.0,0.0,0.0,0.0,0.0,0.0,0.0,1.0,12.0,1.0,12.17,5.0200000000000005,2.51,1.49,0.0,0.0,0.0,0.4,0.0,-0.9,-0.5,-0.7000000000000001,-64.0,0.0,0.0,64.0,0.0,22.200000000000003,26.200000000000003,26.200000000000003,26.5,300.0,300.0,29.0,33.0,26.200000000000003,25.4,27.3,4.95,2.0,4.97,0.16,0.0,0.0,1027.0,8228.0,0.0,0.0,0.0,0.0,0.0,1.0,0.0,0.0,0.0,0.0,0.0,-0.2,0.0,-1.2000000000000002,0.0,0.0003,16.0,25903.0
2026-07-21T18:12:12.578Z,4.862,971.064,0.0,0.0,0.0,0.0,2048.0,0.0,0.0,0.0,0.0,1.0,0.0,0.0,0.0,0.0,9.0,7.0,1.0,0.0,0.0,0.0,0.0,0.0,0.0,0.0,1.0,12.0,1.0,12.17,5.0200000000000005,2.51,1.49,0.0,0.0,0.0,0.4,0.0,-0.3,0.6000000000000001,0.9,-64.0,0.0,0.0,64.0,0.0,22.200000000000003,26.200000000000003,26.200000000000003,26.5,300.0,300.0,29.0,33.0,26.200000000000003,25.4,27.3,4.95,2.0,4.97,0.16,0.0,0.0,1027.0,8228.0,0.0,0.0,0.0,0.0,0.0,1.0,0.0,0.0,0.0,0.0,0.0,0.2,0.0,1.6,0.0,0.0002,16.0,25903.0
2026-07-21T18:12:12.592Z,4.876,971.076,0.0,0.0,0.0,0.0,2048.0,0.0,0.0,0.0,0.0,1.0,0.0,0.0,0.0,0.0,9.0,7.0,1.0,0.0,0.0,0.0,0.0,0.0,0.0,0.0,3.0,12.0,1.0,12.18,5.0200000000000005,2.51,1.49,0.0,0.0,0.0,0.4,0.0,-0.2,-0.5,0.4,-64.0,0.0,0.0,64.0,0.0,22.700000000000003,26.200000000000003,26.200000000000003,26.6,300.0,300.0,29.0,33.0,26.200000000000003,25.4,27.3,4.96,2.0,4.96,0.16,0.0,0.0,1027.0,8228.0,0.0,0.0,0.0,0.0,0.0,1.0,0.0,0.0,0.0,0.0,0.0,0.5,0.0,-0.1,0.0,0.0001,16.0,25903.0
2026-07-21T18:12:12.603Z,4.887,971.088,0.0,0.0,0.0,0.0,2048.0,0.0,0.0,0.0,0.0,1.0,0.0,0.0,0.0,0.0,9.0,7.0,1.0,0.0,0.0,0.0,0.0,0.0,0.0,0.0,4.0,12.0,1.0,12.18,5.0200000000000005,2.51,1.49,0.0,0.0,0.0,0.5,0.0,0.8,-0.4,1.5,-64.0,0.0,0.0,64.0,0.0,22.700000000000003,26.200000000000003,26.200000000000003,26.6,300.0,300.0,29.0,33.0,26.200000000000003,25.4,27.3,4.95,2.0,4.97,0.16,0.0,0.0,1027.0,8228.0,0.0,0.0,0.0,0.0,0.0,1.0,0.0,0.0,0.0,0.0,0.0,1.2000000000000002,0.0,1.0,0.0,0.0,16.0,25903.0
2026-07-21T18:12:12.614Z,4.898,971.1,0.0,0.0,0.0,0.0,2048.0,0.0,0.0,0.0,0.0,1.0,0.0,0.0,0.0,0.0,9.0,7.0,1.0,0.0,0.0,0.0,0.0,0.0,0.0,0.0,5.0,12.0,1.0,12.18,5.0200000000000005,2.51,1.49,0.0,0.0,0.0,0.4,0.0,0.2,0.1,-1.3,-64.0,0.0,0.0,64.0,0.0,22.700000000000003,26.200000000000003,26.200000000000003,26.6,300.0,300.0,29.0,33.0,26.200000000000003,25.4,27.3,4.95,2.0,4.96,0.16,0.0,0.0,1027.0,8228.0,0.0,0.0,0.0,0.0,0.0,1.0,0.0,0.0,0.0,0.0,0.0,-0.9,0.0,-1.2000000000000002,0.0,0.0,16.0,25903.0
2026-07-21T18:12:12.626Z,4.91,971.112,0.0,0.0,0.0,0.0,2048.0,0.0,0.0,0.0,0.0,1.0,0.0,0.0,0.0,0.0,9.0,7.0,1.0,0.0,0.0,0.0,0.0,0.0,0.0,0.0,6.0,12.0,1.0,12.18,5.0200000000000005,2.51,1.49,0.0,0.0,0.0,0.4,0.0,1.4,0.6000000000000001,-0.2,-64.0,0.0,0.0,64.0,0.0,22.700000000000003,26.200000000000003,26.200000000000003,26.6,300.0,300.0,29.0,33.0,26.200000000000003,25.4,27.3,4.96,2.01,4.96,0.16,0.0,0.0,1027.0,8228.0,0.0,0.0,0.0,0.0,0.0,1.0,0.0,0.0,0.0,0.0,0.0,-0.4,0.0,0.4,0.0,0.0,16.0,25903.0
2026-07-21T18:12:12.638Z,4.922,971.124,-0.1,0.0,0.0,0.0,2048.0,0.0,0.0,0.0,0.0,1.0,0.0,0.0,0.0,0.0,9.0,7.0,1.0,0.0,0.0,0.0,0.0,0.0,0.0,0.0,1.0,12.0,1.0,12.18,5.0200000000000005,2.51,1.49,0.0,0.0,0.0,0.4,0.0,-0.3,-0.5,-1.4,-64.0,0.0,0.0,64.2,0.0,22.700000000000003,26.200000000000003,26.200000000000003,26.6,300.0,300.0,29.0,33.0,26.200000000000003,25.4,27.3,4.96,2.01,4.96,0.16,0.0,0.0,1027.0,8228.0,0.0,0.0,0.0,0.0,0.0,1.0,0.0,0.0,0.0,0.0,0.0,-0.6000000000000001,0.0,-1.8,0.0,0.0,16.0,25903.0
2026-07-21T18:12:12.650Z,4.934,971.136,0.0,0.0,0.0,0.0,2048.0,0.0,0.0,0.0,0.0,1.0,0.0,0.0,0.0,0.0,9.0,7.0,1.0,0.0,0.0,0.0,0.0,0.0,0.0,0.0,3.0,12.0,1.0,12.18,5.0200000000000005,2.51,1.49,0.0,0.0,0.0,0.4,0.0,-0.9,-0.5,-0.7000000000000001,-64.0,0.0,0.0,64.10000000000001,0.0,22.700000000000003,26.200000000000003,26.200000000000003,26.6,300.0,300.0,29.0,33.0,26.200000000000003,25.4,27.3,4.95,2.0,4.97,0.16,0.0,0.0,1027.0,8228.0,0.0,0.0,0.0,0.0,0.0,1.0,0.0,0.0,0.0,0.0,0.0,-0.2,0.0,-1.2000000000000002,0.0,0.0003,16.0,25903.0
2026-07-21T18:12:12.662Z,4.946,971.148,0.0,0.0,0.0,0.0,2048.0,0.0,0.0,0.0,0.0,1.0,0.0,0.0,0.0,0.0,9.0,7.0,1.0,0.0,0.0,0.0,0.0,0.0,0.0,0.0,5.0,12.0,1.0,12.18,5.0200000000000005,2.51,1.49,0.0,0.0,0.0,0.4,0.0,-0.3,0.6000000000000001,0.4,-64.0,0.0,0.0,64.10000000000001,0.0,22.700000000000003,26.200000000000003,26.200000000000003,26.6,300.0,300.0,29.0,33.0,26.200000000000003,25.4,27.3,4.95,2.0,4.96,0.16,0.0,0.0,1027.0,8228.0,0.0,0.0,0.0,0.0,0.0,1.0,0.0,0.0,0.0,0.0,0.0,0.0,0.0,1.0,0.0,0.0002,16.0,25903.0
2026-07-21T18:12:12.674Z,4.958,971.16,-0.1,0.0,0.0,0.0,2048.0,0.0,0.0,0.0,0.0,1.0,0.0,0.0,0.0,0.0,9.0,7.0,1.0,0.0,0.0,0.0,0.0,0.0,0.0,0.0,6.0,12.0,1.0,12.18,5.0200000000000005,2.51,1.49,0.0,0.0,0.0,0.4,0.0,-0.3,0.0,-1.3,-64.0,0.0,0.0,64.0,0.0,22.700000000000003,26.200000000000003,26.200000000000003,26.6,300.0,300.0,29.0,33.0,26.200000000000003,25.4,27.3,4.95,2.0,4.96,0.16,0.0,0.0,1027.0,8228.0,0.0,0.0,0.0,0.0,0.0,1.0,0.0,0.0,0.0,0.0,0.0,-0.9,0.0,-1.2000000000000002,0.0,0.0,16.0,25903.0
2026-07-21T18:12:12.686Z,4.97,971.172,0.0,0.0,0.0,0.0,2048.0,0.0,0.0,0.0,0.0,1.0,0.0,0.0,0.0,0.0,9.0,7.0,1.0,0.0,0.0,0.0,0.0,0.0,0.0,0.0,2.0,12.0,1.0,12.18,5.0200000000000005,2.51,1.49,0.0,0.0,0.0,0.4,0.0,0.2,-1.1,-1.3,-64.0,0.0,0.0,64.0,0.0,22.700000000000003,26.200000000000003,26.200000000000003,26.6,300.0,300.0,29.0,33.0,26.200000000000003,25.4,27.3,4.95,2.0,4.96,0.16,0.0,0.0,1027.0,8228.0,0.0,0.0,0.0,0.0,0.0,1.0,0.0,0.0,0.0,0.0,0.0,-0.3,0.0,-2.4000000000000004,0.0,0.0002,16.0,25903.0
2026-07-21T18:12:12.698Z,4.982,971.184,0.0,0.0,0.0,0.0,2048.0,0.0,0.0,0.0,0.0,1.0,0.0,0.0,0.0,0.0,9.0,7.0,1.0,0.0,0.0,0.0,0.0,0.0,0.0,0.0,3.0,12.0,1.0,12.18,5.01,2.5,1.5,0.0,0.0,0.0,0.4,0.0,-0.3,0.0,-0.1,-64.0,0.0,0.0,64.0,0.0,22.4,26.200000000000003,26.200000000000003,26.5,300.0,300.0,29.0,33.0,26.200000000000003,25.4,27.3,4.96,2.0,4.96,0.16,0.0,0.0,1027.0,8228.0,0.0,0.0,0.0,0.0,0.0,1.0,0.0,0.0,0.0,0.0,0.0,-0.1,0.0,-0.1,0.0,0.0,16.0,25903.0
2026-07-21T18:12:12.710Z,4.994,971.196,0.0,0.0,0.0,0.0,2048.0,0.0,0.0,0.0,0.0,1.0,0.0,0.0,0.0,0.0,9.0,7.0,1.0,0.0,0.0,0.0,0.0,0.0,0.0,0.0,4.0,12.0,1.0,12.18,5.01,2.5,1.5,0.0,0.0,0.0,0.4,0.0,0.3,0.0,-0.7000000000000001,-64.0,0.0,0.0,64.0,0.0,22.4,26.200000000000003,26.200000000000003,26.5,300.0,300.0,29.0,33.0,26.200000000000003,25.4,27.3,4.96,2.0,4.96,0.16,0.0,0.0,1027.0,8228.0,0.0,0.0,0.0,0.0,0.0,1.0,0.0,0.0,0.0,0.0,0.0,-0.5,0.0,-0.6000000000000001,0.0,0.0,16.0,25903.0
2026-07-21T18:12:12.722Z,5.006,971.208,-0.1,0.0,0.0,0.0,2048.0,0.0,0.0,0.0,0.0,0.0,0.0,0.0,0.0,0.0,9.0,7.0,1.0,0.0,0.0,0.0,0.0,0.0,0.0,0.0,6.0,12.0,1.0,12.18,5.01,2.5,1.5,0.0,0.0,0.0,0.4,0.0,0.3,1.2000000000000002,1.5,-64.0,0.0,0.0,64.0,0.0,22.4,26.200000000000003,26.200000000000003,26.5,300.0,300.0,29.0,33.0,26.200000000000003,25.4,27.3,4.95,2.0,4.96,0.16,0.0,0.0,1027.0,8228.0,0.0,0.0,0.0,0.0,0.0,1.0,0.0,0.0,0.0,0.0,0.0,0.3,0.0,2.8000000000000003,0.0,0.0,16.0,25903.0
2026-07-21T18:12:12.734Z,5.018,971.22,-0.1,0.0,0.0,0.0,2048.0,0.0,0.0,0.0,0.0,0.0,0.0,0.0,0.0,0.0,9.0,7.0,1.0,0.0,0.0,0.0,0.0,0.0,0.0,0.0,1.0,12.0,1.0,12.18,5.01,2.5,1.5,0.0,0.0,0.0,0.4,0.0,-0.2,0.1,-1.3,-64.0,0.0,0.0,64.0,0.0,22.4,26.200000000000003,26.200000000000003,26.5,300.0,300.0,29.0,33.0,26.200000000000003,25.4,27.3,4.95,2.0,4.97,0.16,0.0,0.0,1027.0,8228.0,0.0,0.0,0.0,0.0,0.0,1.0,0.0,0.0,0.0,0.0,0.0,-0.9,0.0,-1.1,0.0,0.0,16.0,25903.0
2026-07-21T18:12:12.746Z,5.03,971.232,0.0,0.0,0.0,0.0,2048.0,0.0,0.0,0.0,0.0,0.0,0.0,0.0,0.0,0.0,9.0,7.0,1.0,0.0,0.0,0.0,0.0,0.0,0.0,0.0,3.0,12.0,1.0,12.18,5.01,2.5,1.5,0.0,0.0,0.0,0.4,0.0,-0.2,0.6000000000000001,0.3,-64.0,0.0,0.0,64.2,0.0,22.4,26.200000000000003,26.200000000000003,26.5,300.0,300.0,29.0,33.0,26.200000000000003,25.4,27.3,4.96,2.0,4.96,0.16,0.0,0.0,1027.0,8228.0,0.0,0.0,0.0,0.0,0.0,1.0,0.0,0.0,0.0,0.0,0.0,0.0,0.0,1.0,0.0,0.0,16.0,25903.0
2026-07-21T18:12:12.758Z,5.042,971.244,0.0,0.0,0.0,0.0,2048.0,0.0,0.0,0.0,0.0,0.0,0.0,0.0,0.0,0.0,9.0,7.0,1.0,0.0,0.0,0.0,0.0,0.0,0.0,0.0,4.0,12.0,1.0,12.18,5.01,2.5,1.5,0.0,0.0,0.0,0.4,0.0,-0.2,1.3,-0.1,-64.0,0.0,0.0,64.0,0.0,22.4,26.200000000000003,26.200000000000003,26.5,300.0,300.0,29.0,33.0,26.200000000000003,25.4,27.3,4.96,2.0,4.97,0.16,0.0,0.0,1027.0,8228.0,0.0,0.0,0.0,0.0,0.0,1.0,0.0,0.0,0.0,0.0,0.0,-0.7000000000000001,0.0,1.1,0.0,0.0003,16.0,25903.0
2026-07-21T18:12:12.770Z,5.054,971.256,0.0,0.0,0.0,0.0,2048.0,0.0,0.0,0.0,0.0,0.0,0.0,0.0,0.0,0.0,9.0,7.0,1.0,0.0,0.0,0.0,0.0,0.0,0.0,0.0,6.0,12.0,1.0,12.18,5.01,2.5,1.5,0.0,0.0,0.0,0.4,0.0,0.8,0.1,0.4,-64.0,0.0,0.0,64.0,0.0,22.4,26.200000000000003,26.200000000000003,26.5,300.0,300.0,29.0,33.0,26.200000000000003,25.4,27.3,4.95,2.0,4.97,0.16,0.0,0.0,1027.0,8228.0,0.0,0.0,0.0,0.0,0.0,1.0,0.0,0.0,0.0,0.0,0.0,0.2,0.0,0.5,0.0,0.0002,16.0,25903.0
2026-07-21T18:12:12.782Z,5.066,971.268,0.0,0.0,0.0,0.0,2048.0,0.0,0.0,0.0,0.0,0.0,0.0,0.0,0.0,0.0,9.0,7.0,1.0,0.0,0.0,0.0,0.0,0.0,0.0,0.0,1.0,12.0,1.0,12.18,5.01,2.5,1.5,0.0,0.0,0.0,0.4,0.0,-0.8,0.1,-0.1,-64.0,0.0,0.0,64.0,0.0,22.4,26.200000000000003,26.200000000000003,26.5,300.0,300.0,29.0,33.0,26.200000000000003,25.4,27.3,4.96,2.0,4.96,0.16,0.0,0.0,1027.0,8228.0,0.0,0.0,0.0,0.0,0.0,1.0,0.0,0.0,0.0,0.0,0.0,-0.1,0.0,0.0,0.0,0.0001,16.0,25903.0
2026-07-21T18:12:12.795Z,5.079,971.28,0.0,0.0,0.0,0.0,2048.0,0.0,0.0,0.0,0.0,0.0,0.0,0.0,0.0,0.0,9.0,7.0,1.0,0.0,0.0,0.0,0.0,0.0,0.0,0.0,2.0,12.0,1.0,12.15,5.0200000000000005,2.5,1.49,0.0,0.0,0.0,0.4,0.0,-0.2,-1.0,-1.2000000000000002,-64.0,0.0,0.0,64.0,0.0,22.700000000000003,26.200000000000003,26.200000000000003,26.6,300.0,300.0,28.9,33.1,26.200000000000003,25.4,27.3,4.95,2.0,4.96,0.16,0.0,0.0,1027.0,8228.0,0.0,0.0,0.0,0.0,0.0,1.0,0.0,0.0,0.0,0.0,0.0,-0.3,0.0,-2.2,0.0,0.0,16.0,25903.0
2026-07-21T18:12:12.807Z,5.091,971.292,0.0,0.0,0.0,0.0,2048.0,0.0,0.0,0.0,0.0,0.0,0.0,0.0,0.0,0.0,9.0,7.0,1.0,0.0,0.0,0.0,0.0,0.0,0.0,0.0,3.0,12.0,1.0,12.15,5.0200000000000005,2.5,1.49,0.0,0.0,0.0,0.4,0.0,0.3,-1.0,0.0,-64.0,0.0,0.0,64.0,0.0,22.700000000000003,26.200000000000003,26.200000000000003,26.6,300.0,300.0,28.9,33.1,26.200000000000003,25.4,27.3,4.95,2.0,4.96,0.16,0.0,0.0,1027.0,8228.0,0.0,0.0,0.0,0.0,0.0,1.0,0.0,0.0,0.0,0.0,0.0,0.4,0.0,-1.1,0.0,0.0,16.0,25903.0
2026-07-21T18:12:12.818Z,5.102,971.304,0.0,0.0,0.0,0.0,2048.0,0.0,0.0,0.0,0.0,0.0,0.0,0.0,0.0,0.0,9.0,7.0,1.0,0.0,0.0,0.0,0.0,0.0,0.0,0.0,4.0,12.0,1.0,12.15,5.0200000000000005,2.5,1.49,0.0,0.0,0.0,0.4,0.0,-0.2,0.7000000000000001,0.0,-64.0,0.0,0.0,64.0,0.0,22.700000000000003,26.200000000000003,26.200000000000003,26.6,300.0,300.0,28.9,33.1,26.200000000000003,25.4,27.3,4.95,2.01,4.96,0.16,0.0,0.0,1027.0,8228.0,0.0,0.0,0.0,0.0,0.0,1.0,0.0,0.0,0.0,0.0,0.0,-0.4,0.0,0.6000000000000001,0.0,0.0,16.0,25903.0
2026-07-21T18:12:12.830Z,5.114,971.316,0.0,0.0,0.0,0.0,2048.0,0.0,0.0,0.0,0.0,0.0,0.0,0.0,0.0,0.0,9.0,7.0,1.0,0.0,0.0,0.0,0.0,0.0,0.0,0.0,5.0,12.0,1.0,12.15,5.0200000000000005,2.5,1.49,0.0,0.1,0.0,0.5,0.0,-0.2,-0.9,-0.6000000000000001,-64.0,0.0,0.0,64.0,0.0,22.700000000000003,26.200000000000003,26.200000000000003,26.6,300.0,300.0,28.9,33.1,26.200000000000003,25.4,27.3,4.96,2.01,4.96,0.16,0.0,0.0,1027.0,8228.0,0.0,0.0,0.0,0.0,0.0,1.0,0.0,0.0,0.0,0.0,0.0,0.0,0.0,-1.6,0.0,0.0,16.0,25903.0
2026-07-21T18:12:12.842Z,5.126,971.328,0.0,0.0,0.0,0.0,2048.0,0.0,0.0,0.0,0.0,0.0,0.0,0.0,0.0,0.0,9.0,7.0,1.0,0.0,0.0,0.0,0.0,0.0,0.0,0.0,6.0,12.0,1.0,12.15,5.0200000000000005,2.5,1.49,0.0,0.0,0.0,0.5,0.0,-0.8,-0.4,-0.6000000000000001,-64.0,0.0,0.0,64.2,0.0,22.700000000000003,26.200000000000003,26.200000000000003,26.6,300.0,300.0,28.9,33.1,26.200000000000003,25.4,27.3,4.95,2.0,4.97,0.16,0.0,0.0,1027.0,8228.0,0.0,0.0,0.0,0.0,0.0,1.0,0.0,0.0,0.0,0.0,0.0,-0.1,0.0,-1.0,0.0,0.0,16.0,25903.0
2026-07-21T18:12:12.854Z,5.138,971.34,0.0,0.0,0.0,0.0,2048.0,0.0,0.0,0.0,0.0,0.0,0.0,0.0,0.0,0.0,9.0,7.0,1.0,0.0,0.0,0.0,0.0,0.0,0.0,0.0,2.0,12.0,1.0,12.15,5.0200000000000005,2.5,1.49,0.0,0.0,0.0,0.4,0.0,0.2,0.7000000000000001,-1.2000000000000002,-64.0,0.0,0.0,64.2,0.0,22.700000000000003,26.200000000000003,26.200000000000003,26.6,300.0,300.0,28.9,33.1,26.200000000000003,25.4,27.3,4.95,2.0,4.96,0.16,0.0,0.0,1027.0,8228.0,0.0,0.0,0.0,0.0,0.0,1.0,0.0,0.0,0.0,0.0,0.0,-1.1,0.0,-0.4,0.0,0.0003,16.0,25903.0
2026-07-21T18:12:12.866Z,5.15,971.352,0.0,0.0,0.0,0.0,2048.0,0.0,0.0,0.0,0.0,0.0,0.0,0.0,0.0,0.0,9.0,7.0,1.0,0.0,0.0,0.0,0.0,0.0,0.0,0.0,3.0,12.0,1.0,12.15,5.0200000000000005,2.5,1.49,0.0,0.0,0.0,0.4,0.0,-0.9,-1.0,-0.6000000000000001,-64.0,0.0,0.0,64.0,0.0,22.700000000000003,26.200000000000003,26.200000000000003,26.6,300.0,300.0,28.9,33.1,26.200000000000003,25.4,27.3,4.95,2.01,4.96,0.16,0.0,0.0,1027.0,8228.0,0.0,0.0,0.0,0.0,0.0,1.0,0.0,0.0,0.0,0.0,0.0,0.0,0.0,-1.6,0.0,0.0002,16.0,25903.0
2026-07-21T18:12:12.878Z,5.162,971.364,0.0,0.0,0.0,0.0,2048.0,0.0,0.0,0.0,0.0,0.0,0.0,0.0,0.0,0.0,9.0,7.0,1.0,0.0,0.0,0.0,0.0,0.0,0.0,0.0,4.0,12.0,1.0,12.15,5.0200000000000005,2.5,1.49,0.0,0.0,0.0,0.4,0.0,-0.9,-0.4,-0.6000000000000001,-64.0,0.0,0.0,64.0,0.0,22.700000000000003,26.200000000000003,26.200000000000003,26.6,300.0,300.0,28.9,33.1,26.200000000000003,25.4,27.3,4.95,2.01,4.96,0.17,0.0,0.0,1027.0,8228.0,0.0,0.0,0.0,0.0,0.0,1.0,0.0,0.0,0.0,0.0,0.0,-0.2,0.0,-1.0,0.0,0.0002,16.0,25903.0
2026-07-21T18:12:12.890Z,5.174,971.376,0.0,0.0,0.0,0.0,2048.0,0.0,0.0,0.0,0.0,0.0,0.0,0.0,0.0,0.0,9.0,7.0,1.0,0.0,0.0,0.0,0.0,0.0,0.0,0.0,5.0,12.0,1.0,12.15,5.0200000000000005,2.5,1.49,0.0,0.0,0.0,0.4,0.0,0.1,-0.3,-0.6000000000000001,-64.0,0.0,0.0,64.0,0.0,22.700000000000003,26.200000000000003,26.200000000000003,26.6,300.0,300.0,28.9,33.1,26.200000000000003,25.4,27.3,4.95,2.0,4.97,0.17,0.0,0.0,1027.0,8228.0,0.0,0.0,0.0,0.0,0.0,1.0,0.0,0.0,0.0,0.0,0.0,-0.1,0.0,-0.9,0.0,0.0,16.0,25903.0
2026-07-21T18:12:12.902Z,5.186,971.388,0.0,0.0,0.0,0.0,2048.0,0.0,0.0,0.0,0.0,0.0,0.0,0.0,0.0,0.0,9.0,7.0,1.0,0.0,0.0,0.0,0.0,0.0,0.0,0.0,6.0,12.0,1.0,12.17,5.0200000000000005,2.51,1.49,0.0,0.0,0.0,0.4,0.0,0.1,0.2,1.7000000000000002,-64.0,0.0,0.0,64.0,0.0,22.4,26.200000000000003,26.200000000000003,26.6,300.0,300.0,28.9,33.0,26.200000000000003,25.4,27.3,4.95,2.0,4.96,0.16,0.0,0.0,1027.0,8228.0,0.0,0.0,0.0,0.0,0.0,1.0,0.0,0.0,0.0,0.0,0.0,1.0,0.0,1.9,0.0,0.0,16.0,25903.0
2026-07-21T18:12:12.915Z,5.199,971.4,0.0,0.0,0.0,0.0,2048.0,0.0,0.0,0.0,0.0,0.0,0.0,0.0,0.0,0.0,9.0,7.0,1.0,0.0,0.0,0.0,0.0,0.0,0.0,0.0,1.0,12.0,1.0,12.17,5.0200000000000005,2.51,1.49,0.0,0.1,0.0,0.4,0.0,-0.3,1.3,-1.8,-64.0,0.0,0.0,64.0,0.0,22.4,26.200000000000003,26.200000000000003,26.6,300.0,300.0,28.9,33.0,26.200000000000003,25.4,27.3,4.96,2.0,4.96,0.16,0.0,0.0,1027.0,8228.0,0.0,0.0,0.0,0.0,0.0,1.0,0.0,0.0,0.0,0.0,0.0,0.2,0.0,0.7000000000000001,0.0,0.0,16.0,25903.0
2026-07-21T18:12:12.926Z,5.21,971.412,0.0,0.0,0.0,0.0,2048.0,0.0,0.0,0.0,0.0,0.0,0.0,0.0,0.0,0.0,9.0,7.0,1.0,0.0,0.0,0.0,0.0,0.0,0.0,0.0,2.0,12.0,1.0,12.17,5.0200000000000005,2.51,1.49,0.0,0.0,0.0,0.4,0.0,1.3,0.7000000000000001,0.0,-64.0,0.0,0.0,64.0,0.0,22.4,26.200000000000003,26.200000000000003,26.6,300.0,300.0,28.9,33.0,26.200000000000003,25.4,27.3,4.95,2.0,4.97,0.16,0.0,0.0,1027.0,8228.0,0.0,0.0,0.0,0.0,0.0,1.0,0.0,0.0,0.0,0.0,0.0,-0.4,0.0,0.7000000000000001,0.0,0.0,16.0,25903.0
2026-07-21T18:12:12.938Z,5.222,971.424,0.0,0.0,0.0,0.0,2048.0,0.0,0.0,0.0,0.0,0.0,0.0,0.0,0.0,0.0,9.0,7.0,1.0,0.0,0.0,0.0,0.0,0.0,0.0,0.0,4.0,12.0,1.0,12.17,5.0200000000000005,2.51,1.49,0.0,0.0,0.0,0.4,0.0,0.7000000000000001,-0.3,0.0,-64.0,0.0,0.0,64.2,0.0,22.4,26.200000000000003,26.200000000000003,26.6,300.0,300.0,28.9,33.0,26.200000000000003,25.4,27.3,4.96,2.0,4.96,0.16,0.0,0.0,1027.0,8228.0,0.0,0.0,0.0,0.0,0.0,1.0,0.0,0.0,0.0,0.0,0.0,0.1,0.0,-0.4,0.0,0.0,16.0,25903.0
2026-07-21T18:12:12.951Z,5.235,971.436,0.0,0.0,0.0,0.0,2048.0,0.0,0.0,0.0,0.0,0.0,0.0,0.0,0.0,0.0,9.0,7.0,1.0,0.0,0.0,0.0,0.0,0.0,0.0,0.0,6.0,12.0,1.0,12.17,5.0200000000000005,2.51,1.49,0.0,0.0,0.0,0.4,0.0,0.7000000000000001,-0.4,-0.6000000000000001,-64.0,0.0,0.0,64.2,0.0,22.4,26.200000000000003,26.200000000000003,26.6,300.0,300.0,28.9,33.0,26.200000000000003,25.4,27.3,4.96,2.01,4.96,0.16,0.0,0.0,1027.0,8228.0,0.0,0.0,0.0,0.0,0.0,1.0,0.0,0.0,0.0,0.0,0.0,-0.4,0.0,0.6000000000000001,0.0,0.0003,16.0,25903.0
2026-07-21T18:12:12.962Z,5.246,971.448,0.0,0.0,0.0,0.0,2048.0,0.0,0.0,0.0,0.0,0.0,0.0,0.0,0.0,0.0,9.0,7.0,1.0,0.0,0.0,0.0,0.0,0.0,0.0,0.0,1.0,12.0,1.0,12.17,5.0200000000000005,2.51,1.49,0.0,0.0,0.0,0.4,0.0,0.1,0.7000000000000001,1.0,-64.0,0.0,0.0,64.0,0.0,22.4,26.200000000000003,26.200000000000003,26.6,300.0,300.0,28.9,33.0,26.200000000000003,25.4,27.3,4.95,2.0,4.96,0.16,0.0,0.0,1027.0,8228.0,0.0,0.0,0.0,0.0,0.0,1.0,0.0,0.0,0.0,0.0,0.0,0.0,0.0,2.3000000000000003,0.0,0.0,16.0,25903.0
2026-07-21T18:12:12.974Z,5.258,971.46,0.0,0.0,0.0,0.0,2048.0,0.0,0.0,0.0,0.0,0.0,0.0,0.0,0.0,0.0,9.0,7.0,1.0,0.0,0.0,0.0,0.0,0.0,0.0,0.0,2.0,12.0,1.0,12.17,5.0200000000000005,2.51,1.49,0.0,0.0,0.0,0.4,0.0,0.7000000000000001,0.1,-0.1,-64.0,0.0,0.0,64.0,0.0,22.4,26.200000000000003,26.200000000000003,26.6,300.0,300.0,28.9,33.0,26.200000000000003,25.4,27.3,4.95,2.0,4.97,0.16,0.0,0.0,1027.0,8228.0,0.0,0.0,0.0,0.0,0.0,1.0,0.0,0.0,0.0,0.0,0.0,-0.3,0.0,1.7000000000000002,0.0,0.0002,16.0,25903.0
2026-07-21T18:12:12.986Z,5.27,971.472,0.0,0.0,0.0,0.0,2048.0,0.0,0.0,0.0,0.0,0.0,0.0,0.0,0.0,0.0,9.0,7.0,1.0,0.0,0.0,0.0,0.0,0.0,0.0,0.0,3.0,12.0,1.0,12.17,5.0200000000000005,2.51,1.49,0.0,0.0,0.0,0.4,0.0,0.1,-0.4,0.4,-64.0,0.0,0.0,64.0,0.0,22.4,26.200000000000003,26.200000000000003,26.6,300.0,300.0,28.9,33.0,26.200000000000003,25.4,27.3,4.96,2.0,4.96,0.16,0.0,0.0,1027.0,8228.0,0.0,0.0,0.0,0.0,0.0,1.0,0.0,0.0,0.0,0.0,0.0,-0.6000000000000001,0.0,-2.8000000000000003,0.0,0.0002,16.0,25903.0
2026-07-21T18:12:12.999Z,5.283,971.484,0.0,0.0,0.0,0.0,2048.0,0.0,0.0,0.0,0.0,0.0,0.0,0.0,0.0,0.0,9.0,7.0,1.0,0.0,0.0,0.0,0.0,0.0,0.0,0.0,4.0,12.0,1.0,12.14,5.0200000000000005,2.5,1.49,0.0,0.0,0.0,0.4,0.0,-1.0,-0.5,-0.7000000000000001,-64.0,0.0,0.0,64.0,0.0,23.3,26.200000000000003,26.200000000000003,26.5,300.0,300.0,28.9,33.0,26.200000000000003,25.4,27.3,4.96,2.01,4.97,0.16,0.0,0.0,1027.0,8228.0,0.0,0.0,0.0,0.0,0.0,1.0,0.0,0.0,0.0,0.0,0.0,-0.2,0.0,-1.2000000000000002,0.0,0.0,16.0,25903.0
2026-07-21T18:12:13.010Z,5.294,971.496,0.0,0.0,0.0,0.0,2048.0,0.0,0.0,0.0,0.0,0.0,0.0,0.0,0.0,0.0,9.0,7.0,1.0,0.0,0.0,0.0,0.0,0.0,0.0,0.0,5.0,12.0,1.0,12.14,5.0200000000000005,2.5,1.49,0.0,0.0,0.0,0.4,0.0,-0.4,0.0,1.0,-64.0,0.0,0.0,64.0,0.0,23.3,26.200000000000003,26.200000000000003,26.5,300.0,300.0,28.9,33.0,26.200000000000003,25.4,27.3,4.95,2.0,4.97,0.16,0.0,0.0,1027.0,8228.0,0.0,0.0,0.0,0.0,0.0,1.0,0.0,0.0,0.0,0.0,0.0,0.6000000000000001,0.0,1.0,0.0,0.0,16.0,25903.0
2026-07-21T18:12:13.022Z,5.306,971.508,0.0,0.0,0.0,0.0,2048.0,0.0,0.0,0.0,0.0,0.0,0.0,0.0,0.0,0.0,9.0,7.0,1.0,0.0,0.0,0.0,0.0,0.0,0.0,0.0,1.0,12.0,1.0,12.14,5.0200000000000005,2.5,1.49,0.0,0.0,0.0,0.4,0.0,-0.4,-0.5,-0.7000000000000001,-64.0,0.0,0.0,64.0,0.0,23.3,26.200000000000003,26.200000000000003,26.5,300.0,300.0,28.9,33.0,26.200000000000003,25.4,27.3,4.96,2.0,4.96,0.16,0.0,0.0,1027.0,8228.0,0.0,0.0,0.0,0.0,0.0,1.0,0.0,0.0,0.0,0.0,0.0,-0.2,0.0,-1.2000000000000002,0.0,0.0,16.0,25903.0
2026-07-21T18:12:13.034Z,5.318,971.52,0.0,0.0,0.0,0.0,2048.0,0.0,0.0,0.0,0.0,0.0,0.0,0.0,0.0,0.0,9.0,7.0,1.0,0.0,0.0,0.0,0.0,0.0,0.0,0.0,2.0,12.0,1.0,12.14,5.0200000000000005,2.5,1.49,0.0,0.0,0.0,0.5,0.0,-0.4,-0.5,0.4,-64.0,0.0,0.0,64.0,0.0,23.3,26.200000000000003,26.200000000000003,26.5,300.0,300.0,28.9,33.0,26.200000000000003,25.4,27.3,4.95,2.01,4.96,0.16,0.0,0.0,1027.0,8228.0,0.0,0.0,0.0,0.0,0.0,1.0,0.0,0.0,0.0,0.0,0.0,0.5,0.0,-0.1,0.0,0.0,16.0,25903.0
2026-07-21T18:12:13.046Z,5.33,971.532,0.0,0.0,0.0,0.0,2048.0,0.0,0.0,0.0,0.0,0.0,0.0,0.0,0.0,0.0,9.0,7.0,1.0,0.0,0.0,0.0,0.0,0.0,0.0,0.0,3.0,12.0,1.0,12.14,5.0200000000000005,2.5,1.49,0.0,0.0,0.0,0.4,0.0,-0.4,0.5,-0.2,-64.0,0.0,0.0,64.2,0.0,23.3,26.200000000000003,26.200000000000003,26.5,300.0,300.0,28.9,33.0,26.200000000000003,25.4,27.3,4.95,2.0,4.97,0.16,0.0,0.0,1027.0,8228.0,0.0,0.0,0.0,0.0,0.0,1.0,0.0,0.0,0.0,0.0,0.0,-0.4,0.0,0.4,0.0,0.0,16.0,25903.0
2026-07-21T18:12:13.058Z,5.342,971.544,0.0,0.0,0.0,0.0,2048.0,0.0,0.0,0.0,0.0,0.0,0.0,0.0,0.0,0.0,9.0,7.0,1.0,0.0,0.0,0.0,0.0,0.0,0.0,0.0,4.0,12.0,1.0,12.14,5.0200000000000005,2.5,1.49,0.0,0.0,0.0,0.4,0.0,-0.4,0.0,-0.7000000000000001,-64.0,0.0,0.0,64.0,0.0,23.3,26.200000000000003,26.200000000000003,26.5,300.0,300.0,28.9,33.0,26.200000000000003,25.4,27.3,4.95,2.01,4.97,0.16,0.0,0.0,1027.0,8228.0,0.0,0.0,0.0,0.0,0.0,1.0,0.0,0.0,0.0,0.0,0.0,-0.5,0.0,-0.7000000000000001,0.0,0.0003,16.0,25903.0
2026-07-21T18:12:13.070Z,5.354,971.556,0.0,0.0,0.0,0.0,2048.0,0.0,0.0,0.0,0.0,0.0,0.0,0.0,0.0,0.0,9.0,7.0,1.0,0.0,0.0,0.0,0.0,0.0,0.0,0.0,6.0,12.0,1.0,12.14,5.0200000000000005,2.5,1.49,0.0,0.0,0.0,0.4,0.0,0.1,0.0,0.9,-64.0,0.0,0.0,64.0,0.0,23.3,26.200000000000003,26.200000000000003,26.5,300.0,300.0,28.9,33.0,26.200000000000003,25.4,27.3,4.96,2.01,4.96,0.15,0.0,0.0,1027.0,8228.0,0.0,0.0,0.0,0.0,0.0,1.0,0.0,0.0,0.0,0.0,0.0,0.6000000000000001,0.0,0.9,0.0,0.0002,16.0,25903.0
2026-07-21T18:12:13.082Z,5.366,971.568,0.0,0.0,0.0,0.0,2048.0,0.0,0.0,0.0,0.0,0.0,0.0,0.0,0.0,0.0,9.0,7.0,1.0,0.0,0.0,0.0,0.0,0.0,0.0,0.0,1.0,12.0,1.0,12.14,5.0200000000000005,2.5,1.49,0.0,0.0,0.0,0.4,0.0,0.1,-0.5,-0.7000000000000001,-64.0,0.0,0.0,64.0,0.0,23.3,26.200000000000003,26.200000000000003,26.5,300.0,300.0,28.9,33.0,26.200000000000003,25.4,27.3,4.95,2.0,4.97,0.15,0.0,0.0,1027.0,8228.0,0.0,0.0,0.0,0.0,0.0,1.0,0.0,0.0,0.0,0.0,0.0,-0.1,0.0,-1.3,0.0,0.0002,16.0,25903.0
2026-07-21T18:12:13.094Z,5.378,971.58,0.0,0.0,0.0,0.0,2048.0,0.0,0.0,0.0,0.0,0.0,0.0,0.0,0.0,0.0,9.0,7.0,1.0,0.0,0.0,0.0,0.0,0.0,0.0,0.0,1.0,12.0,1.0,12.14,5.0200000000000005,2.5,1.49,0.0,0.0,0.0,0.4,0.0,1.3,0.6000000000000001,1.6,-64.0,0.0,0.0,64.0,0.0,23.3,26.200000000000003,26.200000000000003,26.5,300.0,300.0,28.9,33.0,26.200000000000003,25.4,27.3,4.95,2.0,4.97,0.16,0.0,0.0,1027.0,8228.0,0.0,0.0,0.0,0.0,0.0,1.0,0.0,0.0,0.0,0.0,0.0,0.7000000000000001,0.0,2.1,0.0,0.0,16.0,25903.0
2026-07-21T18:12:13.106Z,5.39,971.592,0.0,0.0,0.0,0.0,2048.0,0.0,0.0,0.0,0.0,0.0,0.0,0.0,0.0,0.0,9.0,7.0,1.0,0.0,0.0,0.0,0.0,0.0,0.0,0.0,2.0,12.0,1.0,12.18,5.01,2.51,1.49,0.0,0.0,0.0,0.4,0.0,0.1,1.1,-1.3,-64.0,0.0,0.0,64.0,0.0,22.3,26.200000000000003,26.200000000000003,26.6,300.0,300.0,29.0,33.0,26.200000000000003,25.4,27.3,4.95,2.0,4.97,0.16,0.0,0.0,1027.0,8228.0,0.0,0.0,0.0,0.0,0.0,1.0,0.0,0.0,0.0,0.0,0.0,-1.4,0.0,-0.1,0.0,0.0,16.0,25903.0
2026-07-21T18:12:13.118Z,5.402,971.604,0.0,0.0,0.0,0.0,2048.0,0.0,0.0,0.0,0.0,0.0,0.0,0.0,0.0,0.0,9.0,7.0,1.0,0.0,0.0,0.0,0.0,0.0,0.0,0.0,3.0,12.0,1.0,12.18,5.01,2.51,1.49,0.0,0.0,0.0,0.4,0.0,0.1,-0.5,-0.2,-64.0,0.0,0.0,64.2,0.0,22.3,26.200000000000003,26.200000000000003,26.6,300.0,300.0,29.0,33.0,26.200000000000003,25.4,27.3,4.96,2.0,4.96,0.16,0.0,0.0,1027.0,8228.0,0.0,0.0,0.0,0.0,0.0,1.0,0.0,0.0,0.0,0.0,0.0,0.1,0.0,-0.8,0.0,0.0,16.0,25903.0
2026-07-21T18:12:13.130Z,5.414,971.616,0.0,0.0,0.0,0.0,2048.0,0.0,0.0,0.0,0.0,0.0,0.0,0.0,0.0,0.0,9.0,7.0,1.0,0.0,0.0,0.0,0.0,0.0,0.0,0.0,5.0,12.0,1.0,12.18,5.01,2.51,1.49,0.0,0.0,0.0,0.4,0.0,-0.4,-1.2000000000000002,-0.1,-64.0,0.0,0.0,64.2,0.0,22.3,26.200000000000003,26.200000000000003,26.6,300.0,300.0,29.0,33.0,26.200000000000003,25.4,27.3,4.95,2.0,4.96,0.16,0.0,0.0,1027.0,8228.0,0.0,0.0,0.0,0.0,0.0,1.0,0.0,0.0,0.0,0.0,0.0,0.4,0.0,-1.4,0.0,0.0003,16.0,25903.0
2026-07-21T18:12:13.142Z,5.426,971.628,0.0,0.0,0.0,0.0,2048.0,0.0,0.0,0.0,0.0,0.0,0.0,0.0,0.0,0.0,9.0,7.0,1.0,0.0,0.0,0.0,0.0,0.0,0.0,0.0,6.0,12.0,1.0,12.18,5.01,2.51,1.49,0.0,0.0,0.0,0.4,0.0,0.0,0.0,-0.1,-64.0,0.0,0.0,64.2,0.0,22.3,26.200000000000003,26.200000000000003,26.6,300.0,300.0,29.0,33.0,26.200000000000003,25.4,27.3,4.95,2.0,4.96,0.16,0.0,0.0,1027.0,8228.0,0.0,0.0,0.0,0.0,0.0,1.0,0.0,0.0,0.0,0.0,0.0,0.0,0.0,-0.1,0.0,0.0001,16.0,25903.0
2026-07-21T18:12:13.154Z,5.438,971.64,0.0,0.0,0.0,0.0,2048.0,0.0,0.0,0.0,0.0,0.0,0.0,0.0,0.0,0.0,9.0,7.0,1.0,0.0,0.0,0.0,0.0,0.0,0.0,0.0,1.0,12.0,1.0,12.18,5.01,2.51,1.49,0.0,0.0,0.0,0.4,0.0,0.1,1.1,0.4,-64.0,0.0,0.0,64.2,0.0,22.3,26.200000000000003,26.200000000000003,26.6,300.0,300.0,29.0,33.0,26.200000000000003,25.4,27.3,4.95,2.0,4.96,0.16,0.0,0.0,1027.0,8228.0,0.0,0.0,0.0,0.0,0.0,1.0,0.0,0.0,0.0,0.0,0.0,-0.3,0.0,1.6,0.0,0.0,16.0,25903.0
2026-07-21T18:12:13.166Z,5.45,971.652,0.0,0.0,0.0,0.0,2048.0,0.0,0.0,0.0,0.0,0.0,0.0,0.0,0.0,0.0,9.0,7.0,1.0,0.0,0.0,0.0,0.0,0.0,0.0,0.0,2.0,12.0,1.0,12.18,5.01,2.51,1.49,0.0,0.0,0.0,0.5,0.0,0.0,0.0,-0.6000000000000001,-64.0,0.0,0.0,64.0,0.0,22.3,26.200000000000003,26.200000000000003,26.6,300.0,300.0,29.0,33.0,26.200000000000003,25.4,27.3,4.95,2.0,4.97,0.16,0.0,0.0,1027.0,8228.0,0.0,0.0,0.0,0.0,0.0,1.0,0.0,0.0,0.0,0.0,0.0,-0.4,0.0,-0.6000000000000001,0.0,0.0,16.0,25903.0
2026-07-21T18:12:13.178Z,5.462,971.664,0.0,0.0,0.0,0.0,2048.0,0.0,0.0,0.0,0.0,0.0,0.0,0.0,0.0,0.0,9.0,7.0,1.0,0.0,0.0,0.0,0.0,0.0,0.0,0.0,3.0,12.0,1.0,12.18,5.01,2.51,1.49,0.0,0.0,0.0,0.4,0.0,1.2000000000000002,-0.5,0.4,-64.0,0.0,0.0,64.0,0.0,22.3,26.200000000000003,26.200000000000003,26.6,300.0,300.0,29.0,33.0,26.200000000000003,25.4,27.3,4.96,2.0,4.96,0.16,0.0,0.0,1027.0,8228.0,0.0,0.0,0.0,0.0,0.0,1.0,0.0,0.0,0.0,0.0,0.0,0.5,0.0,-0.1,0.0,0.0004,16.0,25903.0
2026-07-21T18:12:13.192Z,5.476,971.676,0.0,0.0,0.0,0.0,2048.0,0.0,0.0,0.0,0.0,0.0,0.0,0.0,0.0,0.0,9.0,7.0,1.0,0.0,0.0,0.0,0.0,0.0,0.0,0.0,4.0,12.0,1.0,12.18,5.01,2.51,1.49,0.0,0.0,0.0,0.4,0.0,-0.4,1.7000000000000002,-1.2000000000000002,-64.0,0.0,0.0,64.0,0.0,22.3,26.200000000000003,26.200000000000003,26.6,300.0,300.0,29.0,33.0,26.200000000000003,25.4,27.3,4.96,2.01,4.96,0.16,0.0,0.0,1027.0,8228.0,0.0,0.0,0.0,0.0,0.0,1.0,0.0,0.0,0.0,0.0,0.0,-1.7000000000000002,0.0,0.6000000000000001,0.0,0.0001,16.0,25903.0
2026-07-21T18:12:13.203Z,5.487,971.688,0.0,0.0,0.0,0.0,2048.0,0.0,0.0,0.0,0.0,0.0,0.0,0.0,0.0,0.0,9.0,7.0,1.0,0.0,0.0,0.0,0.0,0.0,0.0,0.0,6.0,12.0,1.0,12.17,5.01,2.51,1.49,0.0,0.0,0.0,0.4,0.0,-0.4,1.2000000000000002,1.0,-64.0,0.0,0.0,64.0,0.0,22.6,26.200000000000003,26.200000000000003,26.6,300.0,300.0,29.0,33.0,26.200000000000003,25.4,27.3,4.95,2.0,4.96,0.16,0.0,0.0,1027.0,8228.0,0.0,0.0,0.0,0.0,0.0,1.0,0.0,0.0,0.0,0.0,0.0,0.0,0.0,2.3000000000000003,0.0,0.0,16.0,25903.0
2026-07-21T18:12:13.214Z,5.498,971.7,0.0,0.0,0.0,0.0,2048.0,0.0,0.0,0.0,0.0,0.0,0.0,0.0,0.0,0.0,9.0,7.0,1.0,0.0,0.0,0.0,0.0,0.0,0.0,0.0,1.0,12.0,1.0,12.17,5.01,2.51,1.49,0.0,0.0,0.0,0.4,0.0,0.7000000000000001,0.0,0.4,-64.0,0.0,0.0,64.0,0.0,22.6,26.200000000000003,26.200000000000003,26.6,300.0,300.0,29.0,33.0,26.200000000000003,25.4,27.3,4.96,2.0,4.97,0.16,0.0,0.0,1027.0,8228.0,0.0,0.0,0.0,0.0,0.0,1.0,0.0,0.0,0.0,0.0,0.0,0.2,0.0,0.5,0.0,0.0,16.0,25903.0
2026-07-21T18:12:13.226Z,5.51,971.712,0.0,0.0,0.0,0.0,2048.0,0.0,0.0,0.0,0.0,1.0,0.0,0.0,0.0,0.0,9.0,7.0,1.0,0.0,0.0,0.0,0.0,0.0,0.0,0.0,2.0,12.0,1.0,12.17,5.01,2.51,1.49,0.0,0.0,0.0,0.4,0.0,0.1,-1.1,0.0,-64.0,0.0,0.0,64.10000000000001,0.0,22.6,26.200000000000003,26.200000000000003,26.6,300.0,300.0,29.0,33.0,26.200000000000003,25.4,27.3,4.96,2.0,4.96,0.16,0.0,0.0,1027.0,8228.0,0.0,0.0,0.0,0.0,0.0,1.0,0.0,0.0,0.0,0.0,0.0,0.4,0.0,-1.2000000000000002,0.0,0.0,16.0,25903.0
2026-07-21T18:12:13.238Z,5.522,971.724,0.0,0.0,0.0,0.0,2048.0,0.0,0.0,0.0,0.0,1.0,0.0,0.0,0.0,0.0,9.0,7.0,1.0,0.0,0.0,0.0,0.0,0.0,0.0,0.0,3.0,12.0,1.0,12.17,5.01,2.51,1.49,0.0,0.1,0.0,0.4,0.0,0.2,0.0,-0.6000000000000001,-64.0,0.0,0.0,64.2,0.0,22.6,26.200000000000003,26.200000000000003,26.6,300.0,300.0,29.0,33.0,26.200000000000003,25.4,27.3,4.96,2.0,4.96,0.16,0.0,0.0,1027.0,8228.0,0.0,0.0,0.0,0.0,0.0,1.0,0.0,0.0,0.0,0.0,0.0,-0.4,0.0,-0.5,0.0,0.0002,16.0,25903.0
2026-07-21T18:12:13.251Z,5.535,971.736,0.0,0.0,0.0,0.0,2048.0,0.0,0.0,0.0,0.0,1.0,0.0,0.0,0.0,0.0,9.0,7.0,1.0,0.0,0.0,0.0,0.0,0.0,0.0,0.0,4.0,12.0,1.0,12.17,5.01,2.51,1.49,0.0,0.0,0.0,0.4,0.0,-0.3,0.6000000000000001,-0.1,-64.0,0.0,0.0,64.2,0.0,22.6,26.200000000000003,26.200000000000003,26.6,300.0,300.0,29.0,33.0,26.200000000000003,25.4,27.3,4.95,2.0,4.96,0.16,0.0,0.0,1027.0,8228.0,0.0,0.0,0.0,0.0,0.0,1.0,0.0,0.0,0.0,0.0,0.0,-0.3,0.0,0.5,0.0,0.0002,16.0,25903.0
2026-07-21T18:12:13.262Z,5.546,971.748,0.0,0.0,0.0,0.0,2048.0,0.0,0.0,0.0,0.0,1.0,0.0,0.0,0.0,0.0,9.0,7.0,1.0,0.0,0.0,0.0,0.0,0.0,0.0,0.0,6.0,12.0,1.0,12.17,5.01,2.51,1.49,0.0,0.0,0.0,0.4,0.0,-0.9,-0.5,0.5,-64.0,0.0,0.0,64.0,0.0,22.6,26.200000000000003,26.200000000000003,26.6,300.0,300.0,29.0,33.0,26.200000000000003,25.4,27.3,4.96,2.0,4.96,0.16,0.0,0.0,1027.0,8228.0,0.0,0.0,0.0,0.0,0.0,1.0,0.0,0.0,0.0,0.0,0.0,0.6000000000000001,0.0,0.0,0.0,0.0,16.0,25903.0
2026-07-21T18:12:13.274Z,5.558,971.76,0.0,0.0,0.0,0.0,2048.0,0.0,0.0,0.0,0.0,1.0,0.0,0.0,0.0,0.0,9.0,7.0,1.0,0.0,0.0,0.0,0.0,0.0,0.0,0.0,1.0,12.0,1.0,12.17,5.01,2.51,1.49,0.0,0.0,0.0,0.4,0.0,-0.3,-0.5,1.0,-64.0,0.0,0.0,64.0,0.0,22.6,26.200000000000003,26.200000000000003,26.6,300.0,300.0,29.0,33.0,26.200000000000003,25.4,27.3,4.95,2.0,4.96,0.16,0.0,0.0,1027.0,8228.0,0.0,0.0,0.0,0.0,0.0,1.0,0.0,0.0,0.0,0.0,0.0,0.9,0.0,0.4,0.0,0.0003,16.0,25903.0
2026-07-21T18:12:13.286Z,5.57,971.772,0.0,0.0,0.0,0.0,2048.0,0.0,0.0,0.0,0.0,1.0,0.0,0.0,0.0,0.0,9.0,7.0,1.0,0.0,0.0,0.0,0.0,0.0,0.0,0.0,2.0,12.0,1.0,12.17,5.01,2.51,1.49,0.0,0.0,0.0,0.4,0.0,0.2,0.6000000000000001,-0.7000000000000001,-64.0,0.0,0.0,64.0,0.0,22.6,26.200000000000003,26.200000000000003,26.6,300.0,300.0,29.0,33.0,26.200000000000003,25.4,27.3,4.95,2.0,4.97,0.16,0.0,0.0,1027.0,8228.0,0.0,0.0,0.0,0.0,0.0,1.0,0.0,0.0,0.0,0.0,0.0,-0.7000000000000001,0.0,0.0,0.0,0.0001,16.0,25903.0
2026-07-21T18:12:13.298Z,5.582,971.784,0.0,0.0,0.0,0.0,2048.0,0.0,0.0,0.0,0.0,1.0,0.0,0.0,0.0,0.0,9.0,7.0,1.0,0.0,0.0,0.0,0.0,0.0,0.0,0.0,3.0,12.0,1.0,12.17,5.01,2.51,1.49,0.0,0.1,0.0,0.4,0.0,-0.9,-0.5,-0.7000000000000001,-64.0,0.0,0.0,64.0,0.0,22.6,26.200000000000003,26.200000000000003,26.6,300.0,300.0,29.0,33.0,26.200000000000003,25.4,27.3,4.95,2.01,4.97,0.16,0.0,0.0,1027.0,8228.0,0.0,0.0,0.0,0.0,0.0,1.0,0.0,0.0,0.0,0.0,0.0,-0.1,0.0,-1.2000000000000002,0.0,0.0,16.0,25903.0
2026-07-21T18:12:13.310Z,5.594,971.796,0.0,0.0,0.0,0.0,2048.0,0.0,0.0,0.0,0.0,1.0,0.0,0.0,0.0,0.0,9.0,7.0,1.0,0.0,0.0,0.0,0.0,0.0,0.0,0.0,4.0,12.0,1.0,12.15,5.01,2.51,1.49,0.0,0.0,0.0,0.4,0.0,0.2,0.0,0.0,-64.0,0.0,0.0,64.0,0.0,23.0,26.200000000000003,26.200000000000003,26.5,300.0,300.0,29.0,33.0,26.200000000000003,25.4,27.200000000000003,4.96,2.01,4.96,0.15,0.0,0.0,1027.0,8228.0,0.0,0.0,0.0,0.0,0.0,1.0,0.0,0.0,0.0,0.0,0.0,0.0,0.0,0.0,0.0,0.0,16.0,25903.0
2026-07-21T18:12:13.322Z,5.606,971.808,0.0,0.0,0.0,0.0,2048.0,0.0,0.0,0.0,0.0,1.0,0.0,0.0,0.0,0.0,9.0,7.0,1.0,0.0,0.0,0.0,0.0,0.0,0.0,0.0,5.0,12.0,1.0,12.15,5.01,2.51,1.49,0.0,0.0,0.0,0.4,0.0,0.2,0.0,-0.6000000000000001,-64.0,0.0,0.0,64.2,0.0,23.0,26.200000000000003,26.200000000000003,26.5,300.0,300.0,29.0,33.0,26.200000000000003,25.4,27.200000000000003,4.95,2.0,4.97,0.15,0.0,0.0,1027.0,8228.0,0.0,0.0,0.0,0.0,0.0,1.0,0.0,0.0,0.0,0.0,0.0,-0.4,0.0,-0.5,0.0,0.0,16.0,25903.0
2026-07-21T18:12:13.334Z,5.618,971.82,0.0,0.0,0.0,0.0,2048.0,0.0,0.0,0.0,0.0,1.0,0.0,0.0,0.0,0.0,9.0,7.0,1.0,0.0,0.0,0.0,0.0,0.0,0.0,0.0,5.0,12.0,1.0,12.15,5.01,2.51,1.49,0.0,0.0,0.0,0.4,0.0,0.2,-0.5,-1.2000000000000002,-64.0,0.0,0.0,64.2,0.0,23.0,26.200000000000003,26.200000000000003,26.5,300.0,300.0,29.0,33.0,26.200000000000003,25.4,27.200000000000003,4.95,2.0,4.96,0.16,0.0,0.0,1027.0,8228.0,0.0,0.0,0.0,0.0,0.0,1.0,0.0,0.0,0.0,0.0,0.0,-0.5,0.0,-1.7000000000000002,0.0,0.0003,16.0,25903.0
2026-07-21T18:12:13.346Z,5.63,971.832,0.0,0.0,0.0,0.0,2048.0,0.0,0.0,0.0,0.0,1.0,0.0,0.0,0.0,0.0,9.0,7.0,1.0,0.0,0.0,0.0,0.0,0.0,0.0,0.0,6.0,12.0,1.0,12.15,5.01,2.51,1.49,0.0,0.0,0.0,0.4,0.0,-0.3,0.0,-0.6000000000000001,-64.0,0.0,0.0,64.2,0.0,23.0,26.200000000000003,26.200000000000003,26.5,300.0,300.0,29.0,33.0,26.200000000000003,25.4,27.200000000000003,4.96,2.0,4.96,0.16,0.0,0.0,1027.0,8228.0,0.0,0.0,0.0,0.0,0.0,1.0,0.0,0.0,0.0,0.0,0.0,-0.4,0.0,-0.5,0.0,0.0002,16.0,25903.0
2026-07-21T18:12:13.358Z,5.642,971.844,0.0,0.0,0.0,0.0,2048.0,0.0,0.0,0.0,0.0,1.0,0.0,0.0,0.0,0.0,9.0,7.0,1.0,0.0,0.0,0.0,0.0,0.0,0.0,0.0,1.0,12.0,1.0,12.15,5.01,2.51,1.49,0.0,0.0,0.0,0.4,0.0,-0.3,-1.1,-0.7000000000000001,-64.0,0.0,0.0,64.10000000000001,0.0,23.0,26.200000000000003,26.200000000000003,26.5,300.0,300.0,29.0,33.0,26.200000000000003,25.4,27.200000000000003,4.95,2.0,4.96,0.16,0.0,0.0,1027.0,8228.0,0.0,0.0,0.0,0.0,0.0,1.0,0.0,0.0,0.0,0.0,0.0,0.1,0.0,-1.8,0.0,0.0,16.0,25903.0
2026-07-21T18:12:13.370Z,5.654,971.856,0.0,0.0,0.0,0.0,2048.0,0.0,0.0,0.0,0.0,1.0,0.0,0.0,0.0,0.0,9.0,7.0,1.0,0.0,0.0,0.0,0.0,0.0,0.0,0.0,3.0,12.0,1.0,12.15,5.01,2.51,1.49,0.0,0.0,0.0,0.4,0.0,-0.8,-1.6,0.4,-64.0,0.0,0.0,64.0,0.0,23.0,26.200000000000003,26.200000000000003,26.5,300.0,300.0,29.0,33.0,26.200000000000003,25.4,27.200000000000003,4.95,2.0,4.97,0.16,0.0,0.0,1027.0,8228.0,0.0,0.0,0.0,0.0,0.0,1.0,0.0,0.0,0.0,0.0,0.0,1.1,0.0,-1.2000000000000002,0.0,0.0,16.0,25903.0
2026-07-21T18:12:13.382Z,5.666,971.868,0.0,0.0,0.0,0.0,2048.0,0.0,0.0,0.0,0.0,1.0,0.0,0.0,0.0,0.0,9.0,7.0,1.0,0.0,0.0,0.0,0.0,0.0,0.0,0.0,4.0,12.0,1.0,12.15,5.01,2.51,1.49,0.0,0.0,0.0,0.4,0.0,-0.3,0.0,-1.8,-64.0,0.0,0.0,64.0,0.0,23.0,26.200000000000003,26.200000000000003,26.5,300.0,300.0,29.0,33.0,26.200000000000003,25.4,27.200000000000003,4.95,2.0,4.96,0.16,0.0,0.0,1027.0,8228.0,0.0,0.0,0.0,0.0,0.0,1.0,0.0,0.0,0.0,0.0,0.0,-1.2000000000000002,0.0,-1.7000000000000002,0.0,0.0003,16.0,25903.0
2026-07-21T18:12:13.394Z,5.678,971.88,0.0,0.0,0.0,0.0,2048.0,0.0,0.0,0.0,0.0,1.0,0.0,0.0,0.0,0.0,9.0,7.0,1.0,0.0,0.0,0.0,0.0,0.0,0.0,0.0,5.0,12.0,1.0,12.15,5.01,2.51,1.49,0.0,0.0,0.0,0.4,0.0,0.8,0.0,1.6,-64.0,0.0,0.0,64.0,0.0,23.0,26.200000000000003,26.200000000000003,26.5,300.0,300.0,29.0,33.0,26.200000000000003,25.4,27.200000000000003,4.96,2.0,4.96,0.16,0.0,0.0,1027.0,8228.0,0.0,0.0,0.0,0.0,0.0,1.0,0.0,0.0,0.0,0.0,0.0,1.0,0.0,1.5,0.0,0.0,16.0,25903.0
2026-07-21T18:12:13.407Z,5.691,971.892,0.0,0.0,0.0,0.0,2048.0,0.0,0.0,0.0,0.0,1.0,0.0,0.0,0.0,0.0,9.0,7.0,1.0,0.0,0.0,0.0,0.0,0.0,0.0,0.0,1.0,12.0,1.0,12.13,5.01,2.5,1.5,0.0,0.0,0.0,0.4,0.0,0.2,0.0,-0.7000000000000001,-64.0,0.0,0.0,64.0,0.0,22.700000000000003,26.200000000000003,26.200000000000003,26.6,300.0,300.0,29.0,33.0,26.200000000000003,25.4,27.3,4.95,2.0,4.96,0.16,0.0,0.0,1027.0,8228.0,0.0,0.0,0.0,0.0,0.0,1.0,0.0,0.0,0.0,0.0,0.0,-0.4,0.0,-0.7000000000000001,0.0,0.0,16.0,25903.0
2026-07-21T18:12:13.418Z,5.702,971.904,-0.1,0.0,0.0,0.0,2048.0,0.0,0.0,0.0,0.0,1.0,0.0,0.0,0.0,0.0,9.0,7.0,1.0,0.0,0.0,0.0,0.0,0.0,0.0,0.0,2.0,12.0,1.0,12.13,5.01,2.5,1.5,0.0,0.0,0.0,0.4,0.0,-0.3,0.0,-2.5,-64.0,0.0,0.0,64.0,0.0,22.700000000000003,26.200000000000003,26.200000000000003,26.6,300.0,300.0,29.0,33.0,26.200000000000003,25.4,27.3,4.95,2.0,4.96,0.16,0.0,0.0,1027.0,8228.0,0.0,0.0,0.0,0.0,0.0,1.0,0.0,0.0,0.0,0.0,0.0,-0.2,0.0,-2.5,0.0,0.0,16.0,25903.0
2026-07-21T18:12:13.430Z,5.714,971.916,-0.1,0.0,0.0,0.0,2048.0,0.0,0.0,0.0,0.0,1.0,0.0,0.0,0.0,0.0,9.0,7.0,1.0,0.0,0.0,0.0,0.0,0.0,0.0,0.0,3.0,12.0,1.0,12.13,5.01,2.5,1.5,0.0,0.0,0.0,0.4,0.0,-0.3,0.0,-0.1,-64.0,0.0,0.0,64.0,0.0,22.700000000000003,26.200000000000003,26.200000000000003,26.6,300.0,300.0,29.0,33.0,26.200000000000003,25.4,27.3,4.95,2.0,4.96,0.16,0.0,0.0,1027.0,8228.0,0.0,0.0,0.0,0.0,0.0,1.0,0.0,0.0,0.0,0.0,0.0,0.0,0.0,-0.1,0.0,0.0,16.0,25903.0
2026-07-21T18:12:13.442Z,5.726,971.928,0.0,0.0,0.0,0.0,2048.0,0.0,0.0,0.0,0.0,1.0,0.0,0.0,0.0,0.0,9.0,7.0,1.0,0.0,0.0,0.0,0.0,0.0,0.0,0.0,4.0,12.0,1.0,12.13,5.01,2.5,1.5,0.0,0.0,0.0,0.4,0.0,0.2,1.1,-0.6000000000000001,-64.0,0.0,0.0,64.2,0.0,22.700000000000003,26.200000000000003,26.200000000000003,26.6,300.0,300.0,29.0,33.0,26.200000000000003,25.4,27.3,4.96,2.0,4.96,0.16,0.0,0.0,1027.0,8228.0,0.0,0.0,0.0,0.0,0.0,1.0,0.0,0.0,0.0,0.0,0.0,-1.0,0.0,0.5,0.0,0.0,16.0,25903.0
2026-07-21T18:12:13.454Z,5.738,971.94,-0.1,0.0,0.0,0.0,2048.0,0.0,0.0,0.0,0.0,1.0,0.0,0.0,0.0,0.0,9.0,7.0,1.0,0.0,0.0,0.0,0.0,0.0,0.0,0.0,6.0,12.0,1.0,12.13,5.01,2.5,1.5,0.0,0.0,0.0,0.4,0.0,0.8,0.0,-1.2000000000000002,-64.0,0.0,0.0,64.2,0.0,22.700000000000003,26.200000000000003,26.200000000000003,26.6,300.0,300.0,29.0,33.0,26.200000000000003,25.4,27.3,4.95,2.0,4.97,0.16,0.0,0.0,1027.0,8228.0,0.0,0.0,0.0,0.0,0.0,1.0,0.0,0.0,0.0,0.0,0.0,-0.7000000000000001,0.0,-1.2000000000000002,0.0,0.0004,16.0,25903.0
2026-07-21T18:12:13.466Z,5.75,971.952,0.0,0.0,0.0,0.0,2048.0,0.0,0.0,0.0,0.0,1.0,0.0,0.0,0.0,0.0,9.0,7.0,1.0,0.0,0.0,0.0,0.0,0.0,0.0,0.0,1.0,12.0,1.0,12.13,5.01,2.5,1.5,0.0,0.0,0.0,0.4,0.0,-0.3,-0.6000000000000001,-0.6000000000000001,-64.0,0.0,0.0,64.0,0.0,22.700000000000003,26.200000000000003,26.200000000000003,26.6,300.0,300.0,29.0,33.0,26.200000000000003,25.4,27.3,4.96,2.0,4.96,0.16,0.0,0.0,1027.0,8228.0,0.0,0.0,0.0,0.0,0.0,1.0,0.0,0.0,0.0,0.0,0.0,1.3,0.0,-0.2,0.0,0.0001,16.0,25903.0
2026-07-21T18:12:13.478Z,5.762,971.964,0.0,0.0,0.0,0.0,2048.0,0.0,0.0,0.0,0.0,1.0,0.0,0.0,0.0,0.0,9.0,7.0,1.0,0.0,0.0,0.0,0.0,0.0,0.0,0.0,3.0,12.0,1.0,12.13,5.01,2.5,1.5,0.0,0.0,0.0,0.4,0.0,-0.4,-0.6000000000000001,0.0,-64.0,0.0,0.0,64.0,0.0,22.700000000000003,26.200000000000003,26.200000000000003,26.6,300.0,300.0,29.0,33.0,26.200000000000003,25.4,27.3,4.96,2.0,4.97,0.16,0.0,0.0,1027.0,8228.0,0.0,0.0,0.0,0.0,0.0,1.0,0.0,0.0,0.0,0.0,0.0,-1.0,0.0,-0.5,0.0,0.0003,16.0,25903.0
2026-07-21T18:12:13.490Z,5.774,971.976,0.0,0.0,0.0,0.0,2048.0,0.0,0.0,0.0,0.0,1.0,0.0,0.0,0.0,0.0,9.0,7.0,1.0,0.0,0.0,0.0,0.0,0.0,0.0,0.0,4.0,12.0,1.0,12.13,5.01,2.5,1.5,0.0,0.0,0.0,0.4,0.0,-0.9,0.0,-0.6000000000000001,-64.0,0.0,0.0,64.0,0.0,22.700000000000003,26.200000000000003,26.200000000000003,26.6,300.0,300.0,29.0,33.0,26.200000000000003,25.4,27.3,4.95,2.0,4.97,0.16,0.0,0.0,1027.0,8228.0,0.0,0.0,0.0,0.0,0.0,1.0,0.0,0.0,0.0,0.0,0.0,0.0,0.0,-1.2000000000000002,0.0,0.0,16.0,25903.0
2026-07-21T18:12:13.502Z,5.786,971.988,0.0,0.0,0.0,0.0,2048.0,0.0,0.0,0.0,0.0,1.0,0.0,0.0,0.0,0.0,9.0,7.0,1.0,0.0,0.0,0.0,0.0,0.0,0.0,0.0,5.0,12.0,1.0,12.13,5.01,2.5,1.5,0.0,0.0,0.0,0.4,0.0,0.2,-1.1,1.2000000000000002,-64.0,0.0,0.0,64.0,0.0,22.700000000000003,26.200000000000003,26.200000000000003,26.6,300.0,300.0,29.0,33.0,26.200000000000003,25.4,27.3,4.95,2.0,4.96,0.16,0.0,0.0,1027.0,8228.0,0.0,0.0,0.0,0.0,0.0,1.0,0.0,0.0,0.0,0.0,0.0,0.0,0.0,0.0,0.0,0.0,16.0,25903.0
2026-07-21T18:12:13.514Z,5.798,972.0,0.0,0.0,0.0,0.0,2048.0,0.0,0.0,0.0,0.0,1.0,0.0,0.0,0.0,0.0,9.0,7.0,1.0,0.0,0.0,0.0,0.0,0.0,0.0,0.0,6.0,12.0,1.0,12.15,5.0200000000000005,2.5,1.49,0.0,0.0,0.0,0.4,0.0,-0.3,0.0,1.2000000000000002,-64.0,0.0,0.0,64.0,0.0,22.8,26.200000000000003,26.200000000000003,26.6,300.0,300.0,29.0,33.0,26.200000000000003,25.4,27.3,4.95,2.01,4.96,0.16,0.0,0.0,1027.0,8228.0,0.0,0.0,0.0,0.0,0.0,1.0,0.0,0.0,0.0,0.0,0.0,0.7000000000000001,0.0,1.2000000000000002,0.0,0.0,16.0,25903.0
2026-07-21T18:12:13.526Z,5.81,972.012,0.0,0.0,0.0,0.0,2048.0,0.0,0.0,0.0,0.0,1.0,0.0,0.0,0.0,0.0,9.0,7.0,1.0,0.0,0.0,0.0,0.0,0.0,0.0,0.0,2.0,12.0,1.0,12.15,5.0200000000000005,2.5,1.49,0.0,0.1,0.0,0.4,0.0,-0.3,1.8,2.3000000000000003,-64.0,0.0,0.0,64.0,0.0,22.8,26.200000000000003,26.200000000000003,26.6,300.0,300.0,29.0,33.0,26.200000000000003,25.4,27.3,4.95,2.0,4.97,0.16,0.0,0.0,1027.0,8228.0,0.0,0.0,0.0,0.0,0.0,1.0,0.0,0.0,0.0,0.0,0.0,0.6000000000000001,0.0,4.2,0.0,0.0,16.0,25903.0
2026-07-21T18:12:13.538Z,5.822,972.024,0.0,0.0,0.0,0.0,2048.0,0.0,0.0,0.0,0.0,1.0,0.0,0.0,0.0,0.0,9.0,7.0,1.0,0.0,0.0,0.0,0.0,0.0,0.0,0.0,3.0,12.0,1.0,12.15,5.0200000000000005,2.5,1.49,0.0,0.0,0.0,0.4,0.0,-0.2,0.0,-0.5,-64.0,0.0,0.0,64.2,0.0,22.8,26.200000000000003,26.200000000000003,26.6,300.0,300.0,29.0,33.0,26.200000000000003,25.4,27.3,4.95,2.0,4.97,0.16,0.0,0.0,1027.0,8228.0,0.0,0.0,0.0,0.0,0.0,1.0,0.0,0.0,0.0,0.0,0.0,-0.3,0.0,-0.4,0.0,0.0,16.0,25903.0
2026-07-21T18:12:13.550Z,5.834,972.036,0.0,0.0,0.0,0.0,2048.0,0.0,0.0,0.0,0.0,1.0,0.0,0.0,0.0,0.0,9.0,7.0,1.0,0.0,0.0,0.0,0.0,0.0,0.0,0.0,4.0,12.0,1.0,12.15,5.0200000000000005,2.5,1.49,0.0,0.0,0.0,0.4,0.0,0.8,0.0,0.5,-64.0,0.0,0.0,64.2,0.0,22.8,26.200000000000003,26.200000000000003,26.6,300.0,300.0,29.0,33.0,26.200000000000003,25.4,27.3,4.96,2.0,4.96,0.15,0.0,0.0,1027.0,8228.0,0.0,0.0,0.0,0.0,0.0,1.0,0.0,0.0,0.0,0.0,0.0,0.3,0.0,0.6000000000000001,0.0,0.0003,16.0,25903.0
2026-07-21T18:12:13.563Z,5.847,972.048,0.0,0.0,0.0,0.0,2048.0,0.0,0.0,0.0,0.0,1.0,0.0,0.0,0.0,0.0,9.0,7.0,1.0,0.0,0.0,0.0,0.0,0.0,0.0,0.0,6.0,12.0,1.0,12.15,5.0200000000000005,2.5,1.49,0.0,0.0,0.0,0.4,0.0,0.3,0.1,1.1,-64.0,0.0,0.0,64.0,0.0,22.8,26.200000000000003,26.200000000000003,26.6,300.0,300.0,29.0,33.0,26.200000000000003,25.4,27.3,4.95,2.0,4.97,0.15,0.0,0.0,1027.0,8228.0,0.0,0.0,0.0,0.0,0.0,1.0,0.0,0.0,0.0,0.0,0.0,0.7000000000000001,0.0,1.2000000000000002,0.0,0.0,16.0,25903.0
2026-07-21T18:12:13.574Z,5.858,972.06,0.0,0.0,0.0,0.0,2048.0,0.0,0.0,0.0,0.0,1.0,0.0,0.0,0.0,0.0,9.0,7.0,1.0,0.0,0.0,0.0,0.0,0.0,0.0,0.0,2.0,12.0,1.0,12.15,5.0200000000000005,2.5,1.49,0.0,0.0,0.0,0.4,0.0,-0.3,1.2000000000000002,1.1,-64.0,0.0,0.0,64.0,0.0,22.8,26.200000000000003,26.200000000000003,26.6,300.0,300.0,29.0,33.0,26.200000000000003,25.4,27.3,4.95,2.0,4.97,0.16,0.0,0.0,1027.0,8228.0,0.0,0.0,0.0,0.0,0.0,1.0,0.0,0.0,0.0,0.0,0.0,0.1,0.0,2.4000000000000004,0.0,0.0003,16.0,25903.0
2026-07-21T18:12:13.586Z,5.87,972.072,0.0,0.0,0.0,0.0,2048.0,0.0,0.0,0.0,0.0,1.0,0.0,0.0,0.0,0.0,9.0,7.0,1.0,0.0,0.0,0.0,0.0,0.0,0.0,0.0,3.0,12.0,1.0,12.15,5.0200000000000005,2.5,1.49,0.0,0.0,0.0,0.4,0.0,0.2,0.6000000000000001,0.5,-64.0,0.0,0.0,64.0,0.0,22.8,26.200000000000003,26.200000000000003,26.6,300.0,300.0,29.0,33.0,26.200000000000003,25.4,27.3,4.95,2.0,4.97,0.16,0.0,0.0,1027.0,8228.0,0.0,0.0,0.0,0.0,0.0,1.0,0.0,0.0,0.0,0.0,0.0,0.0,0.0,1.1,0.0,0.0001,16.0,25903.0
2026-07-21T18:12:13.598Z,5.882,972.084,0.0,0.0,0.0,0.0,2048.0,0.0,0.0,0.0,0.0,1.0,0.0,0.0,0.0,0.0,9.0,7.0,1.0,0.0,0.0,0.0,0.0,0.0,0.0,0.0,5.0,12.0,1.0,12.15,5.0200000000000005,2.5,1.49,0.0,0.0,0.0,0.4,0.0,0.8,-0.5,0.0,-64.0,0.0,0.0,64.0,0.0,22.8,26.200000000000003,26.200000000000003,26.6,300.0,300.0,29.0,33.0,26.200000000000003,25.4,27.3,4.95,2.0,4.96,0.16,0.0,0.0,1027.0,8228.0,0.0,0.0,0.0,0.0,0.0,1.0,0.0,0.0,0.0,0.0,0.0,0.2,0.0,-0.6000000000000001,0.0,0.0,16.0,25903.0
2026-07-21T18:12:13.611Z,5.895,972.096,0.0,0.0,0.0,0.0,2048.0,0.0,0.0,0.0,0.0,1.0,0.0,0.0,0.0,0.0,9.0,7.0,1.0,0.0,0.0,0.0,0.0,0.0,0.0,0.0,6.0,12.0,1.0,12.17,5.01,2.51,1.49,0.0,0.1,0.0,0.4,0.0,0.2,-1.0,-1.2000000000000002,-64.0,0.0,0.0,64.0,0.0,22.4,26.200000000000003,26.200000000000003,26.6,300.0,300.0,29.1,32.9,26.200000000000003,25.4,27.3,4.95,2.0,4.96,0.16,0.0,0.0,1027.0,8228.0,0.0,0.0,0.0,0.0,0.0,1.0,0.0,0.0,0.0,0.0,0.0,-0.2,0.0,-2.2,0.0,0.0,16.0,25903.0
2026-07-21T18:12:13.622Z,5.906,972.108,0.0,0.0,0.0,0.0,2048.0,0.0,0.0,0.0,0.0,1.0,0.0,0.0,0.0,0.0,9.0,7.0,1.0,0.0,0.0,0.0,0.0,0.0,0.0,0.0,2.0,12.0,1.0,12.17,5.01,2.51,1.49,0.0,0.0,0.0,0.4,0.0,-0.3,0.0,0.0,-64.0,0.0,0.0,64.10000000000001,0.0,22.4,26.200000000000003,26.200000000000003,26.6,300.0,300.0,29.1,32.9,26.200000000000003,25.4,27.3,4.95,2.0,4.96,0.16,0.0,0.0,1027.0,8228.0,0.0,0.0,0.0,0.0,0.0,1.0,0.0,0.0,0.0,0.0,0.0,0.0,0.0,0.0,0.0,0.0,16.0,25903.0
2026-07-21T18:12:13.635Z,5.919,972.12,0.0,0.0,0.0,0.0,2048.0,0.0,0.0,0.0,0.0,1.0,0.0,0.0,0.0,0.0,9.0,7.0,1.0,0.0,0.0,0.0,0.0,0.0,0.0,0.0,3.0,12.0,1.0,12.17,5.01,2.51,1.49,0.0,0.0,0.0,0.4,0.0,-0.3,0.6000000000000001,-0.6000000000000001,-64.0,0.0,0.0,64.2,0.0,22.4,26.200000000000003,26.200000000000003,26.6,300.0,300.0,29.1,32.9,26.200000000000003,25.4,27.3,4.96,2.0,4.96,0.16,0.0,0.0,1027.0,8228.0,0.0,0.0,0.0,0.0,0.0,1.0,0.0,0.0,0.0,0.0,0.0,-0.7000000000000001,0.0,0.0,0.0,0.0001,16.0,25903.0
2026-07-21T18:12:13.646Z,5.93,972.132,0.0,0.0,0.0,0.0,2048.0,0.0,0.0,0.0,0.0,1.0,0.0,0.0,0.0,0.0,9.0,7.0,1.0,0.0,0.0,0.0,0.0,0.0,0.0,0.0,5.0,12.0,1.0,12.17,5.01,2.51,1.49,0.0,0.0,0.0,0.4,0.0,0.7000000000000001,1.8,1.6,-64.0,0.0,0.0,64.2,0.0,22.4,26.200000000000003,26.200000000000003,26.6,300.0,300.0,29.1,32.9,26.200000000000003,25.4,27.3,4.95,2.0,4.96,0.17,0.0,0.0,1027.0,8228.0,0.0,0.0,0.0,0.0,0.0,1.0,0.0,0.0,0.0,0.0,0.0,0.1,0.0,3.4000000000000004,0.0,0.0002,16.0,25903.0
2026-07-21T18:12:13.658Z,5.942,972.144,0.0,0.0,0.0,0.0,2048.0,0.0,0.0,0.0,0.0,1.0,0.0,0.0,0.0,0.0,9.0,7.0,1.0,0.0,0.0,0.0,0.0,0.0,0.0,0.0,6.0,12.0,1.0,12.17,5.01,2.51,1.49,0.0,0.0,0.0,0.4,0.0,0.8,0.1,0.0,-64.0,0.0,0.0,64.0,0.0,22.4,26.200000000000003,26.200000000000003,26.6,300.0,300.0,29.1,32.9,26.200000000000003,25.4,27.3,4.96,2.0,4.96,0.17,0.0,0.0,1027.0,8228.0,0.0,0.0,0.0,0.0,0.0,1.0,0.0,0.0,0.0,0.0,0.0,0.0,0.0,0.0,0.0,0.0,16.0,25903.0
2026-07-21T18:12:13.670Z,5.954,972.156,0.0,0.0,0.0,0.0,2048.0,0.0,0.0,0.0,0.0,1.0,0.0,0.0,0.0,0.0,9.0,7.0,1.0,0.0,0.0,0.0,0.0,0.0,0.0,0.0,2.0,12.0,1.0,12.17,5.01,2.51,1.49,0.0,0.1,0.0,0.4,0.0,1.4,1.2000000000000002,0.4,-64.0,0.0,0.0,64.0,0.0,22.4,26.200000000000003,26.200000000000003,26.6,300.0,300.0,29.1,32.9,26.200000000000003,25.4,27.3,4.96,2.01,4.96,0.16,0.0,0.0,1027.0,8228.0,0.0,0.0,0.0,0.0,0.0,1.0,0.0,0.0,0.0,0.0,0.0,-0.2,0.0,1.7000000000000002,0.0,0.0003,16.0,25903.0
2026-07-21T18:12:13.682Z,5.966,972.168,0.0,0.0,0.0,0.0,2048.0,0.0,0.0,0.0,0.0,1.0,0.0,0.0,0.0,0.0,9.0,7.0,1.0,0.0,0.0,0.0,0.0,0.0,0.0,0.0,3.0,12.0,1.0,12.17,5.01,2.51,1.49,0.0,0.0,0.0,0.4,0.0,-0.3,0.0,0.4,-64.0,0.0,0.0,64.0,0.0,22.4,26.200000000000003,26.200000000000003,26.6,300.0,300.0,29.1,32.9,26.200000000000003,25.4,27.3,4.95,2.0,4.96,0.16,0.0,0.0,1027.0,8228.0,0.0,0.0,0.0,0.0,0.0,1.0,0.0,0.0,0.0,0.0,0.0,0.2,0.0,0.4,0.0,0.0001,16.0,25903.0
2026-07-21T18:12:13.694Z,5.978,972.18,0.0,0.0,0.0,0.0,2048.0,0.0,0.0,0.0,0.0,1.0,0.0,0.0,0.0,0.0,9.0,7.0,1.0,0.0,0.0,0.0,0.0,0.0,0.0,0.0,4.0,12.0,1.0,12.17,5.01,2.51,1.49,0.0,0.0,0.0,0.4,0.0,-0.3,0.0,-0.6000000000000001,-64.0,0.0,0.0,64.0,0.0,22.4,26.200000000000003,26.200000000000003,26.6,300.0,300.0,29.1,32.9,26.200000000000003,25.4,27.3,4.95,2.0,4.97,0.16,0.0,0.0,1027.0,8228.0,0.0,0.0,0.0,0.0,0.0,1.0,0.0,0.0,0.0,0.0,0.0,-0.4,0.0,-0.6000000000000001,0.0,0.0,16.0,25903.0
2026-07-21T18:12:13.706Z,5.99,972.192,0.0,0.0,0.0,0.0,2048.0,0.0,0.0,0.0,0.0,1.0,0.0,0.0,0.0,0.0,9.0,7.0,1.0,0.0,0.0,0.0,0.0,0.0,0.0,0.0,6.0,12.0,1.0,12.17,5.01,2.51,1.49,0.0,0.0,0.0,0.4,0.0,0.2,-0.5,-1.2000000000000002,-64.0,0.0,0.0,64.0,0.0,22.4,26.200000000000003,26.200000000000003,26.6,300.0,300.0,29.1,32.9,26.200000000000003,25.4,27.3,4.96,2.0,4.96,0.16,0.0,0.0,1027.0,8228.0,0.0,0.0,0.0,0.0,0.0,1.0,0.0,0.0,0.0,0.0,0.0,-0.5,0.0,-1.7000000000000002,0.0,0.0,16.0,25903.0
2026-07-21T18:12:13.718Z,6.002,972.204,0.0,0.0,0.0,0.0,2048.0,0.0,0.0,0.0,0.0,0.0,0.0,0.0,0.0,0.0,9.0,7.0,1.0,0.0,0.0,0.0,0.0,0.0,0.0,0.0,1.0,12.0,1.0,12.15,5.01,2.51,1.49,0.0,0.0,0.0,0.4,0.0,0.3,1.2000000000000002,0.0,-64.0,0.0,0.0,64.2,0.0,22.4,26.200000000000003,26.200000000000003,26.6,300.0,300.0,29.1,33.0,26.200000000000003,25.4,27.3,4.96,2.0,4.97,0.16,0.0,0.0,1027.0,8228.0,0.0,0.0,0.0,0.0,0.0,1.0,0.0,0.0,0.0,0.0,0.0,-0.6000000000000001,0.0,1.2000000000000002,0.0,0.0,16.0,25903.0
2026-07-21T18:12:13.730Z,6.014,972.216,0.0,0.0,0.0,0.0,2048.0,0.0,0.0,0.0,0.0,0.0,0.0,0.0,0.0,0.0,9.0,7.0,1.0,0.0,0.0,0.0,0.0,0.0,0.0,0.0,3.0,12.0,1.0,12.15,5.01,2.51,1.49,0.0,0.0,0.0,0.4,0.0,0.9,-0.4,-0.6000000000000001,-64.0,0.0,0.0,64.2,0.0,22.4,26.200000000000003,26.200000000000003,26.6,300.0,300.0,29.1,33.0,26.200000000000003,25.4,27.3,4.95,2.0,4.97,0.16,0.0,0.0,1027.0,8228.0,0.0,0.0,0.0,0.0,0.0,1.0,0.0,0.0,0.0,0.0,0.0,-0.1,0.0,-1.0,0.0,0.0003,16.0,25903.0
2026-07-21T18:12:13.742Z,6.026,972.228,0.0,0.0,0.0,0.0,2048.0,0.0,0.0,0.0,0.0,0.0,0.0,0.0,0.0,0.0,9.0,7.0,1.0,0.0,0.0,0.0,0.0,0.0,0.0,0.0,4.0,12.0,1.0,12.15,5.01,2.51,1.49,0.0,0.0,0.0,0.4,0.0,0.4,0.1,1.1,-64.0,0.0,0.0,64.2,0.0,22.4,26.200000000000003,26.200000000000003,26.6,300.0,300.0,29.1,33.0,26.200000000000003,25.4,27.3,4.96,2.0,4.96,0.16,0.0,0.0,1027.0,8228.0,0.0,0.0,0.0,0.0,0.0,1.0,0.0,0.0,0.0,0.0,0.0,0.6000000000000001,0.0,1.2000000000000002,0.0,0.0001,16.0,25903.0
2026-07-21T18:12:13.754Z,6.038,972.24,0.0,0.0,0.0,0.0,2048.0,0.0,0.0,0.0,0.0,0.0,0.0,0.0,0.0,0.0,9.0,7.0,1.0,0.0,0.0,0.0,0.0,0.0,0.0,0.0,6.0,12.0,1.0,12.15,5.01,2.51,1.49,0.0,0.0,0.0,0.4,0.0,0.4,-1.6,0.0,-64.0,0.0,0.0,64.0,0.0,22.4,26.200000000000003,26.200000000000003,26.6,300.0,300.0,29.1,33.0,26.200000000000003,25.4,27.3,4.95,2.0,4.96,0.16,0.0,0.0,1027.0,8228.0,0.0,0.0,0.0,0.0,0.0,1.0,0.0,0.0,0.0,0.0,0.0,0.8,0.0,-1.6,0.0,0.0,16.0,25903.0
2026-07-21T18:12:13.766Z,6.05,972.252,0.0,0.0,0.0,0.0,2048.0,0.0,0.0,0.0,0.0,0.0,0.0,0.0,0.0,0.0,9.0,7.0,1.0,0.0,0.0,0.0,0.0,0.0,0.0,0.0,1.0,12.0,1.0,12.15,5.01,2.51,1.49,0.0,0.0,0.0,0.4,0.0,0.9,0.7000000000000001,1.8,-64.0,0.0,0.0,64.0,0.0,22.4,26.200000000000003,26.200000000000003,26.6,300.0,300.0,29.1,33.0,26.200000000000003,25.4,27.3,4.95,2.01,4.97,0.16,0.0,0.0,1027.0,8228.0,0.0,0.0,0.0,0.0,0.0,1.0,0.0,0.0,0.0,0.0,0.0,0.7000000000000001,0.0,2.4000000000000004,0.0,0.0001,16.0,25903.0
2026-07-21T18:12:13.778Z,6.062,972.264,0.0,0.0,0.0,0.0,2048.0,0.0,0.0,0.0,0.0,0.0,0.0,0.0,0.0,0.0,9.0,7.0,1.0,0.0,0.0,0.0,0.0,0.0,0.0,0.0,3.0,12.0,1.0,12.15,5.01,2.51,1.49,0.0,0.0,0.0,0.4,0.0,0.9,-0.4,-0.5,-64.0,0.0,0.0,64.0,0.0,22.4,26.200000000000003,26.200000000000003,26.6,300.0,300.0,29.1,33.0,26.200000000000003,25.4,27.3,4.95,2.0,4.97,0.16,0.0,0.0,1027.0,8228.0,0.0,0.0,0.0,0.0,0.0,1.0,0.0,0.0,0.0,0.0,0.0,-0.1,0.0,-0.9,0.0,0.0002,16.0,25903.0
2026-07-21T18:12:13.790Z,6.074,972.276,0.0,0.0,0.0,0.0,2048.0,0.0,0.0,0.0,0.0,0.0,0.0,0.0,0.0,0.0,9.0,7.0,1.0,0.0,0.0,0.0,0.0,0.0,0.0,0.0,4.0,12.0,1.0,12.15,5.01,2.51,1.49,0.0,0.0,0.0,0.4,0.0,0.9,0.1,-0.5,-64.0,0.0,0.0,64.0,0.0,22.4,26.200000000000003,26.200000000000003,26.6,300.0,300.0,29.1,33.0,26.200000000000003,25.4,27.3,4.96,2.0,4.96,0.16,0.0,0.0,1027.0,8228.0,0.0,0.0,0.0,0.0,0.0,1.0,0.0,0.0,0.0,0.0,0.0,-0.4,0.0,-0.3,0.0,0.0,16.0,25903.0
2026-07-21T18:12:13.802Z,6.086,972.288,0.0,0.0,0.0,0.0,2048.0,0.0,0.0,0.0,0.0,0.0,0.0,0.0,0.0,0.0,9.0,7.0,1.0,0.0,0.0,0.0,0.0,0.0,0.0,0.0,6.0,12.0,1.0,12.15,5.01,2.51,1.49,0.0,0.0,0.0,0.4,0.0,0.3,0.7000000000000001,0.6000000000000001,-64.0,0.0,0.0,64.0,0.0,22.4,26.200000000000003,26.200000000000003,26.6,300.0,300.0,29.1,33.0,26.200000000000003,25.4,27.3,4.95,2.0,4.97,0.16,0.0,0.0,1027.0,8228.0,0.0,0.0,0.0,0.0,0.0,1.0,0.0,0.0,0.0,0.0,0.0,0.0,0.0,1.4,0.0,0.0,16.0,25903.0
2026-07-21T18:12:13.816Z,6.1,972.3,0.0,0.0,0.0,0.0,2048.0,0.0,0.0,0.0,0.0,0.0,0.0,0.0,0.0,0.0,9.0,7.0,1.0,0.0,0.0,0.0,0.0,0.0,0.0,0.0,1.0,12.0,1.0,12.2,5.0200000000000005,2.5,1.49,0.0,0.0,0.0,0.4,0.0,0.9,0.7000000000000001,0.6000000000000001,-64.0,0.0,0.0,64.10000000000001,0.0,22.3,26.200000000000003,26.200000000000003,26.6,300.0,300.0,29.0,33.0,26.200000000000003,25.4,27.3,4.95,2.0,4.96,0.16,0.0,0.0,1027.0,8228.0,0.0,0.0,0.0,0.0,0.0,1.0,0.0,0.0,0.0,0.0,0.0,0.0,0.0,1.4,0.0,0.0,16.0,25903.0
2026-07-21T18:12:13.826Z,6.11,972.312,0.0,0.0,0.0,0.0,2048.0,0.0,0.0,0.0,0.0,0.0,0.0,0.0,0.0,0.0,9.0,7.0,1.0,0.0,0.0,0.0,0.0,0.0,0.0,0.0,2.0,12.0,1.0,12.2,5.0200000000000005,2.5,1.49,0.0,0.0,0.0,0.4,0.0,-0.8,-0.3,-0.5,-64.0,0.0,0.0,64.2,0.0,22.3,26.200000000000003,26.200000000000003,26.6,300.0,300.0,29.0,33.0,26.200000000000003,25.4,27.3,4.96,2.0,4.96,0.16,0.0,0.0,1027.0,8228.0,0.0,0.0,0.0,0.0,0.0,1.0,0.0,0.0,0.0,0.0,0.0,-0.1,0.0,-0.8,0.0,0.0,16.0,25903.0
2026-07-21T18:12:13.838Z,6.122,972.324,0.0,0.0,0.0,0.0,2048.0,0.0,0.0,0.0,0.0,0.0,0.0,0.0,0.0,0.0,9.0,7.0,1.0,0.0,0.0,0.0,0.0,0.0,0.0,0.0,4.0,12.0,1.0,12.2,5.0200000000000005,2.5,1.49,0.0,0.0,0.0,0.5,0.0,0.3,-0.3,0.6000000000000001,-64.0,0.0,0.0,64.10000000000001,0.0,22.3,26.200000000000003,26.200000000000003,26.6,300.0,300.0,29.0,33.0,26.200000000000003,25.4,27.3,4.96,2.0,4.96,0.16,0.0,0.0,1027.0,8228.0,0.0,0.0,0.0,0.0,0.0,1.0,0.0,0.0,0.0,0.0,0.0,0.6000000000000001,0.0,0.2,0.0,0.0002,16.0,25903.0
2026-07-21T18:12:13.850Z,6.134,972.336,0.1,0.0,0.0,0.0,2048.0,0.0,0.0,0.0,0.0,0.0,0.0,0.0,0.0,0.0,9.0,7.0,1.0,0.0,0.0,0.0,0.0,0.0,0.0,0.0,5.0,12.0,1.0,12.2,5.0200000000000005,2.5,1.49,0.0,0.0,0.0,0.4,0.0,0.3,-0.9,0.0,-64.0,0.0,0.0,64.2,0.0,22.3,26.200000000000003,26.200000000000003,26.6,300.0,300.0,29.0,33.0,26.200000000000003,25.4,27.3,4.95,2.0,4.97,0.16,0.0,0.0,1027.0,8228.0,0.0,0.0,0.0,0.0,0.0,1.0,0.0,0.0,0.0,0.0,0.0,0.5,0.0,-0.8,0.0,0.0002,16.0,25903.0
2026-07-21T18:12:13.862Z,6.146,972.348,0.1,0.0,0.0,0.0,2048.0,0.0,0.0,0.0,0.0,0.0,0.0,0.0,0.0,0.0,9.0,7.0,1.0,0.0,0.0,0.0,0.0,0.0,0.0,0.0,1.0,12.0,1.0,12.2,5.0200000000000005,2.5,1.49,0.0,0.0,0.0,0.4,0.0,0.3,1.3,0.6000000000000001,-64.0,0.0,0.0,64.0,0.0,22.3,26.200000000000003,26.200000000000003,26.6,300.0,300.0,29.0,33.0,26.200000000000003,25.4,27.3,4.95,2.01,4.96,0.16,0.0,0.0,1027.0,8228.0,0.0,0.0,0.0,0.0,0.0,1.0,0.0,0.0,0.0,0.0,0.0,-0.2,0.0,2.0,0.0,0.0001,16.0,25903.0
2026-07-21T18:12:13.874Z,6.158,972.36,0.1,0.0,0.0,0.0,2048.0,0.0,0.0,0.0,0.0,0.0,0.0,0.0,0.0,0.0,9.0,7.0,1.0,0.0,0.0,0.0,0.0,0.0,0.0,0.0,2.0,12.0,1.0,12.2,5.0200000000000005,2.5,1.49,0.0,0.0,0.0,0.4,0.0,0.3,0.7000000000000001,0.6000000000000001,-64.0,0.0,0.0,64.0,0.0,22.3,26.200000000000003,26.200000000000003,26.6,300.0,300.0,29.0,33.0,26.200000000000003,25.4,27.3,4.96,2.0,4.96,0.15,0.0,0.0,1027.0,8228.0,0.0,0.0,0.0,0.0,0.0,1.0,0.0,0.0,0.0,0.0,0.0,0.0,0.0,1.4,0.0,0.0003,16.0,25903.0
2026-07-21T18:12:13.886Z,6.17,972.372,0.1,0.0,0.0,0.0,2048.0,0.0,0.0,0.0,0.0,0.0,0.0,0.0,0.0,0.0,9.0,7.0,1.0,0.0,0.0,0.0,0.0,0.0,0.0,0.0,3.0,12.0,1.0,12.2,5.0200000000000005,2.5,1.49,0.0,0.0,0.0,0.5,0.0,-0.2,-0.9,0.6000000000000001,-64.0,0.0,0.0,64.0,0.0,22.3,26.200000000000003,26.200000000000003,26.6,300.0,300.0,29.0,33.0,26.200000000000003,25.4,27.3,4.95,2.0,4.97,0.16,0.0,0.0,1027.0,8228.0,0.0,0.0,0.0,0.0,0.0,1.0,0.0,0.0,0.0,0.0,0.0,0.9,0.0,-0.4,0.0,0.0001,16.0,25903.0
2026-07-21T18:12:13.899Z,6.183,972.384,0.1,0.0,0.0,0.0,2048.0,0.0,0.0,0.0,0.0,0.0,0.0,0.0,0.0,0.0,9.0,7.0,1.0,0.0,0.0,0.0,0.0,0.0,0.0,0.0,5.0,12.0,1.0,12.2,5.0200000000000005,2.5,1.49,0.0,0.0,0.0,0.4,0.0,0.3,-0.4,-0.5,-64.0,0.0,0.0,64.0,0.0,22.3,26.200000000000003,26.200000000000003,26.6,300.0,300.0,29.0,33.0,26.200000000000003,25.4,27.3,4.95,2.0,4.96,0.16,0.0,0.0,1027.0,8228.0,0.0,0.0,0.0,0.0,0.0,1.0,0.0,0.0,0.0,0.0,0.0,-0.1,0.0,-0.9,0.0,0.0,16.0,25903.0
2026-07-21T18:12:13.910Z,6.194,972.396,0.1,0.0,0.0,0.0,2048.0,0.0,0.0,0.0,0.0,0.0,0.0,0.0,0.0,0.0,9.0,7.0,1.0,0.0,0.0,0.0,0.0,0.0,0.0,0.0,1.0,12.0,1.0,12.2,5.0200000000000005,2.5,1.49,0.0,0.1,0.0,0.4,0.0,-0.2,1.3,0.5,-64.0,0.0,0.0,64.0,0.0,22.3,26.200000000000003,26.200000000000003,26.6,300.0,300.0,29.0,33.0,26.200000000000003,25.4,27.3,4.95,2.01,4.96,0.16,0.0,0.0,1027.0,8228.0,0.0,0.0,0.0,0.0,0.0,1.0,0.0,0.0,0.0,0.0,0.0,-0.3,0.0,1.9,0.0,0.0,16.0,25903.0
2026-07-21T18:12:13.922Z,6.206,972.408,0.1,0.0,0.0,0.0,2048.0,0.0,0.0,0.0,0.0,0.0,0.0,0.0,0.0,0.0,9.0,7.0,1.0,0.0,0.0,0.0,0.0,0.0,0.0,0.0,2.0,12.0,1.0,12.15,5.0200000000000005,2.5,1.49,0.0,0.0,0.0,0.4,0.0,0.2,0.1,0.0,-64.0,0.0,0.0,64.0,0.0,22.8,26.200000000000003,26.200000000000003,26.6,300.0,300.0,29.0,33.0,26.200000000000003,25.4,27.3,4.95,2.0,4.96,0.16,0.0,0.0,1027.0,8228.0,0.0,0.0,0.0,0.0,0.0,1.0,0.0,0.0,0.0,0.0,0.0,-0.8,0.0,-0.9,0.0,0.0,16.0,25903.0
2026-07-21T18:12:13.934Z,6.218,972.42,0.1,0.0,0.0,0.0,2048.0,0.0,0.0,0.0,0.0,0.0,0.0,0.0,0.0,0.0,9.0,7.0,1.0,0.0,0.0,0.0,0.0,0.0,0.0,0.0,3.0,12.0,1.0,12.15,5.0200000000000005,2.5,1.49,0.0,0.0,0.0,0.4,0.0,-0.3,-0.3,-0.6000000000000001,-64.0,0.0,0.0,64.10000000000001,0.0,22.8,26.200000000000003,26.200000000000003,26.6,300.0,300.0,29.0,33.0,26.200000000000003,25.4,27.3,4.95,2.0,4.97,0.16,0.0,0.0,1027.0,8228.0,0.0,0.0,0.0,0.0,0.0,1.0,0.0,0.0,0.0,0.0,0.0,-0.2,0.0,-1.0,0.0,0.0,16.0,25903.0
2026-07-21T18:12:13.947Z,6.231,972.432,0.0,0.0,0.0,0.0,2048.0,0.0,0.0,0.0,0.0,0.0,0.0,0.0,0.0,0.0,9.0,7.0,1.0,0.0,0.0,0.0,0.0,0.0,0.0,0.0,5.0,12.0,1.0,12.15,5.0200000000000005,2.5,1.49,0.0,0.0,0.0,0.4,0.0,0.2,1.3,1.0,-64.0,0.0,0.0,64.0,0.0,22.8,26.200000000000003,26.200000000000003,26.6,300.0,300.0,29.0,33.0,26.200000000000003,25.4,27.3,4.96,2.0,4.96,0.16,0.0,0.0,1027.0,8228.0,0.0,0.0,0.0,0.0,0.0,1.0,0.0,0.0,0.0,0.0,0.0,0.0,0.0,2.4000000000000004,0.0,0.0003,16.0,25903.0
2026-07-21T18:12:13.958Z,6.242,972.444,0.0,0.0,0.0,0.0,2048.0,0.0,0.0,0.0,0.0,0.0,0.0,0.0,0.0,0.0,9.0,7.0,1.0,0.0,0.0,0.0,0.0,0.0,0.0,0.0,1.0,12.0,1.0,12.15,5.0200000000000005,2.5,1.49,0.0,0.0,0.0,0.4,0.0,-0.3,1.3,-0.7000000000000001,-64.0,0.0,0.0,64.0,0.0,22.8,26.200000000000003,26.200000000000003,26.6,300.0,300.0,29.0,33.0,26.200000000000003,25.4,27.3,4.96,2.0,4.97,0.16,0.0,0.0,1027.0,8228.0,0.0,0.0,0.0,0.0,0.0,1.0,0.0,0.0,0.0,0.0,0.0,-1.1,0.0,0.7000000000000001,0.0,0.0,16.0,25903.0
2026-07-21T18:12:13.970Z,6.254,972.456,0.0,0.0,0.0,0.0,2048.0,0.0,0.0,0.0,0.0,0.0,0.0,0.0,0.0,0.0,9.0,7.0,1.0,0.0,0.0,0.0,0.0,0.0,0.0,0.0,2.0,12.0,1.0,12.15,5.0200000000000005,2.5,1.49,0.0,0.0,0.0,0.4,0.0,-0.3,-0.9,-1.3,-64.0,0.0,0.0,64.0,0.0,22.8,26.200000000000003,26.200000000000003,26.6,300.0,300.0,29.0,33.0,26.200000000000003,25.4,27.3,4.95,2.0,4.97,0.16,0.0,0.0,1027.0,8228.0,0.0,0.0,0.0,0.0,0.0,1.0,0.0,0.0,0.0,0.0,0.0,-0.3,0.0,-2.2,0.0,0.0002,16.0,25903.0
2026-07-21T18:12:13.982Z,6.266,972.468,0.0,0.0,0.0,0.0,2048.0,0.0,0.0,0.0,0.0,0.0,0.0,0.0,0.0,0.0,9.0,7.0,1.0,0.0,0.0,0.0,0.0,0.0,0.0,0.0,4.0,12.0,1.0,12.15,5.0200000000000005,2.5,1.49,0.0,0.1,0.0,0.4,0.0,-0.3,0.7000000000000001,0.4,-64.0,0.0,0.0,64.0,0.0,22.8,26.200000000000003,26.200000000000003,26.6,300.0,300.0,29.0,33.0,26.200000000000003,25.4,27.3,4.96,2.0,4.96,0.16,0.0,0.0,1027.0,8228.0,0.0,0.0,0.0,0.0,0.0,1.0,0.0,0.0,0.0,0.0,0.0,0.0,0.0,1.1,0.0,0.0,16.0,25903.0
2026-07-21T18:12:13.994Z,6.278,972.48,0.0,0.0,0.0,0.0,2048.0,0.0,0.0,0.0,0.0,0.0,0.0,0.0,0.0,0.0,9.0,7.0,1.0,0.0,0.0,0.0,0.0,0.0,0.0,0.0,5.0,12.0,1.0,12.15,5.0200000000000005,2.5,1.49,0.0,0.1,0.0,0.4,0.0,-0.2,-1.0,0.4,-64.0,0.0,0.0,64.0,0.0,22.8,26.200000000000003,26.200000000000003,26.6,300.0,300.0,29.0,33.0,26.200000000000003,25.4,27.3,4.95,2.01,4.96,0.16,0.0,0.0,1027.0,8228.0,0.0,0.0,0.0,0.0,0.0,1.0,0.0,0.0,0.0,0.0,0.0,0.1,0.0,-0.5,0.0,0.0,16.0,25903.0
2026-07-21T18:12:14.006Z,6.29,972.492,0.0,0.0,0.0,0.0,2048.0,0.0,0.0,0.0,0.0,0.0,0.0,0.0,0.0,0.0,9.0,7.0,1.0,0.0,0.0,0.0,0.0,0.0,0.0,0.0,6.0,12.0,1.0,12.15,5.0200000000000005,2.5,1.49,0.0,0.0,0.0,0.4,0.0,-0.3,0.6000000000000001,1.6,-64.0,0.0,0.0,64.0,0.0,22.8,26.200000000000003,26.200000000000003,26.6,300.0,300.0,29.0,33.0,26.200000000000003,25.4,27.3,4.95,2.0,4.96,0.16,0.0,0.0,1027.0,8228.0,0.0,0.0,0.0,0.0,0.0,1.0,0.0,0.0,0.0,0.0,0.0,0.0,0.0,1.2000000000000002,0.0,0.0,16.0,25903.0
2026-07-21T18:12:14.019Z,6.303,972.504,0.0,0.0,0.0,0.0,2048.0,0.0,0.0,0.0,0.0,0.0,0.0,0.0,0.0,0.0,9.0,7.0,1.0,0.0,0.0,0.0,0.0,0.0,0.0,0.0,1.0,12.0,1.0,12.18,5.01,2.51,1.49,0.0,0.1,0.0,0.4,0.0,-0.3,0.1,-0.7000000000000001,-64.0,0.0,0.0,64.0,0.0,22.6,26.200000000000003,26.200000000000003,26.6,300.0,300.0,28.9,33.0,26.200000000000003,25.4,27.3,4.95,2.0,4.96,0.16,0.0,0.0,1027.0,8228.0,0.0,0.0,0.0,0.0,0.0,1.0,0.0,0.0,0.0,0.0,0.0,-0.5,0.0,-0.5,0.0,0.0,16.0,25903.0
2026-07-21T18:12:14.030Z,6.314,972.516,0.0,0.0,0.0,0.0,2048.0,0.0,0.0,0.0,0.0,0.0,0.0,0.0,0.0,0.0,9.0,7.0,1.0,0.0,0.0,0.0,0.0,0.0,0.0,0.0,3.0,12.0,1.0,12.18,5.01,2.51,1.49,0.0,0.0,0.0,0.4,0.0,0.2,-0.5,-0.7000000000000001,-64.0,0.0,0.0,64.0,0.0,22.6,26.200000000000003,26.200000000000003,26.6,300.0,300.0,28.9,33.0,26.200000000000003,25.4,27.3,4.95,2.0,4.97,0.16,0.0,0.0,1027.0,8228.0,0.0,0.0,0.0,0.0,0.0,1.0,0.0,0.0,0.0,0.0,0.0,-0.2,0.0,-1.2000000000000002,0.0,0.0,16.0,25903.0
2026-07-21T18:12:14.042Z,6.326,972.528,0.0,0.0,0.0,0.0,2048.0,0.0,0.0,0.0,0.0,0.0,0.0,0.0,0.0,0.0,9.0,7.0,1.0,0.0,0.0,0.0,0.0,0.0,0.0,0.0,4.0,12.0,1.0,12.18,5.01,2.51,1.49,0.0,0.0,0.0,0.4,0.0,0.2,-1.0,-0.7000000000000001,-64.0,0.0,0.0,64.2,0.0,22.6,26.200000000000003,26.200000000000003,26.6,300.0,300.0,28.9,33.0,26.200000000000003,25.4,27.3,4.95,2.0,4.97,0.16,0.0,0.0,1027.0,8228.0,0.0,0.0,0.0,0.0,0.0,1.0,0.0,0.0,0.0,0.0,0.0,0.0,0.0,-1.8,0.0,0.0,16.0,25903.0
2026-07-21T18:12:14.054Z,6.338,972.54,0.0,0.0,0.0,0.0,2048.0,0.0,0.0,0.0,0.0,0.0,0.0,0.0,0.0,0.0,9.0,7.0,1.0,0.0,0.0,0.0,0.0,0.0,0.0,0.0,5.0,12.0,1.0,12.18,5.01,2.51,1.49,-0.1,0.0,0.0,0.4,0.0,0.2,0.0,0.3,-64.0,0.0,0.0,64.0,0.0,22.6,26.200000000000003,26.200000000000003,26.6,300.0,300.0,28.9,33.0,26.200000000000003,25.4,27.3,4.95,2.0,4.96,0.16,0.0,0.0,1027.0,8228.0,0.0,0.0,0.0,0.0,0.0,1.0,0.0,0.0,0.0,0.0,0.0,0.1,0.0,0.4,0.0,0.0002,16.0,25903.0
2026-07-21T18:12:14.066Z,6.35,972.552,0.0,0.0,0.0,0.0,2048.0,0.0,0.0,0.0,0.0,0.0,0.0,0.0,0.0,0.0,9.0,7.0,1.0,0.0,0.0,0.0,0.0,0.0,0.0,0.0,6.0,12.0,1.0,12.18,5.01,2.51,1.49,0.0,0.0,0.0,0.4,0.0,0.2,-0.4,0.9,-64.0,0.0,0.0,64.0,0.0,22.6,26.200000000000003,26.200000000000003,26.6,300.0,300.0,28.9,33.0,26.200000000000003,25.4,27.3,4.96,2.0,4.96,0.16,0.0,0.0,1027.0,8228.0,0.0,0.0,0.0,0.0,0.0,1.0,0.0,0.0,0.0,0.0,0.0,0.8,0.0,0.4,0.0,0.0001,16.0,25903.0
2026-07-21T18:12:14.078Z,6.362,972.564,0.0,0.0,0.0,0.0,2048.0,0.0,0.0,0.0,0.0,0.0,0.0,0.0,0.0,0.0,9.0,7.0,1.0,0.0,0.0,0.0,0.0,0.0,0.0,0.0,1.0,12.0,1.0,12.18,5.01,2.51,1.49,0.0,0.0,0.0,0.4,0.0,-0.9,0.6000000000000001,-0.2,-64.0,0.0,0.0,64.0,0.0,22.6,26.200000000000003,26.200000000000003,26.6,300.0,300.0,28.9,33.0,26.200000000000003,25.4,27.3,4.95,2.0,4.96,0.16,0.0,0.0,1027.0,8228.0,0.0,0.0,0.0,0.0,0.0,1.0,0.0,0.0,0.0,0.0,0.0,-0.4,0.0,0.4,0.0,0.0001,16.0,25903.0
2026-07-21T18:12:14.090Z,6.374,972.576,0.0,0.0,0.0,0.0,2048.0,0.0,0.0,0.0,0.0,0.0,0.0,0.0,0.0,0.0,9.0,7.0,1.0,0.0,0.0,0.0,0.0,0.0,0.0,0.0,2.0,12.0,1.0,12.18,5.01,2.51,1.49,0.0,0.0,0.0,0.4,0.0,-0.3,0.0,-0.8,-64.0,0.0,0.0,64.0,0.0,22.6,26.200000000000003,26.200000000000003,26.6,300.0,300.0,28.9,33.0,26.200000000000003,25.4,27.3,4.96,2.0,4.97,0.16,0.0,0.0,1027.0,8228.0,0.0,0.0,0.0,0.0,0.0,1.0,0.0,0.0,0.0,0.0,0.0,-0.5,0.0,-0.7000000000000001,0.0,0.0,16.0,25903.0
2026-07-21T18:12:14.102Z,6.386,972.588,0.0,0.0,0.0,0.0,2048.0,0.0,0.0,0.0,0.0,0.0,0.0,0.0,0.0,0.0,9.0,7.0,1.0,0.0,0.0,0.0,0.0,0.0,0.0,0.0,3.0,12.0,1.0,12.18,5.01,2.51,1.49,0.0,0.0,0.0,0.4,0.0,0.7000000000000001,1.2000000000000002,-0.8,-64.0,0.0,0.0,64.2,0.0,22.6,26.200000000000003,26.200000000000003,26.6,300.0,300.0,28.9,33.0,26.200000000000003,25.4,27.3,4.96,2.01,4.96,0.16,0.0,0.0,1027.0,8228.0,0.0,0.0,0.0,0.0,0.0,1.0,0.0,0.0,0.0,0.0,0.0,-1.1,0.0,0.4,0.0,0.0,16.0,25903.0
2026-07-21T18:12:14.115Z,6.399,972.6,-0.1,0.0,0.0,0.0,2048.0,0.0,0.0,0.0,0.0,0.0,0.0,0.0,0.0,0.0,9.0,7.0,1.0,0.0,0.0,0.0,0.0,0.0,0.0,0.0,4.0,12.0,1.0,12.18,5.01,2.51,1.49,0.0,0.0,0.0,0.4,0.0,-0.3,0.6000000000000001,0.3,-64.0,0.0,0.0,64.0,0.0,22.6,26.200000000000003,26.200000000000003,26.6,300.0,300.0,28.9,33.0,26.200000000000003,25.4,27.3,4.96,2.0,4.96,0.16,0.0,0.0,1027.0,8228.0,0.0,0.0,0.0,0.0,0.0,1.0,0.0,0.0,0.0,0.0,0.0,-0.1,0.0,1.0,0.0,0.0002,16.0,25903.0
2026-07-21T18:12:14.127Z,6.411,972.612,-0.1,0.0,0.0,0.0,2048.0,0.0,0.0,0.0,0.0,0.0,0.0,0.0,0.0,0.0,9.0,7.0,1.0,0.0,0.0,0.0,0.0,0.0,0.0,0.0,6.0,12.0,1.0,12.15,5.01,2.5,1.5,0.0,0.0,0.0,0.4,0.0,0.8,-0.4,-0.1,-64.0,0.0,0.0,64.10000000000001,0.0,22.4,26.200000000000003,26.200000000000003,26.6,300.0,300.0,28.8,33.0,26.200000000000003,25.4,27.3,4.95,2.0,4.96,0.16,0.0,0.0,1027.0,8228.0,0.0,0.0,0.0,0.0,0.0,1.0,0.0,0.0,0.0,0.0,0.0,0.1,0.0,-0.6000000000000001,0.0,0.0002,16.0,25903.0
2026-07-21T18:12:14.138Z,6.422,972.624,-0.1,0.0,0.0,0.0,2048.0,0.0,0.0,0.0,0.0,0.0,0.0,0.0,0.0,0.0,9.0,7.0,1.0,0.0,0.0,0.0,0.0,0.0,0.0,0.0,6.0,12.0,1.0,12.15,5.01,2.5,1.5,0.0,0.0,0.0,0.4,0.0,1.4,-0.4,2.1,-64.0,0.0,0.0,64.0,0.0,22.4,26.200000000000003,26.200000000000003,26.6,300.0,300.0,28.8,33.0,26.200000000000003,25.4,27.3,4.96,2.0,4.96,0.16,0.0,0.0,1027.0,8228.0,0.0,0.0,0.0,0.0,0.0,1.0,0.0,0.0,0.0,0.0,0.0,1.6,0.0,1.5,0.0,0.0,16.0,25903.0
2026-07-21T18:12:14.150Z,6.434,972.636,-0.1,0.0,0.0,0.0,2048.0,0.0,0.0,0.0,0.0,0.0,0.0,0.0,0.0,0.0,9.0,7.0,1.0,0.0,0.0,0.0,0.0,0.0,0.0,0.0,1.0,12.0,1.0,12.15,5.01,2.5,1.5,0.0,0.0,0.0,0.4,0.0,0.2,0.0,-1.9,-64.0,0.0,0.0,64.10000000000001,0.0,22.4,26.200000000000003,26.200000000000003,26.6,300.0,300.0,28.8,33.0,26.200000000000003,25.4,27.3,4.96,2.0,4.96,0.16,0.0,0.0,1027.0,8228.0,0.0,0.0,0.0,0.0,0.0,1.0,0.0,0.0,0.0,0.0,0.0,-1.3,0.0,-1.8,0.0,0.0001,16.0,25903.0
2026-07-21T18:12:14.162Z,6.446,972.648,-0.1,0.0,0.0,0.0,2048.0,0.0,0.0,0.0,0.0,0.0,0.0,0.0,0.0,0.0,9.0,7.0,1.0,0.0,0.0,0.0,0.0,0.0,0.0,0.0,3.0,12.0,1.0,12.15,5.01,2.5,1.5,0.0,0.0,0.0,0.4,0.0,0.1,0.1,-0.2,-64.0,0.0,0.0,64.0,0.0,22.4,26.200000000000003,26.200000000000003,26.6,300.0,300.0,28.8,33.0,26.200000000000003,25.4,27.3,4.95,2.0,4.96,0.16,0.0,0.0,1027.0,8228.0,0.0,0.0,0.0,0.0,0.0,1.0,0.0,0.0,0.0,0.0,0.0,-0.1,0.0,0.0,0.0,0.0002,16.0,25903.0
2026-07-21T18:12:14.174Z,6.458,972.66,-0.1,0.0,0.0,0.0,2048.0,0.0,0.0,0.0,0.0,0.0,0.0,0.0,0.0,0.0,9.0,7.0,1.0,0.0,0.0,0.0,0.0,0.0,0.0,0.0,5.0,12.0,1.0,12.15,5.01,2.5,1.5,0.0,0.0,0.0,0.4,0.0,-0.3,1.3,1.0,-64.0,0.0,0.0,64.0,0.0,22.4,26.200000000000003,26.200000000000003,26.6,300.0,300.0,28.8,33.0,26.200000000000003,25.4,27.3,4.95,2.0,4.97,0.16,0.0,0.0,1027.0,8228.0,0.0,0.0,0.0,0.0,0.0,1.0,0.0,0.0,0.0,0.0,0.0,0.0,0.0,2.3000000000000003,0.0,0.0002,16.0,25903.0
2026-07-21T18:12:14.186Z,6.47,972.672,0.0,0.0,0.0,0.0,2048.0,0.0,0.0,0.0,0.0,0.0,0.0,0.0,0.0,0.0,9.0,7.0,1.0,0.0,0.0,0.0,0.0,0.0,0.0,0.0,6.0,12.0,1.0,12.15,5.01,2.5,1.5,0.0,0.0,0.0,0.4,0.0,0.8,-0.4,1.0,-64.0,0.0,0.0,64.0,0.0,22.4,26.200000000000003,26.200000000000003,26.6,300.0,300.0,28.8,33.0,26.200000000000003,25.4,27.3,4.96,2.02,4.96,0.16,0.0,0.0,1027.0,8228.0,0.0,0.0,0.0,0.0,0.0,1.0,0.0,0.0,0.0,0.0,0.0,0.8,0.0,0.5,0.0,0.0,16.0,25903.0
2026-07-21T18:12:14.198Z,6.482,972.684,0.0,0.0,0.0,0.0,2048.0,0.0,0.0,0.0,0.0,0.0,0.0,0.0,0.0,0.0,9.0,7.0,1.0,0.0,0.0,0.0,0.0,0.0,0.0,0.0,1.0,12.0,1.0,12.15,5.01,2.5,1.5,0.0,0.0,0.0,0.4,0.0,-0.3,-0.4,0.4,-64.0,0.0,0.0,64.0,0.0,22.4,26.200000000000003,26.200000000000003,26.6,300.0,300.0,28.8,33.0,26.200000000000003,25.4,27.3,4.96,2.0,4.97,0.16,0.0,0.0,1027.0,8228.0,0.0,0.0,0.0,0.0,0.0,1.0,0.0,0.0,0.0,0.0,0.0,0.5,0.0,0.0,0.0,0.0,16.0,25903.0
2026-07-21T18:12:14.210Z,6.494,972.696,0.0,0.0,0.0,0.0,2048.0,0.0,0.0,0.0,0.0,0.0,0.0,0.0,0.0,0.0,9.0,7.0,1.0,0.0,0.0,0.0,0.0,0.0,0.0,0.0,3.0,12.0,1.0,12.15,5.01,2.5,1.5,0.0,0.0,0.0,0.4,0.0,0.3,0.1,0.4,-64.0,0.0,0.0,64.0,0.0,22.4,26.200000000000003,26.200000000000003,26.6,300.0,300.0,28.8,33.0,26.200000000000003,25.4,27.3,4.95,2.0,4.97,0.16,0.0,0.0,1027.0,8228.0,0.0,0.0,0.0,0.0,0.0,1.0,0.0,0.0,0.0,0.0,0.0,0.2,0.0,0.6000000000000001,0.0,0.0,16.0,25903.0
2026-07-21T18:12:14.223Z,6.507,972.708,0.0,0.0,0.0,0.0,2048.0,0.0,0.0,0.0,0.0,0.0,0.0,0.0,0.0,0.0,9.0,7.0,1.0,0.0,0.0,0.0,0.0,0.0,0.0,0.0,4.0,12.0,1.0,12.18,5.01,2.51,1.49,0.0,0.0,0.0,0.4,0.0,-0.2,0.1,-1.2000000000000002,-64.0,0.0,0.0,64.0,0.0,22.6,26.200000000000003,26.200000000000003,26.6,300.0,300.0,28.8,33.0,26.200000000000003,25.4,27.3,4.96,2.0,4.96,0.16,0.0,0.0,1027.0,8228.0,0.0,0.0,0.0,0.0,0.0,1.0,0.0,0.0,0.0,0.0,0.0,-0.8,0.0,-0.9,0.0,0.0,16.0,25903.0
2026-07-21T18:12:14.234Z,6.518,972.72,0.0,0.0,0.0,0.0,2048.0,0.0,0.0,0.0,0.0,0.0,0.0,0.0,0.0,0.0,9.0,7.0,1.0,0.0,0.0,0.0,0.0,0.0,0.0,0.0,6.0,12.0,1.0,12.18,5.01,2.51,1.49,0.0,0.0,0.0,0.4,0.0,0.3,-0.4,1.1,-64.0,0.0,0.0,64.2,0.0,22.6,26.200000000000003,26.200000000000003,26.6,300.0,300.0,28.8,33.0,26.200000000000003,25.4,27.3,4.95,2.01,4.96,0.16,0.0,0.0,1027.0,8228.0,0.0,0.0,0.0,0.0,0.0,1.0,0.0,0.0,0.0,0.0,0.0,0.9,0.0,0.6000000000000001,0.0,0.0,16.0,25903.0
2026-07-21T18:12:14.246Z,6.53,972.732,0.0,0.0,0.0,0.0,2048.0,0.0,0.0,0.0,0.0,0.0,0.0,0.0,0.0,0.0,9.0,7.0,1.0,0.0,0.0,0.0,0.0,0.0,0.0,0.0,1.0,12.0,1.0,12.18,5.01,2.51,1.49,0.0,0.0,0.0,0.5,0.0,0.4,1.9,0.6000000000000001,-64.0,0.0,0.0,64.2,0.0,22.6,26.200000000000003,26.200000000000003,26.6,300.0,300.0,28.8,33.0,26.200000000000003,25.4,27.3,4.95,2.0,4.96,0.16,0.0,0.0,1027.0,8228.0,0.0,0.0,0.0,0.0,0.0,1.0,0.0,0.0,0.0,0.0,0.0,-0.5,0.0,2.6,0.0,0.0003,16.0,25903.0
2026-07-21T18:12:14.258Z,6.542,972.744,0.0,0.0,0.0,0.0,2048.0,0.0,0.0,0.0,0.0,0.0,0.0,0.0,0.0,0.0,9.0,7.0,1.0,0.0,0.0,0.0,0.0,0.0,0.0,0.0,3.0,12.0,1.0,12.18,5.01,2.51,1.49,0.0,0.0,0.0,0.4,0.0,-0.2,0.2,0.6000000000000001,-64.0,0.0,0.0,64.2,0.0,22.6,26.200000000000003,26.200000000000003,26.6,300.0,300.0,28.8,33.0,26.200000000000003,25.4,27.3,4.95,2.0,4.96,0.16,0.0,0.0,1027.0,8228.0,0.0,0.0,0.0,0.0,0.0,1.0,0.0,0.0,0.0,0.0,0.0,0.2,0.0,0.7000000000000001,0.0,0.0001,16.0,25903.0
2026-07-21T18:12:14.270Z,6.554,972.756,0.0,0.0,0.0,0.0,2048.0,0.0,0.0,0.0,0.0,0.0,0.0,0.0,0.0,0.0,9.0,7.0,1.0,0.0,0.0,0.0,0.0,0.0,0.0,0.0,4.0,12.0,1.0,12.18,5.01,2.51,1.49,0.0,0.0,0.0,0.4,0.0,0.3,-1.0,0.0,-64.0,0.0,0.0,64.0,0.0,22.6,26.200000000000003,26.200000000000003,26.6,300.0,300.0,28.8,33.0,26.200000000000003,25.4,27.3,4.96,2.0,4.96,0.16,0.0,0.0,1027.0,8228.0,0.0,0.0,0.0,0.0,0.0,1.0,0.0,0.0,0.0,0.0,0.0,0.4,0.0,-1.0,0.0,0.0,16.0,25903.0
2026-07-21T18:12:14.282Z,6.566,972.768,0.0,0.0,0.0,0.0,2048.0,0.0,0.0,0.0,0.0,0.0,0.0,0.0,0.0,0.0,9.0,7.0,1.0,0.0,0.0,0.0,0.0,0.0,0.0,0.0,5.0,12.0,1.0,12.18,5.01,2.51,1.49,0.0,0.0,0.0,0.4,0.0,-0.2,-1.0,-0.5,-64.0,0.0,0.0,64.0,0.0,22.6,26.200000000000003,26.200000000000003,26.6,300.0,300.0,28.8,33.0,26.200000000000003,25.4,27.3,4.95,2.0,4.96,0.16,0.0,0.0,1027.0,8228.0,0.0,0.0,0.0,0.0,0.0,1.0,0.0,0.0,0.0,0.0,0.0,0.1,0.0,-1.5,0.0,0.0003,16.0,25903.0
2026-07-21T18:12:14.294Z,6.578,972.78,0.0,0.0,0.0,0.0,2048.0,0.0,0.0,0.0,0.0,0.0,0.0,0.0,0.0,0.0,9.0,7.0,1.0,0.0,0.0,0.0,0.0,0.0,0.0,0.0,6.0,12.0,1.0,12.18,5.01,2.51,1.49,0.0,0.0,0.0,0.4,0.0,-0.2,1.3,0.0,-64.0,0.0,0.0,64.0,0.0,22.6,26.200000000000003,26.200000000000003,26.6,300.0,300.0,28.8,33.0,26.200000000000003,25.4,27.3,4.95,2.0,4.97,0.16,0.0,0.0,1027.0,8228.0,0.0,0.0,0.0,0.0,0.0,1.0,0.0,0.0,0.0,0.0,0.0,-0.6000000000000001,0.0,1.4,0.0,0.0001,16.0,25903.0
2026-07-21T18:12:14.306Z,6.59,972.792,0.0,0.0,0.0,0.0,2048.0,0.0,0.0,0.0,0.0,0.0,0.0,0.0,0.0,0.0,9.0,7.0,1.0,0.0,0.0,0.0,0.0,0.0,0.0,0.0,2.0,12.0,1.0,12.18,5.01,2.51,1.49,0.0,0.0,0.0,0.4,0.0,0.3,-0.3,-0.5,-64.0,0.0,0.0,64.0,0.0,22.6,26.200000000000003,26.200000000000003,26.6,300.0,300.0,28.8,33.0,26.200000000000003,25.4,27.3,4.95,2.01,4.97,0.16,0.0,0.0,1027.0,8228.0,0.0,0.0,0.0,0.0,0.0,1.0,0.0,0.0,0.0,0.0,0.0,-0.1,0.0,-0.9,0.0,0.0,16.0,25903.0
2026-07-21T18:12:14.318Z,6.602,972.804,0.0,0.0,0.0,0.0,2048.0,0.0,0.0,0.0,0.0,0.0,0.0,0.0,0.0,0.0,9.0,7.0,1.0,0.0,0.0,0.0,0.0,0.0,0.0,0.0,3.0,12.0,1.0,12.18,5.01,2.51,1.49,0.0,0.0,0.0,0.4,0.0,-0.8,-0.9,0.6000000000000001,-64.0,0.0,0.0,64.0,0.0,22.6,26.200000000000003,26.200000000000003,26.6,300.0,300.0,28.8,33.0,26.200000000000003,25.4,27.3,4.95,2.01,4.97,0.16,0.0,0.0,1027.0,8228.0,0.0,0.0,0.0,0.0,0.0,1.0,0.0,0.0,0.0,0.0,0.0,0.9,0.0,-0.4,0.0,0.0,16.0,25903.0
2026-07-21T18:12:14.330Z,6.614,972.816,0.1,0.0,0.0,0.0,2048.0,0.0,0.0,0.0,0.0,0.0,0.0,0.0,0.0,0.0,9.0,7.0,1.0,0.0,0.0,0.0,0.0,0.0,0.0,0.0,5.0,12.0,1.0,12.17,5.0200000000000005,2.51,1.49,0.0,0.0,0.0,0.4,0.0,-0.2,-0.3,-0.5,-64.0,0.0,0.0,64.2,0.0,22.4,26.200000000000003,26.200000000000003,26.6,300.0,300.0,28.9,33.0,26.200000000000003,25.4,27.3,4.95,2.0,4.97,0.16,0.0,0.0,1027.0,8228.0,0.0,0.0,0.0,0.0,0.0,1.0,0.0,0.0,0.0,0.0,0.0,-0.1,0.0,-0.9,0.0,0.0,16.0,25903.0
2026-07-21T18:12:14.342Z,6.626,972.828,0.0,0.0,0.0,0.0,2048.0,0.0,0.0,0.0,0.0,0.0,0.0,0.0,0.0,0.0,9.0,7.0,1.0,0.0,0.0,0.0,0.0,0.0,0.0,0.0,1.0,12.0,1.0,12.17,5.0200000000000005,2.51,1.49,0.0,0.0,0.0,0.4,0.0,0.3,0.7000000000000001,0.5,-64.0,0.0,0.0,64.2,0.0,22.4,26.200000000000003,26.200000000000003,26.6,300.0,300.0,28.9,33.0,26.200000000000003,25.4,27.3,4.95,2.01,4.96,0.16,0.0,0.0,1027.0,8228.0,0.0,0.0,0.0,0.0,0.0,1.0,0.0,0.0,0.0,0.0,0.0,0.0,0.0,1.3,0.0,0.0002,16.0,25903.0
2026-07-21T18:12:14.354Z,6.638,972.84,0.0,0.0,0.0,0.0,2048.0,0.0,0.0,0.0,0.0,0.0,0.0,0.0,0.0,0.0,9.0,7.0,1.0,0.0,0.0,0.0,0.0,0.0,0.0,0.0,2.0,12.0,1.0,12.17,5.0200000000000005,2.51,1.49,0.0,0.0,0.0,0.4,0.0,0.3,1.3,0.6000000000000001,-64.0,0.0,0.0,64.10000000000001,0.0,22.4,26.200000000000003,26.200000000000003,26.6,300.0,300.0,28.9,33.0,26.200000000000003,25.4,27.3,4.95,2.0,4.96,0.15,0.0,0.0,1027.0,8228.0,0.0,0.0,0.0,0.0,0.0,1.0,0.0,0.0,0.0,0.0,0.0,-0.2,0.0,1.9,0.0,0.0002,16.0,25903.0
2026-07-21T18:12:14.366Z,6.65,972.852,0.0,0.0,0.0,0.0,2048.0,0.0,0.0,0.0,0.0,0.0,0.0,0.0,0.0,0.0,9.0,7.0,1.0,0.0,0.0,0.0,0.0,0.0,0.0,0.0,4.0,12.0,1.0,12.17,5.0200000000000005,2.51,1.49,0.0,0.0,0.0,0.4,0.0,0.2,0.1,-0.5,-64.0,0.0,0.0,64.0,0.0,22.4,26.200000000000003,26.200000000000003,26.6,300.0,300.0,28.9,33.0,26.200000000000003,25.4,27.3,4.95,2.0,4.97,0.16,0.0,0.0,1027.0,8228.0,0.0,0.0,0.0,0.0,0.0,1.0,0.0,0.0,0.0,0.0,0.0,-0.4,0.0,-0.3,0.0,0.0,16.0,25903.0
2026-07-21T18:12:14.378Z,6.662,972.864,0.0,0.0,0.0,0.0,2048.0,0.0,0.0,0.0,0.0,0.0,0.0,0.0,0.0,0.0,9.0,7.0,1.0,0.0,0.0,0.0,0.0,0.0,0.0,0.0,5.0,12.0,1.0,12.17,5.0200000000000005,2.51,1.49,0.0,0.0,0.0,0.4,0.0,0.8,-0.4,1.1,-64.0,0.0,0.0,64.0,0.0,22.4,26.200000000000003,26.200000000000003,26.6,300.0,300.0,28.9,33.0,26.200000000000003,25.4,27.3,4.96,2.0,4.96,0.16,0.0,0.0,1027.0,8228.0,0.0,0.0,0.0,0.0,0.0,1.0,0.0,0.0,0.0,0.0,0.0,1.0,0.0,0.6000000000000001,0.0,0.0003,16.0,25903.0
2026-07-21T18:12:14.390Z,6.674,972.876,0.0,0.0,0.0,0.0,2048.0,0.0,0.0,0.0,0.0,0.0,0.0,0.0,0.0,0.0,9.0,7.0,1.0,0.0,0.0,0.0,0.0,0.0,0.0,0.0,6.0,12.0,1.0,12.17,5.0200000000000005,2.51,1.49,0.0,0.0,0.0,0.4,0.0,-0.3,0.6000000000000001,-0.5,-64.0,0.0,0.0,64.0,0.0,22.4,26.200000000000003,26.200000000000003,26.6,300.0,300.0,28.9,33.0,26.200000000000003,25.4,27.3,4.96,2.01,4.96,0.16,0.0,0.0,1027.0,8228.0,0.0,0.0,0.0,0.0,0.0,1.0,0.0,0.0,0.0,0.0,0.0,-0.6000000000000001,0.0,0.0,0.0,0.0,16.0,25903.0
2026-07-21T18:12:14.402Z,6.686,972.888,0.0,0.0,0.0,0.0,2048.0,0.0,0.0,0.0,0.0,0.0,0.0,0.0,0.0,0.0,9.0,7.0,1.0,0.0,0.0,0.0,0.0,0.0,0.0,0.0,2.0,12.0,1.0,12.17,5.0200000000000005,2.51,1.49,0.0,0.0,0.0,0.4,0.0,-0.3,1.8,-0.5,-64.0,0.0,0.0,64.0,0.0,22.4,26.200000000000003,26.200000000000003,26.6,300.0,300.0,28.9,33.0,26.200000000000003,25.4,27.3,4.95,2.0,4.96,0.16,0.0,0.0,1027.0,8228.0,0.0,0.0,0.0,0.0,0.0,1.0,0.0,0.0,0.0,0.0,0.0,-1.3,0.0,1.3,0.0,0.0,16.0,25903.0
2026-07-21T18:12:14.414Z,6.698,972.9,0.0,0.0,0.0,0.0,2048.0,0.0,0.0,0.0,0.0,0.0,0.0,0.0,0.0,0.0,9.0,7.0,1.0,0.0,0.0,0.0,0.0,0.0,0.0,0.0,4.0,12.0,1.0,12.17,5.0200000000000005,2.51,1.49,0.0,0.0,0.0,0.5,0.0,0.2,0.0,0.0,-64.0,0.0,0.0,64.0,0.0,22.4,26.200000000000003,26.200000000000003,26.6,300.0,300.0,28.9,33.0,26.200000000000003,25.4,27.3,4.95,2.0,4.97,0.16,0.0,0.0,1027.0,8228.0,0.0,0.0,0.0,0.0,0.0,1.0,0.0,0.0,0.0,0.0,0.0,0.0,0.0,0.1,0.0,0.0,16.0,25903.0
2026-07-21T18:12:14.427Z,6.711,972.912,0.0,0.0,0.0,0.0,2048.0,0.0,0.0,0.0,0.0,0.0,0.0,0.0,0.0,0.0,9.0,7.0,1.0,0.0,0.0,0.0,0.0,0.0,0.0,0.0,5.0,12.0,1.0,12.15,5.0200000000000005,2.51,1.49,0.0,0.0,0.0,0.4,0.0,0.8,0.0,0.0,-64.0,0.0,0.0,64.0,0.0,22.700000000000003,26.200000000000003,26.200000000000003,26.6,300.0,300.0,29.0,33.0,26.200000000000003,25.4,27.3,4.96,2.0,4.96,0.16,0.0,0.0,1027.0,8228.0,0.0,0.0,0.0,0.0,0.0,1.0,0.0,0.0,0.0,0.0,0.0,0.0,0.0,0.1,0.0,0.0,16.0,25903.0
2026-07-21T18:12:14.438Z,6.722,972.924,0.0,0.0,0.0,0.0,2048.0,0.0,0.0,0.0,0.0,0.0,0.0,0.0,0.0,0.0,9.0,7.0,1.0,0.0,0.0,0.0,0.0,0.0,0.0,0.0,6.0,12.0,1.0,12.15,5.0200000000000005,2.51,1.49,0.0,0.0,0.0,0.4,0.0,0.3,-0.5,0.6000000000000001,-64.0,0.0,0.0,64.2,0.0,22.700000000000003,26.200000000000003,26.200000000000003,26.6,300.0,300.0,29.0,33.0,26.200000000000003,25.4,27.3,4.96,2.0,4.97,0.16,0.0,0.0,1027.0,8228.0,0.0,0.0,0.0,0.0,0.0,1.0,0.0,0.0,0.0,0.0,0.0,0.6000000000000001,0.0,0.0,0.0,0.0001,16.0,25903.0
2026-07-21T18:12:14.450Z,6.734,972.936,0.0,0.0,0.0,0.0,2048.0,0.0,0.0,0.0,0.0,0.0,0.0,0.0,0.0,0.0,9.0,7.0,1.0,0.0,0.0,0.0,0.0,0.0,0.0,0.0,1.0,12.0,1.0,12.15,5.0200000000000005,2.51,1.49,0.0,0.0,0.0,0.4,0.0,-0.2,1.2000000000000002,0.6000000000000001,-64.0,0.0,0.0,64.10000000000001,0.0,22.700000000000003,26.200000000000003,26.200000000000003,26.6,300.0,300.0,29.0,33.0,26.200000000000003,25.4,27.3,4.95,2.0,4.97,0.16,0.0,0.0,1027.0,8228.0,0.0,0.0,0.0,0.0,0.0,1.0,0.0,0.0,0.0,0.0,0.0,-0.2,0.0,1.8,0.0,0.0002,16.0,25903.0
2026-07-21T18:12:14.462Z,6.746,972.948,0.0,0.0,0.0,0.0,2048.0,0.0,0.0,0.0,0.0,0.0,0.0,0.0,0.0,0.0,9.0,7.0,1.0,0.0,0.0,0.0,0.0,0.0,0.0,0.0,2.0,12.0,1.0,12.15,5.0200000000000005,2.51,1.49,0.0,0.0,0.0,0.4,0.0,-0.8,-0.4,-1.1,-64.0,0.0,0.0,64.0,0.0,22.700000000000003,26.200000000000003,26.200000000000003,26.6,300.0,300.0,29.0,33.0,26.200000000000003,25.4,27.3,4.96,2.0,4.96,0.16,0.0,0.0,1027.0,8228.0,0.0,0.0,0.0,0.0,0.0,1.0,0.0,0.0,0.0,0.0,0.0,-0.4,0.0,-1.5,0.0,0.0,16.0,25903.0
2026-07-21T18:12:14.474Z,6.758,972.96,0.0,0.0,0.0,0.0,2048.0,0.0,0.0,0.0,0.0,0.0,0.0,0.0,0.0,0.0,9.0,7.0,1.0,0.0,0.0,0.0,0.0,0.0,0.0,0.0,4.0,12.0,1.0,12.15,5.0200000000000005,2.51,1.49,0.0,0.0,0.0,0.4,0.0,0.3,-0.4,0.0,-64.0,0.0,0.0,64.0,0.0,22.700000000000003,26.200000000000003,26.200000000000003,26.6,300.0,300.0,29.0,33.0,26.200000000000003,25.4,27.3,4.95,2.01,4.96,0.16,0.0,0.0,1027.0,8228.0,0.0,0.0,0.0,0.0,0.0,1.0,0.0,0.0,0.0,0.0,0.0,0.2,0.0,-0.4,0.0,0.0002,16.0,25903.0
2026-07-21T18:12:14.486Z,6.77,972.972,0.0,0.0,0.0,0.0,2048.0,0.0,0.0,0.0,0.0,0.0,0.0,0.0,0.0,0.0,9.0,7.0,1.0,0.0,0.0,0.0,0.0,0.0,0.0,0.0,5.0,12.0,1.0,12.15,5.0200000000000005,2.51,1.49,0.0,0.0,0.0,0.4,0.0,0.8,0.6000000000000001,-0.5,-64.0,0.0,0.0,64.0,0.0,22.700000000000003,26.200000000000003,26.200000000000003,26.6,300.0,300.0,29.0,33.0,26.200000000000003,25.4,27.3,4.95,2.0,4.97,0.16,0.0,0.0,1027.0,8228.0,0.0,0.0,0.0,0.0,0.0,1.0,0.0,0.0,0.0,0.0,0.0,-0.7000000000000001,0.0,0.1,0.0,0.0,16.0,25903.0
2026-07-21T18:12:14.498Z,6.782,972.984,0.0,0.0,0.0,0.0,2048.0,0.0,0.0,0.0,0.0,0.0,0.0,0.0,0.0,0.0,9.0,7.0,1.0,0.0,0.0,0.0,0.0,0.0,0.0,0.0,1.0,12.0,1.0,12.15,5.0200000000000005,2.51,1.49,0.0,0.0,0.0,0.4,0.0,0.2,0.1,1.1,-64.0,0.0,0.0,64.0,0.0,22.700000000000003,26.200000000000003,26.200000000000003,26.6,300.0,300.0,29.0,33.0,26.200000000000003,25.4,27.3,4.95,2.0,4.97,0.16,0.0,0.0,1027.0,8228.0,0.0,0.0,0.0,0.0,0.0,1.0,0.0,0.0,0.0,0.0,0.0,0.2,0.0,-0.5,0.0,0.0,16.0,25903.0
2026-07-21T18:12:14.510Z,6.794,972.996,0.0,0.0,0.0,0.0,2048.0,0.0,0.0,0.0,0.0,0.0,0.0,0.0,0.0,0.0,9.0,7.0,1.0,0.0,0.0,0.0,0.0,0.0,0.0,0.0,2.0,12.0,1.0,12.15,5.0200000000000005,2.51,1.49,0.0,0.0,0.0,0.4,0.0,0.2,-1.1,-1.2000000000000002,-64.0,0.0,0.0,64.0,0.0,22.700000000000003,26.200000000000003,26.200000000000003,26.6,300.0,300.0,29.0,33.0,26.200000000000003,25.4,27.3,4.95,2.0,4.96,0.16,0.0,0.0,1027.0,8228.0,0.0,0.0,0.0,0.0,0.0,1.0,0.0,0.0,0.0,0.0,0.0,0.6000000000000001,0.0,0.0,0.0,0.0,16.0,25903.0
2026-07-21T18:12:14.522Z,6.806,973.008,0.0,0.0,0.0,0.0,2048.0,0.0,0.0,0.0,0.0,0.0,0.0,0.0,0.0,0.0,9.0,7.0,1.0,0.0,0.0,0.0,0.0,0.0,0.0,0.0,3.0,12.0,1.0,12.15,5.0200000000000005,2.51,1.49,0.0,0.1,0.0,0.4,0.0,0.8,-0.5,-0.6000000000000001,-64.0,0.0,0.0,64.0,0.0,22.700000000000003,26.200000000000003,26.200000000000003,26.6,300.0,300.0,29.0,33.0,26.200000000000003,25.4,27.3,4.95,2.0,4.97,0.16,0.0,0.0,1027.0,8228.0,0.0,0.0,0.0,0.0,0.0,1.0,0.0,0.0,0.0,0.0,0.0,-0.2,0.0,-2.3000000000000003,0.0,0.0,16.0,25903.0
2026-07-21T18:12:14.534Z,6.818,973.02,0.0,0.0,0.0,0.0,2048.0,0.0,0.0,0.0,0.0,0.0,0.0,0.0,0.0,0.0,9.0,7.0,1.0,0.0,0.0,0.0,0.0,0.0,0.0,0.0,5.0,12.0,1.0,12.11,5.0200000000000005,2.51,1.49,0.0,0.0,0.0,0.4,0.0,0.8,-0.5,2.3000000000000003,-64.0,0.0,0.0,64.2,0.0,22.6,26.200000000000003,26.200000000000003,26.6,300.0,300.0,28.9,33.0,26.200000000000003,25.4,27.3,4.95,2.0,4.97,0.16,0.0,0.0,1027.0,8228.0,0.0,0.0,0.0,0.0,0.0,1.0,0.0,0.0,0.0,0.0,0.0,0.2,0.0,-0.5,0.0,0.0001,16.0,25903.0
2026-07-21T18:12:14.546Z,6.83,973.032,0.0,0.0,0.0,0.0,2048.0,0.0,0.0,0.0,0.0,0.0,0.0,0.0,0.0,0.0,9.0,7.0,1.0,0.0,0.0,0.0,0.0,0.0,0.0,0.0,6.0,12.0,1.0,12.11,5.0200000000000005,2.51,1.49,0.0,0.1,0.0,0.4,0.0,0.2,0.0,0.0,-64.0,0.0,0.0,64.2,0.0,22.6,26.200000000000003,26.200000000000003,26.6,300.0,300.0,28.9,33.0,26.200000000000003,25.4,27.3,4.96,2.01,4.97,0.16,0.0,0.0,1027.0,8228.0,0.0,0.0,0.0,0.0,0.0,1.0,0.0,0.0,0.0,0.0,0.0,0.0,0.0,0.1,0.0,0.0002,16.0,25903.0
2026-07-21T18:12:14.558Z,6.842,973.044,0.0,0.0,0.0,0.0,2048.0,0.0,0.0,0.0,0.0,0.0,0.0,0.0,0.0,0.0,9.0,7.0,1.0,0.0,0.0,0.0,0.0,0.0,0.0,0.0,1.0,12.0,1.0,12.11,5.0200000000000005,2.51,1.49,0.0,0.0,0.0,0.4,0.0,-0.2,-0.4,-1.1,-64.0,0.0,0.0,64.0,0.0,22.6,26.200000000000003,26.200000000000003,26.6,300.0,300.0,28.9,33.0,26.200000000000003,25.4,27.3,4.96,2.01,4.96,0.16,0.0,0.0,1027.0,8228.0,0.0,0.0,0.0,0.0,0.0,1.0,0.0,0.0,0.0,0.0,0.0,-0.4,0.0,-1.5,0.0,0.0002,16.0,25903.0
2026-07-21T18:12:14.570Z,6.854,973.056,0.0,0.0,0.0,0.0,2048.0,0.0,0.0,0.0,0.0,0.0,0.0,0.0,0.0,0.0,9.0,7.0,1.0,0.0,0.0,0.0,0.0,0.0,0.0,0.0,3.0,12.0,1.0,12.11,5.0200000000000005,2.51,1.49,0.0,0.0,0.0,0.4,0.0,-0.2,-1.1,0.6000000000000001,-64.0,0.0,0.0,64.0,0.0,22.6,26.200000000000003,26.200000000000003,26.6,300.0,300.0,28.9,33.0,26.200000000000003,25.4,27.3,4.95,2.0,4.97,0.16,0.0,0.0,1027.0,8228.0,0.0,0.0,0.0,0.0,0.0,1.0,0.0,0.0,0.0,0.0,0.0,0.9,0.0,-0.5,0.0,0.0003,16.0,25903.0
2026-07-21T18:12:14.582Z,6.866,973.068,0.0,0.0,0.0,0.0,2048.0,0.0,0.0,0.0,0.0,0.0,0.0,0.0,0.0,0.0,9.0,7.0,1.0,0.0,0.0,0.0,0.0,0.0,0.0,0.0,4.0,12.0,1.0,12.11,5.0200000000000005,2.51,1.49,0.0,0.0,0.0,0.4,0.0,0.3,0.6000000000000001,-0.5,-64.0,0.0,0.0,64.0,0.0,22.6,26.200000000000003,26.200000000000003,26.6,300.0,300.0,28.9,33.0,26.200000000000003,25.4,27.3,4.95,2.0,4.96,0.16,0.0,0.0,1027.0,8228.0,0.0,0.0,0.0,0.0,0.0,1.0,0.0,0.0,0.0,0.0,0.0,-0.7000000000000001,0.0,0.1,0.0,0.0001,16.0,25903.0
2026-07-21T18:12:14.594Z,6.878,973.08,0.0,0.0,0.0,0.0,2048.0,0.0,0.0,0.0,0.0,0.0,0.0,0.0,0.0,0.0,9.0,7.0,1.0,0.0,0.0,0.0,0.0,0.0,0.0,0.0,6.0,12.0,1.0,12.11,5.0200000000000005,2.51,1.49,0.0,0.0,0.0,0.4,0.0,-0.8,-1.0,-1.1,-64.0,0.0,0.0,64.0,0.0,22.6,26.200000000000003,26.200000000000003,26.6,300.0,300.0,28.9,33.0,26.200000000000003,25.4,27.3,4.96,2.0,4.96,0.16,0.0,0.0,1027.0,8228.0,0.0,0.0,0.0,0.0,0.0,1.0,0.0,0.0,0.0,0.0,0.0,-0.2,0.0,-2.1,0.0,0.0,16.0,25903.0
2026-07-21T18:12:14.606Z,6.89,973.092,0.0,0.0,0.0,0.0,2048.0,0.0,0.0,0.0,0.0,0.0,0.0,0.0,0.0,0.0,9.0,7.0,1.0,0.0,0.0,0.0,0.0,0.0,0.0,0.0,1.0,12.0,1.0,12.11,5.0200000000000005,2.51,1.49,0.0,0.0,0.0,0.4,0.0,-0.2,0.1,0.6000000000000001,-64.0,0.0,0.0,64.0,0.0,22.6,26.200000000000003,26.200000000000003,26.6,300.0,300.0,28.9,33.0,26.200000000000003,25.4,27.3,4.95,2.0,4.96,0.16,0.0,0.0,1027.0,8228.0,0.0,0.0,0.0,0.0,0.0,1.0,0.0,0.0,0.0,0.0,0.0,0.3,0.0,0.7000000000000001,0.0,0.0,16.0,25903.0
2026-07-21T18:12:14.618Z,6.902,973.104,0.0,0.0,0.0,0.0,2048.0,0.0,0.0,0.0,0.0,0.0,0.0,0.0,0.0,0.0,9.0,7.0,1.0,0.0,0.0,0.0,0.0,0.0,0.0,0.0,3.0,12.0,1.0,12.11,5.0200000000000005,2.51,1.49,0.0,0.0,0.0,0.4,0.0,0.3,0.1,-0.5,-64.0,0.0,0.0,64.0,0.0,22.6,26.200000000000003,26.200000000000003,26.6,300.0,300.0,28.9,33.0,26.200000000000003,25.4,27.3,4.95,2.0,4.96,0.16,0.0,0.0,1027.0,8228.0,0.0,0.0,0.0,0.0,0.0,1.0,0.0,0.0,0.0,0.0,0.0,-0.4,0.0,-0.3,0.0,0.0,16.0,25903.0
2026-07-21T18:12:14.631Z,6.915,973.116,0.0,0.0,0.0,0.0,2048.0,0.0,0.0,0.0,0.0,0.0,0.0,0.0,0.0,0.0,9.0,7.0,1.0,0.0,0.0,0.0,0.0,0.0,0.0,0.0,4.0,12.0,1.0,12.15,5.01,2.51,1.49,0.0,0.0,0.0,0.4,0.0,0.3,0.7000000000000001,1.2000000000000002,-64.0,0.0,0.0,64.10000000000001,0.0,22.8,26.200000000000003,26.200000000000003,26.5,300.0,300.0,29.0,33.0,26.200000000000003,25.4,27.3,4.95,2.01,4.96,0.16,0.0,0.0,1027.0,8228.0,0.0,0.0,0.0,0.0,0.0,1.0,0.0,0.0,0.0,0.0,0.0,0.4,0.0,1.9,0.0,0.0,16.0,25903.0
2026-07-21T18:12:14.642Z,6.926,973.128,0.0,0.0,0.0,0.0,2048.0,0.0,0.0,0.0,0.0,0.0,0.0,0.0,0.0,0.0,9.0,7.0,1.0,0.0,0.0,0.0,0.0,0.0,0.0,0.0,6.0,12.0,1.0,12.15,5.01,2.51,1.49,0.0,0.0,0.0,0.4,0.0,0.3,-0.4,0.0,-64.0,0.0,0.0,64.2,0.0,22.8,26.200000000000003,26.200000000000003,26.5,300.0,300.0,29.0,33.0,26.200000000000003,25.4,27.3,4.95,2.0,4.96,0.16,0.0,0.0,1027.0,8228.0,0.0,0.0,0.0,0.0,0.0,1.0,0.0,0.0,0.0,0.0,0.0,0.2,0.0,-0.3,0.0,0.0001,16.0,25903.0
2026-07-21T18:12:14.654Z,6.938,973.14,0.0,0.0,0.0,0.0,2048.0,0.0,0.0,0.0,0.0,0.0,0.0,0.0,0.0,0.0,9.0,7.0,1.0,0.0,0.0,0.0,0.0,0.0,0.0,0.0,1.0,12.0,1.0,12.15,5.01,2.51,1.49,0.0,0.0,0.0,0.4,0.0,-0.8,-0.4,-1.0,-64.0,0.0,0.0,64.0,0.0,22.8,26.200000000000003,26.200000000000003,26.5,300.0,300.0,29.0,33.0,26.200000000000003,25.4,27.3,4.95,2.0,4.97,0.16,0.0,0.0,1027.0,8228.0,0.0,0.0,0.0,0.0,0.0,1.0,0.0,0.0,0.0,0.0,0.0,-0.4,0.0,-1.4,0.0,0.0003,16.0,25903.0
2026-07-21T18:12:14.667Z,6.951,973.152,0.0,0.0,0.0,0.0,2048.0,0.0,0.0,0.0,0.0,0.0,0.0,0.0,0.0,0.0,9.0,7.0,1.0,0.0,0.0,0.0,0.0,0.0,0.0,0.0,2.0,12.0,1.0,12.15,5.01,2.51,1.49,0.0,0.0,0.0,0.4,0.0,0.9,-1.0,0.0,-64.0,0.0,0.0,64.0,0.0,22.8,26.200000000000003,26.200000000000003,26.5,300.0,300.0,29.0,33.0,26.200000000000003,25.4,27.3,4.95,2.01,4.96,0.16,0.0,0.0,1027.0,8228.0,0.0,0.0,0.0,0.0,0.0,1.0,0.0,0.0,0.0,0.0,0.0,0.5,0.0,-0.9,0.0,0.0001,16.0,25903.0
2026-07-21T18:12:14.678Z,6.962,973.164,0.0,0.0,0.0,0.0,2048.0,0.0,0.0,0.0,0.0,0.0,0.0,0.0,0.0,0.0,9.0,7.0,1.0,0.0,0.0,0.0,0.0,0.0,0.0,0.0,4.0,12.0,1.0,12.15,5.01,2.51,1.49,0.0,0.0,0.0,0.4,0.0,0.3,-1.0,-0.5,-64.0,0.0,0.0,64.0,0.0,22.8,26.200000000000003,26.200000000000003,26.5,300.0,300.0,29.0,33.0,26.200000000000003,25.4,27.3,4.95,2.0,4.97,0.16,0.0,0.0,1027.0,8228.0,0.0,0.0,0.0,0.0,0.0,1.0,0.0,0.0,0.0,0.0,0.0,0.1,0.0,-1.5,0.0,0.0002,16.0,25903.0
2026-07-21T18:12:14.690Z,6.974,973.176,0.0,0.0,0.0,0.0,2048.0,0.0,0.0,0.0,0.0,0.0,0.0,0.0,0.0,0.0,9.0,7.0,1.0,0.0,0.0,0.0,0.0,0.0,0.0,0.0,5.0,12.0,1.0,12.15,5.01,2.51,1.49,0.0,0.0,0.0,0.4,0.0,-0.2,1.3,0.6000000000000001,-64.0,0.0,0.0,64.0,0.0,22.8,26.200000000000003,26.200000000000003,26.5,300.0,300.0,29.0,33.0,26.200000000000003,25.4,27.3,4.95,2.0,4.97,0.16,0.0,0.0,1027.0,8228.0,0.0,0.0,0.0,0.0,0.0,1.0,0.0,0.0,0.0,0.0,0.0,-0.2,0.0,1.9,0.0,0.0,16.0,25903.0
2026-07-21T18:12:14.702Z,6.986,973.188,0.0,0.0,0.0,0.0,2048.0,0.0,0.0,0.0,0.0,0.0,0.0,0.0,0.0,0.0,9.0,7.0,1.0,0.0,0.0,0.0,0.0,0.0,0.0,0.0,1.0,12.0,1.0,12.15,5.01,2.51,1.49,0.0,0.0,0.0,0.4,0.0,0.3,-0.4,0.0,-64.0,0.0,0.0,64.0,0.0,22.8,26.200000000000003,26.200000000000003,26.5,300.0,300.0,29.0,33.0,26.200000000000003,25.4,27.3,4.96,2.0,4.96,0.16,0.0,0.0,1027.0,8228.0,0.0,0.0,0.0,0.0,0.0,1.0,0.0,0.0,0.0,0.0,0.0,0.2,0.0,-0.4,0.0,0.0,16.0,25903.0
2026-07-21T18:12:14.714Z,6.998,973.2,0.0,0.0,0.0,0.0,2048.0,0.0,0.0,0.0,0.0,0.0,0.0,0.0,0.0,0.0,9.0,7.0,1.0,0.0,0.0,0.0,0.0,0.0,0.0,0.0,2.0,12.0,1.0,12.15,5.01,2.51,1.49,0.0,0.0,0.0,0.4,0.0,-0.8,-2.2,-1.0,-64.0,0.0,0.0,64.0,0.0,22.8,26.200000000000003,26.200000000000003,26.5,300.0,300.0,29.0,33.0,26.200000000000003,25.4,27.3,4.95,2.0,4.96,0.16,0.0,0.0,1027.0,8228.0,0.0,0.0,0.0,0.0,0.0,1.0,0.0,0.0,0.0,0.0,0.0,0.4,0.0,-3.3000000000000003,0.0,0.0,16.0,25903.0
2026-07-21T18:12:14.726Z,7.01,973.212,0.0,0.0,0.0,0.0,2048.0,0.0,0.0,0.0,0.0,1.0,0.0,0.0,0.0,0.0,9.0,7.0,1.0,0.0,0.0,0.0,0.0,0.0,0.0,0.0,4.0,12.0,1.0,12.15,5.01,2.51,1.49,0.0,0.0,0.0,0.4,0.0,0.3,1.2000000000000002,0.6000000000000001,-64.0,0.0,0.0,64.2,0.0,22.8,26.200000000000003,26.200000000000003,26.5,300.0,300.0,29.0,33.0,26.200000000000003,25.4,27.3,4.95,2.0,4.97,0.16,0.0,0.0,1027.0,8228.0,0.0,0.0,0.0,0.0,0.0,1.0,0.0,0.0,0.0,0.0,0.0,-0.2,0.0,1.9,0.0,0.0,16.0,25903.0
2026-07-21T18:12:14.739Z,7.023,973.224,0.0,0.0,0.0,0.0,2048.0,0.0,0.0,0.0,0.0,1.0,0.0,0.0,0.0,0.0,9.0,7.0,1.0,0.0,0.0,0.0,0.0,0.0,0.0,0.0,6.0,12.0,1.0,12.24,5.0200000000000005,2.51,1.5,0.0,0.0,0.0,0.4,0.0,0.9,-0.4,-0.5,-64.0,0.0,0.0,64.0,0.0,22.4,26.200000000000003,26.200000000000003,26.6,300.0,300.0,28.9,33.0,26.200000000000003,25.4,27.3,4.95,2.0,4.97,0.16,0.0,0.0,1027.0,8228.0,0.0,0.0,0.0,0.0,0.0,1.0,0.0,0.0,0.0,0.0,0.0,0.0,0.0,-0.9,0.0,0.0003,16.0,25903.0
2026-07-21T18:12:14.750Z,7.034,973.236,0.0,0.0,0.0,0.0,2048.0,0.0,0.0,0.0,0.0,1.0,0.0,0.0,0.0,0.0,9.0,7.0,1.0,0.0,0.0,0.0,0.0,0.0,0.0,0.0,1.0,12.0,1.0,12.24,5.0200000000000005,2.51,1.5,0.0,0.1,0.0,0.4,0.0,1.5,1.3,1.2000000000000002,-64.0,0.0,0.0,64.2,0.0,22.4,26.200000000000003,26.200000000000003,26.6,300.0,300.0,28.9,33.0,26.200000000000003,25.4,27.3,4.96,2.0,4.96,0.16,0.0,0.0,1027.0,8228.0,0.0,0.0,0.0,0.0,0.0,1.0,0.0,0.0,0.0,0.0,0.0,0.1,0.0,2.5,0.0,0.0003,16.0,25903.0
2026-07-21T18:12:14.762Z,7.046,973.248,0.0,0.0,0.0,0.0,2048.0,0.0,0.0,0.0,0.0,1.0,0.0,0.0,0.0,0.0,9.0,7.0,1.0,0.0,0.0,0.0,0.0,0.0,0.0,0.0,3.0,12.0,1.0,12.24,5.0200000000000005,2.51,1.5,0.0,0.0,0.0,0.4,0.0,-0.2,0.1,-1.1,-64.0,0.0,0.0,64.0,0.0,22.4,26.200000000000003,26.200000000000003,26.6,300.0,300.0,28.9,33.0,26.200000000000003,25.4,27.3,4.95,2.0,4.97,0.16,0.0,0.0,1027.0,8228.0,0.0,0.0,0.0,0.0,0.0,1.0,0.0,0.0,0.0,0.0,0.0,-0.7000000000000001,0.0,-0.8,0.0,0.0001,16.0,25903.0
2026-07-21T18:12:14.774Z,7.058,973.26,0.0,0.0,0.0,0.0,2048.0,0.0,0.0,0.0,0.0,1.0,0.0,0.0,0.0,0.0,9.0,7.0,1.0,0.0,0.0,0.0,0.0,0.0,0.0,0.0,4.0,12.0,1.0,12.24,5.0200000000000005,2.51,1.5,0.0,0.0,0.0,0.4,0.0,-0.8,0.6000000000000001,0.0,-64.0,0.0,0.0,64.0,0.0,22.4,26.200000000000003,26.200000000000003,26.6,300.0,300.0,28.9,33.0,26.200000000000003,25.4,27.3,4.95,2.0,4.96,0.16,0.0,0.0,1027.0,8228.0,0.0,0.0,0.0,0.0,0.0,1.0,0.0,0.0,0.0,0.0,0.0,-0.2,0.0,0.7000000000000001,0.0,0.0003,16.0,25903.0
2026-07-21T18:12:14.786Z,7.07,973.272,0.0,0.0,0.0,0.0,2048.0,0.0,0.0,0.0,0.0,1.0,0.0,0.0,0.0,0.0,9.0,7.0,1.0,0.0,0.0,0.0,0.0,0.0,0.0,0.0,5.0,12.0,1.0,12.24,5.0200000000000005,2.51,1.5,0.0,0.0,0.0,0.4,0.0,-0.8,0.0,1.2000000000000002,-64.0,0.0,0.0,64.0,0.0,22.4,26.200000000000003,26.200000000000003,26.6,300.0,300.0,28.9,33.0,26.200000000000003,25.4,27.3,4.96,2.0,4.96,0.16,0.0,0.0,1027.0,8228.0,0.0,0.0,0.0,0.0,0.0,1.0,0.0,0.0,0.0,0.0,0.0,0.7000000000000001,0.0,1.2000000000000002,0.0,0.0,16.0,25903.0
2026-07-21T18:12:14.798Z,7.082,973.284,0.0,0.0,0.0,0.0,2048.0,0.0,0.0,0.0,0.0,1.0,0.0,0.0,0.0,0.0,9.0,7.0,1.0,0.0,0.0,0.0,0.0,0.0,0.0,0.0,6.0,12.0,1.0,12.24,5.0200000000000005,2.51,1.5,0.0,0.0,0.0,0.4,0.0,-0.2,-0.4,-0.5,-64.0,0.0,0.0,64.0,0.0,22.4,26.200000000000003,26.200000000000003,26.6,300.0,300.0,28.9,33.0,26.200000000000003,25.4,27.3,4.95,2.0,4.96,0.16,0.0,0.0,1027.0,8228.0,0.0,0.0,0.0,0.0,0.0,1.0,0.0,0.0,0.0,0.0,0.0,-0.1,0.0,-0.9,0.0,0.0,16.0,25903.0
2026-07-21T18:12:14.810Z,7.094,973.296,0.0,0.0,0.0,0.0,2048.0,0.0,0.0,0.0,0.0,1.0,0.0,0.0,0.0,0.0,9.0,7.0,1.0,0.0,0.0,0.0,0.0,0.0,0.0,0.0,1.0,12.0,1.0,12.24,5.0200000000000005,2.51,1.5,0.0,0.0,0.0,0.4,0.0,1.5,-0.4,1.2000000000000002,-64.0,0.0,0.0,64.0,0.0,22.4,26.200000000000003,26.200000000000003,26.6,300.0,300.0,28.9,33.0,26.200000000000003,25.4,27.3,4.95,2.0,4.97,0.16,0.0,0.0,1027.0,8228.0,0.0,0.0,0.0,0.0,0.0,1.0,0.0,0.0,0.0,0.0,0.0,1.0,0.0,0.6000000000000001,0.0,0.0,16.0,25903.0
2026-07-21T18:12:14.822Z,7.106,973.308,0.0,0.0,0.0,0.0,2048.0,0.0,0.0,0.0,0.0,1.0,0.0,0.0,0.0,0.0,9.0,7.0,1.0,0.0,0.0,0.0,0.0,0.0,0.0,0.0,1.0,12.0,1.0,12.24,5.0200000000000005,2.51,1.5,0.0,0.0,0.0,0.4,0.0,-0.2,0.1,-1.7000000000000002,-64.0,0.0,0.0,64.0,0.0,22.4,26.200000000000003,26.200000000000003,26.6,300.0,300.0,28.9,33.0,26.200000000000003,25.4,27.3,4.95,2.0,4.96,0.16,0.0,0.0,1027.0,8228.0,0.0,0.0,0.0,0.0,0.0,1.0,0.0,0.0,0.0,0.0,0.0,-1.1,0.0,-1.4,0.0,0.0,16.0,25903.0
2026-07-21T18:12:14.835Z,7.119,973.32,0.0,0.0,0.0,0.0,2048.0,0.0,0.0,0.0,0.0,1.0,0.0,0.0,0.0,0.0,9.0,7.0,1.0,0.0,0.0,0.0,0.0,0.0,0.0,0.0,2.0,12.0,1.0,12.19,5.01,2.5,1.49,0.0,0.0,0.0,0.4,0.0,0.3,1.3,0.0,-64.0,0.0,0.0,64.0,0.0,22.4,26.200000000000003,26.200000000000003,26.6,300.0,300.0,29.0,33.0,26.200000000000003,25.4,27.3,4.95,2.0,4.96,0.16,0.0,0.0,1027.0,8228.0,0.0,0.0,0.0,0.0,0.0,1.0,0.0,0.0,0.0,0.0,0.0,-0.6000000000000001,0.0,1.4,0.0,0.0,16.0,25903.0
2026-07-21T18:12:14.846Z,7.13,973.332,0.0,0.0,0.0,0.0,2048.0,0.0,0.0,0.0,0.0,1.0,0.0,0.0,0.0,0.0,9.0,7.0,1.0,0.0,0.0,0.0,0.0,0.0,0.0,0.0,3.0,12.0,1.0,12.19,5.01,2.5,1.49,0.0,0.0,0.0,0.4,0.0,-0.2,-0.4,-1.2000000000000002,-64.0,0.0,0.0,64.0,0.0,22.4,26.200000000000003,26.200000000000003,26.6,300.0,300.0,29.0,33.0,26.200000000000003,25.4,27.3,4.95,2.0,4.96,0.16,0.0,0.0,1027.0,8228.0,0.0,0.0,0.0,0.0,0.0,1.0,0.0,0.0,0.0,0.0,0.0,-0.5,0.0,-1.6,0.0,0.0001,16.0,25903.0
2026-07-21T18:12:14.858Z,7.142,973.344,0.0,0.0,0.0,0.0,2048.0,0.0,0.0,0.0,0.0,1.0,0.0,0.0,0.0,0.0,9.0,7.0,1.0,0.0,0.0,0.0,0.0,0.0,0.0,0.0,4.0,12.0,1.0,12.19,5.01,2.5,1.49,0.0,0.0,0.0,0.4,0.0,0.8,-0.4,0.5,-64.0,0.0,0.0,64.0,0.0,22.4,26.200000000000003,26.200000000000003,26.6,300.0,300.0,29.0,33.0,26.200000000000003,25.4,27.3,4.96,2.0,4.96,0.16,0.0,0.0,1027.0,8228.0,0.0,0.0,0.0,0.0,0.0,1.0,0.0,0.0,0.0,0.0,0.0,0.5,0.0,0.0,0.0,0.0002,16.0,25903.0
2026-07-21T18:12:14.870Z,7.154,973.356,0.0,0.0,0.0,0.0,2048.0,0.0,0.0,0.0,0.0,1.0,0.0,0.0,0.0,0.0,9.0,7.0,1.0,0.0,0.0,0.0,0.0,0.0,0.0,0.0,6.0,12.0,1.0,12.19,5.01,2.5,1.49,0.0,0.0,0.0,0.4,0.0,1.4,1.3,0.5,-64.0,0.0,0.0,64.0,0.0,22.4,26.200000000000003,26.200000000000003,26.6,300.0,300.0,29.0,33.0,26.200000000000003,25.4,27.3,4.96,2.0,4.97,0.16,0.0,0.0,1027.0,8228.0,0.0,0.0,0.0,0.0,0.0,1.0,0.0,0.0,0.0,0.0,0.0,-0.3,0.0,1.8,0.0,0.0001,16.0,25903.0
2026-07-21T18:12:14.882Z,7.166,973.368,0.0,0.0,0.0,0.0,2048.0,0.0,0.0,0.0,0.0,1.0,0.0,0.0,0.0,0.0,9.0,7.0,1.0,0.0,0.0,0.0,0.0,0.0,0.0,0.0,1.0,12.0,1.0,12.19,5.01,2.5,1.49,0.0,0.0,0.0,0.4,0.0,0.8,0.1,-0.6000000000000001,-64.0,0.0,0.0,64.0,0.0,22.4,26.200000000000003,26.200000000000003,26.6,300.0,300.0,29.0,33.0,26.200000000000003,25.4,27.3,4.95,2.0,4.97,0.16,0.0,0.0,1027.0,8228.0,0.0,0.0,0.0,0.0,0.0,1.0,0.0,0.0,0.0,0.0,0.0,-0.4,0.0,-0.4,0.0,0.0,16.0,25903.0
2026-07-21T18:12:14.894Z,7.178,973.38,0.0,0.0,0.0,0.0,2048.0,0.0,0.0,0.0,0.0,1.0,0.0,0.0,0.0,0.0,9.0,7.0,1.0,0.0,0.0,0.0,0.0,0.0,0.0,0.0,2.0,12.0,1.0,12.19,5.01,2.5,1.49,0.0,0.0,0.0,0.4,0.0,0.2,0.1,0.0,-64.0,0.0,0.0,64.2,0.0,22.4,26.200000000000003,26.200000000000003,26.6,300.0,300.0,29.0,33.0,26.200000000000003,25.4,27.3,4.95,2.0,4.97,0.16,0.0,0.0,1027.0,8228.0,0.0,0.0,0.0,0.0,0.0,1.0,0.0,0.0,0.0,0.0,0.0,0.0,0.0,0.1,0.0,0.0,16.0,25903.0
2026-07-21T18:12:14.906Z,7.19,973.392,0.0,0.0,0.0,0.0,2048.0,0.0,0.0,0.0,0.0,1.0,0.0,0.0,0.0,0.0,9.0,7.0,1.0,0.0,0.0,0.0,0.0,0.0,0.0,0.0,4.0,12.0,1.0,12.19,5.01,2.5,1.49,0.0,0.0,0.0,0.4,0.0,0.2,-0.4,0.0,-64.0,0.0,0.0,64.0,0.0,22.4,26.200000000000003,26.200000000000003,26.6,300.0,300.0,29.0,33.0,26.200000000000003,25.4,27.3,4.96,2.01,4.96,0.16,0.0,0.0,1027.0,8228.0,0.0,0.0,0.0,0.0,0.0,1.0,0.0,0.0,0.0,0.0,0.0,0.2,0.0,-0.4,0.0,0.0003,16.0,25903.0
2026-07-21T18:12:14.918Z,7.202,973.404,0.0,0.0,0.0,0.0,2048.0,0.0,0.0,0.0,0.0,1.0,0.0,0.0,0.0,0.0,9.0,7.0,1.0,0.0,0.0,0.0,0.0,0.0,0.0,0.0,5.0,12.0,1.0,12.19,5.01,2.5,1.49,0.0,0.0,0.0,0.4,0.0,0.3,0.1,-0.5,-64.0,0.0,0.0,64.0,0.0,22.4,26.200000000000003,26.200000000000003,26.6,300.0,300.0,29.0,33.0,26.200000000000003,25.4,27.3,4.96,2.0,4.96,0.16,0.0,0.0,1027.0,8228.0,0.0,0.0,0.0,0.0,0.0,1.0,0.0,0.0,0.0,0.0,0.0,-0.4,0.0,-0.4,0.0,0.0002,16.0,25903.0
2026-07-21T18:12:14.930Z,7.214,973.416,0.0,0.0,0.0,0.0,2048.0,0.0,0.0,0.0,0.0,1.0,0.0,0.0,0.0,0.0,9.0,7.0,1.0,0.0,0.0,0.0,0.0,0.0,0.0,0.0,6.0,12.0,1.0,12.19,5.01,2.5,1.49,0.0,0.0,0.0,0.4,0.0,-0.8,0.7000000000000001,0.0,-64.0,0.0,0.0,64.2,0.0,22.4,26.200000000000003,26.200000000000003,26.6,300.0,300.0,29.0,33.0,26.200000000000003,25.4,27.3,4.95,2.01,4.96,0.16,0.0,0.0,1027.0,8228.0,0.0,0.0,0.0,0.0,0.0,1.0,0.0,0.0,0.0,0.0,0.0,-0.3,0.0,0.8,0.0,0.0,16.0,25903.0
2026-07-21T18:12:14.942Z,7.226,973.428,0.0,0.0,0.0,0.0,2048.0,0.0,0.0,0.0,0.0,1.0,0.0,0.0,0.0,0.0,9.0,7.0,1.0,0.0,0.0,0.0,0.0,0.0,0.0,0.0,1.0,12.0,1.0,12.19,5.0200000000000005,2.5,1.49,0.0,0.0,0.0,0.4,0.0,-0.2,-0.4,-0.5,-64.0,0.0,0.0,64.0,0.0,22.8,26.200000000000003,26.200000000000003,26.5,300.0,300.0,29.0,33.0,26.200000000000003,25.4,27.3,4.96,2.01,4.97,0.16,0.0,0.0,1027.0,8228.0,0.0,0.0,0.0,0.0,0.0,1.0,0.0,0.0,0.0,0.0,0.0,-0.1,0.0,-0.9,0.0,0.0002,16.0,25903.0
2026-07-21T18:12:14.954Z,7.238,973.44,0.0,0.0,0.0,0.0,2048.0,0.0,0.0,0.0,0.0,1.0,0.0,0.0,0.0,0.0,9.0,7.0,1.0,0.0,0.0,0.0,0.0,0.0,0.0,0.0,2.0,12.0,1.0,12.19,5.0200000000000005,2.5,1.49,0.0,0.0,0.0,0.4,0.0,0.3,-0.4,-0.5,-64.0,0.0,0.0,64.0,0.0,22.8,26.200000000000003,26.200000000000003,26.5,300.0,300.0,29.0,33.0,26.200000000000003,25.4,27.3,4.95,2.0,4.96,0.16,0.0,0.0,1027.0,8228.0,0.0,0.0,0.0,0.0,0.0,1.0,0.0,0.0,0.0,0.0,0.0,-0.1,0.0,-0.9,0.0,0.0,16.0,25903.0
2026-07-21T18:12:14.966Z,7.25,973.452,0.0,0.0,0.0,0.0,2048.0,0.0,0.0,0.0,0.0,1.0,0.0,0.0,0.0,0.0,9.0,7.0,1.0,0.0,0.0,0.0,0.0,0.0,0.0,0.0,2.0,12.0,1.0,12.19,5.0200000000000005,2.5,1.49,0.0,0.0,0.0,0.4,0.0,0.3,0.1,-1.1,-64.0,0.0,0.0,64.0,0.0,22.8,26.200000000000003,26.200000000000003,26.5,300.0,300.0,29.0,33.0,26.200000000000003,25.4,27.3,4.95,2.0,4.97,0.16,0.0,0.0,1027.0,8228.0,0.0,0.0,0.0,0.0,0.0,1.0,0.0,0.0,0.0,0.0,0.0,-0.8,0.0,-0.9,0.0,0.0002,16.0,25903.0
2026-07-21T18:12:14.978Z,7.262,973.464,0.0,0.0,0.0,0.0,2048.0,0.0,0.0,0.0,0.0,1.0,0.0,0.0,0.0,0.0,9.0,7.0,1.0,0.0,0.0,0.0,0.0,0.0,0.0,0.0,4.0,12.0,1.0,12.19,5.0200000000000005,2.5,1.49,0.0,0.0,0.0,0.4,0.0,0.3,1.3,0.6000000000000001,-64.0,0.0,0.0,64.0,0.0,22.8,26.200000000000003,26.200000000000003,26.5,300.0,300.0,29.0,33.0,26.200000000000003,25.4,27.3,4.95,2.0,4.97,0.16,0.0,0.0,1027.0,8228.0,0.0,0.0,0.0,0.0,0.0,1.0,0.0,0.0,0.0,0.0,0.0,-0.2,0.0,2.0,0.0,0.0,16.0,25903.0
2026-07-21T18:12:14.990Z,7.274,973.476,0.0,0.0,0.0,0.0,2048.0,0.0,0.0,0.0,0.0,1.0,0.0,0.0,0.0,0.0,9.0,7.0,1.0,0.0,0.0,0.0,0.0,0.0,0.0,0.0,5.0,12.0,1.0,12.19,5.0200000000000005,2.5,1.49,0.0,0.0,0.0,0.4,0.0,-0.8,-1.0,-0.5,-64.0,0.0,0.0,64.0,0.0,22.8,26.200000000000003,26.200000000000003,26.5,300.0,300.0,29.0,33.0,26.200000000000003,25.4,27.3,4.96,2.0,4.96,0.16,0.0,0.0,1027.0,8228.0,0.0,0.0,0.0,0.0,0.0,1.0,0.0,0.0,0.0,0.0,0.0,0.1,0.0,-1.5,0.0,0.0,16.0,25903.0
2026-07-21T18:12:15.002Z,7.286,973.488,0.0,0.0,0.0,0.0,2048.0,0.0,0.0,0.0,0.0,1.0,0.0,0.0,0.0,0.0,9.0,7.0,1.0,0.0,0.0,0.0,0.0,0.0,0.0,0.0,6.0,12.0,1.0,12.19,5.0200000000000005,2.5,1.49,0.0,0.0,0.0,0.4,0.0,-0.2,0.1,0.0,-64.0,0.0,0.0,64.0,0.0,22.8,26.200000000000003,26.200000000000003,26.5,300.0,300.0,29.0,33.0,26.200000000000003,25.4,27.3,4.95,2.0,4.97,0.16,0.0,0.0,1027.0,8228.0,0.0,0.0,0.0,0.0,0.0,1.0,0.0,0.0,0.0,0.0,0.0,0.0,0.0,0.2,0.0,0.0,16.0,25903.0
2026-07-21T18:12:15.015Z,7.299,973.5,0.0,0.0,0.0,0.0,2048.0,0.0,0.0,0.0,0.0,1.0,0.0,0.0,0.0,0.0,9.0,7.0,1.0,0.0,0.0,0.0,0.0,0.0,0.0,0.0,1.0,12.0,1.0,12.19,5.0200000000000005,2.5,1.49,0.0,0.0,0.0,0.4,0.0,0.2,-0.4,-0.5,-64.0,0.0,0.0,64.0,0.0,22.8,26.200000000000003,26.200000000000003,26.5,300.0,300.0,29.0,33.0,26.200000000000003,25.4,27.3,4.95,2.0,4.97,0.16,0.0,0.0,1027.0,8228.0,0.0,0.0,0.0,0.0,0.0,1.0,0.0,0.0,0.0,0.0,0.0,-0.4,0.0,-1.4,0.0,0.0,16.0,25903.0
2026-07-21T18:12:15.026Z,7.31,973.512,0.0,0.0,0.0,0.0,2048.0,0.0,0.0,0.0,0.0,1.0,0.0,0.0,0.0,0.0,9.0,7.0,1.0,0.0,0.0,0.0,0.0,0.0,0.0,0.0,2.0,12.0,1.0,12.19,5.0200000000000005,2.5,1.49,0.0,0.0,0.0,0.4,0.0,-0.2,1.9,0.0,-64.0,0.0,0.0,64.0,0.0,22.8,26.200000000000003,26.200000000000003,26.5,300.0,300.0,29.0,33.0,26.200000000000003,25.4,27.3,4.96,2.01,4.97,0.16,0.0,0.0,1027.0,8228.0,0.0,0.0,0.0,0.0,0.0,1.0,0.0,0.0,0.0,0.0,0.0,-0.5,0.0,-1.4,0.0,0.0,16.0,25903.0
2026-07-21T18:12:15.039Z,7.323,973.524,0.0,0.0,0.0,0.0,2048.0,0.0,0.0,0.0,0.0,1.0,0.0,0.0,0.0,0.0,9.0,7.0,1.0,0.0,0.0,0.0,0.0,0.0,0.0,0.0,3.0,12.0,1.0,12.15,5.01,2.51,1.49,0.0,0.0,0.0,0.4,0.0,-0.2,-0.9,-0.4,-64.0,0.0,0.0,64.2,0.0,23.0,26.200000000000003,26.200000000000003,26.5,300.0,300.0,29.1,33.0,26.200000000000003,25.4,27.200000000000003,4.96,2.01,4.96,0.16,0.0,0.0,1027.0,8228.0,0.0,0.0,0.0,0.0,0.0,1.0,0.0,0.0,0.0,0.0,0.0,-0.3,0.0,0.9,0.0,0.0,16.0,25903.0
2026-07-21T18:12:15.051Z,7.335,973.536,0.0,0.0,0.0,0.0,2048.0,0.0,0.0,0.0,0.0,1.0,0.0,0.0,0.0,0.0,9.0,7.0,1.0,0.0,0.0,0.0,0.0,0.0,0.0,0.0,4.0,12.0,1.0,12.15,5.01,2.51,1.49,0.0,0.0,0.0,0.4,0.0,-0.9,-0.9,-0.5,-64.0,0.0,0.0,64.0,0.0,23.0,26.200000000000003,26.200000000000003,26.5,300.0,300.0,29.1,33.0,26.200000000000003,25.4,27.200000000000003,4.95,2.0,4.97,0.16,0.0,0.0,1027.0,8228.0,0.0,0.0,0.0,0.0,0.0,1.0,0.0,0.0,0.0,0.0,0.0,0.1,0.0,-1.5,0.0,0.0003,16.0,25903.0
2026-07-21T18:12:15.062Z,7.346,973.548,0.0,0.0,0.0,0.0,2048.0,0.0,0.0,0.0,0.0,1.0,0.0,0.0,0.0,0.0,9.0,7.0,1.0,0.0,0.0,0.0,0.0,0.0,0.0,0.0,5.0,12.0,1.0,12.15,5.01,2.51,1.49,0.0,0.0,0.0,0.4,0.0,-0.3,0.1,0.0,-64.0,0.0,0.0,64.0,0.0,23.0,26.200000000000003,26.200000000000003,26.5,300.0,300.0,29.1,33.0,26.200000000000003,25.4,27.200000000000003,4.95,2.0,4.96,0.16,0.0,0.0,1027.0,8228.0,0.0,0.0,0.0,0.0,0.0,1.0,0.0,0.0,0.0,0.0,0.0,0.0,0.0,0.2,0.0,0.0002,16.0,25903.0
2026-07-21T18:12:15.074Z,7.358,973.56,0.0,0.0,0.0,0.0,2048.0,0.0,0.0,0.0,0.0,1.0,0.0,0.0,0.0,0.0,9.0,7.0,1.0,0.0,0.0,0.0,0.0,0.0,0.0,0.0,6.0,12.0,1.0,12.15,5.01,2.51,1.49,0.0,0.0,0.0,0.4,0.0,-0.9,0.1,-1.1,-64.0,0.0,0.0,64.0,0.0,23.0,26.200000000000003,26.200000000000003,26.5,300.0,300.0,29.1,33.0,26.200000000000003,25.4,27.200000000000003,4.96,2.0,4.96,0.16,0.0,0.0,1027.0,8228.0,0.0,0.0,0.0,0.0,0.0,1.0,0.0,0.0,0.0,0.0,0.0,-0.8,0.0,-0.9,0.0,0.0001,16.0,25903.0
2026-07-21T18:12:15.086Z,7.37,973.572,0.0,0.0,0.0,0.0,2048.0,0.0,0.0,0.0,0.0,1.0,0.0,0.0,0.0,0.0,9.0,7.0,1.0,0.0,0.0,0.0,0.0,0.0,0.0,0.0,1.0,12.0,1.0,12.15,5.01,2.51,1.49,0.0,0.1,0.0,0.4,0.0,-0.3,-0.4,-0.5,-64.0,0.0,0.0,64.0,0.0,23.0,26.200000000000003,26.200000000000003,26.5,300.0,300.0,29.1,33.0,26.200000000000003,25.4,27.200000000000003,4.95,2.0,4.96,0.16,0.0,0.0,1027.0,8228.0,0.0,0.0,0.0,0.0,0.0,1.0,0.0,0.0,0.0,0.0,0.0,-0.1,0.0,-0.9,0.0,0.0,16.0,25903.0
2026-07-21T18:12:15.098Z,7.382,973.584,0.0,0.0,0.0,0.0,2048.0,0.0,0.0,0.0,0.0,1.0,0.0,0.0,0.0,0.0,9.0,7.0,1.0,0.0,0.0,0.0,0.0,0.0,0.0,0.0,2.0,12.0,1.0,12.15,5.01,2.51,1.49,0.0,0.1,0.0,0.4,0.0,-0.3,-0.4,0.0,-64.0,0.0,0.0,64.0,0.0,23.0,26.200000000000003,26.200000000000003,26.5,300.0,300.0,29.1,33.0,26.200000000000003,25.4,27.200000000000003,4.96,2.0,4.97,0.16,0.0,0.0,1027.0,8228.0,0.0,0.0,0.0,0.0,0.0,1.0,0.0,0.0,0.0,0.0,0.0,0.2,0.0,-0.4,0.0,0.0,16.0,25903.0
2026-07-21T18:12:15.110Z,7.394,973.596,0.0,0.0,0.0,0.0,2048.0,0.0,0.0,0.0,0.0,1.0,0.0,0.0,0.0,0.0,9.0,7.0,1.0,0.0,0.0,0.0,0.0,0.0,0.0,0.0,3.0,12.0,1.0,12.15,5.01,2.51,1.49,0.0,0.0,0.0,0.4,0.0,0.2,0.1,-0.5,-64.0,0.0,0.0,64.0,0.0,23.0,26.200000000000003,26.200000000000003,26.5,300.0,300.0,29.1,33.0,26.200000000000003,25.4,27.200000000000003,4.96,2.0,4.96,0.16,0.0,0.0,1027.0,8228.0,0.0,0.0,0.0,0.0,0.0,1.0,0.0,0.0,0.0,0.0,0.0,-0.4,0.0,-0.3,0.0,0.0,16.0,25903.0
2026-07-21T18:12:15.123Z,7.407,973.608,0.0,0.0,0.0,0.0,2048.0,0.0,0.0,0.0,0.0,1.0,0.0,0.0,0.0,0.0,9.0,7.0,1.0,0.0,0.0,0.0,0.0,0.0,0.0,0.0,4.0,12.0,1.0,12.15,5.01,2.51,1.49,0.0,0.0,0.0,0.4,0.0,0.8,0.1,0.0,-64.0,0.0,0.0,64.0,0.0,23.0,26.200000000000003,26.200000000000003,26.5,300.0,300.0,29.1,33.0,26.200000000000003,25.4,27.200000000000003,4.95,2.0,4.96,0.16,0.0,0.0,1027.0,8228.0,0.0,0.0,0.0,0.0,0.0,1.0,0.0,0.0,0.0,0.0,0.0,0.0,0.0,0.2,0.0,0.0,16.0,25903.0
2026-07-21T18:12:15.134Z,7.418,973.62,0.0,0.0,0.0,0.0,2048.0,0.0,0.0,0.0,0.0,1.0,0.0,0.0,0.0,0.0,9.0,7.0,1.0,0.0,0.0,0.0,0.0,0.0,0.0,0.0,5.0,12.0,1.0,12.15,5.01,2.51,1.49,0.0,0.0,0.0,0.4,0.0,0.2,-0.3,1.2000000000000002,-64.0,0.0,0.0,64.0,0.0,23.0,26.200000000000003,26.200000000000003,26.5,300.0,300.0,29.1,33.0,26.200000000000003,25.4,27.200000000000003,4.95,2.0,4.97,0.16,0.0,0.0,1027.0,8228.0,0.0,0.0,0.0,0.0,0.0,1.0,0.0,0.0,0.0,0.0,0.0,0.9,0.0,0.7000000000000001,0.0,0.0,16.0,25903.0
2026-07-21T18:12:15.147Z,7.431,973.632,0.0,0.0,0.0,0.0,2048.0,0.0,0.0,0.0,0.0,1.0,0.0,0.0,0.0,0.0,9.0,7.0,1.0,0.0,0.0,0.0,0.0,0.0,0.0,0.0,6.0,12.0,1.0,12.14,5.0200000000000005,2.5,1.5,0.0,0.0,0.0,0.4,0.0,-0.9,-0.3,0.0,-64.0,0.0,0.0,64.0,0.0,22.700000000000003,26.200000000000003,26.200000000000003,26.5,300.0,300.0,29.1,33.0,26.200000000000003,25.4,27.200000000000003,4.96,2.0,4.96,0.16,0.0,0.0,1027.0,8228.0,0.0,0.0,0.0,0.0,0.0,1.0,0.0,0.0,0.0,0.0,0.0,0.2,0.0,-0.2,0.0,0.0,16.0,25903.0
2026-07-21T18:12:15.159Z,7.443,973.644,0.0,0.0,0.0,0.0,2048.0,0.0,0.0,0.0,0.0,1.0,0.0,0.0,0.0,0.0,9.0,7.0,1.0,0.0,0.0,0.0,0.0,0.0,0.0,0.0,1.0,12.0,1.0,12.14,5.0200000000000005,2.5,1.5,0.0,0.0,0.0,0.4,0.0,0.2,0.2,0.6000000000000001,-64.0,0.0,0.0,64.0,0.0,22.700000000000003,26.200000000000003,26.200000000000003,26.5,300.0,300.0,29.1,33.0,26.200000000000003,25.4,27.200000000000003,4.96,2.0,4.96,0.15,0.0,0.0,1027.0,8228.0,0.0,0.0,0.0,0.0,0.0,1.0,0.0,0.0,0.0,0.0,0.0,0.3,0.0,0.8,0.0,0.0001,16.0,25903.0
2026-07-21T18:12:15.171Z,7.455,973.656,0.0,0.0,0.0,0.0,2048.0,0.0,0.0,0.0,0.0,1.0,0.0,0.0,0.0,0.0,9.0,7.0,1.0,0.0,0.0,0.0,0.0,0.0,0.0,0.0,2.0,12.0,1.0,12.14,5.0200000000000005,2.5,1.5,0.0,0.0,0.0,0.4,0.0,-0.9,-0.3,-0.4,-64.0,0.0,0.0,64.0,0.0,22.700000000000003,26.200000000000003,26.200000000000003,26.5,300.0,300.0,29.1,33.0,26.200000000000003,25.4,27.200000000000003,4.95,2.0,4.96,0.16,0.0,0.0,1027.0,8228.0,0.0,0.0,0.0,0.0,0.0,1.0,0.0,0.0,0.0,0.0,0.0,-0.1,0.0,-0.8,0.0,0.0001,16.0,25903.0
2026-07-21T18:12:15.183Z,7.467,973.668,0.0,0.0,0.0,0.0,2048.0,0.0,0.0,0.0,0.0,1.0,0.0,0.0,0.0,0.0,9.0,7.0,1.0,0.0,0.0,0.0,0.0,0.0,0.0,0.0,3.0,12.0,1.0,12.14,5.0200000000000005,2.5,1.5,0.0,0.0,0.0,0.4,0.0,0.2,0.8,-0.5,-64.0,0.0,0.0,64.0,0.0,22.700000000000003,26.200000000000003,26.200000000000003,26.5,300.0,300.0,29.1,33.0,26.200000000000003,25.4,27.200000000000003,4.95,2.0,4.96,0.16,0.0,0.0,1027.0,8228.0,0.0,0.0,0.0,0.0,0.0,1.0,0.0,0.0,0.0,0.0,0.0,-0.7000000000000001,0.0,0.3,0.0,0.0,16.0,25903.0
2026-07-21T18:12:15.194Z,7.478,973.68,0.0,0.0,0.0,0.0,2048.0,0.0,0.0,0.0,0.0,1.0,0.0,0.0,0.0,0.0,9.0,7.0,1.0,0.0,0.0,0.0,0.0,0.0,0.0,0.0,4.0,12.0,1.0,12.14,5.0200000000000005,2.5,1.5,0.0,0.0,0.0,0.4,0.0,0.2,-0.9,0.0,-64.0,0.0,0.0,64.0,0.0,22.700000000000003,26.200000000000003,26.200000000000003,26.5,300.0,300.0,29.1,33.0,26.200000000000003,25.4,27.200000000000003,4.95,2.01,4.97,0.16,0.0,0.0,1027.0,8228.0,0.0,0.0,0.0,0.0,0.0,1.0,0.0,0.0,0.0,0.0,0.0,0.5,0.0,-0.9,0.0,0.0,16.0,25903.0
2026-07-21T18:12:15.206Z,7.49,973.692,0.0,0.0,0.0,0.0,2048.0,0.0,0.0,0.0,0.0,1.0,0.0,0.0,0.0,0.0,9.0,7.0,1.0,0.0,0.0,0.0,0.0,0.0,0.0,0.0,6.0,12.0,1.0,12.14,5.0200000000000005,2.5,1.5,0.0,0.0,0.0,0.4,0.0,1.4,2.6,0.6000000000000001,-64.0,0.0,0.0,64.0,0.0,22.700000000000003,26.200000000000003,26.200000000000003,26.5,300.0,300.0,29.1,33.0,26.200000000000003,25.4,27.200000000000003,4.95,2.0,4.97,0.16,0.0,0.0,1027.0,8228.0,0.0,0.0,0.0,0.0,0.0,1.0,0.0,0.0,0.0,0.0,0.0,-0.9,0.0,3.2,0.0,0.0,16.0,25903.0
2026-07-21T18:12:15.218Z,7.502,973.704,0.0,0.0,0.0,0.0,2048.0,0.0,0.0,0.0,0.0,1.0,0.0,0.0,0.0,0.0,9.0,7.0,1.0,0.0,0.0,0.0,0.0,0.0,0.0,0.0,1.0,12.0,1.0,12.14,5.0200000000000005,2.5,1.5,0.0,0.1,0.0,0.5,0.0,0.2,1.4,0.5,-64.0,0.0,0.0,64.2,0.0,22.700000000000003,26.200000000000003,26.200000000000003,26.5,300.0,300.0,29.1,33.0,26.200000000000003,25.4,27.200000000000003,4.95,2.0,4.97,0.16,0.0,0.0,1027.0,8228.0,0.0,0.0,0.0,0.0,0.0,1.0,0.0,0.0,0.0,0.0,0.0,-0.3,0.0,2.0,0.0,0.0,16.0,25903.0
2026-07-21T18:12:15.230Z,7.514,973.716,0.0,0.0,0.0,0.0,2048.0,0.0,0.0,0.0,0.0,0.0,0.0,0.0,0.0,0.0,9.0,7.0,1.0,0.0,0.0,0.0,0.0,0.0,0.0,0.0,2.0,12.0,1.0,12.14,5.0200000000000005,2.5,1.5,0.0,0.1,0.0,0.4,0.0,0.8,-0.3,0.6000000000000001,-64.0,0.0,0.0,64.0,0.0,22.700000000000003,26.200000000000003,26.200000000000003,26.5,300.0,300.0,29.1,33.0,26.200000000000003,25.4,27.200000000000003,4.96,2.0,4.96,0.16,0.0,0.0,1027.0,8228.0,0.0,0.0,0.0,0.0,0.0,1.0,0.0,0.0,0.0,0.0,0.0,0.6000000000000001,0.0,0.2,0.0,0.0004,16.0,25903.0
2026-07-21T18:12:15.244Z,7.528,973.728,0.0,0.0,0.0,0.0,2048.0,0.0,0.0,0.0,0.0,0.0,0.0,0.0,0.0,0.0,9.0,7.0,1.0,0.0,0.0,0.0,0.0,0.0,0.0,0.0,3.0,12.0,1.0,12.11,5.01,2.5,1.5,0.0,0.0,0.0,0.4,0.0,0.2,-0.3,-1.1,-64.0,0.0,0.0,64.2,0.0,22.4,26.200000000000003,26.200000000000003,26.6,300.0,300.0,29.1,33.0,26.200000000000003,25.4,27.3,4.95,2.0,4.96,0.16,0.0,0.0,1027.0,8228.0,0.0,0.0,0.0,0.0,0.0,1.0,0.0,0.0,0.0,0.0,0.0,-0.5,0.0,-1.4,0.0,0.0002,16.0,25903.0
2026-07-21T18:12:15.254Z,7.538,973.74,0.0,0.0,0.0,0.0,2048.0,0.0,0.0,0.0,0.0,0.0,0.0,0.0,0.0,0.0,9.0,7.0,1.0,0.0,0.0,0.0,0.0,0.0,0.0,0.0,5.0,12.0,1.0,12.11,5.01,2.5,1.5,0.0,0.0,0.0,0.4,0.0,0.2,0.2,-2.8000000000000003,-64.0,0.0,0.0,64.0,0.0,22.4,26.200000000000003,26.200000000000003,26.6,300.0,300.0,29.1,33.0,26.200000000000003,25.4,27.3,4.95,2.0,4.96,0.16,0.0,0.0,1027.0,8228.0,0.0,0.0,0.0,0.0,0.0,1.0,0.0,0.0,0.0,0.0,0.0,-1.9,0.0,-2.5,0.0,0.0002,16.0,25903.0
2026-07-21T18:12:15.266Z,7.55,973.752,0.0,0.0,0.0,0.0,2048.0,0.0,0.0,0.0,0.0,0.0,0.0,0.0,0.0,0.0,9.0,7.0,1.0,0.0,0.0,0.0,0.0,0.0,0.0,0.0,6.0,12.0,1.0,12.11,5.01,2.5,1.5,0.0,0.0,0.0,0.4,0.0,0.2,-0.9,-1.1,-64.0,0.0,0.0,64.0,0.0,22.4,26.200000000000003,26.200000000000003,26.6,300.0,300.0,29.1,33.0,26.200000000000003,25.4,27.3,4.96,2.01,4.96,0.16,0.0,0.0,1027.0,8228.0,0.0,0.0,0.0,0.0,0.0,1.0,0.0,0.0,0.0,0.0,0.0,-0.2,0.0,-2.0,0.0,0.0003,16.0,25903.0
2026-07-21T18:12:15.278Z,7.562,973.764,0.0,0.0,0.0,0.0,2048.0,0.0,0.0,0.0,0.0,0.0,0.0,0.0,0.0,0.0,9.0,7.0,1.0,0.0,0.0,0.0,0.0,0.0,0.0,0.0,2.0,12.0,1.0,12.11,5.01,2.5,1.5,0.0,0.0,0.0,0.4,0.0,0.2,0.8,0.0,-64.0,0.0,0.0,64.0,0.0,22.4,26.200000000000003,26.200000000000003,26.6,300.0,300.0,29.1,33.0,26.200000000000003,25.4,27.3,4.96,2.01,4.96,0.16,0.0,0.0,1027.0,8228.0,0.0,0.0,0.0,0.0,0.0,1.0,0.0,0.0,0.0,0.0,0.0,-0.4,0.0,0.9,0.0,0.0,16.0,25903.0
2026-07-21T18:12:15.290Z,7.574,973.776,0.0,0.0,0.0,0.0,2048.0,0.0,0.0,0.0,0.0,0.0,0.0,0.0,0.0,0.0,9.0,7.0,1.0,0.0,0.0,0.0,0.0,0.0,0.0,0.0,3.0,12.0,1.0,12.11,5.01,2.5,1.5,0.0,0.0,0.0,0.4,0.0,0.8,-0.8,-0.5,-64.0,0.0,0.0,64.0,0.0,22.4,26.200000000000003,26.200000000000003,26.6,300.0,300.0,29.1,33.0,26.200000000000003,25.4,27.3,4.95,2.0,4.97,0.16,0.0,0.0,1027.0,8228.0,0.0,0.0,0.0,0.0,0.0,1.0,0.0,0.0,0.0,0.0,0.0,0.1,0.0,-1.3,0.0,0.0,16.0,25903.0
2026-07-21T18:12:15.302Z,7.586,973.788,0.0,0.0,0.0,0.0,2048.0,0.0,0.0,0.0,0.0,0.0,0.0,0.0,0.0,0.0,9.0,7.0,1.0,0.0,0.0,0.0,0.0,0.0,0.0,0.0,5.0,12.0,1.0,12.11,5.01,2.5,1.5,0.0,0.0,0.0,0.4,0.0,1.3,0.8,0.0,-64.0,0.0,0.0,64.0,0.0,22.4,26.200000000000003,26.200000000000003,26.6,300.0,300.0,29.1,33.0,26.200000000000003,25.4,27.3,4.95,2.0,4.96,0.16,0.0,0.0,1027.0,8228.0,0.0,0.0,0.0,0.0,0.0,1.0,0.0,0.0,0.0,0.0,0.0,-0.4,0.0,0.9,0.0,0.0,16.0,25903.0
2026-07-21T18:12:15.314Z,7.598,973.8,0.0,0.0,0.0,0.0,2048.0,0.0,0.0,0.0,0.0,0.0,0.0,0.0,0.0,0.0,9.0,7.0,1.0,0.0,0.0,0.0,0.0,0.0,0.0,0.0,6.0,12.0,1.0,12.11,5.01,2.5,1.5,0.0,0.0,0.0,0.4,0.0,-0.3,-0.3,-2.2,-64.0,0.0,0.0,64.0,0.0,22.4,26.200000000000003,26.200000000000003,26.6,300.0,300.0,29.1,33.0,26.200000000000003,25.4,27.3,4.96,2.0,4.96,0.16,0.0,0.0,1027.0,8228.0,0.0,0.0,0.0,0.0,0.0,1.0,0.0,0.0,0.0,0.0,0.0,-1.3,0.0,-2.5,0.0,0.0,16.0,25903.0
2026-07-21T18:12:15.327Z,7.611,973.812,0.0,0.0,0.0,0.0,2048.0,0.0,0.0,0.0,0.0,0.0,0.0,0.0,0.0,0.0,9.0,7.0,1.0,0.0,0.0,0.0,0.0,0.0,0.0,0.0,1.0,12.0,1.0,12.11,5.01,2.5,1.5,0.0,0.0,0.0,0.5,0.0,0.1,0.3,0.0,-64.0,0.0,0.0,64.0,0.0,22.4,26.200000000000003,26.200000000000003,26.6,300.0,300.0,29.1,33.0,26.200000000000003,25.4,27.3,4.95,2.0,4.96,0.16,0.0,0.0,1027.0,8228.0,0.0,0.0,0.0,0.0,0.0,1.0,0.0,0.0,0.0,0.0,0.0,-0.1,0.0,0.3,0.0,0.0,16.0,25903.0
2026-07-21T18:12:15.338Z,7.622,973.824,0.0,0.0,0.0,0.0,2048.0,0.0,0.0,0.0,0.0,0.0,0.0,0.0,0.0,0.0,9.0,7.0,1.0,0.0,0.0,0.0,0.0,0.0,0.0,0.0,3.0,12.0,1.0,12.11,5.01,2.5,1.5,0.0,0.0,0.0,0.4,0.0,-1.0,-0.8,0.6000000000000001,-64.0,0.0,0.0,64.0,0.0,22.4,26.200000000000003,26.200000000000003,26.6,300.0,300.0,29.1,33.0,26.200000000000003,25.4,27.3,4.96,2.0,4.96,0.16,0.0,0.0,1027.0,8228.0,0.0,0.0,0.0,0.0,0.0,1.0,0.0,0.0,0.0,0.0,0.0,0.8,0.0,-0.2,0.0,0.0,16.0,25903.0
2026-07-21T18:12:15.350Z,7.634,973.836,0.0,0.0,0.0,0.0,2048.0,0.0,0.0,0.0,0.0,0.0,0.0,0.0,0.0,0.0,9.0,7.0,1.0,0.0,0.0,0.0,0.0,0.0,0.0,0.0,4.0,12.0,1.0,12.18,5.01,2.5,1.49,0.0,0.0,0.0,0.4,0.0,0.1,0.8,-0.5,-64.0,0.0,0.0,64.0,0.0,22.4,26.200000000000003,26.200000000000003,26.6,300.0,300.0,29.0,33.0,26.200000000000003,25.4,27.3,4.96,2.0,4.96,0.16,0.0,0.0,1027.0,8228.0,0.0,0.0,0.0,0.0,0.0,1.0,0.0,0.0,0.0,0.0,0.0,-0.7000000000000001,0.0,0.4,0.0,0.0,16.0,25903.0
2026-07-21T18:12:15.362Z,7.646,973.848,0.0,0.0,0.0,0.0,2048.0,0.0,0.0,0.0,0.0,0.0,0.0,0.0,0.0,0.0,9.0,7.0,1.0,0.0,0.0,0.0,0.0,0.0,0.0,0.0,6.0,12.0,1.0,12.18,5.01,2.5,1.49,0.0,0.0,0.0,0.4,0.0,-0.4,0.2,1.2000000000000002,-64.0,0.0,0.0,64.0,0.0,22.4,26.200000000000003,26.200000000000003,26.6,300.0,300.0,29.0,33.0,26.200000000000003,25.4,27.3,4.96,2.0,4.96,0.16,0.0,0.0,1027.0,8228.0,0.0,0.0,0.0,0.0,0.0,1.0,0.0,0.0,0.0,0.0,0.0,0.6000000000000001,0.0,1.4,0.0,0.0,16.0,25903.0
2026-07-21T18:12:15.374Z,7.658,973.86,0.0,0.0,0.0,0.0,2048.0,0.0,0.0,0.0,0.0,0.0,0.0,0.0,0.0,0.0,9.0,7.0,1.0,0.0,0.0,0.0,0.0,0.0,0.0,0.0,1.0,12.0,1.0,12.18,5.01,2.5,1.49,0.0,0.0,0.0,0.4,0.0,0.1,0.2,-1.1,-64.0,0.0,0.0,64.0,0.0,22.4,26.200000000000003,26.200000000000003,26.6,300.0,300.0,29.0,33.0,26.200000000000003,25.4,27.3,4.95,2.0,4.97,0.16,0.0,0.0,1027.0,8228.0,0.0,0.0,0.0,0.0,0.0,1.0,0.0,0.0,0.0,0.0,0.0,-0.8,0.0,-0.7000000000000001,0.0,0.0,16.0,25903.0
2026-07-21T18:12:15.386Z,7.67,973.872,0.1,0.0,0.0,0.0,2048.0,0.0,0.0,0.0,0.0,0.0,0.0,0.0,0.0,0.0,9.0,7.0,1.0,0.0,0.0,0.0,0.0,0.0,0.0,0.0,2.0,12.0,1.0,12.18,5.01,2.5,1.49,0.0,0.0,0.0,0.5,0.0,0.7000000000000001,-0.8,-0.5,-64.0,0.0,0.0,64.0,0.0,22.4,26.200000000000003,26.200000000000003,26.6,300.0,300.0,29.0,33.0,26.200000000000003,25.4,27.3,4.95,2.01,4.96,0.16,0.0,0.0,1027.0,8228.0,0.0,0.0,0.0,0.0,0.0,1.0,0.0,0.0,0.0,0.0,0.0,0.1,0.0,-1.4,0.0,0.0,16.0,25903.0
2026-07-21T18:12:15.398Z,7.682,973.884,0.1,0.0,0.0,0.0,2048.0,0.0,0.0,0.0,0.0,0.0,0.0,0.0,0.0,0.0,9.0,7.0,1.0,0.0,0.0,0.0,0.0,0.0,0.0,0.0,3.0,12.0,1.0,12.18,5.01,2.5,1.49,0.0,0.0,0.0,0.4,0.0,0.1,0.8,0.1,-64.0,0.0,0.0,64.0,0.0,22.4,26.200000000000003,26.200000000000003,26.6,300.0,300.0,29.0,33.0,26.200000000000003,25.4,27.3,4.95,2.0,4.96,0.16,0.0,0.0,1027.0,8228.0,0.0,0.0,0.0,0.0,0.0,1.0,0.0,0.0,0.0,0.0,0.0,-0.3,0.0,0.9,0.0,0.0,16.0,25903.0
2026-07-21T18:12:15.410Z,7.694,973.896,0.1,0.0,0.0,0.0,2048.0,0.0,0.0,0.0,0.0,0.0,0.0,0.0,0.0,0.0,9.0,7.0,1.0,0.0,0.0,0.0,0.0,0.0,0.0,0.0,5.0,12.0,1.0,12.18,5.01,2.5,1.49,0.0,0.0,0.0,0.4,0.0,0.1,0.3,0.1,-64.0,0.0,0.0,64.0,0.0,22.4,26.200000000000003,26.200000000000003,26.6,300.0,300.0,29.0,33.0,26.200000000000003,25.4,27.3,4.95,2.0,4.96,0.16,0.0,0.0,1027.0,8228.0,0.0,0.0,0.0,0.0,0.0,1.0,0.0,0.0,0.0,0.0,0.0,0.0,0.0,0.4,0.0,0.0,16.0,25903.0
2026-07-21T18:12:15.422Z,7.706,973.908,0.0,0.0,0.0,0.0,2048.0,0.0,0.0,0.0,0.0,0.0,0.0,0.0,0.0,0.0,9.0,7.0,1.0,0.0,0.0,0.0,0.0,0.0,0.0,0.0,6.0,12.0,1.0,12.18,5.01,2.5,1.49,0.0,0.0,0.0,0.4,0.0,0.6000000000000001,0.8,1.2000000000000002,-64.0,0.0,0.0,64.10000000000001,0.0,22.4,26.200000000000003,26.200000000000003,26.6,300.0,300.0,29.0,33.0,26.200000000000003,25.4,27.3,4.95,2.0,4.97,0.16,0.0,0.0,1027.0,8228.0,0.0,0.0,0.0,0.0,0.0,1.0,0.0,0.0,0.0,0.0,0.0,0.3,0.0,2.0,0.0,0.0,16.0,25903.0
2026-07-21T18:12:15.435Z,7.719,973.92,0.1,0.0,0.0,0.0,2048.0,0.0,0.0,0.0,0.0,0.0,0.0,0.0,0.0,0.0,9.0,7.0,1.0,0.0,0.0,0.0,0.0,0.0,0.0,0.0,1.0,12.0,1.0,12.18,5.01,2.5,1.49,0.0,0.0,0.0,0.4,0.0,0.6000000000000001,-0.3,0.6000000000000001,-64.0,0.0,0.0,64.10000000000001,0.0,22.4,26.200000000000003,26.200000000000003,26.6,300.0,300.0,29.0,33.0,26.200000000000003,25.4,27.3,4.95,2.0,4.96,0.16,0.0,0.0,1027.0,8228.0,0.0,0.0,0.0,0.0,0.0,1.0,0.0,0.0,0.0,0.0,0.0,0.5,0.0,0.2,0.0,0.0002,16.0,25903.0
2026-07-21T18:12:15.447Z,7.731,973.932,0.1,0.0,0.0,0.0,2048.0,0.0,0.0,0.0,0.0,0.0,0.0,0.0,0.0,0.0,9.0,7.0,1.0,0.0,0.0,0.0,0.0,0.0,0.0,0.0,2.0,12.0,1.0,12.17,5.0200000000000005,2.51,1.49,0.0,0.0,0.0,0.4,0.0,-1.1,-0.9,-1.1,-64.0,0.0,0.0,64.0,0.0,22.4,26.200000000000003,26.200000000000003,26.6,300.0,300.0,29.0,33.0,26.200000000000003,25.4,27.3,4.95,2.0,4.97,0.16,0.0,0.0,1027.0,8228.0,0.0,0.0,0.0,0.0,0.0,1.0,0.0,0.0,0.0,0.0,0.0,-0.2,0.0,-2.0,0.0,0.0003,16.0,25903.0
2026-07-21T18:12:15.458Z,7.742,973.944,0.0,0.0,0.0,0.0,2048.0,0.0,0.0,0.0,0.0,0.0,0.0,0.0,0.0,0.0,9.0,7.0,1.0,0.0,0.0,0.0,0.0,0.0,0.0,0.0,3.0,12.0,1.0,12.17,5.0200000000000005,2.51,1.49,0.0,0.0,0.0,0.4,0.0,-0.4,0.2,0.0,-64.0,0.0,0.0,64.0,0.0,22.4,26.200000000000003,26.200000000000003,26.6,300.0,300.0,29.0,33.0,26.200000000000003,25.4,27.3,4.95,2.01,4.97,0.16,0.0,0.0,1027.0,8228.0,0.0,0.0,0.0,0.0,0.0,1.0,0.0,0.0,0.0,0.0,0.0,-0.1,0.0,0.2,0.0,0.0002,16.0,25903.0
2026-07-21T18:12:15.470Z,7.754,973.956,0.0,0.0,0.0,0.0,2048.0,0.0,0.0,0.0,0.0,0.0,0.0,0.0,0.0,0.0,9.0,7.0,1.0,0.0,0.0,0.0,0.0,0.0,0.0,0.0,5.0,12.0,1.0,12.17,5.0200000000000005,2.51,1.49,0.0,0.0,0.0,0.4,0.0,0.0,0.2,-0.5,-64.0,0.0,0.0,64.0,0.0,22.4,26.200000000000003,26.200000000000003,26.6,300.0,300.0,29.0,33.0,26.200000000000003,25.4,27.3,4.96,2.01,4.96,0.16,0.0,0.0,1027.0,8228.0,0.0,0.0,0.0,0.0,0.0,1.0,0.0,0.0,0.0,0.0,0.0,-0.5,0.0,-0.3,0.0,0.0,16.0,25903.0
2026-07-21T18:12:15.482Z,7.766,973.968,0.0,0.0,0.0,0.0,2048.0,0.0,0.0,0.0,0.0,0.0,0.0,0.0,0.0,0.0,9.0,7.0,1.0,0.0,0.0,0.0,0.0,0.0,0.0,0.0,6.0,12.0,1.0,12.17,5.0200000000000005,2.51,1.49,0.0,0.0,0.0,0.4,0.0,0.7000000000000001,0.2,1.1,-64.0,0.0,0.0,64.0,0.0,22.4,26.200000000000003,26.200000000000003,26.6,300.0,300.0,29.0,33.0,26.200000000000003,25.4,27.3,4.96,2.0,4.96,0.16,0.0,0.0,1027.0,8228.0,0.0,0.0,0.0,0.0,0.0,1.0,0.0,0.0,0.0,0.0,0.0,0.6000000000000001,0.0,1.3,0.0,0.0,16.0,25903.0
2026-07-21T18:12:15.495Z,7.779,973.98,0.1,0.0,0.0,0.0,2048.0,0.0,0.0,0.0,0.0,0.0,0.0,0.0,0.0,0.0,9.0,7.0,1.0,0.0,0.0,0.0,0.0,0.0,0.0,0.0,1.0,12.0,1.0,12.17,5.0200000000000005,2.51,1.49,0.0,0.0,0.0,0.4,0.0,-0.4,1.3,-0.6000000000000001,-64.0,0.0,0.0,64.0,0.0,22.4,26.200000000000003,26.200000000000003,26.6,300.0,300.0,29.0,33.0,26.200000000000003,25.4,27.3,4.96,2.0,4.96,0.16,0.0,0.0,1027.0,8228.0,0.0,0.0,0.0,0.0,0.0,1.0,0.0,0.0,0.0,0.0,0.0,-1.1,0.0,0.8,0.0,0.0,16.0,25903.0
2026-07-21T18:12:15.506Z,7.79,973.992,0.0,0.0,0.0,0.0,2048.0,0.0,0.0,0.0,0.0,0.0,0.0,0.0,0.0,0.0,9.0,7.0,1.0,0.0,0.0,0.0,0.0,0.0,0.0,0.0,2.0,12.0,1.0,12.17,5.0200000000000005,2.51,1.49,0.0,0.0,0.0,0.4,0.0,0.1,-0.4,-0.6000000000000001,-64.0,0.0,0.0,64.0,0.0,22.4,26.200000000000003,26.200000000000003,26.6,300.0,300.0,29.0,33.0,26.200000000000003,25.4,27.3,4.95,2.01,4.96,0.16,0.0,0.0,1027.0,8228.0,0.0,0.0,0.0,0.0,0.0,1.0,0.0,0.0,0.0,0.0,0.0,-0.1,0.0,-1.0,0.0,0.0,16.0,25903.0
2026-07-21T18:12:15.519Z,7.803,974.004,0.0,0.0,0.0,0.0,2048.0,0.0,0.0,0.0,0.0,0.0,0.0,0.0,0.0,0.0,9.0,7.0,1.0,0.0,0.0,0.0,0.0,0.0,0.0,0.0,4.0,12.0,1.0,12.17,5.0200000000000005,2.51,1.49,0.0,0.0,0.0,0.4,0.0,-1.0,-1.0,0.0,-64.0,0.0,0.0,64.0,0.0,22.4,26.200000000000003,26.200000000000003,26.6,300.0,300.0,29.0,33.0,26.200000000000003,25.4,27.3,4.95,2.01,4.96,0.16,0.0,0.0,1027.0,8228.0,0.0,0.0,0.0,0.0,0.0,1.0,0.0,0.0,0.0,0.0,0.0,0.5,0.0,-1.0,0.0,0.0,16.0,25903.0
2026-07-21T18:12:15.530Z,7.814,974.016,0.0,0.0,0.0,0.0,2048.0,0.0,0.0,0.0,0.0,0.0,0.0,0.0,0.0,0.0,9.0,7.0,1.0,0.0,0.0,0.0,0.0,0.0,0.0,0.0,5.0,12.0,1.0,12.17,5.0200000000000005,2.51,1.49,0.0,0.0,0.0,0.5,0.0,0.1,0.1,-0.6000000000000001,-64.0,0.0,0.0,64.2,0.0,22.4,26.200000000000003,26.200000000000003,26.6,300.0,300.0,29.0,33.0,26.200000000000003,25.4,27.3,4.95,2.0,4.96,0.16,0.0,0.0,1027.0,8228.0,0.0,0.0,0.0,0.0,0.0,1.0,0.0,0.0,0.0,0.0,0.0,-1.1,0.0,-0.3,0.0,0.0,16.0,25903.0
2026-07-21T18:12:15.542Z,7.826,974.028,0.0,0.0,0.0,0.0,2048.0,0.0,0.0,0.0,0.0,0.0,0.0,0.0,0.0,0.0,9.0,7.0,1.0,0.0,0.0,0.0,0.0,0.0,0.0,0.0,6.0,12.0,1.0,12.17,5.0200000000000005,2.51,1.49,0.0,0.0,0.0,0.4,0.0,-0.3,0.1,0.4,-64.0,0.0,0.0,64.10000000000001,0.0,22.4,26.200000000000003,26.200000000000003,26.6,300.0,300.0,29.0,33.0,26.200000000000003,25.4,27.3,4.95,2.0,4.96,0.16,0.0,0.0,1027.0,8228.0,0.0,0.0,0.0,0.0,0.0,1.0,0.0,0.0,0.0,0.0,0.0,-0.5,0.0,-0.5,0.0,0.0004,16.0,25903.0
2026-07-21T18:12:15.554Z,7.838,974.04,0.0,0.0,0.0,0.0,2048.0,0.0,0.0,0.0,0.0,0.0,0.0,0.0,0.0,0.0,9.0,7.0,1.0,0.0,0.0,0.0,0.0,0.0,0.0,0.0,1.0,12.0,1.0,12.18,5.0200000000000005,2.51,1.49,0.0,0.0,0.0,0.5,0.0,0.2,1.3,-1.2000000000000002,-64.0,0.0,0.0,64.0,0.0,22.700000000000003,26.200000000000003,26.200000000000003,26.6,300.0,300.0,28.9,33.0,26.200000000000003,25.4,27.3,4.95,2.0,4.96,0.16,0.0,0.0,1027.0,8228.0,0.0,0.0,0.0,0.0,0.0,1.0,0.0,0.0,0.0,0.0,0.0,-0.1,0.0,0.0,0.0,0.0,16.0,25903.0
2026-07-21T18:12:15.567Z,7.851,974.052,0.0,0.0,0.0,0.0,2048.0,0.0,0.0,0.0,0.0,0.0,0.0,0.0,0.0,0.0,9.0,7.0,1.0,0.0,0.0,0.0,0.0,0.0,0.0,0.0,2.0,12.0,1.0,12.18,5.0200000000000005,2.51,1.49,0.0,0.0,0.0,0.4,0.0,-0.3,-0.4,-1.2000000000000002,-64.0,0.0,0.0,64.0,0.0,22.700000000000003,26.200000000000003,26.200000000000003,26.6,300.0,300.0,28.9,33.0,26.200000000000003,25.4,27.3,4.95,2.0,4.97,0.16,0.0,0.0,1027.0,8228.0,0.0,0.0,0.0,0.0,0.0,1.0,0.0,0.0,0.0,0.0,0.0,-0.6000000000000001,0.0,-1.6,0.0,0.0002,16.0,25903.0
2026-07-21T18:12:15.578Z,7.862,974.064,0.0,0.0,0.0,0.0,2048.0,0.0,0.0,0.0,0.0,0.0,0.0,0.0,0.0,0.0,9.0,7.0,1.0,0.0,0.0,0.0,0.0,0.0,0.0,0.0,3.0,12.0,1.0,12.18,5.0200000000000005,2.51,1.49,0.0,0.0,0.0,0.4,0.0,-0.3,-0.4,-1.2000000000000002,-64.0,0.0,0.0,64.0,0.0,22.700000000000003,26.200000000000003,26.200000000000003,26.6,300.0,300.0,28.9,33.0,26.200000000000003,25.4,27.3,4.96,2.0,4.96,0.16,0.0,0.0,1027.0,8228.0,0.0,0.0,0.0,0.0,0.0,1.0,0.0,0.0,0.0,0.0,0.0,-0.6000000000000001,0.0,-1.6,0.0,0.0,16.0,25903.0
2026-07-21T18:12:15.590Z,7.874,974.076,0.0,0.0,0.0,0.0,2048.0,0.0,0.0,0.0,0.0,0.0,0.0,0.0,0.0,0.0,9.0,7.0,1.0,0.0,0.0,0.0,0.0,0.0,0.0,0.0,4.0,12.0,1.0,12.18,5.0200000000000005,2.51,1.49,0.0,0.1,0.0,0.4,0.0,0.2,0.1,-0.1,-64.0,0.0,0.0,64.0,0.0,22.700000000000003,26.200000000000003,26.200000000000003,26.6,300.0,300.0,28.9,33.0,26.200000000000003,25.4,27.3,4.96,2.0,4.96,0.16,0.0,0.0,1027.0,8228.0,0.0,0.0,0.0,0.0,0.0,1.0,0.0,0.0,0.0,0.0,0.0,-0.1,0.0,0.0,0.0,0.0,16.0,25903.0
2026-07-21T18:12:15.602Z,7.886,974.088,0.0,0.0,0.0,0.0,2048.0,0.0,0.0,0.0,0.0,0.0,0.0,0.0,0.0,0.0,9.0,7.0,1.0,0.0,0.0,0.0,0.0,0.0,0.0,0.0,6.0,12.0,1.0,12.18,5.0200000000000005,2.51,1.49,0.0,0.0,0.0,0.4,0.0,0.2,1.3,-0.7000000000000001,-64.0,0.0,0.0,64.10000000000001,0.0,22.700000000000003,26.200000000000003,26.200000000000003,26.6,300.0,300.0,28.9,33.0,26.200000000000003,25.4,27.3,4.95,2.0,4.96,0.17,0.0,0.0,1027.0,8228.0,0.0,0.0,0.0,0.0,0.0,1.0,0.0,0.0,0.0,0.0,0.0,-1.1,0.0,0.6000000000000001,0.0,0.0,16.0,25903.0
2026-07-21T18:12:15.614Z,7.898,974.1,0.0,0.0,0.0,0.0,2048.0,0.0,0.0,0.0,0.0,0.0,0.0,0.0,0.0,0.0,9.0,7.0,1.0,0.0,0.0,0.0,0.0,0.0,0.0,0.0,1.0,12.0,1.0,12.18,5.0200000000000005,2.51,1.49,0.0,0.0,0.0,0.4,0.0,0.8,0.7000000000000001,1.6,-64.0,0.0,0.0,64.0,0.0,22.700000000000003,26.200000000000003,26.200000000000003,26.6,300.0,300.0,28.9,33.0,26.200000000000003,25.4,27.3,4.95,2.0,4.97,0.16,0.0,0.0,1027.0,8228.0,0.0,0.0,0.0,0.0,0.0,1.0,0.0,0.0,0.0,0.0,0.0,0.6000000000000001,0.0,2.3000000000000003,0.0,0.0002,16.0,25903.0
2026-07-21T18:12:15.626Z,7.91,974.112,0.0,0.0,0.0,0.0,2048.0,0.0,0.0,0.0,0.0,0.0,0.0,0.0,0.0,0.0,9.0,7.0,1.0,0.0,0.0,0.0,0.0,0.0,0.0,0.0,2.0,12.0,1.0,12.18,5.0200000000000005,2.51,1.49,0.0,0.0,0.0,0.4,0.0,0.2,-0.4,-0.7000000000000001,-64.0,0.0,0.0,64.0,0.0,22.700000000000003,26.200000000000003,26.200000000000003,26.6,300.0,300.0,28.9,33.0,26.200000000000003,25.4,27.3,4.96,2.0,4.96,0.16,0.0,0.0,1027.0,8228.0,0.0,0.0,0.0,0.0,0.0,1.0,0.0,0.0,0.0,0.0,0.0,-0.2,0.0,-1.1,0.0,0.0002,16.0,25903.0
2026-07-21T18:12:15.639Z,7.923,974.124,0.0,0.0,0.0,0.0,2048.0,0.0,0.0,0.0,0.0,0.0,0.0,0.0,0.0,0.0,9.0,7.0,1.0,0.0,0.0,0.0,0.0,0.0,0.0,0.0,3.0,12.0,1.0,12.18,5.0200000000000005,2.51,1.49,0.0,0.0,0.0,0.4,0.0,0.8,1.8,-0.6000000000000001,-64.0,0.0,0.0,64.10000000000001,0.0,22.700000000000003,26.200000000000003,26.200000000000003,26.6,300.0,300.0,28.9,33.0,26.200000000000003,25.4,27.3,4.96,2.0,4.96,0.16,0.0,0.0,1027.0,8228.0,0.0,0.0,0.0,0.0,0.0,1.0,0.0,0.0,0.0,0.0,0.0,-1.4,0.0,1.3,0.0,0.0,16.0,25903.0
2026-07-21T18:12:15.652Z,7.936,974.136,0.0,0.0,0.0,0.0,2048.0,0.0,0.0,0.0,0.0,0.0,0.0,0.0,0.0,0.0,9.0,7.0,1.0,0.0,0.0,0.0,0.0,0.0,0.0,0.0,4.0,12.0,1.0,12.19,5.0,2.5,1.49,0.0,0.0,0.0,0.4,0.0,-0.3,0.1,-0.6000000000000001,-64.0,0.0,0.0,64.0,0.0,22.3,26.200000000000003,26.200000000000003,26.6,300.0,300.0,28.9,33.0,26.200000000000003,25.4,27.3,4.95,2.0,4.96,0.16,0.0,0.0,1027.0,8228.0,0.0,0.0,0.0,0.0,0.0,1.0,0.0,0.0,0.0,0.0,0.0,-0.4,0.0,-0.5,0.0,0.0002,16.0,25903.0
2026-07-21T18:12:15.662Z,7.946,974.148,0.0,0.0,0.0,0.0,2048.0,0.0,0.0,0.0,0.0,0.0,0.0,0.0,0.0,0.0,9.0,7.0,1.0,0.0,0.0,0.0,0.0,0.0,0.0,0.0,6.0,12.0,1.0,12.19,5.0,2.5,1.49,0.0,0.0,0.0,0.4,0.0,-0.3,-0.4,0.5,-64.0,0.0,0.0,64.0,0.0,22.3,26.200000000000003,26.200000000000003,26.6,300.0,300.0,28.9,33.0,26.200000000000003,25.4,27.3,4.95,2.0,4.96,0.16,0.0,0.0,1027.0,8228.0,0.0,0.0,0.0,0.0,0.0,1.0,0.0,0.0,0.0,0.0,0.0,0.5,0.0,0.0,0.0,0.0002,16.0,25903.0
2026-07-21T18:12:15.674Z,7.958,974.16,0.0,0.0,0.0,0.0,2048.0,0.0,0.0,0.0,0.0,0.0,0.0,0.0,0.0,0.0,9.0,7.0,1.0,0.0,0.0,0.0,0.0,0.0,0.0,0.0,1.0,12.0,1.0,12.19,5.0,2.5,1.49,0.0,0.0,0.0,0.4,0.0,-0.2,-1.0,0.5,-64.0,0.0,0.0,64.0,0.0,22.3,26.200000000000003,26.200000000000003,26.6,300.0,300.0,28.9,33.0,26.200000000000003,25.4,27.3,4.95,2.01,4.96,0.16,0.0,0.0,1027.0,8228.0,0.0,0.0,0.0,0.0,0.0,1.0,0.0,0.0,0.0,0.0,0.0,0.8,0.0,-0.5,0.0,0.0,16.0,25903.0
2026-07-21T18:12:15.686Z,7.97,974.172,0.0,0.0,0.0,0.0,2048.0,0.0,0.0,0.0,0.0,0.0,0.0,0.0,0.0,0.0,9.0,7.0,1.0,0.0,0.0,0.0,0.0,0.0,0.0,0.0,2.0,12.0,1.0,12.19,5.0,2.5,1.49,0.0,0.0,0.0,0.4,0.0,-0.2,0.0,-0.6000000000000001,-64.0,0.0,0.0,64.0,0.0,22.3,26.200000000000003,26.200000000000003,26.6,300.0,300.0,28.9,33.0,26.200000000000003,25.4,27.3,4.95,2.0,4.97,0.16,0.0,0.0,1027.0,8228.0,0.0,0.0,0.0,0.0,0.0,1.0,0.0,0.0,0.0,0.0,0.0,-0.4,0.0,-0.5,0.0,0.0,16.0,25903.0
2026-07-21T18:12:15.698Z,7.982,974.184,0.0,0.0,0.0,0.0,2048.0,0.0,0.0,0.0,0.0,0.0,0.0,0.0,0.0,0.0,9.0,7.0,1.0,0.0,0.0,0.0,0.0,0.0,0.0,0.0,3.0,12.0,1.0,12.19,5.0,2.5,1.49,0.0,0.0,0.0,0.4,0.0,-0.2,0.7000000000000001,-1.8,-64.0,0.0,0.0,64.0,0.0,22.3,26.200000000000003,26.200000000000003,26.6,300.0,300.0,28.9,33.0,26.200000000000003,25.4,27.3,4.95,2.0,4.97,0.16,0.0,0.0,1027.0,8228.0,0.0,0.0,0.0,0.0,0.0,1.0,0.0,0.0,0.0,0.0,0.0,-1.5,0.0,-1.0,0.0,0.0,16.0,25903.0
2026-07-21T18:12:15.711Z,7.995,974.196,0.0,0.0,0.0,0.0,2048.0,0.0,0.0,0.0,0.0,0.0,0.0,0.0,0.0,0.0,9.0,7.0,1.0,0.0,0.0,0.0,0.0,0.0,0.0,0.0,4.0,12.0,1.0,12.19,5.0,2.5,1.49,0.0,0.0,0.0,0.4,0.0,0.8,0.1,0.0,-64.0,0.0,0.0,64.0,0.0,22.3,26.200000000000003,26.200000000000003,26.6,300.0,300.0,28.9,33.0,26.200000000000003,25.4,27.3,4.96,2.0,4.96,0.16,0.0,0.0,1027.0,8228.0,0.0,0.0,0.0,0.0,0.0,1.0,0.0,0.0,0.0,0.0,0.0,0.0,0.0,0.1,0.0,0.0,16.0,25903.0
2026-07-21T18:12:15.722Z,8.006,974.208,0.0,0.0,0.0,0.0,2048.0,0.0,0.0,0.0,0.0,0.0,0.0,0.0,0.0,0.0,9.0,7.0,1.0,0.0,0.0,0.0,0.0,0.0,0.0,0.0,5.0,12.0,1.0,12.19,5.0,2.5,1.49,0.0,0.0,0.0,0.4,0.0,-0.2,0.1,1.2000000000000002,-64.0,0.0,0.0,64.0,0.0,22.3,26.200000000000003,26.200000000000003,26.6,300.0,300.0,28.9,33.0,26.200000000000003,25.4,27.3,4.95,2.0,4.96,0.16,0.0,0.0,1027.0,8228.0,0.0,0.0,0.0,0.0,0.0,1.0,0.0,0.0,0.0,0.0,0.0,0.7000000000000001,0.0,1.3,0.0,0.0,16.0,25903.0
2026-07-21T18:12:15.735Z,8.019,974.22,0.0,0.0,0.0,0.0,2048.0,0.0,0.0,0.0,0.0,1.0,0.0,0.0,0.0,0.0,9.0,7.0,1.0,0.0,0.0,0.0,0.0,0.0,0.0,0.0,6.0,12.0,1.0,12.19,5.0,2.5,1.49,0.0,0.0,0.0,0.4,0.0,-0.2,-0.4,1.1,-64.0,0.0,0.0,64.2,0.0,22.3,26.200000000000003,26.200000000000003,26.6,300.0,300.0,28.9,33.0,26.200000000000003,25.4,27.3,4.95,2.0,4.97,0.16,0.0,0.0,1027.0,8228.0,0.0,0.0,0.0,0.0,0.0,1.0,0.0,0.0,0.0,0.0,0.0,0.9,0.0,0.6000000000000001,0.0,0.0,16.0,25903.0
2026-07-21T18:12:15.746Z,8.03,974.232,0.0,0.0,0.0,0.0,2048.0,0.0,0.0,0.0,0.0,1.0,0.0,0.0,0.0,0.0,9.0,7.0,1.0,0.0,0.0,0.0,0.0,0.0,0.0,0.0,2.0,12.0,1.0,12.19,5.0,2.5,1.49,0.0,0.1,0.0,0.5,0.0,0.3,0.7000000000000001,-1.1,-64.0,0.0,0.0,64.0,0.0,22.3,26.200000000000003,26.200000000000003,26.6,300.0,300.0,28.9,33.0,26.200000000000003,25.4,27.3,4.95,2.0,4.97,0.16,0.0,0.0,1027.0,8228.0,0.0,0.0,0.0,0.0,0.0,1.0,0.0,0.0,0.0,0.0,0.0,-1.1,0.0,-0.3,0.0,0.0003,16.0,25903.0
2026-07-21T18:12:15.758Z,8.042,974.244,0.0,0.0,0.0,0.0,2048.0,0.0,0.0,0.0,0.0,1.0,0.0,0.0,0.0,0.0,9.0,7.0,1.0,0.0,0.0,0.0,0.0,0.0,0.0,0.0,3.0,12.0,1.0,12.17,5.01,2.5,1.49,0.0,0.0,0.0,0.4,0.0,0.9,-0.4,0.5,-64.0,0.0,0.0,64.0,0.0,22.6,26.200000000000003,26.200000000000003,26.6,300.0,300.0,28.9,33.0,26.200000000000003,25.4,27.3,4.95,2.0,4.96,0.16,0.0,0.0,1027.0,8228.0,0.0,0.0,0.0,0.0,0.0,1.0,0.0,0.0,0.0,0.0,0.0,0.5,0.0,0.1,0.0,0.0002,16.0,25903.0
2026-07-21T18:12:15.771Z,8.055,974.256,0.0,0.0,0.0,0.0,2048.0,0.0,0.0,0.0,0.0,1.0,0.0,0.0,0.0,0.0,9.0,7.0,1.0,0.0,0.0,0.0,0.0,0.0,0.0,0.0,4.0,12.0,1.0,12.17,5.01,2.5,1.49,0.0,0.0,0.0,0.4,0.0,-0.2,-0.9,0.0,-64.0,0.0,0.0,64.0,0.0,22.6,26.200000000000003,26.200000000000003,26.6,300.0,300.0,28.9,33.0,26.200000000000003,25.4,27.3,4.95,2.0,4.97,0.16,0.0,0.0,1027.0,8228.0,0.0,0.0,0.0,0.0,0.0,1.0,0.0,0.0,0.0,0.0,0.0,0.5,0.0,-1.0,0.0,0.0001,16.0,25903.0
2026-07-21T18:12:15.783Z,8.067,974.268,0.0,0.0,0.0,0.0,2048.0,0.0,0.0,0.0,0.0,1.0,0.0,0.0,0.0,0.0,9.0,7.0,1.0,0.0,0.0,0.0,0.0,0.0,0.0,0.0,5.0,12.0,1.0,12.17,5.01,2.5,1.49,0.0,0.0,0.0,0.4,0.0,-0.2,0.1,-0.5,-64.0,0.0,0.0,64.0,0.0,22.6,26.200000000000003,26.200000000000003,26.6,300.0,300.0,28.9,33.0,26.200000000000003,25.4,27.3,4.95,2.0,4.96,0.16,0.0,0.0,1027.0,8228.0,0.0,0.0,0.0,0.0,0.0,1.0,0.0,0.0,0.0,0.0,0.0,-0.4,0.0,-0.3,0.0,0.0,16.0,25903.0
2026-07-21T18:12:15.795Z,8.079,974.28,0.0,0.0,0.0,0.0,2048.0,0.0,0.0,0.0,0.0,1.0,0.0,0.0,0.0,0.0,9.0,7.0,1.0,0.0,0.0,0.0,0.0,0.0,0.0,0.0,6.0,12.0,1.0,12.17,5.01,2.5,1.49,0.0,0.0,0.0,0.4,0.0,-0.8,0.2,0.0,-64.0,0.0,0.0,64.0,0.0,22.6,26.200000000000003,26.200000000000003,26.6,300.0,300.0,28.9,33.0,26.200000000000003,25.4,27.3,4.96,2.0,4.96,0.16,0.0,0.0,1027.0,8228.0,0.0,0.0,0.0,0.0,0.0,1.0,0.0,0.0,0.0,0.0,0.0,0.0,0.0,0.2,0.0,0.0,16.0,25903.0
2026-07-21T18:12:15.807Z,8.091,974.292,0.0,0.0,0.0,0.0,2048.0,0.0,0.0,0.0,0.0,1.0,0.0,0.0,0.0,0.0,9.0,7.0,1.0,0.0,0.0,0.0,0.0,0.0,0.0,0.0,1.0,12.0,1.0,12.17,5.01,2.5,1.49,0.0,0.0,0.0,0.4,0.0,0.3,-0.9,-1.7000000000000002,-64.0,0.0,0.0,64.0,0.0,22.6,26.200000000000003,26.200000000000003,26.6,300.0,300.0,28.9,33.0,26.200000000000003,25.4,27.3,4.95,2.0,4.97,0.16,0.0,0.0,1027.0,8228.0,0.0,0.0,0.0,0.0,0.0,1.0,0.0,0.0,0.0,0.0,0.0,-0.6000000000000001,0.0,-2.6,0.0,0.0,16.0,25903.0
2026-07-21T18:12:15.818Z,8.102,974.304,0.0,0.0,0.0,0.0,2048.0,0.0,0.0,0.0,0.0,1.0,0.0,0.0,0.0,0.0,9.0,7.0,1.0,0.0,0.0,0.0,0.0,0.0,0.0,0.0,2.0,12.0,1.0,12.17,5.01,2.5,1.49,0.0,0.0,0.0,0.4,0.0,-0.2,-1.6,-1.7000000000000002,-64.0,0.0,0.0,64.0,0.0,22.6,26.200000000000003,26.200000000000003,26.6,300.0,300.0,28.9,33.0,26.200000000000003,25.4,27.3,4.96,2.0,4.96,0.16,0.0,0.0,1027.0,8228.0,0.0,0.0,0.0,0.0,0.0,1.0,0.0,0.0,0.0,0.0,0.0,-0.2,0.0,-3.3000000000000003,0.0,0.0,16.0,25903.0
2026-07-21T18:12:15.831Z,8.115,974.316,0.0,0.0,0.0,0.0,2048.0,0.0,0.0,0.0,0.0,1.0,0.0,0.0,0.0,0.0,9.0,7.0,1.0,0.0,0.0,0.0,0.0,0.0,0.0,0.0,3.0,12.0,1.0,12.17,5.01,2.5,1.49,0.0,0.0,0.0,0.4,0.0,0.3,0.1,0.0,-64.0,0.0,0.0,64.2,0.0,22.6,26.200000000000003,26.200000000000003,26.6,300.0,300.0,28.9,33.0,26.200000000000003,25.4,27.3,4.96,2.01,4.96,0.16,0.0,0.0,1027.0,8228.0,0.0,0.0,0.0,0.0,0.0,1.0,0.0,0.0,0.0,0.0,0.0,0.0,0.0,0.1,0.0,0.0,16.0,25903.0
2026-07-21T18:12:15.843Z,8.127,974.328,0.0,0.0,0.0,0.0,2048.0,0.0,0.0,0.0,0.0,1.0,0.0,0.0,0.0,0.0,9.0,7.0,1.0,0.0,0.0,0.0,0.0,0.0,0.0,0.0,4.0,12.0,1.0,12.17,5.01,2.5,1.49,0.0,0.0,0.0,0.5,0.0,0.3,-0.4,-1.1,-64.0,0.0,0.0,64.0,0.0,22.6,26.200000000000003,26.200000000000003,26.6,300.0,300.0,28.9,33.0,26.200000000000003,25.4,27.3,4.95,2.0,4.96,0.16,0.0,0.0,1027.0,8228.0,0.0,0.0,0.0,0.0,0.0,1.0,0.0,0.0,0.0,0.0,0.0,-0.5,0.0,-1.5,0.0,0.0002,16.0,25903.0
2026-07-21T18:12:15.855Z,8.139,974.34,0.0,0.0,0.0,0.0,2048.0,0.0,0.0,0.0,0.0,1.0,0.0,0.0,0.0,0.0,9.0,7.0,1.0,0.0,0.0,0.0,0.0,0.0,0.0,0.0,5.0,12.0,1.0,12.18,5.0200000000000005,2.51,1.49,0.0,0.0,0.0,0.4,0.0,1.4,1.3,2.3000000000000003,-64.0,0.0,0.0,64.0,0.0,22.4,26.200000000000003,26.200000000000003,26.6,300.0,300.0,29.0,33.0,26.200000000000003,25.4,27.3,4.95,2.0,4.96,0.16,0.0,0.0,1027.0,8228.0,0.0,0.0,0.0,0.0,0.0,1.0,0.0,0.0,0.0,0.0,0.0,0.8,0.0,3.6,0.0,0.0002,16.0,25903.0
2026-07-21T18:12:15.866Z,8.15,974.352,0.0,0.0,0.0,0.0,2048.0,0.0,0.0,0.0,0.0,1.0,0.0,0.0,0.0,0.0,9.0,7.0,1.0,0.0,0.0,0.0,0.0,0.0,0.0,0.0,1.0,12.0,1.0,12.18,5.0200000000000005,2.51,1.49,0.0,0.0,0.0,0.4,0.0,0.9,0.1,-1.1,-64.0,0.0,0.0,64.0,0.0,22.4,26.200000000000003,26.200000000000003,26.6,300.0,300.0,29.0,33.0,26.200000000000003,25.4,27.3,4.95,2.01,4.96,0.16,0.0,0.0,1027.0,8228.0,0.0,0.0,0.0,0.0,0.0,1.0,0.0,0.0,0.0,0.0,0.0,-0.8,0.0,-0.9,0.0,0.0001,16.0,25903.0
2026-07-21T18:12:15.878Z,8.162,974.364,0.0,0.0,0.0,0.0,2048.0,0.0,0.0,0.0,0.0,1.0,0.0,0.0,0.0,0.0,9.0,7.0,1.0,0.0,0.0,0.0,0.0,0.0,0.0,0.0,2.0,12.0,1.0,12.18,5.0200000000000005,2.51,1.49,0.0,0.0,0.0,0.4,0.0,-0.3,0.1,0.5,-64.0,0.0,0.0,64.0,0.0,22.4,26.200000000000003,26.200000000000003,26.6,300.0,300.0,29.0,33.0,26.200000000000003,25.4,27.3,4.95,2.0,4.97,0.16,0.0,0.0,1027.0,8228.0,0.0,0.0,0.0,0.0,0.0,1.0,0.0,0.0,0.0,0.0,0.0,0.2,0.0,0.6000000000000001,0.0,0.0,16.0,25903.0
2026-07-21T18:12:15.890Z,8.174,974.376,0.0,0.0,0.0,0.0,2048.0,0.0,0.0,0.0,0.0,1.0,0.0,0.0,0.0,0.0,9.0,7.0,1.0,0.0,0.0,0.0,0.0,0.0,0.0,0.0,3.0,12.0,1.0,12.18,5.0200000000000005,2.51,1.49,0.0,0.0,0.0,0.4,0.0,0.2,1.3,0.0,-64.0,0.0,0.0,64.0,0.0,22.4,26.200000000000003,26.200000000000003,26.6,300.0,300.0,29.0,33.0,26.200000000000003,25.4,27.3,4.95,2.0,4.97,0.16,0.0,0.0,1027.0,8228.0,0.0,0.0,0.0,0.0,0.0,1.0,0.0,0.0,0.0,0.0,0.0,-0.7000000000000001,0.0,1.2000000000000002,0.0,0.0,16.0,25903.0
2026-07-21T18:12:15.902Z,8.186,974.388,0.0,0.0,0.0,0.0,2048.0,0.0,0.0,0.0,0.0,1.0,0.0,0.0,0.0,0.0,9.0,7.0,1.0,0.0,0.0,0.0,0.0,0.0,0.0,0.0,4.0,12.0,1.0,12.18,5.0200000000000005,2.51,1.49,0.0,0.0,0.0,0.4,0.0,0.2,0.1,-0.6000000000000001,-64.0,0.0,0.0,64.0,0.0,22.4,26.200000000000003,26.200000000000003,26.6,300.0,300.0,29.0,33.0,26.200000000000003,25.4,27.3,4.96,2.0,4.96,0.16,0.0,0.0,1027.0,8228.0,0.0,0.0,0.0,0.0,0.0,1.0,0.0,0.0,0.0,0.0,0.0,-0.5,0.0,-0.4,0.0,0.0,16.0,25903.0
2026-07-21T18:12:15.915Z,8.199,974.4,0.0,0.0,0.0,0.0,2048.0,0.0,0.0,0.0,0.0,1.0,0.0,0.0,0.0,0.0,9.0,7.0,1.0,0.0,0.0,0.0,0.0,0.0,0.0,0.0,5.0,12.0,1.0,12.18,5.0200000000000005,2.51,1.49,0.0,0.0,0.0,0.4,0.0,0.2,-0.4,0.5,-64.0,0.0,0.0,64.0,0.0,22.4,26.200000000000003,26.200000000000003,26.6,300.0,300.0,29.0,33.0,26.200000000000003,25.4,27.3,4.95,2.01,4.96,0.16,0.0,0.0,1027.0,8228.0,0.0,0.0,0.0,0.0,0.0,1.0,0.0,0.0,0.0,0.0,0.0,0.5,0.0,0.0,0.0,0.0,16.0,25903.0
2026-07-21T18:12:15.926Z,8.21,974.412,0.0,0.0,0.0,0.0,2048.0,0.0,0.0,0.0,0.0,1.0,0.0,0.0,0.0,0.0,9.0,7.0,1.0,0.0,0.0,0.0,0.0,0.0,0.0,0.0,6.0,12.0,1.0,12.18,5.0200000000000005,2.51,1.49,0.0,0.0,0.0,0.4,0.0,0.8,1.3,-1.2000000000000002,-64.0,0.0,0.0,64.2,0.0,22.4,26.200000000000003,26.200000000000003,26.6,300.0,300.0,29.0,33.0,26.200000000000003,25.4,27.3,4.95,2.0,4.97,0.16,0.0,0.0,1027.0,8228.0,0.0,0.0,0.0,0.0,0.0,1.0,0.0,0.0,0.0,0.0,0.0,-1.4,0.0,0.2,0.0,0.0,16.0,25903.0
2026-07-21T18:12:15.938Z,8.222,974.424,0.0,0.0,0.0,0.0,2048.0,0.0,0.0,0.0,0.0,1.0,0.0,0.0,0.0,0.0,9.0,7.0,1.0,0.0,0.0,0.0,0.0,0.0,0.0,0.0,1.0,12.0,1.0,12.18,5.0200000000000005,2.51,1.49,0.0,0.0,0.0,0.4,0.0,-0.9,-1.0,-1.2000000000000002,-64.0,0.0,0.0,64.2,0.0,22.4,26.200000000000003,26.200000000000003,26.6,300.0,300.0,29.0,33.0,26.200000000000003,25.4,27.3,4.95,2.01,4.97,0.16,0.0,0.0,1027.0,8228.0,0.0,0.0,0.0,0.0,0.0,1.0,0.0,0.0,0.0,0.0,0.0,-0.3,0.0,-2.2,0.0,0.0003,16.0,25903.0
2026-07-21T18:12:15.950Z,8.234,974.436,0.0,0.0,0.0,0.0,2048.0,0.0,0.0,0.0,0.0,1.0,0.0,0.0,0.0,0.0,9.0,7.0,1.0,0.0,0.0,0.0,0.0,0.0,0.0,0.0,3.0,12.0,1.0,12.18,5.0200000000000005,2.51,1.49,0.0,0.0,0.0,0.4,0.0,-0.9,-0.4,0.5,-64.0,0.0,0.0,64.0,0.0,22.4,26.200000000000003,26.200000000000003,26.6,300.0,300.0,29.0,33.0,26.200000000000003,25.4,27.3,4.96,2.01,4.96,0.16,0.0,0.0,1027.0,8228.0,0.0,0.0,0.0,0.0,0.0,1.0,0.0,0.0,0.0,0.0,0.0,0.5,0.0,0.0,0.0,0.0001,16.0,25903.0
2026-07-21T18:12:15.962Z,8.246,974.448,0.0,0.0,0.0,0.0,2048.0,0.0,0.0,0.0,0.0,1.0,0.0,0.0,0.0,0.0,9.0,7.0,1.0,0.0,0.0,0.0,0.0,0.0,0.0,0.0,4.0,12.0,1.0,12.17,5.01,2.51,1.49,0.0,0.0,0.0,0.4,0.0,-0.3,-1.0,0.0,-64.0,0.0,0.0,64.0,0.0,22.6,26.200000000000003,26.200000000000003,26.6,300.0,300.0,29.0,33.0,26.200000000000003,25.4,27.3,4.95,2.0,4.96,0.16,0.0,0.0,1027.0,8228.0,0.0,0.0,0.0,0.0,0.0,1.0,0.0,0.0,0.0,0.0,0.0,0.4,0.0,-1.1,0.0,0.0003,16.0,25903.0
2026-07-21T18:12:15.974Z,8.258,974.46,0.0,0.0,0.0,0.0,2048.0,0.0,0.0,0.0,0.0,1.0,0.0,0.0,0.0,0.0,9.0,7.0,1.0,0.0,0.0,0.0,0.0,0.0,0.0,0.0,5.0,12.0,1.0,12.17,5.01,2.51,1.49,0.0,0.0,0.0,0.4,0.0,-0.3,0.1,1.0,-64.0,0.0,0.0,64.0,0.0,22.6,26.200000000000003,26.200000000000003,26.6,300.0,300.0,29.0,33.0,26.200000000000003,25.4,27.3,4.95,2.0,4.96,0.16,0.0,0.0,1027.0,8228.0,0.0,0.0,0.0,0.0,0.0,1.0,0.0,0.0,0.0,0.0,0.0,0.6000000000000001,0.0,1.1,0.0,0.0001,16.0,25903.0
2026-07-21T18:12:15.986Z,8.27,974.472,0.0,0.0,0.0,0.0,2048.0,0.0,0.0,0.0,0.0,1.0,0.0,0.0,0.0,0.0,9.0,7.0,1.0,0.0,0.0,0.0,0.0,0.0,0.0,0.0,6.0,12.0,1.0,12.17,5.01,2.51,1.49,0.0,0.0,0.0,0.4,0.0,-0.3,0.1,-0.7000000000000001,-64.0,0.0,0.0,64.0,0.0,22.6,26.200000000000003,26.200000000000003,26.6,300.0,300.0,29.0,33.0,26.200000000000003,25.4,27.3,4.95,2.0,4.96,0.16,0.0,0.0,1027.0,8228.0,0.0,0.0,0.0,0.0,0.0,1.0,0.0,0.0,0.0,0.0,0.0,-0.5,0.0,-0.5,0.0,0.0,16.0,25903.0
2026-07-21T18:12:15.998Z,8.282,974.484,0.0,0.0,0.0,0.0,2048.0,0.0,0.0,0.0,0.0,1.0,0.0,0.0,0.0,0.0,9.0,7.0,1.0,0.0,0.0,0.0,0.0,0.0,0.0,0.0,2.0,12.0,1.0,12.17,5.01,2.51,1.49,0.0,0.0,0.0,0.4,0.0,-0.3,-1.0,-1.3,-64.0,0.0,0.0,64.0,0.0,22.6,26.200000000000003,26.200000000000003,26.6,300.0,300.0,29.0,33.0,26.200000000000003,25.4,27.3,4.95,2.0,4.97,0.16,0.0,0.0,1027.0,8228.0,0.0,0.0,0.0,0.0,0.0,1.0,0.0,0.0,0.0,0.0,0.0,-0.3,0.0,-2.3000000000000003,0.0,0.0,16.0,25903.0
2026-07-21T18:12:16.010Z,8.294,974.496,0.0,0.0,0.0,0.0,2048.0,0.0,0.0,0.0,0.0,1.0,0.0,0.0,0.0,0.0,9.0,7.0,1.0,0.0,0.0,0.0,0.0,0.0,0.0,0.0,3.0,12.0,1.0,12.17,5.01,2.51,1.49,0.0,0.0,0.0,0.4,0.0,0.2,-1.0,0.4,-64.0,0.0,0.0,64.0,0.0,22.6,26.200000000000003,26.200000000000003,26.6,300.0,300.0,29.0,33.0,26.200000000000003,25.4,27.3,4.95,2.01,4.97,0.16,0.0,0.0,1027.0,8228.0,0.0,0.0,0.0,0.0,0.0,1.0,0.0,0.0,0.0,0.0,0.0,0.7000000000000001,0.0,-0.6000000000000001,0.0,0.0,16.0,25903.0
2026-07-21T18:12:16.022Z,8.306,974.508,0.0,0.0,0.0,0.0,2048.0,0.0,0.0,0.0,0.0,1.0,0.0,0.0,0.0,0.0,9.0,7.0,1.0,0.0,0.0,0.0,0.0,0.0,0.0,0.0,4.0,12.0,1.0,12.17,5.01,2.51,1.49,0.0,0.0,0.0,0.4,0.0,0.2,0.7000000000000001,-1.3,-64.0,0.0,0.0,64.0,0.0,22.6,26.200000000000003,26.200000000000003,26.6,300.0,300.0,29.0,33.0,26.200000000000003,25.4,27.3,4.95,2.01,4.96,0.16,0.0,0.0,1027.0,8228.0,0.0,0.0,0.0,0.0,0.0,1.0,0.0,0.0,0.0,0.0,0.0,-1.2000000000000002,0.0,-0.5,0.0,0.0,16.0,25903.0
2026-07-21T18:12:16.034Z,8.318,974.52,0.0,0.0,0.0,0.0,2048.0,0.0,0.0,0.0,0.0,1.0,0.0,0.0,0.0,0.0,9.0,7.0,1.0,0.0,0.0,0.0,0.0,0.0,0.0,0.0,5.0,12.0,1.0,12.17,5.01,2.51,1.49,0.0,0.0,0.0,0.4,0.0,-0.9,1.3,0.9,-64.0,0.0,0.0,64.10000000000001,0.0,22.6,26.200000000000003,26.200000000000003,26.6,300.0,300.0,29.0,33.0,26.200000000000003,25.4,27.3,4.96,2.0,4.96,0.16,0.0,0.0,1027.0,8228.0,0.0,0.0,0.0,0.0,0.0,1.0,0.0,0.0,0.0,0.0,0.0,0.0,0.0,2.3000000000000003,0.0,0.0,16.0,25903.0
2026-07-21T18:12:16.046Z,8.33,974.532,0.0,0.0,0.0,0.0,2048.0,0.0,0.0,0.0,0.0,1.0,0.0,0.0,0.0,0.0,9.0,7.0,1.0,0.0,0.0,0.0,0.0,0.0,0.0,0.0,6.0,12.0,1.0,12.17,5.01,2.51,1.49,0.0,0.0,0.0,0.4,0.0,0.2,0.1,0.4,-64.0,0.0,0.0,64.0,0.0,22.6,26.200000000000003,26.200000000000003,26.6,300.0,300.0,29.0,33.0,26.200000000000003,25.4,27.3,4.95,2.0,4.97,0.16,0.0,0.0,1027.0,8228.0,0.0,0.0,0.0,0.0,0.0,1.0,0.0,0.0,0.0,0.0,0.0,0.0,0.0,-1.7000000000000002,0.0,0.0002,16.0,25903.0
2026-07-21T18:12:16.059Z,8.343,974.544,0.0,0.0,0.0,0.0,2048.0,0.0,0.0,0.0,0.0,1.0,0.0,0.0,0.0,0.0,9.0,7.0,1.0,0.0,0.0,0.0,0.0,0.0,0.0,0.0,1.0,12.0,1.0,12.18,5.0200000000000005,2.5,1.49,0.0,0.0,0.0,0.4,0.0,1.3,-1.0,-0.1,-64.0,0.0,0.0,64.0,0.0,22.3,26.200000000000003,26.200000000000003,26.6,300.0,300.0,28.9,33.0,26.200000000000003,25.4,27.3,4.96,2.0,4.96,0.16,0.0,0.0,1027.0,8228.0,0.0,0.0,0.0,0.0,0.0,1.0,0.0,0.0,0.0,0.0,0.0,0.1,0.0,-0.6000000000000001,0.0,0.0001,16.0,25903.0
2026-07-21T18:12:16.070Z,8.354,974.556,0.0,0.0,0.0,0.0,2048.0,0.0,0.0,0.0,0.0,1.0,0.0,0.0,0.0,0.0,9.0,7.0,1.0,0.0,0.0,0.0,0.0,0.0,0.0,0.0,2.0,12.0,1.0,12.18,5.0200000000000005,2.5,1.49,0.0,0.0,0.0,0.4,0.0,-0.3,1.2000000000000002,0.5,-64.0,0.0,0.0,64.0,0.0,22.3,26.200000000000003,26.200000000000003,26.6,300.0,300.0,28.9,33.0,26.200000000000003,25.4,27.3,4.96,2.01,4.96,0.16,0.0,0.0,1027.0,8228.0,0.0,0.0,0.0,0.0,0.0,1.0,0.0,0.0,0.0,0.0,0.0,-0.4,0.0,-0.5,0.0,0.0,16.0,25903.0
2026-07-21T18:12:16.082Z,8.366,974.568,0.0,0.0,0.0,0.0,2048.0,0.0,0.0,0.0,0.0,1.0,0.0,0.0,0.0,0.0,9.0,7.0,1.0,0.0,0.0,0.0,0.0,0.0,0.0,0.0,3.0,12.0,1.0,12.18,5.0200000000000005,2.5,1.49,0.0,0.0,0.0,0.4,0.0,0.7000000000000001,0.1,-0.6000000000000001,-64.0,0.0,0.0,64.0,0.0,22.3,26.200000000000003,26.200000000000003,26.6,300.0,300.0,28.9,33.0,26.200000000000003,25.4,27.3,4.95,2.0,4.96,0.16,0.0,0.0,1027.0,8228.0,0.0,0.0,0.0,0.0,0.0,1.0,0.0,0.0,0.0,0.0,0.0,0.2,0.0,0.6000000000000001,0.0,0.0,16.0,25903.0
2026-07-21T18:12:16.094Z,8.378,974.58,0.0,0.0,0.0,0.0,2048.0,0.0,0.0,0.0,0.0,1.0,0.0,0.0,0.0,0.0,9.0,7.0,1.0,0.0,0.0,0.0,0.0,0.0,0.0,0.0,4.0,12.0,1.0,12.18,5.0200000000000005,2.5,1.49,0.0,0.0,0.0,0.4,0.0,0.2,-1.0,1.1,-64.0,0.0,0.0,64.0,0.0,22.3,26.200000000000003,26.200000000000003,26.6,300.0,300.0,28.9,33.0,26.200000000000003,25.4,27.3,4.95,2.0,4.97,0.16,0.0,0.0,1027.0,8228.0,0.0,0.0,0.0,0.0,0.0,1.0,0.0,0.0,0.0,0.0,0.0,1.2000000000000002,0.0,0.0,0.0,0.0,16.0,25903.0
2026-07-21T18:12:16.106Z,8.39,974.592,0.0,0.0,0.0,0.0,2048.0,0.0,0.0,0.0,0.0,1.0,0.0,0.0,0.0,0.0,9.0,7.0,1.0,0.0,0.0,0.0,0.0,0.0,0.0,0.0,5.0,12.0,1.0,12.18,5.0200000000000005,2.5,1.49,0.0,0.0,0.0,0.4,0.0,-0.3,-1.0,-0.1,-64.0,0.0,0.0,64.0,0.0,22.3,26.200000000000003,26.200000000000003,26.6,300.0,300.0,28.9,33.0,26.200000000000003,25.4,27.3,4.96,2.0,4.96,0.16,0.0,0.0,1027.0,8228.0,0.0,0.0,0.0,0.0,0.0,1.0,0.0,0.0,0.0,0.0,0.0,0.4,0.0,-1.2000000000000002,0.0,0.0,16.0,25903.0
2026-07-21T18:12:16.118Z,8.402,974.604,0.0,0.0,0.0,0.0,2048.0,0.0,0.0,0.0,0.0,1.0,0.0,0.0,0.0,0.0,9.0,7.0,1.0,0.0,0.0,0.0,0.0,0.0,0.0,0.0,6.0,12.0,1.0,12.18,5.0200000000000005,2.5,1.49,0.0,0.1,0.0,0.4,0.0,-0.4,0.0,-1.3,-64.0,0.0,0.0,64.2,0.0,22.3,26.200000000000003,26.200000000000003,26.6,300.0,300.0,28.9,33.0,26.200000000000003,25.4,27.3,4.96,2.0,4.97,0.16,0.0,0.0,1027.0,8228.0,0.0,0.0,0.0,0.0,0.0,1.0,0.0,0.0,0.0,0.0,0.0,-0.8,0.0,-1.2000000000000002,0.0,0.0,16.0,25903.0
2026-07-21T18:12:16.130Z,8.414,974.616,0.0,0.0,0.0,0.0,2048.0,0.0,0.0,0.0,0.0,1.0,0.0,0.0,0.0,0.0,9.0,7.0,1.0,0.0,0.0,0.0,0.0,0.0,0.0,0.0,1.0,12.0,1.0,12.18,5.0200000000000005,2.5,1.49,0.0,0.0,0.0,0.4,0.0,0.1,-0.4,-0.7000000000000001,-64.0,0.0,0.0,64.0,0.0,22.3,26.200000000000003,26.200000000000003,26.6,300.0,300.0,28.9,33.0,26.200000000000003,25.4,27.3,4.95,2.0,4.97,0.16,0.0,0.0,1027.0,8228.0,0.0,0.0,0.0,0.0,0.0,1.0,0.0,0.0,0.0,0.0,0.0,-0.2,0.0,-1.2000000000000002,0.0,0.0004,16.0,25903.0
2026-07-21T18:12:16.143Z,8.427,974.628,0.0,0.0,0.0,0.0,2048.0,0.0,0.0,0.0,0.0,1.0,0.0,0.0,0.0,0.0,9.0,7.0,1.0,0.0,0.0,0.0,0.0,0.0,0.0,0.0,2.0,12.0,1.0,12.18,5.0200000000000005,2.5,1.49,0.0,0.0,0.0,0.4,0.0,-0.3,0.7000000000000001,-0.6000000000000001,-64.0,0.0,0.0,64.10000000000001,0.0,22.3,26.200000000000003,26.200000000000003,26.6,300.0,300.0,28.9,33.0,26.200000000000003,25.4,27.3,4.96,2.0,4.96,0.16,0.0,0.0,1027.0,8228.0,0.0,0.0,0.0,0.0,0.0,1.0,0.0,0.0,0.0,0.0,0.0,-0.8,0.0,0.0,0.0,0.0001,16.0,25903.0
2026-07-21T18:12:16.154Z,8.438,974.64,0.0,0.0,0.0,0.0,2048.0,0.0,0.0,0.0,0.0,1.0,0.0,0.0,0.0,0.0,9.0,7.0,1.0,0.0,0.0,0.0,0.0,0.0,0.0,0.0,3.0,12.0,1.0,12.18,5.0200000000000005,2.5,1.49,0.0,0.0,0.0,0.4,0.0,0.2,0.1,0.0,-64.0,0.0,0.0,64.0,0.0,22.3,26.200000000000003,26.200000000000003,26.6,300.0,300.0,28.9,33.0,26.200000000000003,25.4,27.3,4.95,2.0,4.96,0.16,0.0,0.0,1027.0,8228.0,0.0,0.0,0.0,0.0,0.0,1.0,0.0,0.0,0.0,0.0,0.0,-0.1,0.0,0.0,0.0,0.0,16.0,25903.0
2026-07-21T18:12:16.166Z,8.45,974.652,0.0,0.0,0.0,0.0,2048.0,0.0,0.0,0.0,0.0,1.0,0.0,0.0,0.0,0.0,9.0,7.0,1.0,0.0,0.0,0.0,0.0,0.0,0.0,0.0,4.0,12.0,1.0,12.15,5.0200000000000005,2.51,1.49,0.0,0.0,0.0,0.4,0.0,0.8,1.8,0.5,-64.0,0.0,0.0,64.0,0.0,22.700000000000003,26.200000000000003,26.200000000000003,26.6,300.0,300.0,29.0,33.0,26.200000000000003,25.4,27.3,4.95,2.0,4.97,0.16,0.0,0.0,1027.0,8228.0,0.0,0.0,0.0,0.0,0.0,1.0,0.0,0.0,0.0,0.0,0.0,-0.6000000000000001,0.0,2.4000000000000004,0.0,0.0002,16.0,25903.0
2026-07-21T18:12:16.178Z,8.462,974.664,0.0,0.0,0.0,0.0,2048.0,0.0,0.0,0.0,0.0,1.0,0.0,0.0,0.0,0.0,9.0,7.0,1.0,0.0,0.0,0.0,0.0,0.0,0.0,0.0,6.0,12.0,1.0,12.15,5.0200000000000005,2.51,1.49,0.0,0.0,0.0,0.5,0.0,0.2,0.1,0.0,-64.0,0.0,0.0,64.0,0.0,22.700000000000003,26.200000000000003,26.200000000000003,26.6,300.0,300.0,29.0,33.0,26.200000000000003,25.4,27.3,4.95,2.0,4.97,0.16,0.0,0.0,1027.0,8228.0,0.0,0.0,0.0,0.0,0.0,1.0,0.0,0.0,0.0,0.0,0.0,-0.1,0.0,0.1,0.0,0.0,16.0,25903.0
2026-07-21T18:12:16.190Z,8.474,974.676,0.0,0.0,0.0,0.0,2048.0,0.0,0.0,0.0,0.0,1.0,0.0,0.0,0.0,0.0,9.0,7.0,1.0,0.0,0.0,0.0,0.0,0.0,0.0,0.0,1.0,12.0,1.0,12.15,5.0200000000000005,2.51,1.49,0.0,0.0,0.0,0.4,0.0,0.2,-0.4,0.0,-64.0,0.0,0.0,64.0,0.0,22.700000000000003,26.200000000000003,26.200000000000003,26.6,300.0,300.0,29.0,33.0,26.200000000000003,25.4,27.3,4.96,2.0,4.96,0.16,0.0,0.0,1027.0,8228.0,0.0,0.0,0.0,0.0,0.0,1.0,0.0,0.0,0.0,0.0,0.0,0.1,0.0,-0.4,0.0,0.0,16.0,25903.0
2026-07-21T18:12:16.202Z,8.486,974.688,0.0,0.0,0.0,0.0,2048.0,0.0,0.0,0.0,0.0,1.0,0.0,0.0,0.0,0.0,9.0,7.0,1.0,0.0,0.0,0.0,0.0,0.0,0.0,0.0,2.0,12.0,1.0,12.15,5.0200000000000005,2.51,1.49,-0.1,0.0,0.0,0.4,0.0,-0.3,0.1,0.0,-64.0,0.0,0.0,64.0,0.0,22.700000000000003,26.200000000000003,26.200000000000003,26.6,300.0,300.0,29.0,33.0,26.200000000000003,25.4,27.3,4.95,2.0,4.96,0.16,0.0,0.0,1027.0,8228.0,0.0,0.0,0.0,0.0,0.0,1.0,0.0,0.0,0.0,0.0,0.0,0.0,0.0,0.2,0.0,0.0,16.0,25903.0
2026-07-21T18:12:16.214Z,8.498,974.7,0.0,0.0,0.0,0.0,2048.0,0.0,0.0,0.0,0.0,1.0,0.0,0.0,0.0,0.0,9.0,7.0,1.0,0.0,0.0,0.0,0.0,0.0,0.0,0.0,3.0,12.0,1.0,12.15,5.0200000000000005,2.51,1.49,0.0,0.0,0.0,0.4,0.0,0.2,0.7000000000000001,1.1,-64.0,0.0,0.0,64.0,0.0,22.700000000000003,26.200000000000003,26.200000000000003,26.6,300.0,300.0,29.0,33.0,26.200000000000003,25.4,27.3,4.95,2.0,4.96,0.16,0.0,0.0,1027.0,8228.0,0.0,0.0,0.0,0.0,0.0,1.0,0.0,0.0,0.0,0.0,0.0,0.3,0.0,1.9,0.0,0.0,16.0,25903.0
2026-07-21T18:12:16.226Z,8.51,974.712,0.0,0.0,0.0,0.0,2048.0,0.0,0.0,0.0,0.0,0.0,0.0,0.0,0.0,0.0,9.0,7.0,1.0,0.0,0.0,0.0,0.0,0.0,0.0,0.0,4.0,12.0,1.0,12.15,5.0200000000000005,2.51,1.49,0.0,0.0,0.0,0.4,0.0,0.2,2.5,0.5,-64.0,0.0,0.0,64.0,0.0,22.700000000000003,26.200000000000003,26.200000000000003,26.6,300.0,300.0,29.0,33.0,26.200000000000003,25.4,27.3,4.96,2.01,4.96,0.16,0.0,0.0,1027.0,8228.0,0.0,0.0,0.0,0.0,0.0,1.0,0.0,0.0,0.0,0.0,0.0,-0.9,0.0,3.2,0.0,0.0001,16.0,25903.0
2026-07-21T18:12:16.238Z,8.522,974.724,0.0,0.0,0.0,0.0,2048.0,0.0,0.0,0.0,0.0,0.0,0.0,0.0,0.0,0.0,9.0,7.0,1.0,0.0,0.0,0.0,0.0,0.0,0.0,0.0,5.0,12.0,1.0,12.15,5.0200000000000005,2.51,1.49,0.0,0.0,0.0,0.4,0.0,0.8,-0.4,0.0,-64.0,0.0,0.0,64.10000000000001,0.0,22.700000000000003,26.200000000000003,26.200000000000003,26.6,300.0,300.0,29.0,33.0,26.200000000000003,25.4,27.3,4.95,2.01,4.96,0.16,0.0,0.0,1027.0,8228.0,0.0,0.0,0.0,0.0,0.0,1.0,0.0,0.0,0.0,0.0,0.0,0.1,0.0,-0.4,0.0,0.0001,16.0,25903.0
2026-07-21T18:12:16.250Z,8.534,974.736,0.0,0.0,0.0,0.0,2048.0,0.0,0.0,0.0,0.0,0.0,0.0,0.0,0.0,0.0,9.0,7.0,1.0,0.0,0.0,0.0,0.0,0.0,0.0,0.0,1.0,12.0,1.0,12.15,5.0200000000000005,2.51,1.49,0.0,0.0,0.0,0.4,0.0,-0.8,-1.0,-1.1,-64.0,0.0,0.0,64.0,0.0,22.700000000000003,26.200000000000003,26.200000000000003,26.6,300.0,300.0,29.0,33.0,26.200000000000003,25.4,27.3,4.95,2.0,4.97,0.16,0.0,0.0,1027.0,8228.0,0.0,0.0,0.0,0.0,0.0,1.0,0.0,0.0,0.0,0.0,0.0,-0.2,0.0,-2.1,0.0,0.0002,16.0,25903.0
2026-07-21T18:12:16.263Z,8.547,974.748,0.0,0.0,0.0,0.0,2048.0,0.0,0.0,0.0,0.0,0.0,0.0,0.0,0.0,0.0,9.0,7.0,1.0,0.0,0.0,0.0,0.0,0.0,0.0,0.0,1.0,12.0,1.0,12.17,5.01,2.51,1.49,0.0,0.0,0.0,0.4,0.0,0.8,-0.4,0.5,-64.0,0.0,0.0,64.0,0.0,22.700000000000003,26.200000000000003,26.200000000000003,26.6,300.0,300.0,28.9,33.0,26.200000000000003,25.4,27.3,4.95,2.0,4.96,0.16,0.0,0.0,1027.0,8228.0,0.0,0.0,0.0,0.0,0.0,1.0,0.0,0.0,0.0,0.0,0.0,0.6000000000000001,0.0,0.1,0.0,0.0002,16.0,25903.0
2026-07-21T18:12:16.274Z,8.558,974.76,0.0,0.0,0.0,0.0,2048.0,0.0,0.0,0.0,0.0,0.0,0.0,0.0,0.0,0.0,9.0,7.0,1.0,0.0,0.0,0.0,0.0,0.0,0.0,0.0,3.0,12.0,1.0,12.17,5.01,2.51,1.49,0.0,0.0,0.0,0.4,0.0,0.8,0.7000000000000001,0.5,-64.0,0.0,0.0,64.0,0.0,22.700000000000003,26.200000000000003,26.200000000000003,26.6,300.0,300.0,28.9,33.0,26.200000000000003,25.4,27.3,4.96,2.0,4.96,0.16,0.0,0.0,1027.0,8228.0,0.0,0.0,0.0,0.0,0.0,1.0,0.0,0.0,0.0,0.0,0.0,0.0,0.0,1.3,0.0,0.0,16.0,25903.0
2026-07-21T18:12:16.286Z,8.57,974.772,0.0,0.0,0.0,0.0,2048.0,0.0,0.0,0.0,0.0,0.0,0.0,0.0,0.0,0.0,9.0,7.0,1.0,0.0,0.0,0.0,0.0,0.0,0.0,0.0,3.0,12.0,1.0,12.17,5.01,2.51,1.49,0.0,0.0,0.0,0.4,0.0,-0.2,0.7000000000000001,0.5,-64.0,0.0,0.0,64.0,0.0,22.700000000000003,26.200000000000003,26.200000000000003,26.6,300.0,300.0,28.9,33.0,26.200000000000003,25.4,27.3,4.95,2.0,4.97,0.16,0.0,0.0,1027.0,8228.0,0.0,0.0,0.0,0.0,0.0,1.0,0.0,0.0,0.0,0.0,0.0,0.0,0.0,1.3,0.0,0.0,16.0,25903.0
2026-07-21T18:12:16.298Z,8.582,974.784,0.0,0.0,0.0,0.0,2048.0,0.0,0.0,0.0,0.0,0.0,0.0,0.0,0.0,0.0,9.0,7.0,1.0,0.0,0.0,0.0,0.0,0.0,0.0,0.0,4.0,12.0,1.0,12.17,5.01,2.51,1.49,0.0,0.0,0.0,0.4,0.0,-0.2,0.1,-1.1,-64.0,0.0,0.0,64.0,0.0,22.700000000000003,26.200000000000003,26.200000000000003,26.6,300.0,300.0,28.9,33.0,26.200000000000003,25.4,27.3,4.96,2.01,4.97,0.16,0.0,0.0,1027.0,8228.0,0.0,0.0,0.0,0.0,0.0,1.0,0.0,0.0,0.0,0.0,0.0,-0.8,0.0,-0.9,0.0,0.0,16.0,25903.0
2026-07-21T18:12:16.310Z,8.594,974.796,0.0,0.0,0.0,0.0,2048.0,0.0,0.0,0.0,0.0,0.0,0.0,0.0,0.0,0.0,9.0,7.0,1.0,0.0,0.0,0.0,0.0,0.0,0.0,0.0,5.0,12.0,1.0,12.17,5.01,2.51,1.49,0.0,0.0,0.0,0.4,0.0,-0.2,0.7000000000000001,-1.1,-64.0,0.0,0.0,64.0,0.0,22.700000000000003,26.200000000000003,26.200000000000003,26.6,300.0,300.0,28.9,33.0,26.200000000000003,25.4,27.3,4.96,2.0,4.96,0.16,0.0,0.0,1027.0,8228.0,0.0,0.0,0.0,0.0,0.0,1.0,0.0,0.0,0.0,0.0,0.0,-1.1,0.0,-0.3,0.0,0.0,16.0,25903.0
2026-07-21T18:12:16.322Z,8.606,974.808,0.0,0.0,0.0,0.0,2048.0,0.0,0.0,0.0,0.0,0.0,0.0,0.0,0.0,0.0,9.0,7.0,1.0,0.0,0.0,0.0,0.0,0.0,0.0,0.0,1.0,12.0,1.0,12.17,5.01,2.51,1.49,0.0,0.0,0.0,0.4,0.0,0.3,0.2,1.7000000000000002,-64.0,0.0,0.0,64.10000000000001,0.0,22.700000000000003,26.200000000000003,26.200000000000003,26.6,300.0,300.0,28.9,33.0,26.200000000000003,25.4,27.3,4.95,2.0,4.96,0.16,0.0,0.0,1027.0,8228.0,0.0,0.0,0.0,0.0,0.0,1.0,0.0,0.0,0.0,0.0,0.0,1.0,0.0,1.9,0.0,0.0,16.0,25903.0
2026-07-21T18:12:16.334Z,8.618,974.82,0.0,0.0,0.0,0.0,2048.0,0.0,0.0,0.0,0.0,0.0,0.0,0.0,0.0,0.0,9.0,7.0,1.0,0.0,0.0,0.0,0.0,0.0,0.0,0.0,2.0,12.0,1.0,12.17,5.01,2.51,1.49,0.0,0.0,0.0,0.4,0.0,-0.2,-0.3,0.0,-64.0,0.0,0.0,64.10000000000001,0.0,22.700000000000003,26.200000000000003,26.200000000000003,26.6,300.0,300.0,28.9,33.0,26.200000000000003,25.4,27.3,4.95,2.0,4.96,0.16,0.0,0.0,1027.0,8228.0,0.0,0.0,0.0,0.0,0.0,1.0,0.0,0.0,0.0,0.0,0.0,0.2,0.0,-0.2,0.0,0.0002,16.0,25903.0
2026-07-21T18:12:16.346Z,8.63,974.832,0.0,0.0,0.0,0.0,2048.0,0.0,0.0,0.0,0.0,0.0,0.0,0.0,0.0,0.0,9.0,7.0,1.0,0.0,0.0,0.0,0.0,0.0,0.0,0.0,3.0,12.0,1.0,12.17,5.01,2.51,1.49,0.0,0.0,0.0,0.4,0.0,-0.2,-0.9,0.0,-64.0,0.0,0.0,64.0,0.0,22.700000000000003,26.200000000000003,26.200000000000003,26.6,300.0,300.0,28.9,33.0,26.200000000000003,25.4,27.3,4.96,2.0,4.96,0.16,0.0,0.0,1027.0,8228.0,0.0,0.0,0.0,0.0,0.0,1.0,0.0,0.0,0.0,0.0,0.0,0.4,0.0,-0.9,0.0,0.0002,16.0,25903.0
2026-07-21T18:12:16.358Z,8.642,974.844,0.0,0.0,0.0,0.0,2048.0,0.0,0.0,0.0,0.0,0.0,0.0,0.0,0.0,0.0,9.0,7.0,1.0,0.0,0.0,0.0,0.0,0.0,0.0,0.0,5.0,12.0,1.0,12.17,5.01,2.51,1.49,0.0,0.0,0.0,0.5,0.0,0.9,0.2,0.5,-64.0,0.0,0.0,64.0,0.0,22.700000000000003,26.200000000000003,26.200000000000003,26.6,300.0,300.0,28.9,33.0,26.200000000000003,25.4,27.3,4.96,2.0,4.97,0.16,0.0,0.0,1027.0,8228.0,0.0,0.0,0.0,0.0,0.0,1.0,0.0,0.0,0.0,0.0,0.0,0.2,0.0,0.7000000000000001,0.0,0.0001,16.0,25903.0
2026-07-21T18:12:16.371Z,8.655,974.856,0.0,0.0,0.0,0.0,2048.0,0.0,0.0,0.0,0.0,0.0,0.0,0.0,0.0,0.0,9.0,7.0,1.0,0.0,0.0,0.0,0.0,0.0,0.0,0.0,6.0,12.0,1.0,12.11,5.01,2.5,1.49,0.0,0.0,0.0,0.5,0.0,0.3,0.1,0.0,-64.0,0.0,0.0,64.0,0.0,22.4,26.200000000000003,26.200000000000003,26.6,300.0,300.0,29.0,33.1,26.200000000000003,25.4,27.3,4.95,2.0,4.97,0.16,0.0,0.0,1027.0,8228.0,0.0,0.0,0.0,0.0,0.0,1.0,0.0,0.0,0.0,0.0,0.0,-0.1,0.0,0.1,0.0,0.0,16.0,25903.0
2026-07-21T18:12:16.383Z,8.667,974.868,0.0,0.0,0.0,0.0,2048.0,0.0,0.0,0.0,0.0,0.0,0.0,0.0,0.0,0.0,9.0,7.0,1.0,0.0,0.0,0.0,0.0,0.0,0.0,0.0,1.0,12.0,1.0,12.11,5.01,2.5,1.49,0.0,0.0,0.0,0.4,0.0,0.3,0.1,-0.1,-64.0,0.0,0.0,64.0,0.0,22.4,26.200000000000003,26.200000000000003,26.6,300.0,300.0,29.0,33.1,26.200000000000003,25.4,27.3,4.96,2.0,4.96,0.16,0.0,0.0,1027.0,8228.0,0.0,0.0,0.0,0.0,0.0,1.0,0.0,0.0,0.0,0.0,0.0,-0.1,0.0,0.0,0.0,0.0,16.0,25903.0
2026-07-21T18:12:16.394Z,8.678,974.88,0.0,0.0,0.0,0.0,2048.0,0.0,0.0,0.0,0.0,0.0,0.0,0.0,0.0,0.0,9.0,7.0,1.0,0.0,0.0,0.0,0.0,0.0,0.0,0.0,2.0,12.0,1.0,12.11,5.01,2.5,1.49,0.0,0.0,0.0,0.4,0.0,0.3,0.1,0.5,-64.0,0.0,0.0,64.0,0.0,22.4,26.200000000000003,26.200000000000003,26.6,300.0,300.0,29.0,33.1,26.200000000000003,25.4,27.3,4.95,2.01,4.96,0.16,0.0,0.0,1027.0,8228.0,0.0,0.0,0.0,0.0,0.0,1.0,0.0,0.0,0.0,0.0,0.0,0.2,0.0,0.7000000000000001,0.0,0.0,16.0,25903.0
2026-07-21T18:12:16.406Z,8.69,974.892,0.0,0.0,0.0,0.0,2048.0,0.0,0.0,0.0,0.0,0.0,0.0,0.0,0.0,0.0,9.0,7.0,1.0,0.0,0.0,0.0,0.0,0.0,0.0,0.0,3.0,12.0,1.0,12.11,5.01,2.5,1.49,0.0,0.0,0.0,0.4,0.0,-0.2,0.7000000000000001,0.5,-64.0,0.0,0.0,64.0,0.0,22.4,26.200000000000003,26.200000000000003,26.6,300.0,300.0,29.0,33.1,26.200000000000003,25.4,27.3,4.95,2.0,4.97,0.16,0.0,0.0,1027.0,8228.0,0.0,0.0,0.0,0.0,0.0,1.0,0.0,0.0,0.0,0.0,0.0,0.0,0.0,1.3,0.0,0.0001,16.0,25903.0
2026-07-21T18:12:16.418Z,8.702,974.904,0.0,0.0,0.0,0.0,2048.0,0.0,0.0,0.0,0.0,0.0,0.0,0.0,0.0,0.0,9.0,7.0,1.0,0.0,0.0,0.0,0.0,0.0,0.0,0.0,4.0,12.0,1.0,12.11,5.01,2.5,1.49,0.0,0.0,0.0,0.4,0.0,0.2,0.1,-1.1,-64.0,0.0,0.0,64.10000000000001,0.0,22.4,26.200000000000003,26.200000000000003,26.6,300.0,300.0,29.0,33.1,26.200000000000003,25.4,27.3,4.95,2.0,4.97,0.16,0.0,0.0,1027.0,8228.0,0.0,0.0,0.0,0.0,0.0,1.0,0.0,0.0,0.0,0.0,0.0,-0.8,0.0,-0.9,0.0,0.0001,16.0,25903.0
2026-07-21T18:12:16.430Z,8.714,974.916,0.0,0.0,0.0,0.0,2048.0,0.0,0.0,0.0,0.0,0.0,0.0,0.0,0.0,0.0,9.0,7.0,1.0,0.0,0.0,0.0,0.0,0.0,0.0,0.0,5.0,12.0,1.0,12.11,5.01,2.5,1.49,0.0,0.0,0.0,0.4,0.0,0.8,1.3,1.7000000000000002,-64.0,0.0,0.0,64.0,0.0,22.4,26.200000000000003,26.200000000000003,26.6,300.0,300.0,29.0,33.1,26.200000000000003,25.4,27.3,4.96,2.0,4.96,0.16,0.0,0.0,1027.0,8228.0,0.0,0.0,0.0,0.0,0.0,1.0,0.0,0.0,0.0,0.0,0.0,0.4,0.0,3.1,0.0,0.0001,16.0,25903.0
2026-07-21T18:12:16.442Z,8.726,974.928,0.0,0.0,0.0,0.0,2048.0,0.0,0.0,0.0,0.0,0.0,0.0,0.0,0.0,0.0,9.0,7.0,1.0,0.0,0.0,0.0,0.0,0.0,0.0,0.0,6.0,12.0,1.0,12.11,5.01,2.5,1.49,0.0,0.0,0.0,0.4,0.0,0.2,0.1,0.0,-64.0,0.0,0.0,64.0,0.0,22.4,26.200000000000003,26.200000000000003,26.6,300.0,300.0,29.0,33.1,26.200000000000003,25.4,27.3,4.95,2.0,4.97,0.16,0.0,0.0,1027.0,8228.0,0.0,0.0,0.0,0.0,0.0,1.0,0.0,0.0,0.0,0.0,0.0,-0.1,0.0,0.1,0.0,0.0,16.0,25903.0
2026-07-21T18:12:16.454Z,8.738,974.94,0.0,0.0,0.0,0.0,2048.0,0.0,0.0,0.0,0.0,0.0,0.0,0.0,0.0,0.0,9.0,7.0,1.0,0.0,0.0,0.0,0.0,0.0,0.0,0.0,1.0,12.0,1.0,12.11,5.01,2.5,1.49,0.0,0.0,0.0,0.4,0.0,0.1,0.1,-0.6000000000000001,-64.0,0.0,0.0,64.0,0.0,22.4,26.200000000000003,26.200000000000003,26.6,300.0,300.0,29.0,33.1,26.200000000000003,25.4,27.3,4.95,2.0,4.96,0.16,0.0,0.0,1027.0,8228.0,0.0,0.0,0.0,0.0,0.0,1.0,0.0,0.0,0.0,0.0,0.0,-0.4,0.0,-0.4,0.0,0.0002,16.0,25903.0
2026-07-21T18:12:16.467Z,8.751,974.952,0.0,0.0,0.0,0.0,2048.0,0.0,0.0,0.0,0.0,0.0,0.0,0.0,0.0,0.0,9.0,7.0,1.0,0.0,0.0,0.0,0.0,0.0,0.0,0.0,2.0,12.0,1.0,12.18,5.01,2.51,1.49,0.0,0.0,0.0,0.4,0.0,0.7000000000000001,0.7000000000000001,1.7000000000000002,-64.0,0.0,0.0,64.0,0.0,22.8,26.200000000000003,26.200000000000003,26.6,300.0,300.0,29.0,33.0,26.200000000000003,25.4,27.3,4.96,2.01,4.96,0.16,0.0,0.0,1027.0,8228.0,0.0,0.0,0.0,0.0,0.0,1.0,0.0,0.0,0.0,0.0,0.0,0.7000000000000001,0.0,2.4000000000000004,0.0,0.0,16.0,25903.0
2026-07-21T18:12:16.478Z,8.762,974.964,0.0,0.0,0.0,0.0,2048.0,0.0,0.0,0.0,0.0,0.0,0.0,0.0,0.0,0.0,9.0,7.0,1.0,0.0,0.0,0.0,0.0,0.0,0.0,0.0,3.0,12.0,1.0,12.18,5.01,2.51,1.49,0.0,0.0,0.0,0.4,0.0,0.2,-0.4,0.0,-64.0,0.0,0.0,64.0,0.0,22.8,26.200000000000003,26.200000000000003,26.6,300.0,300.0,29.0,33.0,26.200000000000003,25.4,27.3,4.95,2.01,4.96,0.16,0.0,0.0,1027.0,8228.0,0.0,0.0,0.0,0.0,0.0,1.0,0.0,0.0,0.0,0.0,0.0,0.1,0.0,-0.4,0.0,0.0,16.0,25903.0
2026-07-21T18:12:16.490Z,8.774,974.976,0.0,0.0,0.0,0.0,2048.0,0.0,0.0,0.0,0.0,0.0,0.0,0.0,0.0,0.0,9.0,7.0,1.0,0.0,0.0,0.0,0.0,0.0,0.0,0.0,5.0,12.0,1.0,12.18,5.01,2.51,1.49,0.0,0.0,0.0,0.4,0.0,0.2,-0.4,-0.5,-64.0,0.0,0.0,64.0,0.0,22.8,26.200000000000003,26.200000000000003,26.6,300.0,300.0,29.0,33.0,26.200000000000003,25.4,27.3,4.95,2.0,4.97,0.16,0.0,0.0,1027.0,8228.0,0.0,0.0,0.0,0.0,0.0,1.0,0.0,0.0,0.0,0.0,0.0,-0.1,0.0,-0.9,0.0,0.0,16.0,25903.0
2026-07-21T18:12:16.502Z,8.786,974.988,0.0,0.0,0.0,0.0,2048.0,0.0,0.0,0.0,0.0,0.0,0.0,0.0,0.0,0.0,9.0,7.0,1.0,0.0,0.0,0.0,0.0,0.0,0.0,0.0,6.0,12.0,1.0,12.18,5.01,2.51,1.49,0.0,0.0,0.0,0.4,0.0,0.2,1.3,0.0,-64.0,0.0,0.0,64.0,0.0,22.8,26.200000000000003,26.200000000000003,26.6,300.0,300.0,29.0,33.0,26.200000000000003,25.4,27.3,4.95,2.01,4.96,0.16,0.0,0.0,1027.0,8228.0,0.0,0.0,0.0,0.0,0.0,1.0,0.0,0.0,0.0,0.0,0.0,-0.6000000000000001,0.0,1.5,0.0,0.0,16.0,25903.0
2026-07-21T18:12:16.514Z,8.798,975.0,0.0,0.0,0.0,0.0,2048.0,0.0,0.0,0.0,0.0,0.0,0.0,0.0,0.0,0.0,9.0,7.0,1.0,0.0,0.0,0.0,0.0,0.0,0.0,0.0,6.0,12.0,1.0,12.18,5.01,2.51,1.49,0.0,0.0,0.0,0.4,0.0,-0.2,0.2,0.0,-64.0,0.0,0.0,64.0,0.0,22.8,26.200000000000003,26.200000000000003,26.6,300.0,300.0,29.0,33.0,26.200000000000003,25.4,27.3,4.96,2.0,4.96,0.16,0.0,0.0,1027.0,8228.0,0.0,0.0,0.0,0.0,0.0,1.0,0.0,0.0,0.0,0.0,0.0,0.0,0.0,0.3,0.0,0.0,16.0,25903.0
2026-07-21T18:12:16.526Z,8.81,975.012,0.0,0.0,0.0,0.0,2048.0,0.0,0.0,0.0,0.0,0.0,0.0,0.0,0.0,0.0,9.0,7.0,1.0,0.0,0.0,0.0,0.0,0.0,0.0,0.0,2.0,12.0,1.0,12.18,5.01,2.51,1.49,0.0,0.0,0.0,0.4,0.0,-0.8,-0.9,0.6000000000000001,-64.0,0.0,0.0,64.10000000000001,0.0,22.8,26.200000000000003,26.200000000000003,26.6,300.0,300.0,29.0,33.0,26.200000000000003,25.4,27.3,4.95,2.0,4.97,0.16,0.0,0.0,1027.0,8228.0,0.0,0.0,0.0,0.0,0.0,1.0,0.0,0.0,0.0,0.0,0.0,0.8,0.0,-0.3,0.0,0.0,16.0,25903.0
2026-07-21T18:12:16.538Z,8.822,975.024,0.0,0.0,0.0,0.0,2048.0,0.0,0.0,0.0,0.0,0.0,0.0,0.0,0.0,0.0,9.0,7.0,1.0,0.0,0.0,0.0,0.0,0.0,0.0,0.0,2.0,12.0,1.0,12.18,5.01,2.51,1.49,0.0,0.0,0.0,0.4,0.0,-0.2,-1.5,-1.6,-64.0,0.0,0.0,64.0,0.0,22.8,26.200000000000003,26.200000000000003,26.6,300.0,300.0,29.0,33.0,26.200000000000003,25.4,27.3,4.96,2.0,4.97,0.16,0.0,0.0,1027.0,8228.0,0.0,0.0,0.0,0.0,0.0,1.0,0.0,0.0,0.0,0.0,0.0,-0.3,0.0,-3.1,0.0,0.0003,16.0,25903.0
2026-07-21T18:12:16.551Z,8.835,975.036,0.0,0.0,0.0,0.0,2048.0,0.0,0.0,0.0,0.0,0.0,0.0,0.0,0.0,0.0,9.0,7.0,1.0,0.0,0.0,0.0,0.0,0.0,0.0,0.0,2.0,12.0,1.0,12.18,5.01,2.51,1.49,0.0,0.0,0.0,0.4,0.0,-0.3,-0.3,0.1,-64.0,0.0,0.0,64.0,0.0,22.8,26.200000000000003,26.200000000000003,26.6,300.0,300.0,29.0,33.0,26.200000000000003,25.4,27.3,4.96,2.0,4.96,0.16,0.0,0.0,1027.0,8228.0,0.0,0.0,0.0,0.0,0.0,1.0,0.0,0.0,0.0,0.0,0.0,0.2,0.0,-0.2,0.0,0.0002,16.0,25903.0
2026-07-21T18:12:16.563Z,8.847,975.048,0.0,0.0,0.0,0.0,2048.0,0.0,0.0,0.0,0.0,0.0,0.0,0.0,0.0,0.0,9.0,7.0,1.0,0.0,0.0,0.0,0.0,0.0,0.0,0.0,3.0,12.0,1.0,12.18,5.01,2.51,1.49,0.0,0.0,0.0,0.4,0.0,-0.9,0.8,0.0,-64.0,0.0,0.0,64.0,0.0,22.8,26.200000000000003,26.200000000000003,26.6,300.0,300.0,29.0,33.0,26.200000000000003,25.4,27.3,4.95,2.0,4.96,0.16,0.0,0.0,1027.0,8228.0,0.0,0.0,0.0,0.0,0.0,1.0,0.0,0.0,0.0,0.0,0.0,0.3,0.0,2.0,0.0,0.0,16.0,25903.0
2026-07-21T18:12:16.574Z,8.858,975.06,0.1,0.0,0.0,0.0,2048.0,0.0,0.0,0.0,0.0,0.0,0.0,0.0,0.0,0.0,9.0,7.0,1.0,0.0,0.0,0.0,0.0,0.0,0.0,0.0,5.0,12.0,1.0,12.17,5.0200000000000005,2.51,1.49,0.0,0.1,0.0,0.4,0.0,0.2,-0.9,-1.0,-64.0,0.0,0.0,64.0,0.0,22.4,26.200000000000003,26.200000000000003,26.6,300.0,300.0,29.1,33.1,26.200000000000003,25.4,27.3,4.95,2.0,4.97,0.16,0.0,0.0,1027.0,8228.0,0.0,0.0,0.0,0.0,0.0,1.0,0.0,0.0,0.0,0.0,0.0,1.1,0.0,3.2,0.0,0.0,16.0,25903.0
2026-07-21T18:12:16.586Z,8.87,975.072,0.1,0.0,0.0,0.0,2048.0,0.0,0.0,0.0,0.0,0.0,0.0,0.0,0.0,0.0,9.0,7.0,1.0,0.0,0.0,0.0,0.0,0.0,0.0,0.0,6.0,12.0,1.0,12.17,5.0200000000000005,2.51,1.49,0.0,0.0,0.0,0.4,0.0,-0.9,-0.3,0.6000000000000001,-64.0,0.0,0.0,64.0,0.0,22.4,26.200000000000003,26.200000000000003,26.6,300.0,300.0,29.1,33.1,26.200000000000003,25.4,27.3,4.96,2.01,4.96,0.16,0.0,0.0,1027.0,8228.0,0.0,0.0,0.0,0.0,0.0,1.0,0.0,0.0,0.0,0.0,0.0,0.0,0.0,0.3,0.0,0.0,16.0,25903.0
2026-07-21T18:12:16.598Z,8.882,975.084,0.1,0.0,0.0,0.0,2048.0,0.0,0.0,0.0,0.0,0.0,0.0,0.0,0.0,0.0,9.0,7.0,1.0,0.0,0.0,0.0,0.0,0.0,0.0,0.0,1.0,12.0,1.0,12.17,5.0200000000000005,2.51,1.49,0.0,0.0,0.0,0.4,0.0,0.7000000000000001,0.8,1.2000000000000002,-64.0,0.0,0.0,64.0,0.0,22.4,26.200000000000003,26.200000000000003,26.6,300.0,300.0,29.1,33.1,26.200000000000003,25.4,27.3,4.96,2.0,4.96,0.16,0.0,0.0,1027.0,8228.0,0.0,0.0,0.0,0.0,0.0,1.0,0.0,0.0,0.0,0.0,0.0,0.3,0.0,2.0,0.0,0.0,16.0,25903.0
2026-07-21T18:12:16.610Z,8.894,975.096,0.1,0.0,0.0,0.0,2048.0,0.0,0.0,0.0,0.0,0.0,0.0,0.0,0.0,0.0,9.0,7.0,1.0,0.0,0.0,0.0,0.0,0.0,0.0,0.0,3.0,12.0,1.0,12.17,5.0200000000000005,2.51,1.49,0.0,0.0,0.0,0.4,0.0,-0.3,0.1,0.0,-64.0,0.0,0.0,64.0,0.0,22.4,26.200000000000003,26.200000000000003,26.6,300.0,300.0,29.1,33.1,26.200000000000003,25.4,27.3,4.95,2.01,4.96,0.16,0.0,0.0,1027.0,8228.0,0.0,0.0,0.0,0.0,0.0,1.0,0.0,0.0,0.0,0.0,0.0,-0.1,0.0,0.1,0.0,0.0,16.0,25903.0
2026-07-21T18:12:16.622Z,8.906,975.108,0.1,0.0,0.0,0.0,2048.0,0.0,0.0,0.0,0.0,0.0,0.0,0.0,0.0,0.0,9.0,7.0,1.0,0.0,0.0,0.0,0.0,0.0,0.0,0.0,4.0,12.0,1.0,12.17,5.0200000000000005,2.51,1.49,0.0,0.0,0.0,0.4,0.0,0.8,-0.9,-0.6000000000000001,-64.0,0.0,0.0,64.2,0.0,22.4,26.200000000000003,26.200000000000003,26.6,300.0,300.0,29.1,33.1,26.200000000000003,25.4,27.3,4.96,2.01,4.96,0.16,0.0,0.0,1027.0,8228.0,0.0,0.0,0.0,0.0,0.0,1.0,0.0,0.0,0.0,0.0,0.0,0.0,0.0,-1.6,0.0,0.0,16.0,25903.0
2026-07-21T18:12:16.634Z,8.918,975.12,0.1,0.0,0.0,0.0,2048.0,0.0,0.0,0.0,0.0,0.0,0.0,0.0,0.0,0.0,9.0,7.0,1.0,0.0,0.0,0.0,0.0,0.0,0.0,0.0,5.0,12.0,1.0,12.17,5.0200000000000005,2.51,1.49,0.0,0.0,0.0,0.4,0.0,0.2,-1.0,-1.2000000000000002,-64.0,0.0,0.0,64.2,0.0,22.4,26.200000000000003,26.200000000000003,26.6,300.0,300.0,29.1,33.1,26.200000000000003,25.4,27.3,4.95,2.0,4.96,0.16,0.0,0.0,1027.0,8228.0,0.0,0.0,0.0,0.0,0.0,1.0,0.0,0.0,0.0,0.0,0.0,-0.2,0.0,-2.3000000000000003,0.0,0.0003,16.0,25903.0
2026-07-21T18:12:16.646Z,8.93,975.132,0.1,0.0,0.0,0.0,2048.0,0.0,0.0,0.0,0.0,0.0,0.0,0.0,0.0,0.0,9.0,7.0,1.0,0.0,0.0,0.0,0.0,0.0,0.0,0.0,1.0,12.0,1.0,12.17,5.0200000000000005,2.51,1.49,0.0,0.0,0.0,0.4,0.0,0.8,-0.4,-0.6000000000000001,-64.0,0.0,0.0,64.0,0.0,22.4,26.200000000000003,26.200000000000003,26.6,300.0,300.0,29.1,33.1,26.200000000000003,25.4,27.3,4.95,2.0,4.96,0.16,0.0,0.0,1027.0,8228.0,0.0,0.0,0.0,0.0,0.0,1.0,0.0,0.0,0.0,0.0,0.0,-0.2,0.0,-1.1,0.0,0.0001,16.0,25903.0
2026-07-21T18:12:16.658Z,8.942,975.144,0.0,0.0,0.0,0.0,2048.0,0.0,0.0,0.0,0.0,0.0,0.0,0.0,0.0,0.0,9.0,7.0,1.0,0.0,0.0,0.0,0.0,0.0,0.0,0.0,2.0,12.0,1.0,12.17,5.0200000000000005,2.51,1.49,0.0,0.0,0.0,0.4,0.0,0.2,0.7000000000000001,1.6,-64.0,0.0,0.0,64.0,0.0,22.4,26.200000000000003,26.200000000000003,26.6,300.0,300.0,29.1,33.1,26.200000000000003,25.4,27.3,4.95,2.0,4.96,0.16,0.0,0.0,1027.0,8228.0,0.0,0.0,0.0,0.0,0.0,1.0,0.0,0.0,0.0,0.0,0.0,0.6000000000000001,0.0,2.2,0.0,0.0002,16.0,25903.0
2026-07-21T18:12:16.671Z,8.955,975.156,0.0,0.0,0.0,0.0,2048.0,0.0,0.0,0.0,0.0,0.0,0.0,0.0,0.0,0.0,9.0,7.0,1.0,0.0,0.0,0.0,0.0,0.0,0.0,0.0,3.0,12.0,1.0,12.18,5.01,2.5,1.49,0.0,0.1,0.0,0.4,0.0,0.2,0.1,1.0,-64.0,0.0,0.0,64.0,0.0,22.700000000000003,26.200000000000003,26.200000000000003,26.6,300.0,300.0,28.9,33.0,26.200000000000003,25.4,27.3,4.96,2.0,4.96,0.16,0.0,0.0,1027.0,8228.0,0.0,0.0,0.0,0.0,0.0,1.0,0.0,0.0,0.0,0.0,0.0,0.6000000000000001,0.0,1.1,0.0,0.0002,16.0,25903.0
2026-07-21T18:12:16.682Z,8.966,975.168,0.0,0.0,0.0,0.0,2048.0,0.0,0.0,0.0,0.0,0.0,0.0,0.0,0.0,0.0,9.0,7.0,1.0,0.0,0.0,0.0,0.0,0.0,0.0,0.0,4.0,12.0,1.0,12.18,5.01,2.5,1.49,0.0,0.0,0.0,0.4,0.0,-0.3,-1.0,0.0,-64.0,0.0,0.0,64.0,0.0,22.700000000000003,26.200000000000003,26.200000000000003,26.6,300.0,300.0,28.9,33.0,26.200000000000003,25.4,27.3,4.95,2.0,4.97,0.16,0.0,0.0,1027.0,8228.0,0.0,0.0,0.0,0.0,0.0,1.0,0.0,0.0,0.0,0.0,0.0,0.4,0.0,-1.2000000000000002,0.0,0.0,16.0,25903.0
2026-07-21T18:12:16.694Z,8.978,975.18,0.0,0.0,0.0,0.0,2048.0,0.0,0.0,0.0,0.0,0.0,0.0,0.0,0.0,0.0,9.0,7.0,1.0,0.0,0.0,0.0,0.0,0.0,0.0,0.0,5.0,12.0,1.0,12.18,5.01,2.5,1.49,0.0,0.0,0.0,0.5,0.0,0.2,1.8,-1.2000000000000002,-64.0,0.0,0.0,64.0,0.0,22.700000000000003,26.200000000000003,26.200000000000003,26.6,300.0,300.0,28.9,33.0,26.200000000000003,25.4,27.3,4.95,2.0,4.96,0.16,0.0,0.0,1027.0,8228.0,0.0,0.0,0.0,0.0,0.0,1.0,0.0,0.0,0.0,0.0,0.0,-1.7000000000000002,0.0,0.7000000000000001,0.0,0.0,16.0,25903.0
2026-07-21T18:12:16.706Z,8.99,975.192,0.0,0.0,0.0,0.0,2048.0,0.0,0.0,0.0,0.0,0.0,0.0,0.0,0.0,0.0,9.0,7.0,1.0,0.0,0.0,0.0,0.0,0.0,0.0,0.0,6.0,12.0,1.0,12.18,5.01,2.5,1.49,0.0,0.0,0.0,0.5,0.0,0.2,0.1,0.0,-64.0,0.0,0.0,64.0,0.0,22.700000000000003,26.200000000000003,26.200000000000003,26.6,300.0,300.0,28.9,33.0,26.200000000000003,25.4,27.3,4.96,2.01,4.96,0.16,0.0,0.0,1027.0,8228.0,0.0,0.0,0.0,0.0,0.0,1.0,0.0,0.0,0.0,0.0,0.0,0.0,0.0,0.1,0.0,0.0,16.0,25903.0
2026-07-21T18:12:16.718Z,9.002,975.204,0.0,0.0,0.0,0.0,2048.0,0.0,0.0,0.0,0.0,0.0,0.0,0.0,0.0,0.0,9.0,7.0,1.0,0.0,0.0,0.0,0.0,0.0,0.0,0.0,1.0,12.0,1.0,12.18,5.01,2.5,1.49,0.0,0.0,0.0,0.4,0.0,-0.2,0.7000000000000001,1.7000000000000002,-64.0,0.0,0.0,64.0,0.0,22.700000000000003,26.200000000000003,26.200000000000003,26.6,300.0,300.0,28.9,33.0,26.200000000000003,25.4,27.3,4.95,2.01,4.96,0.16,0.0,0.0,1027.0,8228.0,0.0,0.0,0.0,0.0,0.0,1.0,0.0,0.0,0.0,0.0,0.0,0.7000000000000001,0.0,2.4000000000000004,0.0,0.0,16.0,25903.0
2026-07-21T18:12:16.730Z,9.014,975.216,0.0,0.0,0.0,0.0,2048.0,0.0,0.0,0.0,0.0,1.0,0.0,0.0,0.0,0.0,9.0,7.0,1.0,0.0,0.0,0.0,0.0,0.0,0.0,0.0,2.0,12.0,1.0,12.18,5.01,2.5,1.49,0.0,0.0,0.0,0.4,0.0,-0.2,0.1,1.1,-64.0,0.0,0.0,64.2,0.0,22.700000000000003,26.200000000000003,26.200000000000003,26.6,300.0,300.0,28.9,33.0,26.200000000000003,25.4,27.3,4.95,2.0,4.97,0.16,0.0,0.0,1027.0,8228.0,0.0,0.0,0.0,0.0,0.0,1.0,0.0,0.0,0.0,0.0,0.0,0.7000000000000001,0.0,1.2000000000000002,0.0,0.0,16.0,25903.0
2026-07-21T18:12:16.742Z,9.026,975.228,0.0,0.0,0.0,0.0,2048.0,0.0,0.0,0.0,0.0,1.0,0.0,0.0,0.0,0.0,9.0,7.0,1.0,0.0,0.0,0.0,0.0,0.0,0.0,0.0,3.0,12.0,1.0,12.18,5.01,2.5,1.49,0.0,0.0,0.0,0.4,0.0,0.3,0.1,-0.5,-64.0,0.0,0.0,64.0,0.0,22.700000000000003,26.200000000000003,26.200000000000003,26.6,300.0,300.0,28.9,33.0,26.200000000000003,25.4,27.3,4.95,2.01,4.96,0.16,0.0,0.0,1027.0,8228.0,0.0,0.0,0.0,0.0,0.0,1.0,0.0,0.0,0.0,0.0,0.0,-0.4,0.0,-0.4,0.0,0.0003,16.0,25903.0
2026-07-21T18:12:16.754Z,9.038,975.24,0.0,0.0,0.0,0.0,2048.0,0.0,0.0,0.0,0.0,1.0,0.0,0.0,0.0,0.0,9.0,7.0,1.0,0.0,0.0,0.0,0.0,0.0,0.0,0.0,5.0,12.0,1.0,12.18,5.01,2.5,1.49,0.0,0.0,0.0,0.4,0.0,-0.2,0.1,-0.5,-64.0,0.0,0.0,64.0,0.0,22.700000000000003,26.200000000000003,26.200000000000003,26.6,300.0,300.0,28.9,33.0,26.200000000000003,25.4,27.3,4.96,2.0,4.96,0.16,0.0,0.0,1027.0,8228.0,0.0,0.0,0.0,0.0,0.0,1.0,0.0,0.0,0.0,0.0,0.0,-0.4,0.0,-0.3,0.0,0.0002,16.0,25903.0
2026-07-21T18:12:16.766Z,9.05,975.252,0.0,0.0,0.0,0.0,2048.0,0.0,0.0,0.0,0.0,1.0,0.0,0.0,0.0,0.0,9.0,7.0,1.0,0.0,0.0,0.0,0.0,0.0,0.0,0.0,6.0,12.0,1.0,12.18,5.01,2.5,1.49,0.0,0.0,0.0,0.4,0.0,-0.8,-0.4,0.0,-64.0,0.0,0.0,64.0,0.0,22.700000000000003,26.200000000000003,26.200000000000003,26.6,300.0,300.0,28.9,33.0,26.200000000000003,25.4,27.3,4.95,2.0,4.97,0.16,0.0,0.0,1027.0,8228.0,0.0,0.0,0.0,0.0,0.0,1.0,0.0,0.0,0.0,0.0,0.0,0.2,0.0,-0.4,0.0,0.0002,16.0,25903.0
2026-07-21T18:12:16.778Z,9.062,975.264,0.0,0.0,0.0,0.0,2048.0,0.0,0.0,0.0,0.0,1.0,0.0,0.0,0.0,0.0,9.0,7.0,1.0,0.0,0.0,0.0,0.0,0.0,0.0,0.0,1.0,12.0,1.0,12.18,5.0200000000000005,2.5,1.49,0.0,0.0,0.0,0.4,0.0,0.8,-0.4,1.7000000000000002,-64.0,0.0,0.0,64.0,0.0,22.3,26.200000000000003,26.200000000000003,26.6,300.0,300.0,29.1,33.0,26.200000000000003,25.4,27.3,4.96,2.0,4.97,0.16,0.0,0.0,1027.0,8228.0,0.0,0.0,0.0,0.0,0.0,1.0,0.0,0.0,0.0,0.0,0.0,1.3,0.0,1.2000000000000002,0.0,0.0,16.0,25903.0
2026-07-21T18:12:16.791Z,9.075,975.276,0.1,0.0,0.0,0.0,2048.0,0.0,0.0,0.0,0.0,1.0,0.0,0.0,0.0,0.0,9.0,7.0,1.0,0.0,0.0,0.0,0.0,0.0,0.0,0.0,2.0,12.0,1.0,12.18,5.0200000000000005,2.5,1.49,0.0,0.0,0.0,0.4,0.0,-0.2,0.7000000000000001,-1.1,-64.0,0.0,0.0,64.0,0.0,22.3,26.200000000000003,26.200000000000003,26.6,300.0,300.0,29.1,33.0,26.200000000000003,25.4,27.3,4.96,2.0,4.96,0.16,0.0,0.0,1027.0,8228.0,0.0,0.0,0.0,0.0,0.0,1.0,0.0,0.0,0.0,0.0,0.0,-1.1,0.0,-0.3,0.0,0.0,16.0,25903.0
2026-07-21T18:12:16.802Z,9.086,975.288,0.0,0.0,0.0,0.0,2048.0,0.0,0.0,0.0,0.0,1.0,0.0,0.0,0.0,0.0,9.0,7.0,1.0,0.0,0.0,0.0,0.0,0.0,0.0,0.0,3.0,12.0,1.0,12.18,5.0200000000000005,2.5,1.49,0.0,0.0,0.0,0.4,0.0,0.2,0.6000000000000001,0.0,-64.0,0.0,0.0,64.0,0.0,22.3,26.200000000000003,26.200000000000003,26.6,300.0,300.0,29.1,33.0,26.200000000000003,25.4,27.3,4.95,2.0,4.96,0.17,0.0,0.0,1027.0,8228.0,0.0,0.0,0.0,0.0,0.0,1.0,0.0,0.0,0.0,0.0,0.0,-0.3,0.0,0.7000000000000001,0.0,0.0,16.0,25903.0
2026-07-21T18:12:16.814Z,9.098,975.3,0.0,0.0,0.0,0.0,2048.0,0.0,0.0,0.0,0.0,1.0,0.0,0.0,0.0,0.0,9.0,7.0,1.0,0.0,0.0,0.0,0.0,0.0,0.0,0.0,4.0,12.0,1.0,12.18,5.0200000000000005,2.5,1.49,0.0,0.0,0.0,0.4,0.0,-1.4,0.1,0.6000000000000001,-64.0,0.0,0.0,64.0,0.0,22.3,26.200000000000003,26.200000000000003,26.6,300.0,300.0,29.1,33.0,26.200000000000003,25.4,27.3,4.95,2.0,4.97,0.16,0.0,0.0,1027.0,8228.0,0.0,0.0,0.0,0.0,0.0,1.0,0.0,0.0,0.0,0.0,0.0,0.3,0.0,0.7000000000000001,0.0,0.0,16.0,25903.0
2026-07-21T18:12:16.826Z,9.11,975.312,0.0,0.0,0.0,0.0,2048.0,0.0,0.0,0.0,0.0,1.0,0.0,0.0,0.0,0.0,9.0,7.0,1.0,0.0,0.0,0.0,0.0,0.0,0.0,0.0,5.0,12.0,1.0,12.18,5.0200000000000005,2.5,1.49,-0.1,0.1,0.0,0.4,0.0,0.3,-0.4,-0.5,-64.0,0.0,0.0,64.10000000000001,0.0,22.3,26.200000000000003,26.200000000000003,26.6,300.0,300.0,29.1,33.0,26.200000000000003,25.4,27.3,4.96,2.01,4.96,0.16,0.0,0.0,1027.0,8228.0,0.0,0.0,0.0,0.0,0.0,1.0,0.0,0.0,0.0,0.0,0.0,-0.1,0.0,-1.0,0.0,0.0,16.0,25903.0
2026-07-21T18:12:16.838Z,9.122,975.324,0.1,0.0,0.0,0.0,2048.0,0.0,0.0,0.0,0.0,1.0,0.0,0.0,0.0,0.0,9.0,7.0,1.0,0.0,0.0,0.0,0.0,0.0,0.0,0.0,6.0,12.0,1.0,12.18,5.0200000000000005,2.5,1.49,0.0,0.0,0.0,0.4,0.0,-0.2,1.2000000000000002,0.0,-64.0,0.0,0.0,64.0,0.0,22.3,26.200000000000003,26.200000000000003,26.6,300.0,300.0,29.1,33.0,26.200000000000003,25.4,27.3,4.96,2.0,4.97,0.16,0.0,0.0,1027.0,8228.0,0.0,0.0,0.0,0.0,0.0,1.0,0.0,0.0,0.0,0.0,0.0,-0.6000000000000001,0.0,1.3,0.0,0.0,16.0,25903.0
2026-07-21T18:12:16.852Z,9.136,975.336,0.0,0.0,0.0,0.0,2048.0,0.0,0.0,0.0,0.0,1.0,0.0,0.0,0.0,0.0,9.0,7.0,1.0,0.0,0.0,0.0,0.0,0.0,0.0,0.0,1.0,12.0,1.0,12.18,5.0200000000000005,2.5,1.49,0.0,0.0,0.0,0.4,0.0,0.3,0.6000000000000001,0.5,-64.0,0.0,0.0,64.0,0.0,22.3,26.200000000000003,26.200000000000003,26.6,300.0,300.0,29.1,33.0,26.200000000000003,25.4,27.3,4.95,2.0,4.97,0.16,0.0,0.0,1027.0,8228.0,0.0,0.0,0.0,0.0,0.0,1.0,0.0,0.0,0.0,0.0,0.0,0.0,0.0,1.2000000000000002,0.0,0.0001,16.0,25903.0
2026-07-21T18:12:16.862Z,9.146,975.348,0.0,0.0,0.0,0.0,2048.0,0.0,0.0,0.0,0.0,1.0,0.0,0.0,0.0,0.0,9.0,7.0,1.0,0.0,0.0,0.0,0.0,0.0,0.0,0.0,1.0,12.0,1.0,12.18,5.0200000000000005,2.5,1.49,0.0,0.0,0.0,0.4,0.0,0.3,0.6000000000000001,0.5,-64.0,0.0,0.0,64.0,0.0,22.3,26.200000000000003,26.200000000000003,26.6,300.0,300.0,29.1,33.0,26.200000000000003,25.4,27.3,4.96,2.0,4.97,0.16,0.0,0.0,1027.0,8228.0,0.0,0.0,0.0,0.0,0.0,1.0,0.0,0.0,0.0,0.0,0.0,0.0,0.0,1.2000000000000002,0.0,0.0001,16.0,25903.0
2026-07-21T18:12:16.875Z,9.159,975.36,0.0,0.0,0.0,0.0,2048.0,0.0,0.0,0.0,0.0,1.0,0.0,0.0,0.0,0.0,9.0,7.0,1.0,0.0,0.0,0.0,0.0,0.0,0.0,0.0,2.0,12.0,1.0,12.14,5.0200000000000005,2.51,1.49,0.0,0.0,0.0,0.4,0.0,0.3,-0.5,1.1,-64.0,0.0,0.0,64.0,0.0,23.0,26.200000000000003,26.200000000000003,26.6,300.0,300.0,29.0,32.9,26.200000000000003,25.4,27.3,4.95,2.01,4.96,0.16,0.0,0.0,1027.0,8228.0,0.0,0.0,0.0,0.0,0.0,1.0,0.0,0.0,0.0,0.0,0.0,0.9,0.0,0.5,0.0,0.0,16.0,25903.0
2026-07-21T18:12:16.886Z,9.17,975.372,0.0,0.0,0.0,0.0,2048.0,0.0,0.0,0.0,0.0,1.0,0.0,0.0,0.0,0.0,9.0,7.0,1.0,0.0,0.0,0.0,0.0,0.0,0.0,0.0,3.0,12.0,1.0,12.14,5.0200000000000005,2.51,1.49,0.0,0.0,0.0,0.4,0.0,0.3,0.0,0.0,-64.0,0.0,0.0,64.0,0.0,23.0,26.200000000000003,26.200000000000003,26.6,300.0,300.0,29.0,32.9,26.200000000000003,25.4,27.3,4.95,2.0,4.97,0.16,0.0,0.0,1027.0,8228.0,0.0,0.0,0.0,0.0,0.0,1.0,0.0,0.0,0.0,0.0,0.0,0.0,0.0,0.0,0.0,0.0,16.0,25903.0
2026-07-21T18:12:16.898Z,9.182,975.384,0.0,0.0,0.0,0.0,2048.0,0.0,0.0,0.0,0.0,1.0,0.0,0.0,0.0,0.0,9.0,7.0,1.0,0.0,0.0,0.0,0.0,0.0,0.0,0.0,5.0,12.0,1.0,12.14,5.0200000000000005,2.51,1.49,0.0,0.0,0.0,0.4,0.0,-0.3,1.2000000000000002,1.1,-64.0,0.0,0.0,64.0,0.0,23.0,26.200000000000003,26.200000000000003,26.6,300.0,300.0,29.0,32.9,26.200000000000003,25.4,27.3,4.95,2.01,4.97,0.16,0.0,0.0,1027.0,8228.0,0.0,0.0,0.0,0.0,0.0,1.0,0.0,0.0,0.0,0.0,0.0,0.0,0.0,2.4000000000000004,0.0,0.0,16.0,25903.0
2026-07-21T18:12:16.910Z,9.194,975.396,0.0,0.0,0.0,0.0,2048.0,0.0,0.0,0.0,0.0,1.0,0.0,0.0,0.0,0.0,9.0,7.0,1.0,0.0,0.0,0.0,0.0,0.0,0.0,0.0,6.0,12.0,1.0,12.14,5.0200000000000005,2.51,1.49,0.0,0.0,0.0,0.5,0.0,-0.3,-0.5,-1.1,-64.0,0.0,0.0,64.0,0.0,23.0,26.200000000000003,26.200000000000003,26.6,300.0,300.0,29.0,32.9,26.200000000000003,25.4,27.3,4.95,2.01,4.97,0.16,0.0,0.0,1027.0,8228.0,0.0,0.0,0.0,0.0,0.0,1.0,0.0,0.0,0.0,0.0,0.0,-0.5,0.0,-1.6,0.0,0.0,16.0,25903.0
2026-07-21T18:12:16.922Z,9.206,975.408,0.0,0.0,0.0,0.0,2048.0,0.0,0.0,0.0,0.0,1.0,0.0,0.0,0.0,0.0,9.0,7.0,1.0,0.0,0.0,0.0,0.0,0.0,0.0,0.0,6.0,12.0,1.0,12.14,5.0200000000000005,2.51,1.49,0.0,0.0,0.0,0.4,0.0,0.2,-1.0,0.5,-64.0,0.0,0.0,64.2,0.0,23.0,26.200000000000003,26.200000000000003,26.6,300.0,300.0,29.0,32.9,26.200000000000003,25.4,27.3,4.95,2.0,4.97,0.16,0.0,0.0,1027.0,8228.0,0.0,0.0,0.0,0.0,0.0,1.0,0.0,0.0,0.0,0.0,0.0,0.9,0.0,-0.5,0.0,0.0,16.0,25903.0
2026-07-21T18:12:16.934Z,9.218,975.42,0.0,0.0,0.0,0.0,2048.0,0.0,0.0,0.0,0.0,1.0,0.0,0.0,0.0,0.0,9.0,7.0,1.0,0.0,0.0,0.0,0.0,0.0,0.0,0.0,1.0,12.0,1.0,12.14,5.0200000000000005,2.51,1.49,0.0,0.0,0.0,0.4,0.0,-0.3,0.0,1.1,-64.0,0.0,0.0,64.0,0.0,23.0,26.200000000000003,26.200000000000003,26.6,300.0,300.0,29.0,32.9,26.200000000000003,25.4,27.3,4.95,2.0,4.97,0.16,0.0,0.0,1027.0,8228.0,0.0,0.0,0.0,0.0,0.0,1.0,0.0,0.0,0.0,0.0,0.0,0.6000000000000001,0.0,1.2000000000000002,0.0,0.0003,16.0,25903.0
2026-07-21T18:12:16.946Z,9.23,975.432,0.0,0.0,0.0,0.0,2048.0,0.0,0.0,0.0,0.0,1.0,0.0,0.0,0.0,0.0,9.0,7.0,1.0,0.0,0.0,0.0,0.0,0.0,0.0,0.0,3.0,12.0,1.0,12.14,5.0200000000000005,2.51,1.49,0.0,0.0,0.0,0.4,0.0,0.8,0.7000000000000001,1.1,-64.0,0.0,0.0,64.0,0.0,23.0,26.200000000000003,26.200000000000003,26.6,300.0,300.0,29.0,32.9,26.200000000000003,25.4,27.3,4.96,2.01,4.97,0.16,0.0,0.0,1027.0,8228.0,0.0,0.0,0.0,0.0,0.0,1.0,0.0,0.0,0.0,0.0,0.0,0.4,0.0,1.8,0.0,0.0002,16.0,25903.0
2026-07-21T18:12:16.958Z,9.242,975.444,0.0,0.0,0.0,0.0,2048.0,0.0,0.0,0.0,0.0,1.0,0.0,0.0,0.0,0.0,9.0,7.0,1.0,0.0,0.0,0.0,0.0,0.0,0.0,0.0,4.0,12.0,1.0,12.14,5.0200000000000005,2.51,1.49,0.0,0.0,0.0,0.4,0.0,0.2,0.7000000000000001,1.1,-64.0,0.0,0.0,64.0,0.0,23.0,26.200000000000003,26.200000000000003,26.6,300.0,300.0,29.0,32.9,26.200000000000003,25.4,27.3,4.95,2.01,4.96,0.16,0.0,0.0,1027.0,8228.0,0.0,0.0,0.0,0.0,0.0,1.0,0.0,0.0,0.0,0.0,0.0,0.3,0.0,1.8,0.0,0.0001,16.0,25903.0
2026-07-21T18:12:16.970Z,9.254,975.456,0.0,0.0,0.0,0.0,2048.0,0.0,0.0,0.0,0.0,1.0,0.0,0.0,0.0,0.0,9.0,7.0,1.0,0.0,0.0,0.0,0.0,0.0,0.0,0.0,5.0,12.0,1.0,12.14,5.0200000000000005,2.51,1.49,0.0,0.0,0.0,0.4,0.0,0.3,-0.4,0.0,-64.0,0.0,0.0,64.0,0.0,23.0,26.200000000000003,26.200000000000003,26.6,300.0,300.0,29.0,32.9,26.200000000000003,25.4,27.3,4.95,2.0,4.97,0.16,0.0,0.0,1027.0,8228.0,0.0,0.0,0.0,0.0,0.0,1.0,0.0,0.0,0.0,0.0,0.0,0.2,0.0,-0.5,0.0,0.0,16.0,25903.0
2026-07-21T18:12:16.982Z,9.266,975.468,0.0,0.0,0.0,0.0,2048.0,0.0,0.0,0.0,0.0,1.0,0.0,0.0,0.0,0.0,9.0,7.0,1.0,0.0,0.0,0.0,0.0,0.0,0.0,0.0,6.0,12.0,1.0,12.15,5.01,2.51,1.49,0.0,0.0,0.0,0.4,0.0,0.8,0.1,0.6000000000000001,-64.0,0.0,0.0,64.0,0.0,22.6,26.3,26.200000000000003,26.6,300.0,300.0,29.0,33.0,26.200000000000003,25.4,27.3,4.95,2.01,4.96,0.16,0.0,0.0,1027.0,8228.0,0.0,0.0,0.0,0.0,0.0,1.0,0.0,0.0,0.0,0.0,0.0,0.3,0.0,0.7000000000000001,0.0,0.0,16.0,25903.0
2026-07-21T18:12:16.994Z,9.278,975.48,0.0,0.0,0.0,0.0,2048.0,0.0,0.0,0.0,0.0,1.0,0.0,0.0,0.0,0.0,9.0,7.0,1.0,0.0,0.0,0.0,0.0,0.0,0.0,0.0,1.0,12.0,1.0,12.15,5.01,2.51,1.49,0.0,0.0,0.0,0.4,0.0,0.2,0.7000000000000001,0.6000000000000001,-64.0,0.0,0.0,64.0,0.0,22.6,26.3,26.200000000000003,26.6,300.0,300.0,29.0,33.0,26.200000000000003,25.4,27.3,4.96,2.0,4.96,0.16,0.0,0.0,1027.0,8228.0,0.0,0.0,0.0,0.0,0.0,1.0,0.0,0.0,0.0,0.0,0.0,0.0,0.0,1.3,0.0,0.0,16.0,25903.0
2026-07-21T18:12:17.006Z,9.29,975.492,0.0,0.0,0.0,0.0,2048.0,0.0,0.0,0.0,0.0,1.0,0.0,0.0,0.0,0.0,9.0,7.0,1.0,0.0,0.0,0.0,0.0,0.0,0.0,0.0,2.0,12.0,1.0,12.15,5.01,2.51,1.49,0.0,0.0,0.0,0.4,0.0,0.2,-0.4,1.1,-64.0,0.0,0.0,64.2,0.0,22.6,26.3,26.200000000000003,26.6,300.0,300.0,29.0,33.0,26.200000000000003,25.4,27.3,4.95,2.0,4.96,0.16,0.0,0.0,1027.0,8228.0,0.0,0.0,0.0,0.0,0.0,1.0,0.0,0.0,0.0,0.0,0.0,1.0,0.0,0.6000000000000001,0.0,0.0,16.0,25903.0
2026-07-21T18:12:17.018Z,9.302,975.504,0.0,0.0,0.0,0.0,2048.0,0.0,0.0,0.0,0.0,1.0,0.0,0.0,0.0,0.0,9.0,7.0,1.0,0.0,0.0,0.0,0.0,0.0,0.0,0.0,3.0,12.0,1.0,12.15,5.01,2.51,1.49,0.0,0.0,0.0,0.4,0.0,0.8,-1.1,0.0,-64.0,0.0,0.0,64.2,0.0,22.6,26.3,26.200000000000003,26.6,300.0,300.0,29.0,33.0,26.200000000000003,25.4,27.3,4.96,2.0,4.96,0.16,0.0,0.0,1027.0,8228.0,0.0,0.0,0.0,0.0,0.0,1.0,0.0,0.0,0.0,0.0,0.0,0.5,0.0,-1.1,0.0,0.0003,16.0,25903.0
2026-07-21T18:12:17.030Z,9.314,975.516,0.0,0.0,0.0,0.0,2048.0,0.0,0.0,0.0,0.0,1.0,0.0,0.0,0.0,0.0,9.0,7.0,1.0,0.0,0.0,0.0,0.0,0.0,0.0,0.0,4.0,12.0,1.0,12.15,5.01,2.51,1.49,0.0,0.0,0.0,0.5,0.0,0.2,0.0,-1.1,-64.0,0.0,0.0,64.2,0.0,22.6,26.3,26.200000000000003,26.6,300.0,300.0,29.0,33.0,26.200000000000003,25.4,27.3,4.96,2.0,4.96,0.16,0.0,0.0,1027.0,8228.0,0.0,0.0,0.0,0.0,0.0,1.0,0.0,0.0,0.0,0.0,0.0,-0.7000000000000001,0.0,-1.0,0.0,0.0001,16.0,25903.0
2026-07-21T18:12:17.042Z,9.326,975.528,0.0,0.0,0.0,0.0,2048.0,0.0,0.0,0.0,0.0,1.0,0.0,0.0,0.0,0.0,9.0,7.0,1.0,0.0,0.0,0.0,0.0,0.0,0.0,0.0,5.0,12.0,1.0,12.15,5.01,2.51,1.49,0.0,0.0,0.0,0.4,0.0,-0.3,0.0,-1.1,-64.0,0.0,0.0,64.0,0.0,22.6,26.3,26.200000000000003,26.6,300.0,300.0,29.0,33.0,26.200000000000003,25.4,27.3,4.95,2.0,4.96,0.16,0.0,0.0,1027.0,8228.0,0.0,0.0,0.0,0.0,0.0,1.0,0.0,0.0,0.0,0.0,0.0,-0.7000000000000001,0.0,-1.0,0.0,0.0,16.0,25903.0
2026-07-21T18:12:17.054Z,9.338,975.54,0.0,0.0,0.0,0.0,2048.0,0.0,0.0,0.0,0.0,1.0,0.0,0.0,0.0,0.0,9.0,7.0,1.0,0.0,0.0,0.0,0.0,0.0,0.0,0.0,6.0,12.0,1.0,12.15,5.01,2.51,1.49,0.0,0.0,0.0,0.4,0.0,-0.3,-0.5,0.5,-64.0,0.0,0.0,64.0,0.0,22.6,26.3,26.200000000000003,26.6,300.0,300.0,29.0,33.0,26.200000000000003,25.4,27.3,4.95,2.0,4.97,0.16,0.0,0.0,1027.0,8228.0,0.0,0.0,0.0,0.0,0.0,1.0,0.0,0.0,0.0,0.0,0.0,0.6000000000000001,0.0,0.0,0.0,0.0003,16.0,25903.0
2026-07-21T18:12:17.066Z,9.35,975.552,0.0,0.0,0.0,0.0,2048.0,0.0,0.0,0.0,0.0,1.0,0.0,0.0,0.0,0.0,9.0,7.0,1.0,0.0,0.0,0.0,0.0,0.0,0.0,0.0,2.0,12.0,1.0,12.15,5.01,2.51,1.49,0.0,0.0,0.0,0.4,0.0,0.2,0.0,0.0,-64.0,0.0,0.0,64.0,0.0,22.6,26.3,26.200000000000003,26.6,300.0,300.0,29.0,33.0,26.200000000000003,25.4,27.3,4.96,2.0,4.96,0.16,0.0,0.0,1027.0,8228.0,0.0,0.0,0.0,0.0,0.0,1.0,0.0,0.0,0.0,0.0,0.0,0.0,0.0,0.0,0.0,0.0,16.0,25903.0
2026-07-21T18:12:17.079Z,9.363,975.564,0.0,0.0,0.0,0.0,2048.0,0.0,0.0,0.0,0.0,1.0,0.0,0.0,0.0,0.0,9.0,7.0,1.0,0.0,0.0,0.0,0.0,0.0,0.0,0.0,3.0,12.0,1.0,12.15,5.01,2.51,1.5,0.0,0.0,0.0,0.4,0.0,0.2,0.6000000000000001,1.1,-64.0,0.0,0.0,64.0,0.0,22.700000000000003,26.3,26.200000000000003,26.5,300.0,300.0,29.0,33.0,26.200000000000003,25.4,27.3,4.96,2.0,4.96,0.16,0.0,0.0,1027.0,8228.0,0.0,0.0,0.0,0.0,0.0,1.0,0.0,0.0,0.0,0.0,0.0,0.4,0.0,1.7000000000000002,0.0,0.0,16.0,25903.0
2026-07-21T18:12:17.090Z,9.374,975.576,0.0,0.0,0.0,0.0,2048.0,0.0,0.0,0.0,0.0,1.0,0.0,0.0,0.0,0.0,9.0,7.0,1.0,0.0,0.0,0.0,0.0,0.0,0.0,0.0,4.0,12.0,1.0,12.15,5.01,2.51,1.5,0.0,0.0,0.0,0.4,0.0,0.2,0.0,-0.5,-64.0,0.0,0.0,64.0,0.0,22.700000000000003,26.3,26.200000000000003,26.5,300.0,300.0,29.0,33.0,26.200000000000003,25.4,27.3,4.95,2.0,4.96,0.16,0.0,0.0,1027.0,8228.0,0.0,0.0,0.0,0.0,0.0,1.0,0.0,0.0,0.0,0.0,0.0,0.7000000000000001,0.0,1.1,0.0,0.0,16.0,25903.0
2026-07-21T18:12:17.103Z,9.387,975.588,0.0,0.0,0.0,0.0,2048.0,0.0,0.0,0.0,0.0,1.0,0.0,0.0,0.0,0.0,9.0,7.0,1.0,0.0,0.0,0.0,0.0,0.0,0.0,0.0,5.0,12.0,1.0,12.15,5.01,2.51,1.5,0.0,0.0,0.0,0.4,0.0,0.8,-1.1,0.0,-64.0,0.0,0.0,64.0,0.0,22.700000000000003,26.3,26.200000000000003,26.5,300.0,300.0,29.0,33.0,26.200000000000003,25.4,27.3,4.96,2.0,4.96,0.16,0.0,0.0,1027.0,8228.0,0.0,0.0,0.0,0.0,0.0,1.0,0.0,0.0,0.0,0.0,0.0,0.1,0.0,-1.8,0.0,0.0,16.0,25903.0
2026-07-21T18:12:17.114Z,9.398,975.6,0.0,0.0,0.0,0.0,2048.0,0.0,0.0,0.0,0.0,1.0,0.0,0.0,0.0,0.0,9.0,7.0,1.0,0.0,0.0,0.0,0.0,0.0,0.0,0.0,6.0,12.0,1.0,12.15,5.01,2.51,1.5,0.0,0.0,0.0,0.4,0.0,1.3,-0.5,0.0,-64.0,0.0,0.0,64.2,0.0,22.700000000000003,26.3,26.200000000000003,26.5,300.0,300.0,29.0,33.0,26.200000000000003,25.4,27.3,4.95,2.01,4.96,0.16,0.0,0.0,1027.0,8228.0,0.0,0.0,0.0,0.0,0.0,1.0,0.0,0.0,0.0,0.0,0.0,0.2,0.0,-0.6000000000000001,0.0,0.0,16.0,25903.0
2026-07-21T18:12:17.126Z,9.41,975.612,0.0,0.0,0.0,0.0,2048.0,0.0,0.0,0.0,0.0,1.0,0.0,0.0,0.0,0.0,9.0,7.0,1.0,0.0,0.0,0.0,0.0,0.0,0.0,0.0,2.0,12.0,1.0,12.15,5.01,2.51,1.5,0.0,0.0,0.0,0.4,0.0,0.2,0.0,-0.6000000000000001,-64.0,0.0,0.0,64.2,0.0,22.700000000000003,26.3,26.200000000000003,26.5,300.0,300.0,29.0,33.0,26.200000000000003,25.4,27.3,4.95,2.0,4.97,0.16,0.0,0.0,1027.0,8228.0,0.0,0.0,0.0,0.0,0.0,1.0,0.0,0.0,0.0,0.0,0.0,-0.4,0.0,-0.6000000000000001,0.0,0.0003,16.0,25903.0
2026-07-21T18:12:17.138Z,9.422,975.624,0.0,0.0,0.0,0.0,2048.0,0.0,0.0,0.0,0.0,1.0,0.0,0.0,0.0,0.0,9.0,7.0,1.0,0.0,0.0,0.0,0.0,0.0,0.0,0.0,3.0,12.0,1.0,12.15,5.01,2.51,1.5,0.0,0.0,0.0,0.4,0.0,0.2,0.5,0.5,-64.0,0.0,0.0,64.0,0.0,22.700000000000003,26.3,26.200000000000003,26.5,300.0,300.0,29.0,33.0,26.200000000000003,25.4,27.3,4.95,2.0,4.97,0.16,0.0,0.0,1027.0,8228.0,0.0,0.0,0.0,0.0,0.0,1.0,0.0,0.0,0.0,0.0,0.0,0.0,0.0,1.1,0.0,0.0001,16.0,25903.0
2026-07-21T18:12:17.150Z,9.434,975.636,0.0,0.0,0.0,0.0,2048.0,0.0,0.0,0.0,0.0,1.0,0.0,0.0,0.0,0.0,9.0,7.0,1.0,0.0,0.0,0.0,0.0,0.0,0.0,0.0,4.0,12.0,1.0,12.15,5.01,2.51,1.5,0.0,0.0,0.0,0.4,0.0,0.2,-0.5,0.5,-64.0,0.0,0.0,64.0,0.0,22.700000000000003,26.3,26.200000000000003,26.5,300.0,300.0,29.0,33.0,26.200000000000003,25.4,27.3,4.96,2.0,4.96,0.16,0.0,0.0,1027.0,8228.0,0.0,0.0,0.0,0.0,0.0,1.0,0.0,0.0,0.0,0.0,0.0,0.6000000000000001,0.0,-0.1,0.0,0.0002,16.0,25903.0
2026-07-21T18:12:17.162Z,9.446,975.648,0.0,0.0,0.0,0.0,2048.0,0.0,0.0,0.0,0.0,1.0,0.0,0.0,0.0,0.0,9.0,7.0,1.0,0.0,0.0,0.0,0.0,0.0,0.0,0.0,5.0,12.0,1.0,12.15,5.01,2.51,1.5,0.0,0.0,0.0,0.4,0.0,-0.3,-1.1,-1.2000000000000002,-64.0,0.0,0.0,64.0,0.0,22.700000000000003,26.3,26.200000000000003,26.5,300.0,300.0,29.0,33.0,26.200000000000003,25.4,27.3,4.95,2.0,4.97,0.16,0.0,0.0,1027.0,8228.0,0.0,0.0,0.0,0.0,0.0,1.0,0.0,0.0,0.0,0.0,0.0,-0.2,0.0,-2.4000000000000004,0.0,0.0002,16.0,25903.0
2026-07-21T18:12:17.174Z,9.458,975.66,0.0,0.0,0.0,0.0,2048.0,0.0,0.0,0.0,0.0,1.0,0.0,0.0,0.0,0.0,9.0,7.0,1.0,0.0,0.0,0.0,0.0,0.0,0.0,0.0,5.0,12.0,1.0,12.15,5.01,2.51,1.5,0.0,0.0,0.0,0.4,0.0,0.2,-0.5,-0.6000000000000001,-64.0,0.0,0.0,64.0,0.0,22.700000000000003,26.3,26.200000000000003,26.5,300.0,300.0,29.0,33.0,26.200000000000003,25.4,27.3,4.95,2.0,4.96,0.16,0.0,0.0,1027.0,8228.0,0.0,0.0,0.0,0.0,0.0,1.0,0.0,0.0,0.0,0.0,0.0,-0.1,0.0,-1.2000000000000002,0.0,0.0,16.0,25903.0
2026-07-21T18:12:17.186Z,9.47,975.672,0.0,0.0,0.0,0.0,2048.0,0.0,0.0,0.0,0.0,1.0,0.0,0.0,0.0,0.0,9.0,7.0,1.0,0.0,0.0,0.0,0.0,0.0,0.0,0.0,1.0,12.0,1.0,12.18,5.0200000000000005,2.5,1.49,0.0,0.0,0.0,0.5,0.0,-0.3,0.0,0.0,-64.0,0.0,0.0,64.0,0.0,22.3,26.3,26.200000000000003,26.6,300.0,300.0,28.9,33.0,26.200000000000003,25.4,27.3,4.96,2.01,4.96,0.16,0.0,0.0,1027.0,8228.0,0.0,0.0,0.0,0.0,0.0,1.0,0.0,0.0,0.0,0.0,0.0,0.0,0.0,0.0,0.0,0.0,16.0,25903.0
2026-07-21T18:12:17.198Z,9.482,975.684,0.0,0.0,0.0,0.0,2048.0,0.0,0.0,0.0,0.0,1.0,0.0,0.0,0.0,0.0,9.0,7.0,1.0,0.0,0.0,0.0,0.0,0.0,0.0,0.0,2.0,12.0,1.0,12.18,5.0200000000000005,2.5,1.49,0.0,0.0,0.0,0.4,0.0,-0.9,-0.5,-0.6000000000000001,-64.0,0.0,0.0,64.0,0.0,22.3,26.3,26.200000000000003,26.6,300.0,300.0,28.9,33.0,26.200000000000003,25.4,27.3,4.96,2.01,4.96,0.16,0.0,0.0,1027.0,8228.0,0.0,0.0,0.0,0.0,0.0,1.0,0.0,0.0,0.0,0.0,0.0,-0.1,0.0,-1.1,0.0,0.0,16.0,25903.0
2026-07-21T18:12:17.210Z,9.494,975.696,0.0,0.0,0.0,0.0,2048.0,0.0,0.0,0.0,0.0,1.0,0.0,0.0,0.0,0.0,9.0,7.0,1.0,0.0,0.0,0.0,0.0,0.0,0.0,0.0,3.0,12.0,1.0,12.18,5.0200000000000005,2.5,1.49,0.0,0.0,0.0,0.4,0.0,0.8,0.0,1.1,-64.0,0.0,0.0,64.0,0.0,22.3,26.3,26.200000000000003,26.6,300.0,300.0,28.9,33.0,26.200000000000003,25.4,27.3,4.95,2.0,4.96,0.16,0.0,0.0,1027.0,8228.0,0.0,0.0,0.0,0.0,0.0,1.0,0.0,0.0,0.0,0.0,0.0,0.7000000000000001,0.0,1.1,0.0,0.0,16.0,25903.0
2026-07-21T18:12:17.223Z,9.507,975.708,0.0,0.0,0.0,0.0,2048.0,0.0,0.0,0.0,0.0,1.0,0.0,0.0,0.0,0.0,9.0,7.0,1.0,0.0,0.0,0.0,0.0,0.0,0.0,0.0,3.0,12.0,1.0,12.18,5.0200000000000005,2.5,1.49,0.0,0.0,0.0,0.4,0.0,0.8,0.6000000000000001,-0.6000000000000001,-64.0,0.0,0.0,64.10000000000001,0.0,22.3,26.3,26.200000000000003,26.6,300.0,300.0,28.9,33.0,26.200000000000003,25.4,27.3,4.95,2.0,4.96,0.16,0.0,0.0,1027.0,8228.0,0.0,0.0,0.0,0.0,0.0,1.0,0.0,0.0,0.0,0.0,0.0,-0.7000000000000001,0.0,0.0,0.0,0.0,16.0,25903.0
2026-07-21T18:12:17.234Z,9.518,975.72,0.0,0.0,0.0,0.0,2048.0,0.0,0.0,0.0,0.0,0.0,0.0,0.0,0.0,0.0,9.0,7.0,1.0,0.0,0.0,0.0,0.0,0.0,0.0,0.0,4.0,12.0,1.0,12.18,5.0200000000000005,2.5,1.49,0.0,0.0,0.0,0.4,0.0,0.2,-0.4,0.5,-64.0,0.0,0.0,64.2,0.0,22.3,26.3,26.200000000000003,26.6,300.0,300.0,28.9,33.0,26.200000000000003,25.4,27.3,4.95,2.0,4.96,0.16,0.0,0.0,1027.0,8228.0,0.0,0.0,0.0,0.0,0.0,1.0,0.0,0.0,0.0,0.0,0.0,0.6000000000000001,0.0,0.0,0.0,0.0001,16.0,25903.0
2026-07-21T18:12:17.247Z,9.531,975.732,0.0,0.0,0.0,0.0,2048.0,0.0,0.0,0.0,0.0,0.0,0.0,0.0,0.0,0.0,9.0,7.0,1.0,0.0,0.0,0.0,0.0,0.0,0.0,0.0,5.0,12.0,1.0,12.18,5.0200000000000005,2.5,1.49,0.0,0.0,0.0,0.4,0.0,0.2,-0.5,0.0,-64.0,0.0,0.0,64.0,0.0,22.3,26.3,26.200000000000003,26.6,300.0,300.0,28.9,33.0,26.200000000000003,25.4,27.3,4.95,2.0,4.96,0.16,0.0,0.0,1027.0,8228.0,0.0,0.0,0.0,0.0,0.0,1.0,0.0,0.0,0.0,0.0,0.0,0.2,0.0,-0.5,0.0,0.0002,16.0,25903.0
2026-07-21T18:12:17.258Z,9.542,975.744,0.0,0.0,0.0,0.0,2048.0,0.0,0.0,0.0,0.0,0.0,0.0,0.0,0.0,0.0,9.0,7.0,1.0,0.0,0.0,0.0,0.0,0.0,0.0,0.0,6.0,12.0,1.0,12.18,5.0200000000000005,2.5,1.49,0.0,0.0,0.0,0.4,0.0,-0.2,-1.0,0.0,-64.0,0.0,0.0,64.0,0.0,22.3,26.3,26.200000000000003,26.6,300.0,300.0,28.9,33.0,26.200000000000003,25.4,27.3,4.95,2.0,4.96,0.16,0.0,0.0,1027.0,8228.0,0.0,0.0,0.0,0.0,0.0,1.0,0.0,0.0,0.0,0.0,0.0,0.5,0.0,-1.1,0.0,0.0003,16.0,25903.0
2026-07-21T18:12:17.270Z,9.554,975.756,0.0,0.0,0.0,0.0,2048.0,0.0,0.0,0.0,0.0,0.0,0.0,0.0,0.0,0.0,9.0,7.0,1.0,0.0,0.0,0.0,0.0,0.0,0.0,0.0,1.0,12.0,1.0,12.18,5.0200000000000005,2.5,1.49,0.0,0.0,0.0,0.4,0.0,-0.3,1.8,1.7000000000000002,-64.0,0.0,0.0,64.0,0.0,22.3,26.3,26.200000000000003,26.6,300.0,300.0,28.9,33.0,26.200000000000003,25.4,27.3,4.95,2.01,4.97,0.16,0.0,0.0,1027.0,8228.0,0.0,0.0,0.0,0.0,0.0,1.0,0.0,0.0,0.0,0.0,0.0,0.2,0.0,3.5,0.0,0.0001,16.0,25903.0
2026-07-21T18:12:17.283Z,9.567,975.768,0.0,0.0,0.0,0.0,2048.0,0.0,0.0,0.0,0.0,0.0,0.0,0.0,0.0,0.0,9.0,7.0,1.0,0.0,0.0,0.0,0.0,0.0,0.0,0.0,2.0,12.0,1.0,12.18,5.0200000000000005,2.5,1.49,0.0,0.0,0.0,0.4,0.0,-0.3,-0.4,-0.6000000000000001,-64.0,0.0,0.0,64.0,0.0,22.3,26.3,26.200000000000003,26.6,300.0,300.0,29.1,33.0,26.200000000000003,25.4,27.3,4.95,2.0,4.97,0.16,0.0,0.0,1027.0,8228.0,0.0,0.0,0.0,0.0,0.0,1.0,0.0,0.0,0.0,0.0,0.0,-0.1,0.0,-1.1,0.0,0.0,16.0,25903.0
2026-07-21T18:12:17.294Z,9.578,975.78,0.0,0.0,0.0,0.0,2048.0,0.0,0.0,0.0,0.0,0.0,0.0,0.0,0.0,0.0,9.0,7.0,1.0,0.0,0.0,0.0,0.0,0.0,0.0,0.0,3.0,12.0,1.0,12.18,5.0200000000000005,2.5,1.49,0.0,0.0,0.0,0.4,0.0,-0.3,-1.0,-0.6000000000000001,-64.0,0.0,0.0,64.0,0.0,22.3,26.3,26.200000000000003,26.6,300.0,300.0,29.1,33.0,26.200000000000003,25.4,27.3,4.95,2.0,4.97,0.16,0.0,0.0,1027.0,8228.0,0.0,0.0,0.0,0.0,0.0,1.0,0.0,0.0,0.0,0.0,0.0,0.1,0.0,-1.7000000000000002,0.0,0.0,16.0,25903.0
2026-07-21T18:12:17.306Z,9.59,975.792,0.0,0.0,0.0,0.0,2048.0,0.0,0.0,0.0,0.0,0.0,0.0,0.0,0.0,0.0,9.0,7.0,1.0,0.0,0.0,0.0,0.0,0.0,0.0,0.0,4.0,12.0,1.0,12.18,5.0200000000000005,2.5,1.49,0.0,0.0,0.0,0.4,0.0,-0.2,-0.5,0.5,-64.0,0.0,0.0,64.10000000000001,0.0,22.3,26.3,26.200000000000003,26.6,300.0,300.0,29.1,33.0,26.200000000000003,25.4,27.3,4.96,2.0,4.96,0.16,0.0,0.0,1027.0,8228.0,0.0,0.0,0.0,0.0,0.0,1.0,0.0,0.0,0.0,0.0,0.0,0.6000000000000001,0.0,0.0,0.0,0.0,16.0,25903.0
2026-07-21T18:12:17.318Z,9.602,975.804,0.0,0.0,0.0,0.0,2048.0,0.0,0.0,0.0,0.0,0.0,0.0,0.0,0.0,0.0,9.0,7.0,1.0,0.0,0.0,0.0,0.0,0.0,0.0,0.0,5.0,12.0,1.0,12.18,5.0200000000000005,2.5,1.49,0.0,0.0,0.0,0.4,0.0,-0.3,1.1,1.1,-64.0,0.0,0.0,64.2,0.0,22.3,26.3,26.200000000000003,26.6,300.0,300.0,29.1,33.0,26.200000000000003,25.4,27.3,4.96,2.0,4.96,0.16,0.0,0.0,1027.0,8228.0,0.0,0.0,0.0,0.0,0.0,1.0,0.0,0.0,0.0,0.0,0.0,0.1,0.0,2.3000000000000003,0.0,0.0001,16.0,25903.0
2026-07-21T18:12:17.330Z,9.614,975.816,0.0,0.0,0.0,0.0,2048.0,0.0,0.0,0.0,0.0,0.0,0.0,0.0,0.0,0.0,9.0,7.0,1.0,0.0,0.0,0.0,0.0,0.0,0.0,0.0,6.0,12.0,1.0,12.18,5.0200000000000005,2.5,1.49,0.0,0.0,0.0,0.4,0.0,-0.3,0.5,0.5,-64.0,0.0,0.0,64.2,0.0,22.3,26.3,26.200000000000003,26.6,300.0,300.0,29.1,33.0,26.200000000000003,25.4,27.3,4.95,2.0,4.96,0.16,0.0,0.0,1027.0,8228.0,0.0,0.0,0.0,0.0,0.0,1.0,0.0,0.0,0.0,0.0,0.0,0.0,0.0,1.1,0.0,0.0002,16.0,25903.0
2026-07-21T18:12:17.342Z,9.626,975.828,0.0,0.0,0.0,0.0,2048.0,0.0,0.0,0.0,0.0,0.0,0.0,0.0,0.0,0.0,9.0,7.0,1.0,0.0,0.0,0.0,0.0,0.0,0.0,0.0,1.0,12.0,1.0,12.18,5.0200000000000005,2.5,1.49,0.0,0.0,0.0,0.4,0.0,0.2,-0.6000000000000001,0.0,-64.0,0.0,0.0,64.0,0.0,22.3,26.3,26.200000000000003,26.6,300.0,300.0,29.1,33.0,26.200000000000003,25.4,27.3,4.95,2.0,4.96,0.16,0.0,0.0,1027.0,8228.0,0.0,0.0,0.0,0.0,0.0,1.0,0.0,0.0,0.0,0.0,0.0,0.2,0.0,-0.6000000000000001,0.0,0.0,16.0,25903.0
2026-07-21T18:12:17.354Z,9.638,975.84,0.0,0.0,0.0,0.0,2048.0,0.0,0.0,0.0,0.0,0.0,0.0,0.0,0.0,0.0,9.0,7.0,1.0,0.0,0.0,0.0,0.0,0.0,0.0,0.0,2.0,12.0,1.0,12.18,5.0200000000000005,2.5,1.49,0.0,0.0,0.0,0.4,0.0,0.2,-0.6000000000000001,0.0,-64.0,0.0,0.0,64.0,0.0,22.3,26.3,26.200000000000003,26.6,300.0,300.0,29.1,33.0,26.200000000000003,25.4,27.3,4.95,2.01,4.97,0.16,0.0,0.0,1027.0,8228.0,0.0,0.0,0.0,0.0,0.0,1.0,0.0,0.0,0.0,0.0,0.0,0.2,0.0,-0.6000000000000001,0.0,0.0003,16.0,25903.0
2026-07-21T18:12:17.366Z,9.65,975.852,0.0,0.0,0.0,0.0,2048.0,0.0,0.0,0.0,0.0,0.0,0.0,0.0,0.0,0.0,9.0,7.0,1.0,0.0,0.0,0.0,0.0,0.0,0.0,0.0,3.0,12.0,1.0,12.18,5.0200000000000005,2.5,1.49,0.0,0.0,0.0,0.4,0.0,0.2,0.0,1.1,-64.0,0.0,0.0,64.0,0.0,22.3,26.3,26.200000000000003,26.6,300.0,300.0,29.1,33.0,26.200000000000003,25.4,27.3,4.95,2.0,4.97,0.16,0.0,0.0,1027.0,8228.0,0.0,0.0,0.0,0.0,0.0,1.0,0.0,0.0,0.0,0.0,0.0,0.7000000000000001,0.0,1.0,0.0,0.0002,16.0,25903.0
2026-07-21T18:12:17.378Z,9.662,975.864,0.0,0.0,0.0,0.0,2048.0,0.0,0.0,0.0,0.0,0.0,0.0,0.0,0.0,0.0,9.0,7.0,1.0,0.0,0.0,0.0,0.0,0.0,0.0,0.0,4.0,12.0,1.0,12.18,5.0200000000000005,2.5,1.49,0.0,0.1,0.0,0.4,0.0,0.2,0.5,0.5,-64.0,0.0,0.0,64.0,0.0,22.3,26.3,26.200000000000003,26.6,300.0,300.0,29.1,33.0,26.200000000000003,25.4,27.3,4.95,2.01,4.97,0.16,0.0,0.0,1027.0,8228.0,0.0,0.0,0.0,0.0,0.0,1.0,0.0,0.0,0.0,0.0,0.0,0.0,0.0,1.0,0.0,0.0,16.0,25903.0
2026-07-21T18:12:17.390Z,9.674,975.876,0.0,0.0,0.0,0.0,2048.0,0.0,0.0,0.0,0.0,0.0,0.0,0.0,0.0,0.0,9.0,7.0,1.0,0.0,0.0,0.0,0.0,0.0,0.0,0.0,6.0,12.0,1.0,12.17,5.01,2.51,1.49,0.0,0.0,0.0,0.4,0.0,-0.9,-1.2000000000000002,0.5,-64.0,0.0,0.0,64.0,0.0,23.0,26.3,26.200000000000003,26.6,300.0,300.0,29.0,33.0,26.200000000000003,25.4,27.3,4.95,2.01,4.96,0.16,0.0,0.0,1027.0,8228.0,0.0,0.0,0.0,0.0,0.0,1.0,0.0,0.0,0.0,0.0,0.0,0.9,0.0,-0.7000000000000001,0.0,0.0,16.0,25903.0
2026-07-21T18:12:17.402Z,9.686,975.888,0.0,0.0,0.0,0.0,2048.0,0.0,0.0,0.0,0.0,0.0,0.0,0.0,0.0,0.0,9.0,7.0,1.0,0.0,0.0,0.0,0.0,0.0,0.0,0.0,1.0,12.0,1.0,12.17,5.01,2.51,1.49,0.0,0.0,0.0,0.4,0.0,0.2,-0.6000000000000001,-1.2000000000000002,-64.0,0.0,0.0,64.0,0.0,23.0,26.3,26.200000000000003,26.6,300.0,300.0,29.0,33.0,26.200000000000003,25.4,27.3,4.95,2.0,4.97,0.16,0.0,0.0,1027.0,8228.0,0.0,0.0,0.0,0.0,0.0,1.0,0.0,0.0,0.0,0.0,0.0,-0.5,0.0,-1.8,0.0,0.0,16.0,25903.0
2026-07-21T18:12:17.414Z,9.698,975.9,0.0,0.0,0.0,0.0,2048.0,0.0,0.0,0.0,0.0,0.0,0.0,0.0,0.0,0.0,9.0,7.0,1.0,0.0,0.0,0.0,0.0,0.0,0.0,0.0,2.0,12.0,1.0,12.17,5.01,2.51,1.49,0.0,0.0,0.0,0.5,0.0,0.2,0.0,-1.3,-64.0,0.0,0.0,64.2,0.0,23.0,26.3,26.200000000000003,26.6,300.0,300.0,29.0,33.0,26.200000000000003,25.4,27.3,4.95,2.0,4.96,0.16,0.0,0.0,1027.0,8228.0,0.0,0.0,0.0,0.0,0.0,1.0,0.0,0.0,0.0,0.0,0.0,-0.8,0.0,-1.2000000000000002,0.0,0.0,16.0,25903.0
2026-07-21T18:12:17.426Z,9.71,975.912,0.0,0.0,0.0,0.0,2048.0,0.0,0.0,0.0,0.0,0.0,0.0,0.0,0.0,0.0,9.0,7.0,1.0,0.0,0.0,0.0,0.0,0.0,0.0,0.0,2.0,12.0,1.0,12.17,5.01,2.51,1.49,0.0,0.0,0.0,0.4,0.0,0.8,0.5,2.2,-64.0,0.0,0.0,64.2,0.0,23.0,26.3,26.200000000000003,26.6,300.0,300.0,29.0,33.0,26.200000000000003,25.4,27.3,4.96,2.01,4.96,0.16,0.0,0.0,1027.0,8228.0,0.0,0.0,0.0,0.0,0.0,1.0,0.0,0.0,0.0,0.0,0.0,1.1,0.0,2.7,0.0,0.0003,16.0,25903.0
2026-07-21T18:12:17.438Z,9.722,975.924,-0.1,0.0,0.0,0.0,2048.0,0.0,0.0,0.0,0.0,0.0,0.0,0.0,0.0,0.0,9.0,7.0,1.0,0.0,0.0,0.0,0.0,0.0,0.0,0.0,4.0,12.0,1.0,12.17,5.01,2.51,1.49,0.0,0.0,0.0,0.4,0.0,-0.3,-0.5,-1.9,-64.0,0.0,0.0,64.2,0.0,23.0,26.3,26.200000000000003,26.6,300.0,300.0,29.0,33.0,26.200000000000003,25.4,27.3,4.95,2.01,4.96,0.16,0.0,0.0,1027.0,8228.0,0.0,0.0,0.0,0.0,0.0,1.0,0.0,0.0,0.0,0.0,0.0,-0.9,0.0,-2.4000000000000004,0.0,0.0,16.0,25903.0
2026-07-21T18:12:17.450Z,9.734,975.936,0.0,0.0,0.0,0.0,2048.0,0.0,0.0,0.0,0.0,0.0,0.0,0.0,0.0,0.0,9.0,7.0,1.0,0.0,0.0,0.0,0.0,0.0,0.0,0.0,5.0,12.0,1.0,12.17,5.01,2.51,1.49,0.0,0.0,0.0,0.4,0.0,0.8,0.0,1.0,-64.0,0.0,0.0,64.0,0.0,23.0,26.3,26.200000000000003,26.6,300.0,300.0,29.0,33.0,26.200000000000003,25.4,27.3,4.95,2.0,4.96,0.16,0.0,0.0,1027.0,8228.0,0.0,0.0,0.0,0.0,0.0,1.0,0.0,0.0,0.0,0.0,0.0,0.6000000000000001,0.0,0.9,0.0,0.0,16.0,25903.0
2026-07-21T18:12:17.462Z,9.746,975.948,0.0,0.0,0.0,0.0,2048.0,0.0,0.0,0.0,0.0,0.0,0.0,0.0,0.0,0.0,9.0,7.0,1.0,0.0,0.0,0.0,0.0,0.0,0.0,0.0,6.0,12.0,1.0,12.17,5.01,2.51,1.49,0.0,0.0,0.0,0.4,0.0,-0.3,0.0,-0.7000000000000001,-64.0,0.0,0.0,64.0,0.0,23.0,26.3,26.200000000000003,26.6,300.0,300.0,29.0,33.0,26.200000000000003,25.4,27.3,4.95,2.01,4.96,0.16,0.0,0.0,1027.0,8228.0,0.0,0.0,0.0,0.0,0.0,1.0,0.0,0.0,0.0,0.0,0.0,-0.4,0.0,-0.7000000000000001,0.0,0.0004,16.0,25903.0
2026-07-21T18:12:17.474Z,9.758,975.96,0.0,0.0,0.0,0.0,2048.0,0.0,0.0,0.0,0.0,0.0,0.0,0.0,0.0,0.0,9.0,7.0,1.0,0.0,0.0,0.0,0.0,0.0,0.0,0.0,1.0,12.0,1.0,12.17,5.01,2.51,1.49,0.0,0.0,0.0,0.4,0.0,-0.3,0.0,-1.2000000000000002,-64.0,0.0,0.0,64.0,0.0,23.0,26.3,26.200000000000003,26.6,300.0,300.0,29.0,33.0,26.200000000000003,25.4,27.3,4.96,2.0,4.96,0.16,0.0,0.0,1027.0,8228.0,0.0,0.0,0.0,0.0,0.0,1.0,0.0,0.0,0.0,0.0,0.0,-0.8,0.0,-1.1,0.0,0.0001,16.0,25903.0
2026-07-21T18:12:17.487Z,9.771,975.972,0.0,0.0,0.0,0.0,2048.0,0.0,0.0,0.0,0.0,0.0,0.0,0.0,0.0,0.0,9.0,7.0,1.0,0.0,0.0,0.0,0.0,0.0,0.0,0.0,2.0,12.0,1.0,12.19,5.01,2.5,1.5,0.0,0.0,0.0,0.4,0.0,0.8,1.1,0.4,-64.0,0.0,0.0,64.0,0.0,22.700000000000003,26.3,26.200000000000003,26.6,300.0,300.0,29.0,33.0,26.200000000000003,25.4,27.3,4.95,2.0,4.97,0.16,0.0,0.0,1027.0,8228.0,0.0,0.0,0.0,0.0,0.0,1.0,0.0,0.0,0.0,0.0,0.0,-0.3,0.0,1.6,0.0,0.0,16.0,25903.0
2026-07-21T18:12:17.498Z,9.782,975.984,0.0,0.0,0.0,0.0,2048.0,0.0,0.0,0.0,0.0,0.0,0.0,0.0,0.0,0.0,9.0,7.0,1.0,0.0,0.0,0.0,0.0,0.0,0.0,0.0,4.0,12.0,1.0,12.19,5.01,2.5,1.5,0.0,0.0,0.0,0.4,0.0,0.8,0.0,-0.1,-64.0,0.0,0.0,64.0,0.0,22.700000000000003,26.3,26.200000000000003,26.6,300.0,300.0,29.0,33.0,26.200000000000003,25.4,27.3,4.96,2.0,4.96,0.16,0.0,0.0,1027.0,8228.0,0.0,0.0,0.0,0.0,0.0,1.0,0.0,0.0,0.0,0.0,0.0,-0.1,0.0,0.0,0.0,0.0,16.0,25903.0
2026-07-21T18:12:17.510Z,9.794,975.996,0.0,0.0,0.0,0.0,2048.0,0.0,0.0,0.0,0.0,0.0,0.0,0.0,0.0,0.0,9.0,7.0,1.0,0.0,0.0,0.0,0.0,0.0,0.0,0.0,5.0,12.0,1.0,12.19,5.01,2.5,1.5,0.0,0.0,0.0,0.4,0.0,0.2,0.6000000000000001,1.0,-64.0,0.0,0.0,64.0,0.0,22.700000000000003,26.3,26.200000000000003,26.6,300.0,300.0,29.0,33.0,26.200000000000003,25.4,27.3,4.96,2.01,4.96,0.16,0.0,0.0,1027.0,8228.0,0.0,0.0,0.0,0.0,0.0,1.0,0.0,0.0,0.0,0.0,0.0,0.3,0.0,1.6,0.0,0.0,16.0,25903.0
2026-07-21T18:12:17.522Z,9.806,976.008,0.0,0.0,0.0,0.0,2048.0,0.0,0.0,0.0,0.0,0.0,0.0,0.0,0.0,0.0,9.0,7.0,1.0,0.0,0.0,0.0,0.0,0.0,0.0,0.0,6.0,12.0,1.0,12.19,5.01,2.5,1.5,0.0,0.0,0.0,0.4,0.0,0.2,0.0,-0.1,-64.0,0.0,0.0,64.2,0.0,22.700000000000003,26.3,26.200000000000003,26.6,300.0,300.0,29.0,33.0,26.200000000000003,25.4,27.3,4.95,2.0,4.96,0.16,0.0,0.0,1027.0,8228.0,0.0,0.0,0.0,0.0,0.0,1.0,0.0,0.0,0.0,0.0,0.0,-0.1,0.0,0.0,0.0,0.0,16.0,25903.0
2026-07-21T18:12:17.534Z,9.818,976.02,0.0,0.0,0.0,0.0,2048.0,0.0,0.0,0.0,0.0,0.0,0.0,0.0,0.0,0.0,9.0,7.0,1.0,0.0,0.0,0.0,0.0,0.0,0.0,0.0,1.0,12.0,1.0,12.19,5.01,2.5,1.5,0.0,0.0,0.0,0.4,0.0,0.8,-1.1,0.4,-64.0,0.0,0.0,64.2,0.0,22.700000000000003,26.3,26.200000000000003,26.6,300.0,300.0,29.0,33.0,26.200000000000003,25.4,27.3,4.95,2.0,4.97,0.16,0.0,0.0,1027.0,8228.0,0.0,0.0,0.0,0.0,0.0,1.0,0.0,0.0,0.0,0.0,0.0,0.8,0.0,-0.7000000000000001,0.0,0.0004,16.0,25903.0
2026-07-21T18:12:17.546Z,9.83,976.032,0.0,0.0,0.0,0.0,2048.0,0.0,0.0,0.0,0.0,0.0,0.0,0.0,0.0,0.0,9.0,7.0,1.0,0.0,0.0,0.0,0.0,0.0,0.0,0.0,2.0,12.0,1.0,12.19,5.01,2.5,1.5,0.0,0.0,0.0,0.4,0.0,0.8,0.0,0.0,-64.0,0.0,0.0,64.0,0.0,22.700000000000003,26.3,26.200000000000003,26.6,300.0,300.0,29.0,33.0,26.200000000000003,25.4,27.3,4.96,2.0,4.96,0.16,0.0,0.0,1027.0,8228.0,0.0,0.0,0.0,0.0,0.0,1.0,0.0,0.0,0.0,0.0,0.0,0.0,0.0,0.0,0.0,0.0001,16.0,25903.0
2026-07-21T18:12:17.560Z,9.844,976.044,0.0,0.0,0.0,0.0,2048.0,0.0,0.0,0.0,0.0,0.0,0.0,0.0,0.0,0.0,9.0,7.0,1.0,0.0,0.0,0.0,0.0,0.0,0.0,0.0,3.0,12.0,1.0,12.19,5.01,2.5,1.5,0.0,0.0,0.0,0.4,0.0,-0.2,0.0,0.0,-64.0,0.0,0.0,64.0,0.0,22.700000000000003,26.3,26.200000000000003,26.6,300.0,300.0,29.0,33.0,26.200000000000003,25.4,27.3,4.96,2.0,4.96,0.16,0.0,0.0,1027.0,8228.0,0.0,0.0,0.0,0.0,0.0,1.0,0.0,0.0,0.0,0.0,0.0,0.0,0.0,0.0,0.0,0.0003,16.0,25903.0
2026-07-21T18:12:17.570Z,9.854,976.056,0.0,0.0,0.0,0.0,2048.0,0.0,0.0,0.0,0.0,0.0,0.0,0.0,0.0,0.0,9.0,7.0,1.0,0.0,0.0,0.0,0.0,0.0,0.0,0.0,3.0,12.0,1.0,12.19,5.01,2.5,1.5,0.0,0.1,0.0,0.4,0.0,-0.2,0.0,0.0,-64.0,0.0,0.0,64.0,0.0,22.700000000000003,26.3,26.200000000000003,26.6,300.0,300.0,29.0,33.0,26.200000000000003,25.4,27.3,4.95,2.01,4.96,0.16,0.0,0.0,1027.0,8228.0,0.0,0.0,0.0,0.0,0.0,1.0,0.0,0.0,0.0,0.0,0.0,0.0,0.0,0.0,0.0,0.0,16.0,25903.0
2026-07-21T18:12:17.582Z,9.866,976.068,0.0,0.0,0.0,0.0,2048.0,0.0,0.0,0.0,0.0,0.0,0.0,0.0,0.0,0.0,9.0,7.0,1.0,0.0,0.0,0.0,0.0,0.0,0.0,0.0,4.0,12.0,1.0,12.19,5.01,2.5,1.5,0.0,0.0,0.0,0.4,0.0,0.3,-0.5,-0.7000000000000001,-64.0,0.0,0.0,64.0,0.0,22.700000000000003,26.3,26.200000000000003,26.6,300.0,300.0,29.0,33.0,26.200000000000003,25.4,27.3,4.95,2.01,4.96,0.16,0.0,0.0,1027.0,8228.0,0.0,0.0,0.0,0.0,0.0,1.0,0.0,0.0,0.0,0.0,0.0,-0.1,0.0,-1.2000000000000002,0.0,0.0,16.0,25903.0
2026-07-21T18:12:17.594Z,9.878,976.08,0.0,0.0,0.0,0.0,2048.0,0.0,0.0,0.0,0.0,0.0,0.0,0.0,0.0,0.0,9.0,7.0,1.0,0.0,0.0,0.0,0.0,0.0,0.0,0.0,6.0,12.0,1.0,12.15,5.01,2.5,1.49,0.0,0.1,0.0,0.5,0.0,-0.2,-1.1,-0.7000000000000001,-64.0,0.0,0.0,64.0,0.0,22.6,26.3,26.200000000000003,26.6,300.0,300.0,28.9,33.0,26.200000000000003,25.4,27.3,4.95,2.0,4.96,0.16,0.0,0.0,1027.0,8228.0,0.0,0.0,0.0,0.0,0.0,1.0,0.0,0.0,0.0,0.0,0.0,-0.1,0.0,-1.2000000000000002,0.0,0.0,16.0,25903.0
2026-07-21T18:12:17.606Z,9.89,976.092,0.0,0.0,0.0,0.0,2048.0,0.0,0.0,0.0,0.0,0.0,0.0,0.0,0.0,0.0,9.0,7.0,1.0,0.0,0.0,0.0,0.0,0.0,0.0,0.0,1.0,12.0,1.0,12.15,5.01,2.5,1.49,0.0,0.0,0.0,0.4,0.0,0.3,0.0,0.4,-64.0,0.0,0.0,64.0,0.0,22.6,26.3,26.200000000000003,26.6,300.0,300.0,28.9,33.0,26.200000000000003,25.4,27.3,4.95,2.0,4.97,0.16,0.0,0.0,1027.0,8228.0,0.0,0.0,0.0,0.0,0.0,1.0,0.0,0.0,0.0,0.0,0.0,-0.1,0.0,-1.3,0.0,0.0,16.0,25903.0
2026-07-21T18:12:17.618Z,9.902,976.104,0.0,0.0,0.0,0.0,2048.0,0.0,0.0,0.0,0.0,0.0,0.0,0.0,0.0,0.0,9.0,7.0,1.0,0.0,0.0,0.0,0.0,0.0,0.0,0.0,2.0,12.0,1.0,12.15,5.01,2.5,1.49,0.0,0.0,0.0,0.4,0.0,0.9,1.1,0.4,-64.0,0.0,0.0,64.2,0.0,22.6,26.3,26.200000000000003,26.6,300.0,300.0,28.9,33.0,26.200000000000003,25.4,27.3,4.95,2.01,4.97,0.16,0.0,0.0,1027.0,8228.0,0.0,0.0,0.0,0.0,0.0,1.0,0.0,0.0,0.0,0.0,0.0,0.2,0.0,0.4,0.0,0.0,16.0,25903.0
2026-07-21T18:12:17.630Z,9.914,976.116,0.0,0.0,0.0,0.0,2048.0,0.0,0.0,0.0,0.0,0.0,0.0,0.0,0.0,0.0,9.0,7.0,1.0,0.0,0.0,0.0,0.0,0.0,0.0,0.0,2.0,12.0,1.0,12.15,5.01,2.5,1.49,0.0,0.0,0.0,0.4,0.0,0.3,-0.5,-0.7000000000000001,-64.0,0.0,0.0,64.2,0.0,22.6,26.3,26.200000000000003,26.6,300.0,300.0,28.9,33.0,26.200000000000003,25.4,27.3,4.96,2.01,4.96,0.16,0.0,0.0,1027.0,8228.0,0.0,0.0,0.0,0.0,0.0,1.0,0.0,0.0,0.0,0.0,0.0,-0.1,0.0,-1.3,0.0,0.0003,16.0,25903.0
2026-07-21T18:12:17.642Z,9.926,976.128,0.0,0.0,0.0,0.0,2048.0,0.0,0.0,0.0,0.0,0.0,0.0,0.0,0.0,0.0,9.0,7.0,1.0,0.0,0.0,0.0,0.0,0.0,0.0,0.0,4.0,12.0,1.0,12.15,5.01,2.5,1.49,0.0,0.0,0.0,0.4,0.0,0.3,-1.2000000000000002,1.0,-64.0,0.0,0.0,64.0,0.0,22.6,26.3,26.200000000000003,26.6,300.0,300.0,28.9,33.0,26.200000000000003,25.4,27.3,4.95,2.0,4.96,0.16,0.0,0.0,1027.0,8228.0,0.0,0.0,0.0,0.0,0.0,1.0,0.0,0.0,0.0,0.0,0.0,1.2000000000000002,0.0,-0.2,0.0,0.0002,16.0,25903.0
2026-07-21T18:12:17.654Z,9.938,976.14,0.0,0.0,0.0,0.0,2048.0,0.0,0.0,0.0,0.0,0.0,0.0,0.0,0.0,0.0,9.0,7.0,1.0,0.0,0.0,0.0,0.0,0.0,0.0,0.0,5.0,12.0,1.0,12.15,5.01,2.5,1.49,0.0,0.0,0.0,0.4,0.0,0.2,0.0,-1.2000000000000002,-64.0,0.0,0.0,64.0,0.0,22.6,26.3,26.200000000000003,26.6,300.0,300.0,28.9,33.0,26.200000000000003,25.4,27.3,4.95,2.0,4.97,0.16,0.0,0.0,1027.0,8228.0,0.0,0.0,0.0,0.0,0.0,1.0,0.0,0.0,0.0,0.0,0.0,-0.8,0.0,-1.2000000000000002,0.0,0.0003,16.0,25903.0
2026-07-21T18:12:17.666Z,9.95,976.152,0.0,0.0,0.0,0.0,2048.0,0.0,0.0,0.0,0.0,0.0,0.0,0.0,0.0,0.0,9.0,7.0,1.0,0.0,0.0,0.0,0.0,0.0,0.0,0.0,6.0,12.0,1.0,12.15,5.01,2.5,1.49,0.0,0.1,0.0,0.4,0.0,-0.3,-0.6000000000000001,-1.2000000000000002,-64.0,0.0,0.0,64.0,0.0,22.6,26.3,26.200000000000003,26.6,300.0,300.0,28.9,33.0,26.200000000000003,25.4,27.3,4.95,2.01,4.97,0.16,0.0,0.0,1027.0,8228.0,0.0,0.0,0.0,0.0,0.0,1.0,0.0,0.0,0.0,0.0,0.0,-0.5,0.0,-1.8,0.0,0.0001,16.0,25903.0
2026-07-21T18:12:17.678Z,9.962,976.164,0.0,0.0,0.0,0.0,2048.0,0.0,0.0,0.0,0.0,0.0,0.0,0.0,0.0,0.0,9.0,7.0,1.0,0.0,0.0,0.0,0.0,0.0,0.0,0.0,2.0,12.0,1.0,12.15,5.01,2.5,1.49,0.0,0.0,0.0,0.4,0.0,-0.2,0.0,0.0,-64.0,0.0,0.0,64.0,0.0,22.6,26.3,26.200000000000003,26.6,300.0,300.0,28.9,33.0,26.200000000000003,25.4,27.3,4.95,2.01,4.96,0.16,0.0,0.0,1027.0,8228.0,0.0,0.0,0.0,0.0,0.0,1.0,0.0,0.0,0.0,0.0,0.0,0.0,0.0,-0.1,0.0,0.0,16.0,25903.0
2026-07-21T18:12:17.691Z,9.975,976.176,0.0,0.0,0.0,0.0,2048.0,0.0,0.0,0.0,0.0,0.0,0.0,0.0,0.0,0.0,9.0,7.0,1.0,0.0,0.0,0.0,0.0,0.0,0.0,0.0,3.0,12.0,1.0,12.17,5.0200000000000005,2.51,1.49,0.0,0.0,0.0,0.4,0.0,-0.2,-0.6000000000000001,0.5,-64.0,0.0,0.0,64.0,0.0,22.4,26.3,26.200000000000003,26.6,300.0,300.0,28.9,33.0,26.200000000000003,25.4,27.200000000000003,4.95,2.0,4.97,0.16,0.0,0.0,1027.0,8228.0,0.0,0.0,0.0,0.0,0.0,1.0,0.0,0.0,0.0,0.0,0.0,0.6000000000000001,0.0,-0.1,0.0,0.0,16.0,25903.0
2026-07-21T18:12:17.702Z,9.986,976.188,0.0,0.0,0.0,0.0,2048.0,0.0,0.0,0.0,0.0,0.0,0.0,0.0,0.0,0.0,9.0,7.0,1.0,0.0,0.0,0.0,0.0,0.0,0.0,0.0,4.0,12.0,1.0,12.17,5.0200000000000005,2.51,1.49,0.0,0.0,0.0,0.4,0.0,-0.2,-0.6000000000000001,0.0,-64.0,0.0,0.0,64.0,0.0,22.4,26.3,26.200000000000003,26.6,300.0,300.0,28.9,33.0,26.200000000000003,25.4,27.200000000000003,4.95,2.01,4.96,0.16,0.0,0.0,1027.0,8228.0,0.0,0.0,0.0,0.0,0.0,1.0,0.0,0.0,0.0,0.0,0.0,0.2,0.0,-0.7000000000000001,0.0,0.0,16.0,25903.0
2026-07-21T18:12:17.714Z,9.998,976.2,0.0,0.0,0.0,0.0,2048.0,0.0,0.0,0.0,0.0,0.0,0.0,0.0,0.0,0.0,9.0,7.0,1.0,0.0,0.0,0.0,0.0,0.0,0.0,0.0,6.0,12.0,1.0,12.17,5.0200000000000005,2.51,1.49,0.0,0.0,0.0,0.4,0.0,0.9,0.0,-1.2000000000000002,-64.0,0.0,0.0,64.2,0.0,22.4,26.3,26.200000000000003,26.6,300.0,300.0,28.9,33.0,26.200000000000003,25.4,27.200000000000003,4.95,2.0,4.96,0.16,0.0,0.0,1027.0,8228.0,0.0,0.0,0.0,0.0,0.0,1.0,0.0,0.0,0.0,0.0,0.0,-0.8,0.0,-1.2000000000000002,0.0,0.0,16.0,25903.0
2026-07-21T18:12:17.726Z,10.01,976.212,0.0,0.0,0.0,0.0,2048.0,0.0,0.0,0.0,0.0,0.0,0.0,0.0,0.0,0.0,9.0,7.0,1.0,0.0,0.0,0.0,0.0,0.0,0.0,0.0,1.0,12.0,1.0,12.17,5.0200000000000005,2.51,1.49,0.0,0.1,0.0,0.4,0.0,0.3,1.1,-0.7000000000000001,-64.0,0.0,0.0,64.2,0.0,22.4,26.3,26.200000000000003,26.6,300.0,300.0,28.9,33.0,26.200000000000003,25.4,27.200000000000003,4.97,2.0,4.97,0.16,0.0,0.0,1027.0,8228.0,0.0,0.0,0.0,0.0,0.0,1.0,0.0,0.0,0.0,0.0,0.0,-1.0,0.0,0.5,0.0,0.0004,16.0,25903.0
2026-07-21T18:12:17.738Z,10.022,976.224,0.0,0.0,0.0,0.0,2048.0,0.0,0.0,0.0,0.0,1.0,0.0,0.0,0.0,0.0,9.0,7.0,1.0,0.0,0.0,0.0,0.0,0.0,0.0,0.0,3.0,12.0,1.0,12.17,5.0200000000000005,2.51,1.49,0.0,0.0,0.0,0.4,0.0,0.2,-0.6000000000000001,-0.7000000000000001,-64.0,0.0,0.0,64.0,0.0,22.4,26.3,26.200000000000003,26.6,300.0,300.0,28.9,33.0,26.200000000000003,25.4,27.200000000000003,4.96,2.0,4.96,0.16,0.0,0.0,1027.0,8228.0,0.0,0.0,0.0,0.0,0.0,1.0,0.0,0.0,0.0,0.0,0.0,-0.1,0.0,-1.3,0.0,0.0001,16.0,25903.0
2026-07-21T18:12:17.750Z,10.034,976.236,0.0,0.0,0.0,0.0,2048.0,0.0,0.0,0.0,0.0,1.0,0.0,0.0,0.0,0.0,9.0,7.0,1.0,0.0,0.0,0.0,0.0,0.0,0.0,0.0,4.0,12.0,1.0,12.17,5.0200000000000005,2.51,1.49,0.0,0.1,0.0,0.4,0.0,0.8,0.5,0.0,-64.0,0.0,0.0,64.0,0.0,22.4,26.3,26.200000000000003,26.6,300.0,300.0,28.9,33.0,26.200000000000003,25.4,27.200000000000003,4.96,2.0,4.97,0.16,0.0,0.0,1027.0,8228.0,0.0,0.0,0.0,0.0,0.0,1.0,0.0,0.0,0.0,0.0,0.0,-0.3,0.0,0.4,0.0,0.0003,16.0,25903.0
2026-07-21T18:12:17.762Z,10.046,976.248,0.0,0.0,0.0,0.0,2048.0,0.0,0.0,0.0,0.0,1.0,0.0,0.0,0.0,0.0,9.0,7.0,1.0,0.0,0.0,0.0,0.0,0.0,0.0,0.0,5.0,12.0,1.0,12.17,5.0200000000000005,2.51,1.49,0.0,0.0,0.0,0.4,0.0,0.2,0.0,-0.1,-64.0,0.0,0.0,64.0,0.0,22.4,26.3,26.200000000000003,26.6,300.0,300.0,28.9,33.0,26.200000000000003,25.4,27.200000000000003,4.95,2.0,4.97,0.16,0.0,0.0,1027.0,8228.0,0.0,0.0,0.0,0.0,0.0,1.0,0.0,0.0,0.0,0.0,0.0,0.0,0.0,-0.1,0.0,0.0001,16.0,25903.0
2026-07-21T18:12:17.774Z,10.058,976.26,0.0,0.0,0.0,0.0,2048.0,0.0,0.0,0.0,0.0,1.0,0.0,0.0,0.0,0.0,9.0,7.0,1.0,0.0,0.0,0.0,0.0,0.0,0.0,0.0,1.0,12.0,1.0,12.17,5.0200000000000005,2.51,1.49,0.0,0.0,0.0,0.4,0.0,-0.3,-0.5,-1.2000000000000002,-64.0,0.0,0.0,64.0,0.0,22.4,26.3,26.200000000000003,26.6,300.0,300.0,28.9,33.0,26.200000000000003,25.4,27.200000000000003,4.96,2.0,4.97,0.16,0.0,0.0,1027.0,8228.0,0.0,0.0,0.0,0.0,0.0,1.0,0.0,0.0,0.0,0.0,0.0,-0.5,0.0,-1.8,0.0,0.0,16.0,25903.0
2026-07-21T18:12:17.786Z,10.07,976.272,0.0,0.0,0.0,0.0,2048.0,0.0,0.0,0.0,0.0,1.0,0.0,0.0,0.0,0.0,9.0,7.0,1.0,0.0,0.0,0.0,0.0,0.0,0.0,0.0,2.0,12.0,1.0,12.17,5.0200000000000005,2.51,1.49,0.0,0.0,0.0,0.4,0.0,-0.3,-1.1,0.4,-64.0,0.0,0.0,64.0,0.0,22.4,26.3,26.200000000000003,26.6,300.0,300.0,28.9,33.0,26.200000000000003,25.4,27.200000000000003,4.96,2.0,4.96,0.16,0.0,0.0,1027.0,8228.0,0.0,0.0,0.0,0.0,0.0,1.0,0.0,0.0,0.0,0.0,0.0,0.8,0.0,-0.7000000000000001,0.0,0.0,16.0,25903.0
2026-07-21T18:12:17.798Z,10.082,976.284,0.0,0.0,0.0,0.0,2048.0,0.0,0.0,0.0,0.0,1.0,0.0,0.0,0.0,0.0,9.0,7.0,1.0,0.0,0.0,0.0,0.0,0.0,0.0,0.0,3.0,12.0,1.0,12.18,5.0200000000000005,2.51,1.49,0.0,0.0,0.0,0.4,0.0,-0.3,0.0,-0.7000000000000001,-64.0,0.0,0.0,64.0,0.0,22.700000000000003,26.3,26.200000000000003,26.6,300.0,300.0,28.9,33.0,26.200000000000003,25.4,27.3,4.96,2.0,4.96,0.16,0.0,0.0,1027.0,8228.0,0.0,0.0,0.0,0.0,0.0,1.0,0.0,0.0,0.0,0.0,0.0,-0.4,0.0,-0.6000000000000001,0.0,0.0,16.0,25903.0
2026-07-21T18:12:17.810Z,10.094,976.296,0.0,0.0,0.0,0.0,2048.0,0.0,0.0,0.0,0.0,1.0,0.0,0.0,0.0,0.0,9.0,7.0,1.0,0.0,0.0,0.0,0.0,0.0,0.0,0.0,5.0,12.0,1.0,12.18,5.0200000000000005,2.51,1.49,0.0,0.0,0.0,0.4,0.0,0.2,0.6000000000000001,-0.7000000000000001,-64.0,0.0,0.0,64.0,0.0,22.700000000000003,26.3,26.200000000000003,26.6,300.0,300.0,28.9,33.0,26.200000000000003,25.4,27.3,4.95,2.01,4.96,0.16,0.0,0.0,1027.0,8228.0,0.0,0.0,0.0,0.0,0.0,1.0,0.0,0.0,0.0,0.0,0.0,-0.7000000000000001,0.0,0.0,0.0,0.0,16.0,25903.0
2026-07-21T18:12:17.822Z,10.106,976.308,0.0,0.0,0.0,0.0,2048.0,0.0,0.0,0.0,0.0,1.0,0.0,0.0,0.0,0.0,9.0,7.0,1.0,0.0,0.0,0.0,0.0,0.0,0.0,0.0,6.0,12.0,1.0,12.18,5.0200000000000005,2.51,1.49,0.0,0.0,0.0,0.4,0.0,0.2,0.0,1.0,-64.0,0.0,0.0,64.2,0.0,22.700000000000003,26.3,26.200000000000003,26.6,300.0,300.0,28.9,33.0,26.200000000000003,25.4,27.3,4.96,2.01,4.96,0.16,0.0,0.0,1027.0,8228.0,0.0,0.0,0.0,0.0,0.0,1.0,0.0,0.0,0.0,0.0,0.0,0.6000000000000001,0.0,0.9,0.0,0.0,16.0,25903.0
2026-07-21T18:12:17.834Z,10.118,976.32,0.0,0.0,0.0,0.0,2048.0,0.0,0.0,0.0,0.0,1.0,0.0,0.0,0.0,0.0,9.0,7.0,1.0,0.0,0.0,0.0,0.0,0.0,0.0,0.0,1.0,12.0,1.0,12.18,5.0200000000000005,2.51,1.49,0.0,0.0,0.0,0.4,0.0,0.2,-0.5,-1.3,-64.0,0.0,0.0,64.2,0.0,22.700000000000003,26.3,26.200000000000003,26.6,300.0,300.0,28.9,33.0,26.200000000000003,25.4,27.3,4.95,2.0,4.96,0.16,0.0,0.0,1027.0,8228.0,0.0,0.0,0.0,0.0,0.0,1.0,0.0,0.0,0.0,0.0,0.0,-0.5,0.0,-1.8,0.0,0.0003,16.0,25903.0
2026-07-21T18:12:17.846Z,10.13,976.332,0.0,0.0,0.0,0.0,2048.0,0.0,0.0,0.0,0.0,1.0,0.0,0.0,0.0,0.0,9.0,7.0,1.0,0.0,0.0,0.0,0.0,0.0,0.0,0.0,2.0,12.0,1.0,12.18,5.0200000000000005,2.51,1.49,0.0,0.0,0.0,0.4,0.0,-0.3,-0.5,-1.3,-64.0,0.0,0.0,64.0,0.0,22.700000000000003,26.3,26.200000000000003,26.6,300.0,300.0,28.9,33.0,26.200000000000003,25.4,27.3,4.95,2.0,4.96,0.16,0.0,0.0,1027.0,8228.0,0.0,0.0,0.0,0.0,0.0,1.0,0.0,0.0,0.0,0.0,0.0,-0.5,0.0,-1.8,0.0,0.0,16.0,25903.0
2026-07-21T18:12:17.858Z,10.142,976.344,0.0,0.0,0.0,0.0,2048.0,0.0,0.0,0.0,0.0,1.0,0.0,0.0,0.0,0.0,9.0,7.0,1.0,0.0,0.0,0.0,0.0,0.0,0.0,0.0,3.0,12.0,1.0,12.18,5.0200000000000005,2.51,1.49,0.0,0.0,0.0,0.4,0.0,0.2,0.0,-0.1,-64.0,0.0,0.0,64.0,0.0,22.700000000000003,26.3,26.200000000000003,26.6,300.0,300.0,28.9,33.0,26.200000000000003,25.4,27.3,4.95,2.0,4.96,0.16,0.0,0.0,1027.0,8228.0,0.0,0.0,0.0,0.0,0.0,1.0,0.0,0.0,0.0,0.0,0.0,0.0,0.0,0.0,0.0,0.0003,16.0,25903.0
2026-07-21T18:12:17.870Z,10.154,976.356,0.0,0.0,0.0,0.0,2048.0,0.0,0.0,0.0,0.0,1.0,0.0,0.0,0.0,0.0,9.0,7.0,1.0,0.0,0.0,0.0,0.0,0.0,0.0,0.0,4.0,12.0,1.0,12.18,5.0200000000000005,2.51,1.49,0.0,0.0,0.0,0.4,0.0,0.2,-1.1,-0.6000000000000001,-64.0,0.0,0.0,64.0,0.0,22.700000000000003,26.3,26.200000000000003,26.6,300.0,300.0,28.9,33.0,26.200000000000003,25.4,27.3,4.96,2.0,4.96,0.16,0.0,0.0,1027.0,8228.0,0.0,0.0,0.0,0.0,0.0,1.0,0.0,0.0,0.0,0.0,0.0,0.1,0.0,-1.7000000000000002,0.0,0.0001,16.0,25903.0
2026-07-21T18:12:17.882Z,10.166,976.368,0.0,0.0,0.0,0.0,2048.0,0.0,0.0,0.0,0.0,1.0,0.0,0.0,0.0,0.0,9.0,7.0,1.0,0.0,0.0,0.0,0.0,0.0,0.0,0.0,6.0,12.0,1.0,12.18,5.0200000000000005,2.51,1.49,0.0,0.0,0.0,0.4,0.0,1.4,0.6000000000000001,2.2,-64.0,0.0,0.0,64.0,0.0,22.700000000000003,26.3,26.200000000000003,26.6,300.0,300.0,28.9,33.0,26.200000000000003,25.4,27.3,4.95,2.0,4.97,0.16,0.0,0.0,1027.0,8228.0,0.0,0.0,0.0,0.0,0.0,1.0,0.0,0.0,0.0,0.0,0.0,1.1,0.0,2.8000000000000003,0.0,0.0,16.0,25903.0
2026-07-21T18:12:17.894Z,10.178,976.38,0.0,0.0,0.0,0.0,2048.0,0.0,0.0,0.0,0.0,1.0,0.0,0.0,0.0,0.0,9.0,7.0,1.0,0.0,0.0,0.0,0.0,0.0,0.0,0.0,1.0,12.0,1.0,12.17,5.0200000000000005,2.5,1.5,0.0,0.0,0.0,0.4,0.0,0.3,1.2000000000000002,-1.2000000000000002,-64.0,0.0,0.0,64.0,0.0,22.200000000000003,26.3,26.200000000000003,26.6,300.0,300.0,28.9,33.0,26.200000000000003,25.4,27.3,4.95,2.0,4.96,0.16,0.0,0.0,1027.0,8228.0,0.0,0.0,0.0,0.0,0.0,1.0,0.0,0.0,0.0,0.0,0.0,-1.4,0.0,0.0,0.0,0.0,16.0,25903.0
2026-07-21T18:12:17.906Z,10.19,976.392,0.0,0.0,0.0,0.0,2048.0,0.0,0.0,0.0,0.0,1.0,0.0,0.0,0.0,0.0,9.0,7.0,1.0,0.0,0.0,0.0,0.0,0.0,0.0,0.0,2.0,12.0,1.0,12.17,5.0200000000000005,2.5,1.5,0.0,0.0,0.0,0.4,0.0,-0.2,0.0,-0.6000000000000001,-64.0,0.0,0.0,64.0,0.0,22.200000000000003,26.3,26.200000000000003,26.6,300.0,300.0,28.9,33.0,26.200000000000003,25.4,27.3,4.95,2.0,4.96,0.16,0.0,0.0,1027.0,8228.0,0.0,0.0,0.0,0.0,0.0,1.0,0.0,0.0,0.0,0.0,0.0,-0.4,0.0,-0.5,0.0,0.0,16.0,25903.0
2026-07-21T18:12:17.918Z,10.202,976.404,0.0,0.0,0.0,0.0,2048.0,0.0,0.0,0.0,0.0,1.0,0.0,0.0,0.0,0.0,9.0,7.0,1.0,0.0,0.0,0.0,0.0,0.0,0.0,0.0,3.0,12.0,1.0,12.17,5.0200000000000005,2.5,1.5,0.0,0.0,0.0,0.4,0.0,0.3,-0.5,0.5,-64.0,0.0,0.0,64.2,0.0,22.200000000000003,26.3,26.200000000000003,26.6,300.0,300.0,28.9,33.0,26.200000000000003,25.4,27.3,4.95,2.0,4.96,0.16,0.0,0.0,1027.0,8228.0,0.0,0.0,0.0,0.0,0.0,1.0,0.0,0.0,0.0,0.0,0.0,0.6000000000000001,0.0,0.0,0.0,0.0,16.0,25903.0
2026-07-21T18:12:17.930Z,10.214,976.416,0.0,0.0,0.0,0.0,2048.0,0.0,0.0,0.0,0.0,1.0,0.0,0.0,0.0,0.0,9.0,7.0,1.0,0.0,0.0,0.0,0.0,0.0,0.0,0.0,4.0,12.0,1.0,12.17,5.0200000000000005,2.5,1.5,0.0,0.0,0.0,0.5,0.0,0.2,-0.4,0.0,-64.0,0.0,0.0,64.10000000000001,0.0,22.200000000000003,26.3,26.200000000000003,26.6,300.0,300.0,28.9,33.0,26.200000000000003,25.4,27.3,4.95,2.0,4.97,0.16,0.0,0.0,1027.0,8228.0,0.0,0.0,0.0,0.0,0.0,1.0,0.0,0.0,0.0,0.0,0.0,0.2,0.0,-0.4,0.0,0.0003,16.0,25903.0
2026-07-21T18:12:17.942Z,10.226,976.428,0.0,0.0,0.0,0.0,2048.0,0.0,0.0,0.0,0.0,1.0,0.0,0.0,0.0,0.0,9.0,7.0,1.0,0.0,0.0,0.0,0.0,0.0,0.0,0.0,5.0,12.0,1.0,12.17,5.0200000000000005,2.5,1.5,0.0,0.0,0.0,0.4,0.0,-0.2,-0.5,0.0,-64.0,0.0,0.0,64.0,0.0,22.200000000000003,26.3,26.200000000000003,26.6,300.0,300.0,28.9,33.0,26.200000000000003,25.4,27.3,4.95,2.0,4.96,0.16,0.0,0.0,1027.0,8228.0,0.0,0.0,0.0,0.0,0.0,1.0,0.0,0.0,0.0,0.0,0.0,0.2,0.0,-0.4,0.0,0.0001,16.0,25903.0
2026-07-21T18:12:17.954Z,10.238,976.44,0.0,0.0,0.0,0.0,2048.0,0.0,0.0,0.0,0.0,1.0,0.0,0.0,0.0,0.0,9.0,7.0,1.0,0.0,0.0,0.0,0.0,0.0,0.0,0.0,6.0,12.0,1.0,12.17,5.0200000000000005,2.5,1.5,0.0,0.0,0.0,0.4,0.0,0.3,1.2000000000000002,1.7000000000000002,-64.0,0.0,0.0,64.0,0.0,22.200000000000003,26.3,26.200000000000003,26.6,300.0,300.0,28.9,33.0,26.200000000000003,25.4,27.3,4.95,2.0,4.96,0.16,0.0,0.0,1027.0,8228.0,0.0,0.0,0.0,0.0,0.0,1.0,0.0,0.0,0.0,0.0,0.0,0.5,0.0,2.9000000000000004,0.0,0.0002,16.0,25903.0
2026-07-21T18:12:17.966Z,10.25,976.452,0.0,0.0,0.0,0.0,2048.0,0.0,0.0,0.0,0.0,1.0,0.0,0.0,0.0,0.0,9.0,7.0,1.0,0.0,0.0,0.0,0.0,0.0,0.0,0.0,1.0,12.0,1.0,12.17,5.0200000000000005,2.5,1.5,0.1,0.0,0.0,0.4,0.0,0.9,0.6000000000000001,0.0,-64.0,0.0,0.0,64.0,0.0,22.200000000000003,26.3,26.200000000000003,26.6,300.0,300.0,28.9,33.0,26.200000000000003,25.4,27.3,4.95,2.0,4.97,0.16,0.0,0.0,1027.0,8228.0,0.0,0.0,0.0,0.0,0.0,1.0,0.0,0.0,0.0,0.0,0.0,-0.3,0.0,0.6000000000000001,0.0,0.0,16.0,25903.0
2026-07-21T18:12:17.978Z,10.262,976.464,0.0,0.0,0.0,0.0,2048.0,0.0,0.0,0.0,0.0,1.0,0.0,0.0,0.0,0.0,9.0,7.0,1.0,0.0,0.0,0.0,0.0,0.0,0.0,0.0,2.0,12.0,1.0,12.17,5.0200000000000005,2.5,1.5,0.0,0.0,0.0,0.4,0.0,0.3,0.6000000000000001,0.0,-64.0,0.0,0.0,64.0,0.0,22.200000000000003,26.3,26.200000000000003,26.6,300.0,300.0,28.9,33.0,26.200000000000003,25.4,27.3,4.95,2.0,4.97,0.16,0.0,0.0,1027.0,8228.0,0.0,0.0,0.0,0.0,0.0,1.0,0.0,0.0,0.0,0.0,0.0,-0.3,0.0,0.6000000000000001,0.0,0.0,16.0,25903.0
2026-07-21T18:12:17.990Z,10.274,976.476,0.0,0.0,0.0,0.0,2048.0,0.0,0.0,0.0,0.0,1.0,0.0,0.0,0.0,0.0,9.0,7.0,1.0,0.0,0.0,0.0,0.0,0.0,0.0,0.0,3.0,12.0,1.0,12.17,5.0200000000000005,2.5,1.5,0.0,0.0,0.0,0.5,0.0,0.3,0.0,1.1,-64.0,0.0,0.0,64.0,0.0,22.200000000000003,26.3,26.200000000000003,26.6,300.0,300.0,28.9,33.0,26.200000000000003,25.4,27.3,4.95,2.0,4.96,0.16,0.0,0.0,1027.0,8228.0,0.0,0.0,0.0,0.0,0.0,1.0,0.0,0.0,0.0,0.0,0.0,0.7000000000000001,0.0,1.1,0.0,0.0,16.0,25903.0
2026-07-21T18:12:18.002Z,10.286,976.488,0.0,0.0,0.0,0.0,2048.0,0.0,0.0,0.0,0.0,1.0,0.0,0.0,0.0,0.0,9.0,7.0,1.0,0.0,0.0,0.0,0.0,0.0,0.0,0.0,4.0,12.0,1.0,12.15,5.0200000000000005,2.5,1.49,0.0,0.0,0.0,0.4,0.0,-0.2,-1.1,0.0,-64.0,0.0,0.0,64.2,0.0,22.700000000000003,26.3,26.200000000000003,26.5,300.0,300.0,28.9,33.0,26.200000000000003,25.4,27.3,4.95,2.0,4.96,0.16,0.0,0.0,1027.0,8228.0,0.0,0.0,0.0,0.0,0.0,1.0,0.0,0.0,0.0,0.0,0.0,0.5,0.0,-1.1,0.0,0.0,16.0,25903.0
2026-07-21T18:12:18.013Z,10.297,976.5,0.0,0.0,0.0,0.0,2048.0,0.0,0.0,0.0,0.0,1.0,0.0,0.0,0.0,0.0,9.0,7.0,1.0,0.0,0.0,0.0,0.0,0.0,0.0,0.0,5.0,12.0,1.0,12.15,5.0200000000000005,2.5,1.49,0.0,0.0,0.0,0.4,0.0,0.2,-0.5,-0.6000000000000001,-64.0,0.0,0.0,64.2,0.0,22.700000000000003,26.3,26.200000000000003,26.5,300.0,300.0,28.9,33.0,26.200000000000003,25.4,27.3,4.95,2.0,4.97,0.16,0.0,0.0,1027.0,8228.0,0.0,0.0,0.0,0.0,0.0,1.0,0.0,0.0,0.0,0.0,0.0,-0.1,0.0,-1.1,0.0,0.0002,16.0,25903.0
2026-07-21T18:12:18.026Z,10.31,976.512,0.0,0.0,0.0,0.0,2048.0,0.0,0.0,0.0,0.0,1.0,0.0,0.0,0.0,0.0,9.0,7.0,1.0,0.0,0.0,0.0,0.0,0.0,0.0,0.0,1.0,12.0,1.0,12.15,5.0200000000000005,2.5,1.49,0.0,0.0,0.0,0.4,0.0,-0.3,-1.1,-0.6000000000000001,-64.0,0.0,0.0,64.2,0.0,22.700000000000003,26.3,26.200000000000003,26.5,300.0,300.0,28.9,33.0,26.200000000000003,25.4,27.3,4.96,2.0,4.96,0.16,0.0,0.0,1027.0,8228.0,0.0,0.0,0.0,0.0,0.0,1.0,0.0,0.0,0.0,0.0,0.0,0.1,0.0,-1.7000000000000002,0.0,0.0002,16.0,25903.0
2026-07-21T18:12:18.038Z,10.322,976.524,0.0,0.0,0.0,0.0,2048.0,0.0,0.0,0.0,0.0,1.0,0.0,0.0,0.0,0.0,9.0,7.0,1.0,0.0,0.0,0.0,0.0,0.0,0.0,0.0,1.0,12.0,1.0,12.15,5.0200000000000005,2.5,1.49,0.0,0.0,0.0,0.4,0.0,0.2,1.1,1.1,-64.0,0.0,0.0,64.0,0.0,22.700000000000003,26.3,26.200000000000003,26.5,300.0,300.0,28.9,33.0,26.200000000000003,25.4,27.3,4.96,2.0,4.97,0.16,0.0,0.0,1027.0,8228.0,0.0,0.0,0.0,0.0,0.0,1.0,0.0,0.0,0.0,0.0,0.0,0.1,0.0,2.3000000000000003,0.0,0.0,16.0,25903.0
2026-07-21T18:12:18.050Z,10.334,976.536,0.0,0.0,0.0,0.0,2048.0,0.0,0.0,0.0,0.0,1.0,0.0,0.0,0.0,0.0,9.0,7.0,1.0,0.0,0.0,0.0,0.0,0.0,0.0,0.0,2.0,12.0,1.0,12.15,5.0200000000000005,2.5,1.49,0.0,0.0,0.0,0.4,0.0,-0.8,0.0,0.5,-64.0,0.0,0.0,64.0,0.0,22.700000000000003,26.3,26.200000000000003,26.5,300.0,300.0,28.9,33.0,26.200000000000003,25.4,27.3,4.95,2.0,4.97,0.16,0.0,0.0,1027.0,8228.0,0.0,0.0,0.0,0.0,0.0,1.0,0.0,0.0,0.0,0.0,0.0,0.3,0.0,0.5,0.0,0.0003,16.0,25903.0
2026-07-21T18:12:18.062Z,10.346,976.548,0.0,0.0,0.0,0.0,2048.0,0.0,0.0,0.0,0.0,1.0,0.0,0.0,0.0,0.0,9.0,7.0,1.0,0.0,0.0,0.0,0.0,0.0,0.0,0.0,3.0,12.0,1.0,12.15,5.0200000000000005,2.5,1.49,0.0,0.0,0.0,0.4,0.0,-0.2,-0.5,2.2,-64.0,0.0,0.0,64.0,0.0,22.700000000000003,26.3,26.200000000000003,26.5,300.0,300.0,28.9,33.0,26.200000000000003,25.4,27.3,4.96,2.0,4.96,0.16,0.0,0.0,1027.0,8228.0,0.0,0.0,0.0,0.0,0.0,1.0,0.0,0.0,0.0,0.0,0.0,1.7000000000000002,0.0,1.6,0.0,0.0002,16.0,25903.0
2026-07-21T18:12:18.074Z,10.358,976.56,0.0,0.0,0.0,0.0,2048.0,0.0,0.0,0.0,0.0,1.0,0.0,0.0,0.0,0.0,9.0,7.0,1.0,0.0,0.0,0.0,0.0,0.0,0.0,0.0,4.0,12.0,1.0,12.15,5.0200000000000005,2.5,1.49,0.0,0.0,0.0,0.4,0.0,0.3,-0.5,-0.6000000000000001,-64.0,0.0,0.0,64.0,0.0,22.700000000000003,26.3,26.200000000000003,26.5,300.0,300.0,28.9,33.0,26.200000000000003,25.4,27.3,4.95,2.01,4.96,0.16,0.0,0.0,1027.0,8228.0,0.0,0.0,0.0,0.0,0.0,1.0,0.0,0.0,0.0,0.0,0.0,-0.1,0.0,-1.2000000000000002,0.0,0.0,16.0,25903.0
2026-07-21T18:12:18.086Z,10.37,976.572,0.0,0.0,0.0,0.0,2048.0,0.0,0.0,0.0,0.0,1.0,0.0,0.0,0.0,0.0,9.0,7.0,1.0,0.0,0.0,0.0,0.0,0.0,0.0,0.0,5.0,12.0,1.0,12.15,5.0200000000000005,2.5,1.49,0.0,0.0,0.0,0.4,0.0,-0.3,-0.5,0.0,-64.0,0.0,0.0,64.0,0.0,22.700000000000003,26.3,26.200000000000003,26.5,300.0,300.0,28.9,33.0,26.200000000000003,25.4,27.3,4.95,2.0,4.97,0.16,0.0,0.0,1027.0,8228.0,0.0,0.0,0.0,0.0,0.0,1.0,0.0,0.0,0.0,0.0,0.0,0.2,0.0,-0.6000000000000001,0.0,0.0,16.0,25903.0
2026-07-21T18:12:18.098Z,10.382,976.584,0.0,0.0,0.0,0.0,2048.0,0.0,0.0,0.0,0.0,1.0,0.0,0.0,0.0,0.0,9.0,7.0,1.0,0.0,0.0,0.0,0.0,0.0,0.0,0.0,6.0,12.0,1.0,12.15,5.0200000000000005,2.51,1.5,0.0,0.0,0.0,0.4,0.0,0.2,0.0,0.0,-64.0,0.0,0.0,64.0,0.0,22.4,26.3,26.200000000000003,26.5,300.0,300.0,28.9,33.0,26.200000000000003,25.4,27.3,4.95,2.01,4.97,0.16,0.0,0.0,1027.0,8228.0,0.0,0.0,0.0,0.0,0.0,1.0,0.0,0.0,0.0,0.0,0.0,0.0,0.0,0.0,0.0,0.0,16.0,25903.0
2026-07-21T18:12:18.110Z,10.394,976.596,0.0,0.0,0.0,0.0,2048.0,0.0,0.0,0.0,0.0,1.0,0.0,0.0,0.0,0.0,9.0,7.0,1.0,0.0,0.0,0.0,0.0,0.0,0.0,0.0,6.0,12.0,1.0,12.15,5.0200000000000005,2.51,1.5,0.0,0.1,0.0,0.4,0.0,0.1,-1.2000000000000002,-0.6000000000000001,-64.0,0.0,0.0,64.10000000000001,0.0,22.4,26.3,26.200000000000003,26.5,300.0,300.0,28.9,33.0,26.200000000000003,25.4,27.3,4.95,2.01,4.96,0.16,0.0,0.0,1027.0,8228.0,0.0,0.0,0.0,0.0,0.0,1.0,0.0,0.0,0.0,0.0,0.0,0.1,0.0,-1.8,0.0,0.0,16.0,25903.0
2026-07-21T18:12:18.122Z,10.406,976.608,0.0,0.0,0.0,0.0,2048.0,0.0,0.0,0.0,0.0,1.0,0.0,0.0,0.0,0.0,9.0,7.0,1.0,0.0,0.0,0.0,0.0,0.0,0.0,0.0,2.0,12.0,1.0,12.15,5.0200000000000005,2.51,1.5,0.0,0.1,0.0,0.5,0.0,0.2,-1.2000000000000002,-0.6000000000000001,-64.0,0.0,0.0,64.2,0.0,22.4,26.3,26.200000000000003,26.5,300.0,300.0,28.9,33.0,26.200000000000003,25.4,27.3,4.95,2.0,4.97,0.16,0.0,0.0,1027.0,8228.0,0.0,0.0,0.0,0.0,0.0,1.0,0.0,0.0,0.0,0.0,0.0,0.1,0.0,-0.7000000000000001,0.0,0.0002,16.0,25903.0
2026-07-21T18:12:18.134Z,10.418,976.62,0.0,0.0,0.0,0.0,2048.0,0.0,0.0,0.0,0.0,1.0,0.0,0.0,0.0,0.0,9.0,7.0,1.0,0.0,0.0,0.0,0.0,0.0,0.0,0.0,3.0,12.0,1.0,12.15,5.0200000000000005,2.51,1.5,0.0,0.0,0.0,0.4,0.0,0.8,0.5,0.5,-64.0,0.0,0.0,64.0,0.0,22.4,26.3,26.200000000000003,26.5,300.0,300.0,28.9,33.0,26.200000000000003,25.4,27.3,4.95,2.0,4.96,0.16,0.0,0.0,1027.0,8228.0,0.0,0.0,0.0,0.0,0.0,1.0,0.0,0.0,0.0,0.0,0.0,-0.2,0.0,1.6,0.0,0.0002,16.0,25903.0
2026-07-21T18:12:18.146Z,10.43,976.632,0.0,0.0,0.0,0.0,2048.0,0.0,0.0,0.0,0.0,1.0,0.0,0.0,0.0,0.0,9.0,7.0,1.0,0.0,0.0,0.0,0.0,0.0,0.0,0.0,4.0,12.0,1.0,12.15,5.0200000000000005,2.51,1.5,0.0,0.0,0.0,0.4,0.0,0.2,0.5,-0.1,-64.0,0.0,0.0,64.0,0.0,22.4,26.3,26.200000000000003,26.5,300.0,300.0,28.9,33.0,26.200000000000003,25.4,27.3,4.95,2.0,4.96,0.16,0.0,0.0,1027.0,8228.0,0.0,0.0,0.0,0.0,0.0,1.0,0.0,0.0,0.0,0.0,0.0,-1.5,0.0,-2.3000000000000003,0.0,0.0002,16.0,25903.0
2026-07-21T18:12:18.158Z,10.442,976.644,0.0,0.0,0.0,0.0,2048.0,0.0,0.0,0.0,0.0,1.0,0.0,0.0,0.0,0.0,9.0,7.0,1.0,0.0,0.0,0.0,0.0,0.0,0.0,0.0,5.0,12.0,1.0,12.15,5.0200000000000005,2.51,1.5,0.0,0.0,0.0,0.4,0.0,-0.3,-0.6000000000000001,-0.6000000000000001,-64.0,0.0,0.0,64.0,0.0,22.4,26.3,26.200000000000003,26.5,300.0,300.0,28.9,33.0,26.200000000000003,25.4,27.3,4.95,2.0,4.97,0.16,0.0,0.0,1027.0,8228.0,0.0,0.0,0.0,0.0,0.0,1.0,0.0,0.0,0.0,0.0,0.0,0.0,0.0,1.0,0.0,0.0002,16.0,25903.0
2026-07-21T18:12:18.171Z,10.455,976.656,0.0,0.0,0.0,0.0,2048.0,0.0,0.0,0.0,0.0,1.0,0.0,0.0,0.0,0.0,9.0,7.0,1.0,0.0,0.0,0.0,0.0,0.0,0.0,0.0,6.0,12.0,1.0,12.15,5.0200000000000005,2.51,1.5,0.0,0.0,0.0,0.4,0.0,0.1,-0.5,1.0,-64.0,0.0,0.0,64.0,0.0,22.4,26.3,26.200000000000003,26.5,300.0,300.0,28.9,33.0,26.200000000000003,25.4,27.3,4.95,2.0,4.96,0.16,0.0,0.0,1027.0,8228.0,0.0,0.0,0.0,0.0,0.0,1.0,0.0,0.0,0.0,0.0,0.0,0.0,0.0,-0.1,0.0,0.0,16.0,25903.0
2026-07-21T18:12:18.182Z,10.466,976.668,0.0,0.0,0.0,0.0,2048.0,0.0,0.0,0.0,0.0,1.0,0.0,0.0,0.0,0.0,9.0,7.0,1.0,0.0,0.0,0.0,0.0,0.0,0.0,0.0,6.0,12.0,1.0,12.15,5.0200000000000005,2.51,1.5,0.0,0.0,0.0,0.4,0.0,-0.9,0.0,1.0,-64.0,0.0,0.0,64.0,0.0,22.4,26.3,26.200000000000003,26.5,300.0,300.0,28.9,33.0,26.200000000000003,25.4,27.3,4.95,2.01,4.96,0.16,0.0,0.0,1027.0,8228.0,0.0,0.0,0.0,0.0,0.0,1.0,0.0,0.0,0.0,0.0,0.0,-0.1,0.0,-1.2000000000000002,0.0,0.0,16.0,25903.0
2026-07-21T18:12:18.194Z,10.478,976.68,0.0,0.0,0.0,0.0,2048.0,0.0,0.0,0.0,0.0,1.0,0.0,0.0,0.0,0.0,9.0,7.0,1.0,0.0,0.0,0.0,0.0,0.0,0.0,0.0,2.0,12.0,1.0,12.15,5.0200000000000005,2.51,1.5,0.0,0.0,0.0,0.4,0.0,0.7000000000000001,0.0,0.4,-64.0,0.0,0.0,64.0,0.0,22.4,26.3,26.200000000000003,26.5,300.0,300.0,28.9,33.0,26.200000000000003,25.4,27.3,4.96,2.0,4.96,0.16,0.0,0.0,1027.0,8228.0,0.0,0.0,0.0,0.0,0.0,1.0,0.0,0.0,0.0,0.0,0.0,0.6000000000000001,0.0,-0.1,0.0,0.0,16.0,25903.0
2026-07-21T18:12:18.206Z,10.49,976.692,0.0,0.0,0.0,0.0,2048.0,0.0,0.0,0.0,0.0,1.0,0.0,0.0,0.0,0.0,9.0,7.0,1.0,0.0,0.0,0.0,0.0,0.0,0.0,0.0,3.0,12.0,1.0,12.17,5.01,2.51,1.5,0.0,0.0,0.0,0.4,0.0,-0.4,-1.1,-1.2000000000000002,-64.0,0.0,0.0,64.10000000000001,0.0,22.6,26.3,26.200000000000003,26.6,300.0,300.0,29.0,33.0,26.200000000000003,25.4,27.3,4.95,2.0,4.97,0.17,0.0,0.0,1027.0,8228.0,0.0,0.0,0.0,0.0,0.0,1.0,0.0,0.0,0.0,0.0,0.0,-0.2,0.0,-2.3000000000000003,0.0,0.0,16.0,25903.0
2026-07-21T18:12:18.218Z,10.502,976.704,0.0,0.0,0.0,0.0,2048.0,0.0,0.0,0.0,0.0,1.0,0.0,0.0,0.0,0.0,9.0,7.0,1.0,0.0,0.0,0.0,0.0,0.0,0.0,0.0,4.0,12.0,1.0,12.17,5.01,2.51,1.5,0.0,0.0,0.0,0.5,0.0,-0.4,-0.5,0.5,-64.0,0.0,0.0,64.2,0.0,22.6,26.3,26.200000000000003,26.6,300.0,300.0,29.0,33.0,26.200000000000003,25.4,27.3,4.96,2.0,4.96,0.17,0.0,0.0,1027.0,8228.0,0.0,0.0,0.0,0.0,0.0,1.0,0.0,0.0,0.0,0.0,0.0,0.6000000000000001,0.0,0.0,0.0,0.0001,16.0,25903.0
2026-07-21T18:12:18.230Z,10.514,976.716,0.0,0.0,0.0,0.0,2048.0,0.0,0.0,0.0,0.0,0.0,0.0,0.0,0.0,0.0,9.0,7.0,1.0,0.0,0.0,0.0,0.0,0.0,0.0,0.0,5.0,12.0,1.0,12.17,5.01,2.51,1.5,0.0,0.0,0.0,0.4,0.0,-0.4,0.5,0.0,-64.0,0.0,0.0,64.2,0.0,22.6,26.3,26.200000000000003,26.6,300.0,300.0,29.0,33.0,26.200000000000003,25.4,27.3,4.96,2.01,4.96,0.16,0.0,0.0,1027.0,8228.0,0.0,0.0,0.0,0.0,0.0,1.0,0.0,0.0,0.0,0.0,0.0,0.7000000000000001,0.0,1.1,0.0,0.0002,16.0,25903.0
2026-07-21T18:12:18.242Z,10.526,976.728,0.0,0.0,0.0,0.0,2048.0,0.0,0.0,0.0,0.0,0.0,0.0,0.0,0.0,0.0,9.0,7.0,1.0,0.0,0.0,0.0,0.0,0.0,0.0,0.0,6.0,12.0,1.0,12.17,5.01,2.51,1.5,0.0,0.0,0.0,0.4,0.0,-0.4,0.0,0.0,-64.0,0.0,0.0,64.0,0.0,22.6,26.3,26.200000000000003,26.6,300.0,300.0,29.0,33.0,26.200000000000003,25.4,27.3,4.95,2.0,4.96,0.16,0.0,0.0,1027.0,8228.0,0.0,0.0,0.0,0.0,0.0,1.0,0.0,0.0,0.0,0.0,0.0,-0.1,0.0,-1.1,0.0,0.0,16.0,25903.0
2026-07-21T18:12:18.254Z,10.538,976.74,0.0,0.0,0.0,0.0,2048.0,0.0,0.0,0.0,0.0,0.0,0.0,0.0,0.0,0.0,9.0,7.0,1.0,0.0,0.0,0.0,0.0,0.0,0.0,0.0,1.0,12.0,1.0,12.17,5.01,2.51,1.5,0.0,0.0,0.0,0.4,0.0,0.1,0.6000000000000001,-0.6000000000000001,-64.0,0.0,0.0,64.0,0.0,22.6,26.3,26.200000000000003,26.6,300.0,300.0,29.0,33.0,26.200000000000003,25.4,27.3,4.95,2.0,4.97,0.16,0.0,0.0,1027.0,8228.0,0.0,0.0,0.0,0.0,0.0,1.0,0.0,0.0,0.0,0.0,0.0,0.9,0.0,0.5,0.0,0.0002,16.0,25903.0
2026-07-21T18:12:18.266Z,10.55,976.752,0.0,0.0,0.0,0.0,2048.0,0.0,0.0,0.0,0.0,0.0,0.0,0.0,0.0,0.0,9.0,7.0,1.0,0.0,0.0,0.0,0.0,0.0,0.0,0.0,2.0,12.0,1.0,12.17,5.01,2.51,1.5,0.0,0.0,0.0,0.4,0.0,-0.4,0.0,-1.2000000000000002,-64.0,0.0,0.0,64.0,0.0,22.6,26.3,26.200000000000003,26.6,300.0,300.0,29.0,33.0,26.200000000000003,25.4,27.3,4.95,2.0,4.96,0.16,0.0,0.0,1027.0,8228.0,0.0,0.0,0.0,0.0,0.0,1.0,0.0,0.0,0.0,0.0,0.0,0.3,0.0,1.7000000000000002,0.0,0.0002,16.0,25903.0
2026-07-21T18:12:18.278Z,10.562,976.764,0.0,0.0,0.0,0.0,2048.0,0.0,0.0,0.0,0.0,0.0,0.0,0.0,0.0,0.0,9.0,7.0,1.0,0.0,0.0,0.0,0.0,0.0,0.0,0.0,3.0,12.0,1.0,12.17,5.01,2.51,1.5,0.0,0.0,0.0,0.4,0.0,-0.3,1.3,0.0,-64.0,0.0,0.0,64.0,0.0,22.6,26.3,26.200000000000003,26.6,300.0,300.0,29.0,33.0,26.200000000000003,25.4,27.3,4.95,2.0,4.96,0.16,0.0,0.0,1027.0,8228.0,0.0,0.0,0.0,0.0,0.0,1.0,0.0,0.0,0.0,0.0,0.0,0.2,0.0,-0.4,0.0,0.0,16.0,25903.0
2026-07-21T18:12:18.290Z,10.574,976.776,0.0,0.0,0.0,0.0,2048.0,0.0,0.0,0.0,0.0,0.0,0.0,0.0,0.0,0.0,9.0,7.0,1.0,0.0,0.0,0.0,0.0,0.0,0.0,0.0,4.0,12.0,1.0,12.17,5.01,2.51,1.5,0.0,0.0,0.0,0.4,0.0,-0.3,0.1,-0.4,-64.0,0.0,0.0,64.0,0.0,22.6,26.3,26.200000000000003,26.6,300.0,300.0,29.0,33.0,26.200000000000003,25.4,27.3,4.95,2.0,4.96,0.16,0.0,0.0,1027.0,8228.0,0.0,0.0,0.0,0.0,0.0,1.0,0.0,0.0,0.0,0.0,0.0,0.6000000000000001,0.0,0.2,0.0,0.0,16.0,25903.0
2026-07-21T18:12:18.302Z,10.586,976.788,0.0,0.0,0.0,0.0,2048.0,0.0,0.0,0.0,0.0,0.0,0.0,0.0,0.0,0.0,9.0,7.0,1.0,0.0,0.0,0.0,0.0,0.0,0.0,0.0,5.0,12.0,1.0,12.18,5.0200000000000005,2.5,1.49,0.0,0.0,0.0,0.4,0.0,-0.8,0.2,1.8,-64.0,0.0,0.0,64.0,0.0,22.3,26.3,26.200000000000003,26.6,300.0,300.0,29.1,33.0,26.200000000000003,25.4,27.3,4.96,2.0,4.97,0.16,0.0,0.0,1027.0,8228.0,0.0,0.0,0.0,0.0,0.0,1.0,0.0,0.0,0.0,0.0,0.0,0.2,0.0,-0.2,0.0,0.0,16.0,25903.0
2026-07-21T18:12:18.314Z,10.598,976.8,0.0,0.0,0.0,0.0,2048.0,0.0,0.0,0.0,0.0,0.0,0.0,0.0,0.0,0.0,9.0,7.0,1.0,0.0,0.0,0.0,0.0,0.0,0.0,0.0,6.0,12.0,1.0,12.18,5.0200000000000005,2.5,1.49,0.0,0.0,0.0,0.4,0.0,0.3,-0.3,-0.4,-64.0,0.0,0.0,64.2,0.0,22.3,26.3,26.200000000000003,26.6,300.0,300.0,29.1,33.0,26.200000000000003,25.4,27.3,4.95,2.0,4.96,0.16,0.0,0.0,1027.0,8228.0,0.0,0.0,0.0,0.0,0.0,1.0,0.0,0.0,0.0,0.0,0.0,0.7000000000000001,0.0,1.4,0.0,0.0,16.0,25903.0
2026-07-21T18:12:18.326Z,10.61,976.812,0.0,0.0,0.0,0.0,2048.0,0.0,0.0,0.0,0.0,0.0,0.0,0.0,0.0,0.0,9.0,7.0,1.0,0.0,0.0,0.0,0.0,0.0,0.0,0.0,1.0,12.0,1.0,12.18,5.0200000000000005,2.5,1.49,0.0,0.0,0.0,0.4,0.0,0.2,0.1,-0.5,-64.0,0.0,0.0,64.2,0.0,22.3,26.3,26.200000000000003,26.6,300.0,300.0,29.1,33.0,26.200000000000003,25.4,27.3,4.95,2.0,4.97,0.16,0.0,0.0,1027.0,8228.0,0.0,0.0,0.0,0.0,0.0,1.0,0.0,0.0,0.0,0.0,0.0,0.0,0.0,0.2,0.0,0.0004,16.0,25903.0
2026-07-21T18:12:18.338Z,10.622,976.824,0.0,0.0,0.0,0.0,2048.0,0.0,0.0,0.0,0.0,0.0,0.0,0.0,0.0,0.0,9.0,7.0,1.0,0.0,0.0,0.0,0.0,0.0,0.0,0.0,1.0,12.0,1.0,12.18,5.0200000000000005,2.5,1.49,0.0,0.1,0.0,0.4,0.0,0.2,1.3,1.2000000000000002,-64.0,0.0,0.0,64.0,0.0,22.3,26.3,26.200000000000003,26.6,300.0,300.0,29.1,33.0,26.200000000000003,25.4,27.3,4.95,2.01,4.97,0.16,0.0,0.0,1027.0,8228.0,0.0,0.0,0.0,0.0,0.0,1.0,0.0,0.0,0.0,0.0,0.0,-0.7000000000000001,0.0,0.3,0.0,0.0001,16.0,25903.0
2026-07-21T18:12:18.350Z,10.634,976.836,0.0,0.0,0.0,0.0,2048.0,0.0,0.0,0.0,0.0,0.0,0.0,0.0,0.0,0.0,9.0,7.0,1.0,0.0,0.0,0.0,0.0,0.0,0.0,0.0,3.0,12.0,1.0,12.18,5.0200000000000005,2.5,1.49,0.0,0.0,0.0,0.4,0.0,-0.2,0.7000000000000001,0.0,-64.0,0.0,0.0,64.0,0.0,22.3,26.3,26.200000000000003,26.6,300.0,300.0,29.1,33.0,26.200000000000003,25.4,27.3,4.96,2.01,4.96,0.15,0.0,0.0,1027.0,8228.0,0.0,0.0,0.0,0.0,0.0,1.0,0.0,0.0,0.0,0.0,0.0,-0.3,0.0,0.8,0.0,0.0003,16.0,25903.0
2026-07-21T18:12:18.362Z,10.646,976.848,0.0,0.0,0.0,0.0,2048.0,0.0,0.0,0.0,0.0,0.0,0.0,0.0,0.0,0.0,9.0,7.0,1.0,0.0,0.0,0.0,0.0,0.0,0.0,0.0,4.0,12.0,1.0,12.18,5.0200000000000005,2.5,1.49,0.0,0.0,0.0,0.4,0.0,-0.2,-0.3,0.6000000000000001,-64.0,0.0,0.0,64.0,0.0,22.3,26.3,26.200000000000003,26.6,300.0,300.0,29.1,33.0,26.200000000000003,25.4,27.3,4.95,2.0,4.96,0.15,0.0,0.0,1027.0,8228.0,0.0,0.0,0.0,0.0,0.0,1.0,0.0,0.0,0.0,0.0,0.0,0.6000000000000001,0.0,0.2,0.0,0.0001,16.0,25903.0
2026-07-21T18:12:18.374Z,10.658,976.86,0.0,0.0,0.0,0.0,2048.0,0.0,0.0,0.0,0.0,0.0,0.0,0.0,0.0,0.0,9.0,7.0,1.0,0.0,0.0,0.0,0.0,0.0,0.0,0.0,5.0,12.0,1.0,12.18,5.0200000000000005,2.5,1.49,0.0,0.0,0.0,0.4,0.0,0.3,0.1,1.2000000000000002,-64.0,0.0,0.0,64.0,0.0,22.3,26.3,26.200000000000003,26.6,300.0,300.0,29.1,33.0,26.200000000000003,25.4,27.3,4.95,2.0,4.97,0.16,0.0,0.0,1027.0,8228.0,0.0,0.0,0.0,0.0,0.0,1.0,0.0,0.0,0.0,0.0,0.0,0.6000000000000001,0.0,1.3,0.0,0.0,16.0,25903.0
2026-07-21T18:12:18.386Z,10.67,976.872,0.1,0.0,0.0,0.0,2048.0,0.0,0.0,0.0,0.0,0.0,0.0,0.0,0.0,0.0,9.0,7.0,1.0,0.0,0.0,0.0,0.0,0.0,0.0,0.0,6.0,12.0,1.0,12.18,5.0200000000000005,2.5,1.49,0.0,0.0,0.0,0.4,0.0,0.3,0.2,-1.1,-64.0,0.0,0.0,64.0,0.0,22.3,26.3,26.200000000000003,26.6,300.0,300.0,29.1,33.0,26.200000000000003,25.4,27.3,4.96,2.01,4.97,0.16,0.0,0.0,1027.0,8228.0,0.0,0.0,0.0,0.0,0.0,1.0,0.0,0.0,0.0,0.0,0.0,-0.8,0.0,-0.9,0.0,0.0,16.0,25903.0
2026-07-21T18:12:18.398Z,10.682,976.884,0.0,0.0,0.0,0.0,2048.0,0.0,0.0,0.0,0.0,0.0,0.0,0.0,0.0,0.0,9.0,7.0,1.0,0.0,0.0,0.0,0.0,0.0,0.0,0.0,1.0,12.0,1.0,12.18,5.0200000000000005,2.5,1.49,0.0,0.0,0.0,0.4,0.0,-0.2,-0.3,0.5,-64.0,0.0,0.0,64.0,0.0,22.3,26.3,26.200000000000003,26.6,300.0,300.0,29.1,33.0,26.200000000000003,25.4,27.3,4.95,2.01,4.96,0.16,0.0,0.0,1027.0,8228.0,0.0,0.0,0.0,0.0,0.0,1.0,0.0,0.0,0.0,0.0,0.0,0.5,0.0,0.1,0.0,0.0,16.0,25903.0
2026-07-21T18:12:18.410Z,10.694,976.896,0.0,0.0,0.0,0.0,2048.0,0.0,0.0,0.0,0.0,0.0,0.0,0.0,0.0,0.0,9.0,7.0,1.0,0.0,0.0,0.0,0.0,0.0,0.0,0.0,2.0,12.0,1.0,12.17,5.0200000000000005,2.51,1.49,0.0,0.0,0.0,0.4,0.0,0.2,-0.4,0.0,-64.0,0.0,0.0,64.2,0.0,22.3,26.3,26.3,26.6,300.0,300.0,28.9,33.0,26.200000000000003,25.4,27.3,4.95,2.0,4.97,0.16,0.0,0.0,1027.0,8228.0,0.0,0.0,0.0,0.0,0.0,1.0,0.0,0.0,0.0,0.0,0.0,0.1,0.0,-0.4,0.0,0.0,16.0,25903.0
2026-07-21T18:12:18.422Z,10.706,976.908,0.0,0.0,0.0,0.0,2048.0,0.0,0.0,0.0,0.0,0.0,0.0,0.0,0.0,0.0,9.0,7.0,1.0,0.0,0.0,0.0,0.0,0.0,0.0,0.0,3.0,12.0,1.0,12.17,5.0200000000000005,2.51,1.49,0.0,0.0,0.0,0.4,0.0,-0.3,0.1,0.5,-64.0,0.0,0.0,64.2,0.0,22.3,26.3,26.3,26.6,300.0,300.0,28.9,33.0,26.200000000000003,25.4,27.3,4.95,2.01,4.96,0.16,0.0,0.0,1027.0,8228.0,0.0,0.0,0.0,0.0,0.0,1.0,0.0,0.0,0.0,0.0,0.0,0.2,0.0,0.7000000000000001,0.0,0.0004,16.0,25903.0
2026-07-21T18:12:18.434Z,10.718,976.92,0.0,0.0,0.0,0.0,2048.0,0.0,0.0,0.0,0.0,0.0,0.0,0.0,0.0,0.0,9.0,7.0,1.0,0.0,0.0,0.0,0.0,0.0,0.0,0.0,5.0,12.0,1.0,12.17,5.0200000000000005,2.51,1.49,0.0,0.1,0.0,0.4,0.0,-0.3,1.3,1.7000000000000002,-64.0,0.0,0.0,64.0,0.0,22.3,26.3,26.3,26.6,300.0,300.0,28.9,33.0,26.200000000000003,25.4,27.3,4.96,2.0,4.96,0.16,0.0,0.0,1027.0,8228.0,0.0,0.0,0.0,0.0,0.0,1.0,0.0,0.0,0.0,0.0,0.0,0.4,0.0,3.1,0.0,0.0001,16.0,25903.0
2026-07-21T18:12:18.446Z,10.73,976.932,0.0,0.0,0.0,0.0,2048.0,0.0,0.0,0.0,0.0,0.0,0.0,0.0,0.0,0.0,9.0,7.0,1.0,0.0,0.0,0.0,0.0,0.0,0.0,0.0,6.0,12.0,1.0,12.17,5.0200000000000005,2.51,1.49,0.0,0.0,0.0,0.4,0.0,-0.3,0.8,0.0,-64.0,0.0,0.0,64.0,0.0,22.3,26.3,26.3,26.6,300.0,300.0,28.9,33.0,26.200000000000003,25.4,27.3,4.95,2.0,4.97,0.16,0.0,0.0,1027.0,8228.0,0.0,0.0,0.0,0.0,0.0,1.0,0.0,0.0,0.0,0.0,0.0,-0.4,0.0,0.8,0.0,0.0001,16.0,25903.0
2026-07-21T18:12:18.458Z,10.742,976.944,0.1,0.0,0.0,0.0,2048.0,0.0,0.0,0.0,0.0,0.0,0.0,0.0,0.0,0.0,9.0,7.0,1.0,0.0,0.0,0.0,0.0,0.0,0.0,0.0,1.0,12.0,1.0,12.17,5.0200000000000005,2.51,1.49,0.0,0.0,0.0,0.4,0.0,-0.3,-0.3,-0.5,-64.0,0.0,0.0,64.0,0.0,22.3,26.3,26.3,26.6,300.0,300.0,28.9,33.0,26.200000000000003,25.4,27.3,4.95,2.0,4.96,0.16,0.0,0.0,1027.0,8228.0,0.0,0.0,0.0,0.0,0.0,1.0,0.0,0.0,0.0,0.0,0.0,-0.2,0.0,-0.8,0.0,0.0002,16.0,25903.0
2026-07-21T18:12:18.470Z,10.754,976.956,0.1,0.0,0.0,0.0,2048.0,0.0,0.0,0.0,0.0,0.0,0.0,0.0,0.0,0.0,9.0,7.0,1.0,0.0,0.0,0.0,0.0,0.0,0.0,0.0,3.0,12.0,1.0,12.17,5.0200000000000005,2.51,1.49,0.0,0.0,0.0,0.4,0.0,-0.3,0.8,0.6000000000000001,-64.0,0.0,0.0,64.0,0.0,22.3,26.3,26.3,26.6,300.0,300.0,28.9,33.0,26.200000000000003,25.4,27.3,4.95,2.0,4.96,0.16,0.0,0.0,1027.0,8228.0,0.0,0.0,0.0,0.0,0.0,1.0,0.0,0.0,0.0,0.0,0.0,0.0,0.0,1.4,0.0,0.0,16.0,25903.0
2026-07-21T18:12:18.482Z,10.766,976.968,0.1,0.0,0.0,0.0,2048.0,0.0,0.0,0.0,0.0,0.0,0.0,0.0,0.0,0.0,9.0,7.0,1.0,0.0,0.0,0.0,0.0,0.0,0.0,0.0,4.0,12.0,1.0,12.17,5.0200000000000005,2.51,1.49,0.0,0.0,0.0,0.4,0.0,0.8,0.8,1.2000000000000002,-64.0,0.0,0.0,64.0,0.0,22.3,26.3,26.3,26.6,300.0,300.0,28.9,33.0,26.200000000000003,25.4,27.3,4.95,2.0,4.96,0.16,0.0,0.0,1027.0,8228.0,0.0,0.0,0.0,0.0,0.0,1.0,0.0,0.0,0.0,0.0,0.0,0.3,0.0,2.0,0.0,0.0,16.0,25903.0
2026-07-21T18:12:18.494Z,10.778,976.98,0.1,0.0,0.0,0.0,2048.0,0.0,0.0,0.0,0.0,0.0,0.0,0.0,0.0,0.0,9.0,7.0,1.0,0.0,0.0,0.0,0.0,0.0,0.0,0.0,5.0,12.0,1.0,12.17,5.0200000000000005,2.51,1.49,0.0,0.0,0.0,0.4,0.0,0.3,0.8,1.8,-64.0,0.0,0.0,64.0,0.0,22.3,26.3,26.3,26.6,300.0,300.0,28.9,33.0,26.200000000000003,25.4,27.3,4.95,2.0,4.96,0.16,0.0,0.0,1027.0,8228.0,0.0,0.0,0.0,0.0,0.0,1.0,0.0,0.0,0.0,0.0,0.0,0.7000000000000001,0.0,2.6,0.0,0.0,16.0,25903.0
2026-07-21T18:12:18.506Z,10.79,976.992,0.1,0.0,0.0,0.0,2048.0,0.0,0.0,0.0,0.0,0.0,0.0,0.0,0.0,0.0,9.0,7.0,1.0,0.0,0.0,0.0,0.0,0.0,0.0,0.0,6.0,12.0,1.0,12.17,5.01,2.51,1.49,0.0,0.0,0.0,0.4,0.0,0.3,0.2,0.0,-64.0,0.0,0.0,64.0,0.0,22.8,26.3,26.3,26.6,300.0,300.0,28.9,33.0,26.200000000000003,25.4,27.3,4.96,2.01,4.96,0.16,0.0,0.0,1027.0,8228.0,0.0,0.0,0.0,0.0,0.0,1.0,0.0,0.0,0.0,0.0,0.0,0.0,0.0,0.3,0.0,0.0,16.0,25903.0
2026-07-21T18:12:18.518Z,10.802,977.004,0.1,0.0,0.0,0.0,2048.0,0.0,0.0,0.0,0.0,0.0,0.0,0.0,0.0,0.0,9.0,7.0,1.0,0.0,0.0,0.0,0.0,0.0,0.0,0.0,1.0,12.0,1.0,12.17,5.01,2.51,1.49,0.0,0.0,0.0,0.4,0.0,1.4,1.3,-0.5,-64.0,0.0,0.0,64.2,0.0,22.8,26.3,26.3,26.6,300.0,300.0,28.9,33.0,26.200000000000003,25.4,27.3,4.96,2.0,4.96,0.16,0.0,0.0,1027.0,8228.0,0.0,0.0,0.0,0.0,0.0,1.0,0.0,0.0,0.0,0.0,0.0,-1.0,0.0,0.9,0.0,0.0,16.0,25903.0
2026-07-21T18:12:18.530Z,10.814,977.016,0.1,0.0,0.0,0.0,2048.0,0.0,0.0,0.0,0.0,0.0,0.0,0.0,0.0,0.0,9.0,7.0,1.0,0.0,0.0,0.0,0.0,0.0,0.0,0.0,2.0,12.0,1.0,12.17,5.01,2.51,1.49,0.0,0.0,0.0,0.4,0.0,-0.3,0.7000000000000001,0.6000000000000001,-64.0,0.0,0.0,64.2,0.0,22.8,26.3,26.3,26.6,300.0,300.0,28.9,33.0,26.200000000000003,25.4,27.3,4.95,2.0,4.96,0.16,0.0,0.0,1027.0,8228.0,0.0,0.0,0.0,0.0,0.0,1.0,0.0,0.0,0.0,0.0,0.0,0.0,0.0,1.4,0.0,0.0003,16.0,25903.0
2026-07-21T18:12:18.542Z,10.826,977.028,0.1,0.0,0.0,0.0,2048.0,0.0,0.0,0.0,0.0,0.0,0.0,0.0,0.0,0.0,9.0,7.0,1.0,0.0,0.0,0.0,0.0,0.0,0.0,0.0,3.0,12.0,1.0,12.17,5.01,2.51,1.49,0.0,0.0,0.0,0.4,0.0,0.2,-0.4,1.2000000000000002,-64.0,0.0,0.0,64.0,0.0,22.8,26.3,26.3,26.6,300.0,300.0,28.9,33.0,26.200000000000003,25.4,27.3,4.96,2.0,4.96,0.16,0.0,0.0,1027.0,8228.0,0.0,0.0,0.0,0.0,0.0,1.0,0.0,0.0,0.0,0.0,0.0,1.0,0.0,0.7000000000000001,0.0,0.0001,16.0,25903.0
2026-07-21T18:12:18.554Z,10.838,977.04,0.1,0.0,0.0,0.0,2048.0,0.0,0.0,0.0,0.0,0.0,0.0,0.0,0.0,0.0,9.0,7.0,1.0,0.0,0.0,0.0,0.0,0.0,0.0,0.0,4.0,12.0,1.0,12.17,5.01,2.51,1.49,0.0,0.0,0.0,0.4,0.0,0.2,0.1,1.8,-64.0,0.0,0.0,64.0,0.0,22.8,26.3,26.3,26.6,300.0,300.0,28.9,33.0,26.200000000000003,25.4,27.3,4.95,2.01,4.96,0.16,0.0,0.0,1027.0,8228.0,0.0,0.0,0.0,0.0,0.0,1.0,0.0,0.0,0.0,0.0,0.0,1.1,0.0,1.9,0.0,0.0003,16.0,25903.0
2026-07-21T18:12:18.566Z,10.85,977.052,0.1,0.0,0.0,0.0,2048.0,0.0,0.0,0.0,0.0,0.0,0.0,0.0,0.0,0.0,9.0,7.0,1.0,0.0,0.0,0.0,0.0,0.0,0.0,0.0,5.0,12.0,1.0,12.17,5.01,2.51,1.49,0.0,0.0,0.0,0.4,0.0,-0.3,1.2000000000000002,0.6000000000000001,-64.0,0.0,0.0,64.0,0.0,22.8,26.3,26.3,26.6,300.0,300.0,28.9,33.0,26.200000000000003,25.4,27.3,4.95,2.0,4.97,0.16,0.0,0.0,1027.0,8228.0,0.0,0.0,0.0,0.0,0.0,1.0,0.0,0.0,0.0,0.0,0.0,-0.2,0.0,1.9,0.0,0.0,16.0,25903.0
2026-07-21T18:12:18.578Z,10.862,977.064,0.1,0.0,0.0,0.0,2048.0,0.0,0.0,0.0,0.0,0.0,0.0,0.0,0.0,0.0,9.0,7.0,1.0,0.0,0.0,0.0,0.0,0.0,0.0,0.0,1.0,12.0,1.0,12.17,5.01,2.51,1.49,0.0,0.0,0.0,0.4,0.0,-0.9,-1.0,-1.7000000000000002,-64.0,0.0,0.0,64.0,0.0,22.8,26.3,26.3,26.6,300.0,300.0,28.9,33.0,26.200000000000003,25.4,27.3,4.95,2.0,4.97,0.16,0.0,0.0,1027.0,8228.0,0.0,0.0,0.0,0.0,0.0,1.0,0.0,0.0,0.0,0.0,0.0,-0.6000000000000001,0.0,-2.8000000000000003,0.0,0.0,16.0,25903.0
2026-07-21T18:12:18.590Z,10.874,977.076,0.0,0.0,0.0,0.0,2048.0,0.0,0.0,0.0,0.0,0.0,0.0,0.0,0.0,0.0,9.0,7.0,1.0,0.0,0.0,0.0,0.0,0.0,0.0,0.0,2.0,12.0,1.0,12.17,5.01,2.51,1.49,0.0,0.0,0.0,0.5,0.0,0.1,0.6000000000000001,-0.6000000000000001,-64.0,0.0,0.0,64.0,0.0,22.8,26.3,26.3,26.6,300.0,300.0,28.9,33.0,26.200000000000003,25.4,27.3,4.95,2.0,4.96,0.16,0.0,0.0,1027.0,8228.0,0.0,0.0,0.0,0.0,0.0,1.0,0.0,0.0,0.0,0.0,0.0,-0.7000000000000001,0.0,0.0,0.0,0.0,16.0,25903.0
2026-07-21T18:12:18.602Z,10.886,977.088,0.0,0.0,0.0,0.0,2048.0,0.0,0.0,0.0,0.0,0.0,0.0,0.0,0.0,0.0,9.0,7.0,1.0,0.0,0.0,0.0,0.0,0.0,0.0,0.0,3.0,12.0,1.0,12.17,5.01,2.51,1.49,0.0,0.0,0.0,0.4,0.0,0.2,-0.5,-1.2000000000000002,-64.0,0.0,0.0,64.0,0.0,22.8,26.3,26.3,26.6,300.0,300.0,28.9,33.0,26.200000000000003,25.4,27.3,4.95,2.0,4.97,0.16,0.0,0.0,1027.0,8228.0,0.0,0.0,0.0,0.0,0.0,1.0,0.0,0.0,0.0,0.0,0.0,-0.5,0.0,-1.7000000000000002,0.0,0.0,16.0,25903.0
2026-07-21T18:12:18.614Z,10.898,977.1,0.0,0.0,0.0,0.0,2048.0,0.0,0.0,0.0,0.0,0.0,0.0,0.0,0.0,0.0,9.0,7.0,1.0,0.0,0.0,0.0,0.0,0.0,0.0,0.0,4.0,12.0,1.0,12.17,5.0200000000000005,2.5,1.5,0.0,0.0,0.0,0.4,0.0,0.2,0.0,0.0,-64.0,0.0,0.0,64.0,0.0,22.6,26.3,26.3,26.6,300.0,300.0,28.9,33.0,26.200000000000003,25.4,27.3,4.95,2.0,4.96,0.16,0.0,0.0,1027.0,8228.0,0.0,0.0,0.0,0.0,0.0,1.0,0.0,0.0,0.0,0.0,0.0,0.0,0.0,0.0,0.0,0.0,16.0,25903.0
2026-07-21T18:12:18.626Z,10.91,977.112,0.0,0.0,0.0,0.0,2048.0,0.0,0.0,0.0,0.0,0.0,0.0,0.0,0.0,0.0,9.0,7.0,1.0,0.0,0.0,0.0,0.0,0.0,0.0,0.0,5.0,12.0,1.0,12.17,5.0200000000000005,2.5,1.5,0.0,0.1,0.0,0.4,0.0,0.2,0.0,-0.5,-64.0,0.0,0.0,64.2,0.0,22.6,26.3,26.3,26.6,300.0,300.0,28.9,33.0,26.200000000000003,25.4,27.3,4.96,2.0,4.96,0.16,0.0,0.0,1027.0,8228.0,0.0,0.0,0.0,0.0,0.0,1.0,0.0,0.0,0.0,0.0,0.0,-0.4,0.0,-0.4,0.0,0.0,16.0,25903.0
2026-07-21T18:12:18.638Z,10.922,977.124,0.0,0.0,0.0,0.0,2048.0,0.0,0.0,0.0,0.0,0.0,0.0,0.0,0.0,0.0,9.0,7.0,1.0,0.0,0.0,0.0,0.0,0.0,0.0,0.0,6.0,12.0,1.0,12.17,5.0200000000000005,2.5,1.5,0.0,0.1,0.0,0.4,0.0,0.7000000000000001,0.6000000000000001,0.6000000000000001,-64.0,0.0,0.0,64.0,0.0,22.6,26.3,26.3,26.6,300.0,300.0,28.9,33.0,26.200000000000003,25.4,27.3,4.95,2.0,4.96,0.17,0.0,0.0,1027.0,8228.0,0.0,0.0,0.0,0.0,0.0,1.0,0.0,0.0,0.0,0.0,0.0,0.0,0.0,0.1,0.0,0.0003,16.0,25903.0
2026-07-21T18:12:18.650Z,10.934,977.136,0.0,0.0,0.0,0.0,2048.0,0.0,0.0,0.0,0.0,0.0,0.0,0.0,0.0,0.0,9.0,7.0,1.0,0.0,0.0,0.0,0.0,0.0,0.0,0.0,1.0,12.0,1.0,12.17,5.0200000000000005,2.5,1.5,0.0,0.0,0.0,0.4,0.0,0.1,-0.5,-0.5,-64.0,0.0,0.0,64.0,0.0,22.6,26.3,26.3,26.6,300.0,300.0,28.9,33.0,26.200000000000003,25.4,27.3,4.95,2.0,4.97,0.17,0.0,0.0,1027.0,8228.0,0.0,0.0,0.0,0.0,0.0,1.0,0.0,0.0,0.0,0.0,0.0,0.5,0.0,-1.1,0.0,0.0003,16.0,25903.0
2026-07-21T18:12:18.662Z,10.946,977.148,0.0,0.0,0.0,0.0,2048.0,0.0,0.0,0.0,0.0,0.0,0.0,0.0,0.0,0.0,9.0,7.0,1.0,0.0,0.0,0.0,0.0,0.0,0.0,0.0,2.0,12.0,1.0,12.17,5.0200000000000005,2.5,1.5,0.0,0.0,0.0,0.5,0.0,-1.0,-0.5,-1.2000000000000002,-64.0,0.0,0.0,64.0,0.0,22.6,26.3,26.3,26.6,300.0,300.0,28.9,33.0,26.200000000000003,25.4,27.3,4.95,2.0,4.96,0.16,0.0,0.0,1027.0,8228.0,0.0,0.0,0.0,0.0,0.0,1.0,0.0,0.0,0.0,0.0,0.0,-0.6000000000000001,0.0,1.2000000000000002,0.0,0.0001,16.0,25903.0
2026-07-21T18:12:18.674Z,10.958,977.16,0.0,0.0,0.0,0.0,2048.0,0.0,0.0,0.0,0.0,0.0,0.0,0.0,0.0,0.0,9.0,7.0,1.0,0.0,0.0,0.0,0.0,0.0,0.0,0.0,4.0,12.0,1.0,12.17,5.0200000000000005,2.5,1.5,0.0,0.0,0.0,0.4,0.0,-0.4,0.1,1.1,-64.0,0.0,0.0,64.0,0.0,22.6,26.3,26.3,26.6,300.0,300.0,28.9,33.0,26.200000000000003,25.4,27.3,4.96,2.0,4.96,0.16,0.0,0.0,1027.0,8228.0,0.0,0.0,0.0,0.0,0.0,1.0,0.0,0.0,0.0,0.0,0.0,-0.6000000000000001,0.0,1.2000000000000002,0.0,0.0,16.0,25903.0
2026-07-21T18:12:18.685Z,10.969,977.172,0.0,0.0,0.0,0.0,2048.0,0.0,0.0,0.0,0.0,0.0,0.0,0.0,0.0,0.0,9.0,7.0,1.0,0.0,0.0,0.0,0.0,0.0,0.0,0.0,5.0,12.0,1.0,12.17,5.0200000000000005,2.5,1.5,0.0,0.0,0.0,0.4,0.0,0.0,-0.5,1.1,-64.0,0.0,0.0,64.0,0.0,22.6,26.3,26.3,26.6,300.0,300.0,28.9,33.0,26.200000000000003,25.4,27.3,4.95,2.0,4.96,0.16,0.0,0.0,1027.0,8228.0,0.0,0.0,0.0,0.0,0.0,1.0,0.0,0.0,0.0,0.0,0.0,0.0,0.0,0.0,0.0,0.0,16.0,25903.0
2026-07-21T18:12:18.697Z,10.981,977.184,0.0,0.0,0.0,0.0,2048.0,0.0,0.0,0.0,0.0,0.0,0.0,0.0,0.0,0.0,9.0,7.0,1.0,0.0,0.0,0.0,0.0,0.0,0.0,0.0,1.0,12.0,1.0,12.17,5.0200000000000005,2.5,1.5,0.0,0.0,0.0,0.4,0.0,0.7000000000000001,-1.1,0.0,-64.0,0.0,0.0,64.0,0.0,22.6,26.3,26.3,26.6,300.0,300.0,28.9,33.0,26.200000000000003,25.4,27.3,4.96,2.0,4.96,0.16,0.0,0.0,1027.0,8228.0,0.0,0.0,0.0,0.0,0.0,1.0,0.0,0.0,0.0,0.0,0.0,-0.1,0.0,-1.1,0.0,0.0,16.0,25903.0
2026-07-21T18:12:18.710Z,10.994,977.196,0.0,0.0,0.0,0.0,2048.0,0.0,0.0,0.0,0.0,0.0,0.0,0.0,0.0,0.0,9.0,7.0,1.0,0.0,0.0,0.0,0.0,0.0,0.0,0.0,2.0,12.0,1.0,12.15,5.01,2.5,1.49,0.0,0.0,0.0,0.4,0.0,0.1,-0.5,-1.1,-64.0,0.0,0.0,64.10000000000001,0.0,22.700000000000003,26.3,26.3,26.6,300.0,300.0,29.0,33.0,26.200000000000003,25.4,27.3,4.96,2.0,4.96,0.16,0.0,0.0,1027.0,8228.0,0.0,0.0,0.0,0.0,0.0,1.0,0.0,0.0,0.0,0.0,0.0,-0.4,0.0,-1.6,0.0,0.0,16.0,25903.0
2026-07-21T18:12:18.722Z,11.006,977.208,0.0,0.0,0.0,0.0,2048.0,0.0,0.0,0.0,0.0,0.0,0.0,0.0,0.0,0.0,9.0,7.0,1.0,0.0,0.0,0.0,0.0,0.0,0.0,0.0,3.0,12.0,1.0,12.15,5.01,2.5,1.49,0.0,0.0,0.0,0.4,0.0,0.1,-0.4,-0.5,-64.0,0.0,0.0,64.2,0.0,22.700000000000003,26.3,26.3,26.6,300.0,300.0,29.0,33.0,26.200000000000003,25.4,27.3,4.95,2.0,4.96,0.16,0.0,0.0,1027.0,8228.0,0.0,0.0,0.0,0.0,0.0,1.0,0.0,0.0,0.0,0.0,0.0,0.7000000000000001,0.0,1.2000000000000002,0.0,0.0001,16.0,25903.0
2026-07-21T18:12:18.734Z,11.018,977.22,0.0,0.0,0.0,0.0,2048.0,0.0,0.0,0.0,0.0,1.0,0.0,0.0,0.0,0.0,9.0,7.0,1.0,0.0,0.0,0.0,0.0,0.0,0.0,0.0,4.0,12.0,1.0,12.15,5.01,2.5,1.49,0.0,0.0,0.0,0.4,0.0,-0.4,-0.4,0.6000000000000001,-64.0,0.0,0.0,64.10000000000001,0.0,22.700000000000003,26.3,26.3,26.6,300.0,300.0,29.0,33.0,26.200000000000003,25.4,27.3,4.95,2.0,4.96,0.16,0.0,0.0,1027.0,8228.0,0.0,0.0,0.0,0.0,0.0,1.0,0.0,0.0,0.0,0.0,0.0,-0.1,0.0,-0.9,0.0,0.0002,16.0,25903.0
2026-07-21T18:12:18.745Z,11.029,977.232,0.0,0.0,0.0,0.0,2048.0,0.0,0.0,0.0,0.0,1.0,0.0,0.0,0.0,0.0,9.0,7.0,1.0,0.0,0.0,0.0,0.0,0.0,0.0,0.0,4.0,12.0,1.0,12.15,5.01,2.5,1.49,0.0,0.0,0.0,0.5,0.0,-0.4,-1.0,-0.5,-64.0,0.0,0.0,64.0,0.0,22.700000000000003,26.3,26.3,26.6,300.0,300.0,29.0,33.0,26.200000000000003,25.4,27.3,4.95,2.0,4.96,0.16,0.0,0.0,1027.0,8228.0,0.0,0.0,0.0,0.0,0.0,1.0,0.0,0.0,0.0,0.0,0.0,0.9,0.0,-0.4,0.0,0.0,16.0,25903.0
2026-07-21T18:12:18.758Z,11.042,977.244,0.0,0.0,0.0,0.0,2048.0,0.0,0.0,0.0,0.0,1.0,0.0,0.0,0.0,0.0,9.0,7.0,1.0,0.0,0.0,0.0,0.0,0.0,0.0,0.0,4.0,12.0,1.0,12.15,5.01,2.5,1.49,0.0,0.0,0.0,0.4,0.0,0.1,-0.4,-0.5,-64.0,0.0,0.0,64.0,0.0,22.700000000000003,26.3,26.3,26.6,300.0,300.0,29.0,33.0,26.200000000000003,25.4,27.3,4.95,2.0,4.97,0.16,0.0,0.0,1027.0,8228.0,0.0,0.0,0.0,0.0,0.0,1.0,0.0,0.0,0.0,0.0,0.0,-1.1,0.0,-1.4,0.0,0.0002,16.0,25903.0
2026-07-21T18:12:18.770Z,11.054,977.256,0.0,0.0,0.0,0.0,2048.0,0.0,0.0,0.0,0.0,1.0,0.0,0.0,0.0,0.0,9.0,7.0,1.0,0.0,0.0,0.0,0.0,0.0,0.0,0.0,6.0,12.0,1.0,12.15,5.01,2.5,1.49,0.0,0.0,0.0,0.4,0.0,0.1,0.1,1.8,-64.0,0.0,0.0,64.0,0.0,22.700000000000003,26.3,26.3,26.6,300.0,300.0,29.0,33.0,26.200000000000003,25.4,27.3,4.95,2.0,4.97,0.16,0.0,0.0,1027.0,8228.0,0.0,0.0,0.0,0.0,0.0,1.0,0.0,0.0,0.0,0.0,0.0,0.0,0.0,0.2,0.0,0.0,16.0,25903.0
2026-07-21T18:12:18.782Z,11.066,977.268,0.0,0.0,0.0,0.0,2048.0,0.0,0.0,0.0,0.0,1.0,0.0,0.0,0.0,0.0,9.0,7.0,1.0,0.0,0.0,0.0,0.0,0.0,0.0,0.0,1.0,12.0,1.0,12.15,5.01,2.5,1.49,0.0,0.0,0.0,0.4,0.0,0.7000000000000001,0.1,0.5,-64.0,0.0,0.0,64.0,0.0,22.700000000000003,26.3,26.3,26.6,300.0,300.0,29.0,33.0,26.200000000000003,25.4,27.3,4.96,2.0,4.96,0.16,0.0,0.0,1027.0,8228.0,0.0,0.0,0.0,0.0,0.0,1.0,0.0,0.0,0.0,0.0,0.0,0.2,0.0,-0.4,0.0,0.0,16.0,25903.0
2026-07-21T18:12:18.794Z,11.078,977.28,0.0,0.0,0.0,0.0,2048.0,0.0,0.0,0.0,0.0,1.0,0.0,0.0,0.0,0.0,9.0,7.0,1.0,0.0,0.0,0.0,0.0,0.0,0.0,0.0,2.0,12.0,1.0,12.15,5.01,2.5,1.49,0.0,0.0,0.0,0.4,0.0,-0.4,0.7000000000000001,1.8,-64.0,0.0,0.0,64.0,0.0,22.700000000000003,26.3,26.3,26.6,300.0,300.0,29.0,33.0,26.200000000000003,25.4,27.3,4.95,2.01,4.96,0.16,0.0,0.0,1027.0,8228.0,0.0,0.0,0.0,0.0,0.0,1.0,0.0,0.0,0.0,0.0,0.0,-0.1,0.0,-0.9,0.0,0.0,16.0,25903.0
2026-07-21T18:12:18.807Z,11.091,977.292,0.0,0.0,0.0,0.0,2048.0,0.0,0.0,0.0,0.0,1.0,0.0,0.0,0.0,0.0,9.0,7.0,1.0,0.0,0.0,0.0,0.0,0.0,0.0,0.0,4.0,12.0,1.0,12.15,5.01,2.5,1.49,0.0,0.0,0.0,0.5,0.0,0.1,0.7000000000000001,0.6000000000000001,-64.0,0.0,0.0,64.0,0.0,22.700000000000003,26.3,26.3,26.6,300.0,300.0,29.0,33.0,26.200000000000003,25.4,27.3,4.95,2.0,4.96,0.16,0.0,0.0,1027.0,8228.0,0.0,0.0,0.0,0.0,0.0,1.0,0.0,0.0,0.0,0.0,0.0,0.3,0.0,0.8,0.0,0.0,16.0,25903.0
2026-07-21T18:12:18.818Z,11.102,977.304,0.0,0.0,0.0,0.0,2048.0,0.0,0.0,0.0,0.0,1.0,0.0,0.0,0.0,0.0,9.0,7.0,1.0,0.0,0.0,0.0,0.0,0.0,0.0,0.0,4.0,12.0,1.0,12.17,5.01,2.51,1.5,0.0,0.0,0.0,0.4,0.0,-0.4,-0.9,-1.1,-64.0,0.0,0.0,64.2,0.0,22.6,26.3,26.3,26.6,300.0,300.0,29.0,33.0,26.200000000000003,25.4,27.3,4.95,2.0,4.96,0.16,0.0,0.0,1027.0,8228.0,0.0,0.0,0.0,0.0,0.0,1.0,0.0,0.0,0.0,0.0,0.0,-0.8,0.0,-0.9,0.0,0.0,16.0,25903.0
2026-07-21T18:12:18.830Z,11.114,977.316,0.0,0.0,0.0,0.0,2048.0,0.0,0.0,0.0,0.0,1.0,0.0,0.0,0.0,0.0,9.0,7.0,1.0,0.0,0.0,0.0,0.0,0.0,0.0,0.0,5.0,12.0,1.0,12.17,5.01,2.51,1.5,0.0,0.1,0.0,0.4,0.0,-0.4,-0.3,0.0,-64.0,0.0,0.0,64.0,0.0,22.6,26.3,26.3,26.6,300.0,300.0,29.0,33.0,26.200000000000003,25.4,27.3,4.96,2.0,4.96,0.16,0.0,0.0,1027.0,8228.0,0.0,0.0,0.0,0.0,0.0,1.0,0.0,0.0,0.0,0.0,0.0,0.1,0.0,-1.5,0.0,0.0003,16.0,25903.0
2026-07-21T18:12:18.842Z,11.126,977.328,0.0,0.0,0.0,0.0,2048.0,0.0,0.0,0.0,0.0,1.0,0.0,0.0,0.0,0.0,9.0,7.0,1.0,0.0,0.0,0.0,0.0,0.0,0.0,0.0,1.0,12.0,1.0,12.17,5.01,2.51,1.5,0.0,0.0,0.0,0.4,0.0,0.1,-0.3,-0.6000000000000001,-64.0,0.0,0.0,64.0,0.0,22.6,26.3,26.3,26.6,300.0,300.0,29.0,33.0,26.200000000000003,25.4,27.3,4.95,2.0,4.96,0.16,0.0,0.0,1027.0,8228.0,0.0,0.0,0.0,0.0,0.0,1.0,0.0,0.0,0.0,0.0,0.0,-0.4,0.0,0.7000000000000001,0.0,0.0001,16.0,25903.0
2026-07-21T18:12:18.854Z,11.138,977.34,0.0,0.0,0.0,0.0,2048.0,0.0,0.0,0.0,0.0,1.0,0.0,0.0,0.0,0.0,9.0,7.0,1.0,0.0,0.0,0.0,0.0,0.0,0.0,0.0,2.0,12.0,1.0,12.17,5.01,2.51,1.5,0.0,0.0,0.0,0.4,0.0,-0.4,0.1,0.5,-64.0,0.0,0.0,64.0,0.0,22.6,26.3,26.3,26.6,300.0,300.0,29.0,33.0,26.200000000000003,25.4,27.3,4.95,2.0,4.96,0.16,0.0,0.0,1027.0,8228.0,0.0,0.0,0.0,0.0,0.0,1.0,0.0,0.0,0.0,0.0,0.0,0.0,0.0,1.3,0.0,0.0002,16.0,25903.0
2026-07-21T18:12:18.866Z,11.15,977.352,0.0,0.0,0.0,0.0,2048.0,0.0,0.0,0.0,0.0,1.0,0.0,0.0,0.0,0.0,9.0,7.0,1.0,0.0,0.0,0.0,0.0,0.0,0.0,0.0,3.0,12.0,1.0,12.17,5.01,2.51,1.5,0.0,0.0,0.0,0.4,0.0,0.0,0.1,-1.2000000000000002,-64.0,0.0,0.0,64.0,0.0,22.6,26.3,26.3,26.6,300.0,300.0,29.0,33.0,26.200000000000003,25.4,27.3,4.95,2.01,4.96,0.16,0.0,0.0,1027.0,8228.0,0.0,0.0,0.0,0.0,0.0,1.0,0.0,0.0,0.0,0.0,0.0,-0.8,0.0,-1.0,0.0,0.0,16.0,25903.0
2026-07-21T18:12:18.878Z,11.162,977.364,0.0,0.0,0.0,0.0,2048.0,0.0,0.0,0.0,0.0,1.0,0.0,0.0,0.0,0.0,9.0,7.0,1.0,0.0,0.0,0.0,0.0,0.0,0.0,0.0,4.0,12.0,1.0,12.17,5.01,2.51,1.5,0.0,0.0,0.0,0.4,0.0,0.6000000000000001,-0.4,-1.2000000000000002,-64.0,0.0,0.0,64.0,0.0,22.6,26.3,26.3,26.6,300.0,300.0,29.0,33.0,26.200000000000003,25.4,27.3,4.95,2.01,4.96,0.16,0.0,0.0,1027.0,8228.0,0.0,0.0,0.0,0.0,0.0,1.0,0.0,0.0,0.0,0.0,0.0,-0.5,0.0,-1.6,0.0,0.0,16.0,25903.0
2026-07-21T18:12:18.890Z,11.174,977.376,0.0,0.0,0.0,0.0,2048.0,0.0,0.0,0.0,0.0,1.0,0.0,0.0,0.0,0.0,9.0,7.0,1.0,0.0,0.0,0.0,0.0,0.0,0.0,0.0,5.0,12.0,1.0,12.17,5.01,2.51,1.5,0.0,0.0,0.0,0.4,0.0,0.0,-1.0,-0.6000000000000001,-64.0,0.0,0.0,64.0,0.0,22.6,26.3,26.3,26.6,300.0,300.0,29.0,33.0,26.200000000000003,25.4,27.3,4.96,2.0,4.97,0.16,0.0,0.0,1027.0,8228.0,0.0,0.0,0.0,0.0,0.0,1.0,0.0,0.0,0.0,0.0,0.0,0.1,0.0,-1.7000000000000002,0.0,0.0,16.0,25903.0
2026-07-21T18:12:18.902Z,11.186,977.388,0.0,0.0,0.0,0.0,2048.0,0.0,0.0,0.0,0.0,1.0,0.0,0.0,0.0,0.0,9.0,7.0,1.0,0.0,0.0,0.0,0.0,0.0,0.0,0.0,6.0,12.0,1.0,12.17,5.01,2.51,1.5,0.0,0.0,0.0,0.4,0.0,0.0,1.2000000000000002,0.5,-64.0,0.0,0.0,64.0,0.0,22.6,26.3,26.3,26.6,300.0,300.0,29.0,33.0,26.200000000000003,25.4,27.3,4.96,2.0,4.96,0.16,0.0,0.0,1027.0,8228.0,0.0,0.0,0.0,0.0,0.0,1.0,0.0,0.0,0.0,0.0,0.0,-0.2,0.0,1.8,0.0,0.0,16.0,25903.0
2026-07-21T18:12:18.914Z,11.198,977.4,0.0,0.0,0.0,0.0,2048.0,0.0,0.0,0.0,0.0,1.0,0.0,0.0,0.0,0.0,9.0,7.0,1.0,0.0,0.0,0.0,0.0,0.0,0.0,0.0,2.0,12.0,1.0,12.18,5.01,2.5,1.49,0.0,0.0,0.0,0.4,0.0,-0.4,0.1,-1.7000000000000002,-64.0,0.0,0.0,64.10000000000001,0.0,22.6,26.3,26.3,26.6,300.0,300.0,28.9,33.0,26.200000000000003,25.4,27.3,4.96,2.01,4.96,0.16,0.0,0.0,1027.0,8228.0,0.0,0.0,0.0,0.0,0.0,1.0,0.0,0.0,0.0,0.0,0.0,-1.2000000000000002,0.0,-1.5,0.0,0.0,16.0,25903.0
2026-07-21T18:12:18.926Z,11.21,977.412,0.0,0.0,0.0,0.0,2048.0,0.0,0.0,0.0,0.0,1.0,0.0,0.0,0.0,0.0,9.0,7.0,1.0,0.0,0.0,0.0,0.0,0.0,0.0,0.0,3.0,12.0,1.0,12.18,5.01,2.5,1.49,0.0,0.0,0.0,0.4,0.0,-1.1,-1.0,0.0,-64.0,0.0,0.0,64.2,0.0,22.6,26.3,26.3,26.6,300.0,300.0,28.9,33.0,26.200000000000003,25.4,27.3,4.95,2.01,4.96,0.16,0.0,0.0,1027.0,8228.0,0.0,0.0,0.0,0.0,0.0,1.0,0.0,0.0,0.0,0.0,0.0,0.5,0.0,-1.1,0.0,0.0001,16.0,25903.0
2026-07-21T18:12:18.938Z,11.222,977.424,0.0,0.0,0.0,0.0,2048.0,0.0,0.0,0.0,0.0,1.0,0.0,0.0,0.0,0.0,9.0,7.0,1.0,0.0,0.0,0.0,0.0,0.0,0.0,0.0,4.0,12.0,1.0,12.18,5.01,2.5,1.49,0.0,0.0,0.0,0.4,0.0,0.0,-0.4,-1.1,-64.0,0.0,0.0,64.0,0.0,22.6,26.3,26.3,26.6,300.0,300.0,28.9,33.0,26.200000000000003,25.4,27.3,4.96,2.0,4.96,0.16,0.0,0.0,1027.0,8228.0,0.0,0.0,0.0,0.0,0.0,1.0,0.0,0.0,0.0,0.0,0.0,-0.5,0.0,-1.6,0.0,0.0002,16.0,25903.0
2026-07-21T18:12:18.950Z,11.234,977.436,0.0,0.0,0.0,0.0,2048.0,0.0,0.0,0.0,0.0,1.0,0.0,0.0,0.0,0.0,9.0,7.0,1.0,0.0,0.0,0.0,0.0,0.0,0.0,0.0,5.0,12.0,1.0,12.18,5.01,2.5,1.49,0.0,0.0,0.0,0.4,0.0,0.0,0.7000000000000001,-0.5,-64.0,0.0,0.0,64.0,0.0,22.6,26.3,26.3,26.6,300.0,300.0,28.9,33.0,26.200000000000003,25.4,27.3,4.96,2.01,4.97,0.16,0.0,0.0,1027.0,8228.0,0.0,0.0,0.0,0.0,0.0,1.0,0.0,0.0,0.0,0.0,0.0,-0.7000000000000001,0.0,0.1,0.0,0.0002,16.0,25903.0
2026-07-21T18:12:18.962Z,11.246,977.448,0.0,0.0,0.0,0.0,2048.0,0.0,0.0,0.0,0.0,1.0,0.0,0.0,0.0,0.0,9.0,7.0,1.0,0.0,0.0,0.0,0.0,0.0,0.0,0.0,6.0,12.0,1.0,12.18,5.01,2.5,1.49,0.0,0.0,0.0,0.4,0.0,0.1,1.2000000000000002,-0.6000000000000001,-64.0,0.0,0.0,64.0,0.0,22.6,26.3,26.3,26.6,300.0,300.0,28.9,33.0,26.200000000000003,25.4,27.3,4.95,2.0,4.97,0.16,0.0,0.0,1027.0,8228.0,0.0,0.0,0.0,0.0,0.0,1.0,0.0,0.0,0.0,0.0,0.0,-1.0,0.0,0.7000000000000001,0.0,0.0002,16.0,25903.0
2026-07-21T18:12:18.973Z,11.257,977.46,0.0,0.0,0.0,0.0,2048.0,0.0,0.0,0.0,0.0,1.0,0.0,0.0,0.0,0.0,9.0,7.0,1.0,0.0,0.0,0.0,0.0,0.0,0.0,0.0,2.0,12.0,1.0,12.18,5.01,2.5,1.49,0.0,0.0,0.0,0.4,0.0,-0.4,0.7000000000000001,0.5,-64.0,0.0,0.0,64.0,0.0,22.6,26.3,26.3,26.6,300.0,300.0,28.9,33.0,26.200000000000003,25.4,27.3,4.95,2.0,4.96,0.16,0.0,0.0,1027.0,8228.0,0.0,0.0,0.0,0.0,0.0,1.0,0.0,0.0,0.0,0.0,0.0,0.0,0.0,1.3,0.0,0.0,16.0,25903.0
2026-07-21T18:12:18.986Z,11.27,977.472,0.0,0.0,0.0,0.0,2048.0,0.0,0.0,0.0,0.0,1.0,0.0,0.0,0.0,0.0,9.0,7.0,1.0,0.0,0.0,0.0,0.0,0.0,0.0,0.0,3.0,12.0,1.0,12.18,5.01,2.5,1.49,0.0,0.0,0.0,0.4,0.0,-1.6,-0.4,0.0,-64.0,0.0,0.0,64.0,0.0,22.6,26.3,26.3,26.6,300.0,300.0,28.9,33.0,26.200000000000003,25.4,27.3,4.96,2.0,4.96,0.16,0.0,0.0,1027.0,8228.0,0.0,0.0,0.0,0.0,0.0,1.0,0.0,0.0,0.0,0.0,0.0,0.1,0.0,-0.5,0.0,0.0,16.0,25903.0
2026-07-21T18:12:18.998Z,11.282,977.484,0.0,0.0,0.0,0.0,2048.0,0.0,0.0,0.0,0.0,1.0,0.0,0.0,0.0,0.0,9.0,7.0,1.0,0.0,0.0,0.0,0.0,0.0,0.0,0.0,4.0,12.0,1.0,12.18,5.01,2.5,1.49,0.0,0.0,0.0,0.4,0.0,0.0,0.0,-0.6000000000000001,-64.0,0.0,0.0,64.0,0.0,22.6,26.3,26.3,26.6,300.0,300.0,28.9,33.0,26.200000000000003,25.4,27.3,4.96,2.0,4.97,0.16,0.0,0.0,1027.0,8228.0,0.0,0.0,0.0,0.0,0.0,1.0,0.0,0.0,0.0,0.0,0.0,-0.4,0.0,-0.5,0.0,0.0,16.0,25903.0
2026-07-21T18:12:19.010Z,11.294,977.496,0.0,0.0,0.0,0.0,2048.0,0.0,0.0,0.0,0.0,1.0,0.0,0.0,0.0,0.0,9.0,7.0,1.0,0.0,0.0,0.0,0.0,0.0,0.0,0.0,5.0,12.0,1.0,12.18,5.01,2.5,1.49,0.0,0.0,0.0,0.4,0.0,-1.0,0.1,-2.3000000000000003,-64.0,0.0,0.0,64.0,0.0,22.6,26.3,26.3,26.6,300.0,300.0,28.9,33.0,26.200000000000003,25.4,27.3,4.95,2.0,4.97,0.16,0.0,0.0,1027.0,8228.0,0.0,0.0,0.0,0.0,0.0,1.0,0.0,0.0,0.0,0.0,0.0,-1.6,0.0,-2.1,0.0,0.0,16.0,25903.0
2026-07-21T18:12:19.022Z,11.306,977.508,0.0,0.0,0.0,0.0,2048.0,0.0,0.0,0.0,0.0,1.0,0.0,0.0,0.0,0.0,9.0,7.0,1.0,0.0,0.0,0.0,0.0,0.0,0.0,0.0,6.0,12.0,1.0,12.17,5.0200000000000005,2.5,1.49,0.0,0.1,0.0,0.4,0.0,0.0,-0.4,0.5,-64.0,0.0,0.0,64.0,0.0,22.4,26.3,26.3,26.6,300.0,300.0,29.0,33.0,26.200000000000003,25.4,27.3,4.96,2.0,4.96,0.16,0.0,0.0,1027.0,8228.0,0.0,0.0,0.0,0.0,0.0,1.0,0.0,0.0,0.0,0.0,0.0,0.6000000000000001,0.0,0.0,0.0,0.0,16.0,25903.0
2026-07-21T18:12:19.034Z,11.318,977.52,0.0,0.0,0.0,0.0,2048.0,0.0,0.0,0.0,0.0,1.0,0.0,0.0,0.0,0.0,9.0,7.0,1.0,0.0,0.0,0.0,0.0,0.0,0.0,0.0,2.0,12.0,1.0,12.17,5.0200000000000005,2.5,1.49,0.0,0.0,0.0,0.4,0.0,0.7000000000000001,-1.0,-0.5,-64.0,0.0,0.0,64.0,0.0,22.4,26.3,26.3,26.6,300.0,300.0,29.0,33.0,26.200000000000003,25.4,27.3,4.96,2.01,4.96,0.16,0.0,0.0,1027.0,8228.0,0.0,0.0,0.0,0.0,0.0,1.0,0.0,0.0,0.0,0.0,0.0,0.1,0.0,-1.5,0.0,0.0,16.0,25903.0
2026-07-21T18:12:19.046Z,11.33,977.532,0.0,0.0,0.0,0.0,2048.0,0.0,0.0,0.0,0.0,1.0,0.0,0.0,0.0,0.0,9.0,7.0,1.0,0.0,0.0,0.0,0.0,0.0,0.0,0.0,3.0,12.0,1.0,12.17,5.0200000000000005,2.5,1.49,0.0,0.0,0.0,0.4,0.0,0.7000000000000001,0.7000000000000001,1.1,-64.0,0.0,0.0,64.0,0.0,22.4,26.3,26.3,26.6,300.0,300.0,29.0,33.0,26.200000000000003,25.4,27.3,4.96,2.0,4.96,0.16,0.0,0.0,1027.0,8228.0,0.0,0.0,0.0,0.0,0.0,1.0,0.0,0.0,0.0,0.0,0.0,0.3,0.0,1.8,0.0,0.0,16.0,25903.0
2026-07-21T18:12:19.058Z,11.342,977.544,0.0,0.0,0.0,0.0,2048.0,0.0,0.0,0.0,0.0,1.0,0.0,0.0,0.0,0.0,9.0,7.0,1.0,0.0,0.0,0.0,0.0,0.0,0.0,0.0,3.0,12.0,1.0,12.17,5.0200000000000005,2.5,1.49,0.0,0.1,0.0,0.4,0.0,0.1,0.1,-1.2000000000000002,-64.0,0.0,0.0,64.0,0.0,22.4,26.3,26.3,26.6,300.0,300.0,29.0,33.0,26.200000000000003,25.4,27.3,4.95,2.0,4.96,0.16,0.0,0.0,1027.0,8228.0,0.0,0.0,0.0,0.0,0.0,1.0,0.0,0.0,0.0,0.0,0.0,-0.8,0.0,-1.0,0.0,0.0,16.0,25903.0
2026-07-21T18:12:19.070Z,11.354,977.556,0.0,0.0,0.0,0.0,2048.0,0.0,0.0,0.0,0.0,1.0,0.0,0.0,0.0,0.0,9.0,7.0,1.0,0.0,0.0,0.0,0.0,0.0,0.0,0.0,5.0,12.0,1.0,12.17,5.0200000000000005,2.5,1.49,0.0,0.0,0.0,0.4,0.0,-0.4,-1.0,-1.2000000000000002,-64.0,0.0,0.0,64.0,0.0,22.4,26.3,26.3,26.6,300.0,300.0,29.0,33.0,26.200000000000003,25.4,27.3,4.95,2.0,4.96,0.16,0.0,0.0,1027.0,8228.0,0.0,0.0,0.0,0.0,0.0,1.0,0.0,0.0,0.0,0.0,0.0,-0.2,0.0,-2.2,0.0,0.0,16.0,25903.0
2026-07-21T18:12:19.082Z,11.366,977.568,0.0,0.0,0.0,0.0,2048.0,0.0,0.0,0.0,0.0,1.0,0.0,0.0,0.0,0.0,9.0,7.0,1.0,0.0,0.0,0.0,0.0,0.0,0.0,0.0,6.0,12.0,1.0,12.17,5.0200000000000005,2.5,1.49,0.0,0.0,0.0,0.4,0.0,0.1,0.0,1.1,-64.0,0.0,0.0,64.0,0.0,22.4,26.3,26.3,26.6,300.0,300.0,29.0,33.0,26.200000000000003,25.4,27.3,4.95,2.0,4.97,0.16,0.0,0.0,1027.0,8228.0,0.0,0.0,0.0,0.0,0.0,1.0,0.0,0.0,0.0,0.0,0.0,0.6000000000000001,0.0,1.1,0.0,0.0,16.0,25903.0
2026-07-21T18:12:19.094Z,11.378,977.58,0.0,0.0,0.0,0.0,2048.0,0.0,0.0,0.0,0.0,1.0,0.0,0.0,0.0,0.0,9.0,7.0,1.0,0.0,0.0,0.0,0.0,0.0,0.0,0.0,2.0,12.0,1.0,12.17,5.0200000000000005,2.5,1.49,0.0,0.0,0.0,0.4,0.0,0.0,0.0,0.5,-64.0,0.0,0.0,64.0,0.0,22.4,26.3,26.3,26.6,300.0,300.0,29.0,33.0,26.200000000000003,25.4,27.3,4.95,2.0,4.96,0.16,0.0,0.0,1027.0,8228.0,0.0,0.0,0.0,0.0,0.0,1.0,0.0,0.0,0.0,0.0,0.0,0.3,0.0,0.5,0.0,0.0,16.0,25903.0
2026-07-21T18:12:19.106Z,11.39,977.592,0.0,0.0,0.0,0.0,2048.0,0.0,0.0,0.0,0.0,1.0,0.0,0.0,0.0,0.0,9.0,7.0,1.0,0.0,0.0,0.0,0.0,0.0,0.0,0.0,3.0,12.0,1.0,12.17,5.0200000000000005,2.5,1.49,0.0,0.0,0.0,0.4,0.0,-0.5,-1.1,-0.7000000000000001,-64.0,0.0,0.0,64.0,0.0,22.4,26.3,26.3,26.6,300.0,300.0,29.0,33.0,26.200000000000003,25.4,27.3,4.96,2.01,4.96,0.16,0.0,0.0,1027.0,8228.0,0.0,0.0,0.0,0.0,0.0,1.0,0.0,0.0,0.0,0.0,0.0,0.1,0.0,-1.8,0.0,0.0,16.0,25903.0
2026-07-21T18:12:19.118Z,11.402,977.604,0.0,0.0,0.0,0.0,2048.0,0.0,0.0,0.0,0.0,1.0,0.0,0.0,0.0,0.0,9.0,7.0,1.0,0.0,0.0,0.0,0.0,0.0,0.0,0.0,4.0,12.0,1.0,12.18,5.01,2.5,1.49,0.0,0.0,0.0,0.4,0.0,0.0,0.0,-1.3,-64.0,0.0,0.0,64.2,0.0,22.8,26.3,26.3,26.6,300.0,300.0,29.0,33.0,26.200000000000003,25.4,27.3,4.95,2.01,4.96,0.16,0.0,0.0,1027.0,8228.0,0.0,0.0,0.0,0.0,0.0,1.0,0.0,0.0,0.0,0.0,0.0,-0.8,0.0,-1.3,0.0,0.0,16.0,25903.0
2026-07-21T18:12:19.131Z,11.415,977.616,-0.1,0.0,0.0,0.0,2048.0,0.0,0.0,0.0,0.0,1.0,0.0,0.0,0.0,0.0,9.0,7.0,1.0,0.0,0.0,0.0,0.0,0.0,0.0,0.0,6.0,12.0,1.0,12.18,5.01,2.5,1.49,0.0,0.0,0.0,0.4,0.0,-0.5,-1.7000000000000002,-1.3,-64.0,0.0,0.0,64.0,0.0,22.8,26.3,26.3,26.6,300.0,300.0,29.0,33.0,26.200000000000003,25.4,27.3,4.95,2.0,4.97,0.16,0.0,0.0,1027.0,8228.0,0.0,0.0,0.0,0.0,0.0,1.0,0.0,0.0,0.0,0.0,0.0,0.0,0.0,-3.1,0.0,0.0003,16.0,25903.0
2026-07-21T18:12:19.142Z,11.426,977.628,-0.1,0.0,0.0,0.0,2048.0,0.0,0.0,0.0,0.0,1.0,0.0,0.0,0.0,0.0,9.0,7.0,1.0,0.0,0.0,0.0,0.0,0.0,0.0,0.0,6.0,12.0,1.0,12.18,5.01,2.5,1.49,0.0,0.0,0.0,0.4,0.0,-0.5,-0.6000000000000001,1.0,-64.0,0.0,0.0,64.0,0.0,22.8,26.3,26.3,26.6,300.0,300.0,29.0,33.0,26.200000000000003,25.4,27.3,4.95,2.0,4.96,0.16,0.0,0.0,1027.0,8228.0,0.0,0.0,0.0,0.0,0.0,1.0,0.0,0.0,0.0,0.0,0.0,0.9,0.0,0.3,0.0,0.0002,16.0,25903.0
2026-07-21T18:12:19.154Z,11.438,977.64,-0.1,0.0,0.0,0.0,2048.0,0.0,0.0,0.0,0.0,1.0,0.0,0.0,0.0,0.0,9.0,7.0,1.0,0.0,0.0,0.0,0.0,0.0,0.0,0.0,1.0,12.0,1.0,12.18,5.01,2.5,1.49,0.0,0.0,0.0,0.4,0.0,-0.5,0.0,-0.7000000000000001,-64.0,0.0,0.0,64.0,0.0,22.8,26.3,26.3,26.6,300.0,300.0,29.0,33.0,26.200000000000003,25.4,27.3,4.96,2.0,4.96,0.16,0.0,0.0,1027.0,8228.0,0.0,0.0,0.0,0.0,0.0,1.0,0.0,0.0,0.0,0.0,0.0,-0.3,0.0,1.5,0.0,0.0,16.0,25903.0
2026-07-21T18:12:19.166Z,11.45,977.652,-0.1,0.0,0.0,0.0,2048.0,0.0,0.0,0.0,0.0,1.0,0.0,0.0,0.0,0.0,9.0,7.0,1.0,0.0,0.0,0.0,0.0,0.0,0.0,0.0,2.0,12.0,1.0,12.18,5.01,2.5,1.49,0.0,0.0,0.0,0.4,0.0,0.0,0.0,0.4,-64.0,0.0,0.0,64.2,0.0,22.8,26.3,26.3,26.6,300.0,300.0,29.0,33.0,26.200000000000003,25.4,27.3,4.95,2.0,4.96,0.16,0.0,0.0,1027.0,8228.0,0.0,0.0,0.0,0.0,0.0,1.0,0.0,0.0,0.0,0.0,0.0,-0.1,0.0,-1.3,0.0,0.0,16.0,25903.0
2026-07-21T18:12:19.178Z,11.462,977.664,-0.1,0.0,0.0,0.0,2048.0,0.0,0.0,0.0,0.0,1.0,0.0,0.0,0.0,0.0,9.0,7.0,1.0,0.0,0.0,0.0,0.0,0.0,0.0,0.0,4.0,12.0,1.0,12.18,5.01,2.5,1.49,0.0,0.0,0.0,0.4,0.0,-0.5,-1.2000000000000002,-1.3,-64.0,0.0,0.0,64.0,0.0,22.8,26.3,26.3,26.6,300.0,300.0,29.0,33.0,26.200000000000003,25.4,27.3,4.95,2.0,4.96,0.16,0.0,0.0,1027.0,8228.0,0.0,0.0,0.0,0.0,0.0,1.0,0.0,0.0,0.0,0.0,0.0,0.7000000000000001,0.0,2.0,0.0,0.0003,16.0,25903.0
2026-07-21T18:12:19.190Z,11.474,977.676,-0.1,0.0,0.0,0.0,2048.0,0.0,0.0,0.0,0.0,1.0,0.0,0.0,0.0,0.0,9.0,7.0,1.0,0.0,0.0,0.0,0.0,0.0,0.0,0.0,5.0,12.0,1.0,12.18,5.01,2.5,1.49,0.0,0.0,0.0,0.4,0.0,0.0,0.0,-0.1,-64.0,0.0,0.0,64.0,0.0,22.8,26.3,26.3,26.6,300.0,300.0,29.0,33.0,26.200000000000003,25.4,27.3,4.95,2.0,4.97,0.16,0.0,0.0,1027.0,8228.0,0.0,0.0,0.0,0.0,0.0,1.0,0.0,0.0,0.0,0.0,0.0,-0.4,0.0,-0.7000000000000001,0.0,0.0003,16.0,25903.0
2026-07-21T18:12:19.202Z,11.486,977.688,-0.1,0.0,0.0,0.0,2048.0,0.0,0.0,0.0,0.0,1.0,0.0,0.0,0.0,0.0,9.0,7.0,1.0,0.0,0.0,0.0,0.0,0.0,0.0,0.0,6.0,12.0,1.0,12.18,5.01,2.5,1.49,0.0,0.0,0.0,0.5,0.0,0.0,1.1,2.2,-64.0,0.0,0.0,64.2,0.0,22.8,26.3,26.3,26.6,300.0,300.0,29.0,33.0,26.200000000000003,25.4,27.3,4.95,2.0,4.97,0.16,0.0,0.0,1027.0,8228.0,0.0,0.0,0.0,0.0,0.0,1.0,0.0,0.0,0.0,0.0,0.0,-0.5,0.0,-1.8,0.0,0.0001,16.0,25903.0
2026-07-21T18:12:19.214Z,11.498,977.7,-0.1,0.0,0.0,0.0,2048.0,0.0,0.0,0.0,0.0,1.0,0.0,0.0,0.0,0.0,9.0,7.0,1.0,0.0,0.0,0.0,0.0,0.0,0.0,0.0,1.0,12.0,1.0,12.18,5.01,2.5,1.49,0.0,0.0,0.0,0.4,0.0,0.0,0.5,0.0,-64.0,0.0,0.0,64.2,0.0,22.8,26.3,26.3,26.6,300.0,300.0,29.0,33.0,26.200000000000003,25.4,27.3,4.95,2.0,4.97,0.16,0.0,0.0,1027.0,8228.0,0.0,0.0,0.0,0.0,0.0,1.0,0.0,0.0,0.0,0.0,0.0,-0.3,0.0,0.5,0.0,0.0003,16.0,25903.0
2026-07-21T18:12:19.225Z,11.509,977.712,0.0,0.0,0.0,0.0,2048.0,0.0,0.0,0.0,0.0,1.0,0.0,0.0,0.0,0.0,9.0,7.0,1.0,0.0,0.0,0.0,0.0,0.0,0.0,0.0,2.0,12.0,1.0,12.17,5.0200000000000005,2.51,1.49,0.0,0.1,0.0,0.4,0.0,-0.4,-1.1,0.0,-64.0,0.0,0.0,64.0,0.0,22.8,26.3,26.3,26.6,300.0,300.0,28.9,33.0,26.200000000000003,25.4,27.3,4.96,2.01,4.96,0.16,0.0,0.0,1027.0,8228.0,0.0,0.0,0.0,0.0,0.0,1.0,0.0,0.0,0.0,0.0,0.0,0.1,0.0,-1.7000000000000002,0.0,0.0,16.0,25903.0
2026-07-21T18:12:19.238Z,11.522,977.724,0.0,0.0,0.0,0.0,2048.0,0.0,0.0,0.0,0.0,0.0,0.0,0.0,0.0,0.0,9.0,7.0,1.0,0.0,0.0,0.0,0.0,0.0,0.0,0.0,4.0,12.0,1.0,12.17,5.0200000000000005,2.51,1.49,0.0,0.0,0.0,0.4,0.0,0.1,0.0,-1.1,-64.0,0.0,0.0,64.0,0.0,22.8,26.3,26.3,26.6,300.0,300.0,28.9,33.0,26.200000000000003,25.4,27.3,4.96,2.0,4.97,0.15,0.0,0.0,1027.0,8228.0,0.0,0.0,0.0,0.0,0.0,1.0,0.0,0.0,0.0,0.0,0.0,0.4,0.0,1.7000000000000002,0.0,0.0002,16.0,25903.0
2026-07-21T18:12:19.250Z,11.534,977.736,0.0,0.0,0.0,0.0,2048.0,0.0,0.0,0.0,0.0,0.0,0.0,0.0,0.0,0.0,9.0,7.0,1.0,0.0,0.0,0.0,0.0,0.0,0.0,0.0,5.0,12.0,1.0,12.17,5.0200000000000005,2.51,1.49,0.0,0.0,0.0,0.4,0.0,-0.4,-0.5,-0.6000000000000001,-64.0,0.0,0.0,64.0,0.0,22.8,26.3,26.3,26.6,300.0,300.0,28.9,33.0,26.200000000000003,25.4,27.3,4.95,2.0,4.97,0.16,0.0,0.0,1027.0,8228.0,0.0,0.0,0.0,0.0,0.0,1.0,0.0,0.0,0.0,0.0,0.0,-0.4,0.0,-1.7000000000000002,0.0,0.0002,16.0,25903.0
2026-07-21T18:12:19.262Z,11.546,977.748,0.0,0.0,0.0,0.0,2048.0,0.0,0.0,0.0,0.0,0.0,0.0,0.0,0.0,0.0,9.0,7.0,1.0,0.0,0.0,0.0,0.0,0.0,0.0,0.0,6.0,12.0,1.0,12.17,5.0200000000000005,2.51,1.49,0.0,0.0,0.0,0.4,0.0,-0.4,-0.5,0.0,-64.0,0.0,0.0,64.0,0.0,22.8,26.3,26.3,26.6,300.0,300.0,28.9,33.0,26.200000000000003,25.4,27.3,4.96,2.0,4.97,0.16,0.0,0.0,1027.0,8228.0,0.0,0.0,0.0,0.0,0.0,1.0,0.0,0.0,0.0,0.0,0.0,0.2,0.0,-0.6000000000000001,0.0,0.0,16.0,25903.0
2026-07-21T18:12:19.274Z,11.558,977.76,0.0,0.0,0.0,0.0,2048.0,0.0,0.0,0.0,0.0,0.0,0.0,0.0,0.0,0.0,9.0,7.0,1.0,0.0,0.0,0.0,0.0,0.0,0.0,0.0,2.0,12.0,1.0,12.17,5.0200000000000005,2.51,1.49,0.0,0.0,0.0,0.4,0.0,0.1,-0.5,0.0,-64.0,0.0,0.0,64.0,0.0,22.8,26.3,26.3,26.6,300.0,300.0,28.9,33.0,26.200000000000003,25.4,27.3,4.95,2.0,4.96,0.16,0.0,0.0,1027.0,8228.0,0.0,0.0,0.0,0.0,0.0,1.0,0.0,0.0,0.0,0.0,0.0,0.2,0.0,-0.6000000000000001,0.0,0.0,16.0,25903.0
2026-07-21T18:12:19.286Z,11.57,977.772,0.0,0.0,0.0,0.0,2048.0,0.0,0.0,0.0,0.0,0.0,0.0,0.0,0.0,0.0,9.0,7.0,1.0,0.0,0.0,0.0,0.0,0.0,0.0,0.0,3.0,12.0,1.0,12.17,5.0200000000000005,2.51,1.49,0.0,0.0,0.0,0.4,0.0,-0.4,0.0,1.1,-64.0,0.0,0.0,64.0,0.0,22.8,26.3,26.3,26.6,300.0,300.0,28.9,33.0,26.200000000000003,25.4,27.3,4.95,2.0,4.97,0.16,0.0,0.0,1027.0,8228.0,0.0,0.0,0.0,0.0,0.0,1.0,0.0,0.0,0.0,0.0,0.0,0.0,0.0,0.0,0.0,0.0,16.0,25903.0
2026-07-21T18:12:19.298Z,11.582,977.784,0.0,0.0,0.0,0.0,2048.0,0.0,0.0,0.0,0.0,0.0,0.0,0.0,0.0,0.0,9.0,7.0,1.0,0.0,0.0,0.0,0.0,0.0,0.0,0.0,4.0,12.0,1.0,12.17,5.0200000000000005,2.51,1.49,0.0,0.0,0.0,0.4,0.0,-0.4,-1.0,-1.8,-64.0,0.0,0.0,64.0,0.0,22.8,26.3,26.3,26.6,300.0,300.0,28.9,33.0,26.200000000000003,25.4,27.3,4.96,2.0,4.97,0.16,0.0,0.0,1027.0,8228.0,0.0,0.0,0.0,0.0,0.0,1.0,0.0,0.0,0.0,0.0,0.0,-0.3,0.0,0.6000000000000001,0.0,0.0,16.0,25903.0
2026-07-21T18:12:19.310Z,11.594,977.796,0.0,0.0,0.0,0.0,2048.0,0.0,0.0,0.0,0.0,0.0,0.0,0.0,0.0,0.0,9.0,7.0,1.0,0.0,0.0,0.0,0.0,0.0,0.0,0.0,5.0,12.0,1.0,12.17,5.0200000000000005,2.51,1.49,0.0,0.1,0.0,0.4,0.0,1.3,0.7000000000000001,0.5,-64.0,0.0,0.0,64.10000000000001,0.0,22.8,26.3,26.3,26.6,300.0,300.0,28.9,33.0,26.200000000000003,25.4,27.3,4.96,2.0,4.96,0.16,0.0,0.0,1027.0,8228.0,0.0,0.0,0.0,0.0,0.0,1.0,0.0,0.0,0.0,0.0,0.0,0.5,0.0,0.0,0.0,0.0,16.0,25903.0
2026-07-21T18:12:19.322Z,11.606,977.808,0.0,0.0,0.0,0.0,2048.0,0.0,0.0,0.0,0.0,0.0,0.0,0.0,0.0,0.0,9.0,7.0,1.0,0.0,0.0,0.0,0.0,0.0,0.0,0.0,1.0,12.0,1.0,12.15,5.01,2.5,1.5,0.0,0.0,0.0,0.4,0.0,0.1,-0.4,0.0,-64.0,0.0,0.0,64.2,0.0,21.9,26.3,26.3,26.6,300.0,300.0,28.9,33.0,26.200000000000003,25.4,27.3,4.95,2.0,4.96,0.16,0.0,0.0,1027.0,8228.0,0.0,0.0,0.0,0.0,0.0,1.0,0.0,0.0,0.0,0.0,0.0,0.7000000000000001,0.0,-1.6,0.0,0.0001,16.0,25903.0
2026-07-21T18:12:19.334Z,11.618,977.82,0.0,0.0,0.0,0.0,2048.0,0.0,0.0,0.0,0.0,0.0,0.0,0.0,0.0,0.0,9.0,7.0,1.0,0.0,0.0,0.0,0.0,0.0,0.0,0.0,2.0,12.0,1.0,12.15,5.01,2.5,1.5,0.0,0.0,0.0,0.4,0.0,0.1,0.1,0.0,-64.0,0.0,0.0,64.0,0.0,21.9,26.3,26.3,26.6,300.0,300.0,28.9,33.0,26.200000000000003,25.4,27.3,4.95,2.0,4.96,0.16,0.0,0.0,1027.0,8228.0,0.0,0.0,0.0,0.0,0.0,1.0,0.0,0.0,0.0,0.0,0.0,-0.7000000000000001,0.0,0.2,0.0,0.0002,16.0,25903.0
2026-07-21T18:12:19.346Z,11.63,977.832,0.0,0.0,0.0,0.0,2048.0,0.0,0.0,0.0,0.0,0.0,0.0,0.0,0.0,0.0,9.0,7.0,1.0,0.0,0.0,0.0,0.0,0.0,0.0,0.0,3.0,12.0,1.0,12.15,5.01,2.5,1.5,0.0,0.0,0.0,0.4,0.0,-0.4,-0.4,0.0,-64.0,0.0,0.0,64.0,0.0,21.9,26.3,26.3,26.6,300.0,300.0,28.9,33.0,26.200000000000003,25.4,27.3,4.96,2.0,4.96,0.16,0.0,0.0,1027.0,8228.0,0.0,0.0,0.0,0.0,0.0,1.0,0.0,0.0,0.0,0.0,0.0,-0.3,0.0,0.7000000000000001,0.0,0.0003,16.0,25903.0
2026-07-21T18:12:19.358Z,11.642,977.844,0.0,0.0,0.0,0.0,2048.0,0.0,0.0,0.0,0.0,0.0,0.0,0.0,0.0,0.0,9.0,7.0,1.0,0.0,0.0,0.0,0.0,0.0,0.0,0.0,4.0,12.0,1.0,12.15,5.01,2.5,1.5,0.0,0.0,0.0,0.4,0.0,0.1,0.7000000000000001,-0.5,-64.0,0.0,0.0,64.0,0.0,21.9,26.3,26.3,26.6,300.0,300.0,28.9,33.0,26.200000000000003,25.4,27.3,4.95,2.0,4.96,0.16,0.0,0.0,1027.0,8228.0,0.0,0.0,0.0,0.0,0.0,1.0,0.0,0.0,0.0,0.0,0.0,0.9,0.0,0.6000000000000001,0.0,0.0001,16.0,25903.0
2026-07-21T18:12:19.370Z,11.654,977.856,0.0,0.0,0.0,0.0,2048.0,0.0,0.0,0.0,0.0,0.0,0.0,0.0,0.0,0.0,9.0,7.0,1.0,0.0,0.0,0.0,0.0,0.0,0.0,0.0,4.0,12.0,1.0,12.15,5.01,2.5,1.5,0.0,0.0,0.0,0.4,0.0,-0.9,-1.6,-1.1,-64.0,0.0,0.0,64.0,0.0,21.9,26.3,26.3,26.6,300.0,300.0,28.9,33.0,26.200000000000003,25.4,27.3,4.95,2.0,4.97,0.16,0.0,0.0,1027.0,8228.0,0.0,0.0,0.0,0.0,0.0,1.0,0.0,0.0,0.0,0.0,0.0,-0.1,0.0,-1.0,0.0,0.0,16.0,25903.0
2026-07-21T18:12:19.382Z,11.666,977.868,0.0,0.0,0.0,0.0,2048.0,0.0,0.0,0.0,0.0,0.0,0.0,0.0,0.0,0.0,9.0,7.0,1.0,0.0,0.0,0.0,0.0,0.0,0.0,0.0,6.0,12.0,1.0,12.15,5.01,2.5,1.5,0.0,0.0,0.0,0.4,0.0,-0.9,-0.4,-0.5,-64.0,0.0,0.0,64.0,0.0,21.9,26.3,26.3,26.6,300.0,300.0,28.9,33.0,26.200000000000003,25.4,27.3,4.95,2.0,4.96,0.16,0.0,0.0,1027.0,8228.0,0.0,0.0,0.0,0.0,0.0,1.0,0.0,0.0,0.0,0.0,0.0,-0.1,0.0,-1.0,0.0,0.0,16.0,25903.0
2026-07-21T18:12:19.394Z,11.678,977.88,0.0,0.0,0.0,0.0,2048.0,0.0,0.0,0.0,0.0,0.0,0.0,0.0,0.0,0.0,9.0,7.0,1.0,0.0,0.0,0.0,0.0,0.0,0.0,0.0,1.0,12.0,1.0,12.15,5.01,2.5,1.5,0.0,0.0,0.0,0.4,0.0,0.8,0.7000000000000001,0.0,-64.0,0.0,0.0,64.0,0.0,21.9,26.3,26.3,26.6,300.0,300.0,28.9,33.0,26.200000000000003,25.4,27.3,4.96,2.0,4.96,0.16,0.0,0.0,1027.0,8228.0,0.0,0.0,0.0,0.0,0.0,1.0,0.0,0.0,0.0,0.0,0.0,-0.3,0.0,0.8,0.0,0.0,16.0,25903.0
2026-07-21T18:12:19.406Z,11.69,977.892,0.0,0.0,0.0,0.0,2048.0,0.0,0.0,0.0,0.0,0.0,0.0,0.0,0.0,0.0,9.0,7.0,1.0,0.0,0.0,0.0,0.0,0.0,0.0,0.0,3.0,12.0,1.0,12.15,5.01,2.5,1.5,0.0,0.0,0.0,0.4,0.0,0.7000000000000001,-0.3,-0.5,-64.0,0.0,0.0,64.2,0.0,21.9,26.3,26.3,26.6,300.0,300.0,28.9,33.0,26.200000000000003,25.4,27.3,4.95,2.0,4.97,0.16,0.0,0.0,1027.0,8228.0,0.0,0.0,0.0,0.0,0.0,1.0,0.0,0.0,0.0,0.0,0.0,-0.1,0.0,-0.9,0.0,0.0,16.0,25903.0
2026-07-21T18:12:19.418Z,11.702,977.904,0.0,0.0,0.0,0.0,2048.0,0.0,0.0,0.0,0.0,0.0,0.0,0.0,0.0,0.0,9.0,7.0,1.0,0.0,0.0,0.0,0.0,0.0,0.0,0.0,4.0,12.0,1.0,12.15,5.01,2.5,1.5,0.0,0.1,0.0,0.4,0.0,-0.4,-0.9,0.0,-64.0,0.0,0.0,64.2,0.0,21.9,26.3,26.3,26.6,300.0,300.0,28.9,33.0,26.200000000000003,25.4,27.3,4.96,2.0,4.96,0.16,0.0,0.0,1027.0,8228.0,0.0,0.0,0.0,0.0,0.0,1.0,0.0,0.0,0.0,0.0,0.0,0.4,0.0,-1.0,0.0,0.0003,16.0,25903.0
2026-07-21T18:12:19.430Z,11.714,977.916,0.0,0.0,0.0,0.0,2048.0,0.0,0.0,0.0,0.0,0.0,0.0,0.0,0.0,0.0,9.0,7.0,1.0,0.0,0.0,0.0,0.0,0.0,0.0,0.0,5.0,12.0,1.0,12.18,5.01,2.51,1.49,0.0,0.0,0.0,0.4,0.0,-1.0,-0.4,-1.2000000000000002,-64.0,0.0,0.0,64.0,0.0,22.4,26.3,26.3,26.6,300.0,300.0,28.9,33.0,26.200000000000003,25.4,27.3,4.96,2.01,4.96,0.16,0.0,0.0,1027.0,8228.0,0.0,0.0,0.0,0.0,0.0,1.0,0.0,0.0,0.0,0.0,0.0,-0.5,0.0,-1.6,0.0,0.0002,16.0,25903.0
2026-07-21T18:12:19.442Z,11.726,977.928,0.0,0.0,0.0,0.0,2048.0,0.0,0.0,0.0,0.0,0.0,0.0,0.0,0.0,0.0,9.0,7.0,1.0,0.0,0.0,0.0,0.0,0.0,0.0,0.0,1.0,12.0,1.0,12.18,5.01,2.51,1.49,0.0,0.0,0.0,0.4,0.0,0.1,-0.4,-0.6000000000000001,-64.0,0.0,0.0,64.0,0.0,22.4,26.3,26.3,26.6,300.0,300.0,28.9,33.0,26.200000000000003,25.4,27.3,4.95,2.0,4.96,0.16,0.0,0.0,1027.0,8228.0,0.0,0.0,0.0,0.0,0.0,1.0,0.0,0.0,0.0,0.0,0.0,-0.1,0.0,-1.0,0.0,0.0003,16.0,25903.0
2026-07-21T18:12:19.453Z,11.737,977.94,0.0,0.0,0.0,0.0,2048.0,0.0,0.0,0.0,0.0,0.0,0.0,0.0,0.0,0.0,9.0,7.0,1.0,0.0,0.0,0.0,0.0,0.0,0.0,0.0,2.0,12.0,1.0,12.18,5.01,2.51,1.49,0.0,0.0,0.0,0.4,0.0,-0.4,1.3,1.0,-64.0,0.0,0.0,64.0,0.0,22.4,26.3,26.3,26.6,300.0,300.0,28.9,33.0,26.200000000000003,25.4,27.3,4.95,2.0,4.97,0.16,0.0,0.0,1027.0,8228.0,0.0,0.0,0.0,0.0,0.0,1.0,0.0,0.0,0.0,0.0,0.0,0.0,0.0,2.4000000000000004,0.0,0.0001,16.0,25903.0
2026-07-21T18:12:19.466Z,11.75,977.952,0.0,0.0,0.0,0.0,2048.0,0.0,0.0,0.0,0.0,0.0,0.0,0.0,0.0,0.0,9.0,7.0,1.0,0.0,0.0,0.0,0.0,0.0,0.0,0.0,3.0,12.0,1.0,12.18,5.01,2.51,1.49,0.0,0.0,0.0,0.4,0.0,-0.3,-1.0,0.0,-64.0,0.0,0.0,64.0,0.0,22.4,26.3,26.3,26.6,300.0,300.0,28.9,33.0,26.200000000000003,25.4,27.3,4.96,2.0,4.96,0.16,0.0,0.0,1027.0,8228.0,0.0,0.0,0.0,0.0,0.0,1.0,0.0,0.0,0.0,0.0,0.0,0.4,0.0,-1.1,0.0,0.0,16.0,25903.0
2026-07-21T18:12:19.478Z,11.762,977.964,0.0,0.0,0.0,0.0,2048.0,0.0,0.0,0.0,0.0,0.0,0.0,0.0,0.0,0.0,9.0,7.0,1.0,0.0,0.0,0.0,0.0,0.0,0.0,0.0,5.0,12.0,1.0,12.18,5.01,2.51,1.49,0.0,0.0,0.0,0.4,0.0,-0.3,1.3,0.4,-64.0,0.0,0.0,64.0,0.0,22.4,26.3,26.3,26.6,300.0,300.0,28.9,33.0,26.200000000000003,25.4,27.3,4.96,2.0,4.97,0.15,0.0,0.0,1027.0,8228.0,0.0,0.0,0.0,0.0,0.0,1.0,0.0,0.0,0.0,0.0,0.0,-0.3,0.0,1.8,0.0,0.0,16.0,25903.0
2026-07-21T18:12:19.490Z,11.774,977.976,0.0,0.0,0.0,0.0,2048.0,0.0,0.0,0.0,0.0,0.0,0.0,0.0,0.0,0.0,9.0,7.0,1.0,0.0,0.0,0.0,0.0,0.0,0.0,0.0,5.0,12.0,1.0,12.18,5.01,2.51,1.49,0.0,0.0,0.0,0.4,0.0,0.7000000000000001,1.3,-0.6000000000000001,-64.0,0.0,0.0,64.0,0.0,22.4,26.3,26.3,26.6,300.0,300.0,28.9,33.0,26.200000000000003,25.4,27.3,4.95,2.0,4.97,0.16,0.0,0.0,1027.0,8228.0,0.0,0.0,0.0,0.0,0.0,1.0,0.0,0.0,0.0,0.0,0.0,-1.1,0.0,0.7000000000000001,0.0,0.0,16.0,25903.0
2026-07-21T18:12:19.502Z,11.786,977.988,0.0,0.0,0.0,0.0,2048.0,0.0,0.0,0.0,0.0,0.0,0.0,0.0,0.0,0.0,9.0,7.0,1.0,0.0,0.0,0.0,0.0,0.0,0.0,0.0,6.0,12.0,1.0,12.18,5.01,2.51,1.49,0.0,0.0,0.0,0.4,0.0,0.2,0.1,-0.1,-64.0,0.0,0.0,64.0,0.0,22.4,26.3,26.3,26.6,300.0,300.0,28.9,33.0,26.200000000000003,25.4,27.3,4.95,2.0,4.97,0.16,0.0,0.0,1027.0,8228.0,0.0,0.0,0.0,0.0,0.0,1.0,0.0,0.0,0.0,0.0,0.0,-0.1,0.0,0.0,0.0,0.0,16.0,25903.0
2026-07-21T18:12:19.514Z,11.798,978.0,0.0,0.0,0.0,0.0,2048.0,0.0,0.0,0.0,0.0,0.0,0.0,0.0,0.0,0.0,9.0,7.0,1.0,0.0,0.0,0.0,0.0,0.0,0.0,0.0,6.0,12.0,1.0,12.18,5.01,2.51,1.49,0.0,0.0,0.0,0.4,0.0,-0.9,-0.4,-1.2000000000000002,-64.0,0.0,0.0,64.2,0.0,22.4,26.3,26.3,26.6,300.0,300.0,28.9,33.0,26.200000000000003,25.4,27.3,4.95,2.0,4.97,0.16,0.0,0.0,1027.0,8228.0,0.0,0.0,0.0,0.0,0.0,1.0,0.0,0.0,0.0,0.0,0.0,-0.6000000000000001,0.0,-1.6,0.0,0.0,16.0,25903.0
2026-07-21T18:12:19.526Z,11.81,978.012,0.0,0.0,0.0,0.0,2048.0,0.0,0.0,0.0,0.0,0.0,0.0,0.0,0.0,0.0,9.0,7.0,1.0,0.0,0.0,0.0,0.0,0.0,0.0,0.0,1.0,12.0,1.0,12.18,5.0200000000000005,2.51,1.49,0.0,0.0,0.0,0.5,0.0,-0.3,0.1,0.4,-64.0,0.0,0.0,64.10000000000001,0.0,22.6,26.3,26.3,26.6,300.0,300.0,28.9,33.0,26.200000000000003,25.4,27.3,4.95,2.0,4.96,0.16,0.0,0.0,1027.0,8228.0,0.0,0.0,0.0,0.0,0.0,1.0,0.0,0.0,0.0,0.0,0.0,0.2,0.0,0.6000000000000001,0.0,0.0002,16.0,25903.0
2026-07-21T18:12:19.538Z,11.822,978.024,0.0,0.0,0.0,0.0,2048.0,0.0,0.0,0.0,0.0,0.0,0.0,0.0,0.0,0.0,9.0,7.0,1.0,0.0,0.0,0.0,0.0,0.0,0.0,0.0,3.0,12.0,1.0,12.18,5.0200000000000005,2.51,1.49,0.0,0.0,0.0,0.4,0.0,-0.3,0.7000000000000001,1.0,-64.0,0.0,0.0,64.0,0.0,22.6,26.3,26.3,26.6,300.0,300.0,28.9,33.0,26.200000000000003,25.4,27.3,4.96,2.01,4.96,0.16,0.0,0.0,1027.0,8228.0,0.0,0.0,0.0,0.0,0.0,1.0,0.0,0.0,0.0,0.0,0.0,0.2,0.0,1.7000000000000002,0.0,0.0001,16.0,25903.0
2026-07-21T18:12:19.550Z,11.834,978.036,0.0,0.0,0.0,0.0,2048.0,0.0,0.0,0.0,0.0,0.0,0.0,0.0,0.0,0.0,9.0,7.0,1.0,0.0,0.0,0.0,0.0,0.0,0.0,0.0,4.0,12.0,1.0,12.18,5.0200000000000005,2.51,1.49,0.0,0.0,0.0,0.4,0.0,0.2,0.1,-0.7000000000000001,-64.0,0.0,0.0,64.0,0.0,22.6,26.3,26.3,26.6,300.0,300.0,28.9,33.0,26.200000000000003,25.4,27.3,4.95,2.01,4.96,0.16,0.0,0.0,1027.0,8228.0,0.0,0.0,0.0,0.0,0.0,1.0,0.0,0.0,0.0,0.0,0.0,-0.5,0.0,-0.5,0.0,0.0002,16.0,25903.0
2026-07-21T18:12:19.562Z,11.846,978.048,0.0,0.0,0.0,0.0,2048.0,0.0,0.0,0.0,0.0,0.0,0.0,0.0,0.0,0.0,9.0,7.0,1.0,0.0,0.0,0.0,0.0,0.0,0.0,0.0,5.0,12.0,1.0,12.18,5.0200000000000005,2.51,1.49,0.0,0.0,0.0,0.4,0.0,0.2,-1.0,-0.7000000000000001,-64.0,0.0,0.0,64.0,0.0,22.6,26.3,26.3,26.6,300.0,300.0,28.9,33.0,26.200000000000003,25.4,27.3,4.95,2.0,4.97,0.16,0.0,0.0,1027.0,8228.0,0.0,0.0,0.0,0.0,0.0,1.0,0.0,0.0,0.0,0.0,0.0,0.0,0.0,-1.7000000000000002,0.0,0.0,16.0,25903.0
2026-07-21T18:12:19.574Z,11.858,978.06,0.0,0.0,0.0,0.0,2048.0,0.0,0.0,0.0,0.0,0.0,0.0,0.0,0.0,0.0,9.0,7.0,1.0,0.0,0.0,0.0,0.0,0.0,0.0,0.0,6.0,12.0,1.0,12.18,5.0200000000000005,2.51,1.49,0.0,0.0,0.0,0.4,0.0,-0.3,0.1,0.4,-64.0,0.0,0.0,64.0,0.0,22.6,26.3,26.3,26.6,300.0,300.0,28.9,33.0,26.200000000000003,25.4,27.3,4.95,2.01,4.96,0.17,0.0,0.0,1027.0,8228.0,0.0,0.0,0.0,0.0,0.0,1.0,0.0,0.0,0.0,0.0,0.0,0.2,0.0,0.5,0.0,0.0,16.0,25903.0
2026-07-21T18:12:19.586Z,11.87,978.072,0.0,0.0,0.0,0.0,2048.0,0.0,0.0,0.0,0.0,0.0,0.0,0.0,0.0,0.0,9.0,7.0,1.0,0.0,0.0,0.0,0.0,0.0,0.0,0.0,1.0,12.0,1.0,12.18,5.0200000000000005,2.51,1.49,-0.1,0.1,0.0,0.4,0.0,-0.3,1.3,0.4,-64.0,0.0,0.0,64.0,0.0,22.6,26.3,26.3,26.6,300.0,300.0,28.9,33.0,26.200000000000003,25.4,27.3,4.96,2.01,4.96,0.16,0.0,0.0,1027.0,8228.0,0.0,0.0,0.0,0.0,0.0,1.0,0.0,0.0,0.0,0.0,0.0,-0.3,0.0,1.8,0.0,0.0,16.0,25903.0
2026-07-21T18:12:19.598Z,11.882,978.084,0.0,0.0,0.0,0.0,2048.0,0.0,0.0,0.0,0.0,0.0,0.0,0.0,0.0,0.0,9.0,7.0,1.0,0.0,0.0,0.0,0.0,0.0,0.0,0.0,2.0,12.0,1.0,12.18,5.0200000000000005,2.51,1.49,0.0,0.1,0.0,0.4,0.0,0.8,-0.3,0.0,-64.0,0.0,0.0,64.0,0.0,22.6,26.3,26.3,26.6,300.0,300.0,28.9,33.0,26.200000000000003,25.4,27.3,4.95,2.01,4.96,0.16,0.0,0.0,1027.0,8228.0,0.0,0.0,0.0,0.0,0.0,1.0,0.0,0.0,0.0,0.0,0.0,0.1,0.0,-0.4,0.0,0.0001,16.0,25903.0
2026-07-21T18:12:19.610Z,11.894,978.096,0.0,0.0,0.0,0.0,2048.0,0.0,0.0,0.0,0.0,0.0,0.0,0.0,0.0,0.0,9.0,7.0,1.0,0.0,0.0,0.0,0.0,0.0,0.0,0.0,3.0,12.0,1.0,12.18,5.0200000000000005,2.51,1.49,0.0,0.0,0.0,0.4,0.0,0.1,-0.3,-0.6000000000000001,-64.0,0.0,0.0,64.2,0.0,22.6,26.3,26.3,26.6,300.0,300.0,28.9,33.0,26.200000000000003,25.4,27.3,4.96,2.0,4.97,0.16,0.0,0.0,1027.0,8228.0,0.0,0.0,0.0,0.0,0.0,1.0,0.0,0.0,0.0,0.0,0.0,-0.2,0.0,-1.0,0.0,0.0,16.0,25903.0
2026-07-21T18:12:19.622Z,11.906,978.108,0.0,0.0,0.0,0.0,2048.0,0.0,0.0,0.0,0.0,0.0,0.0,0.0,0.0,0.0,9.0,7.0,1.0,0.0,0.0,0.0,0.0,0.0,0.0,0.0,4.0,12.0,1.0,12.18,5.0200000000000005,2.51,1.49,0.0,0.0,0.0,0.4,0.0,0.8,0.1,1.0,-64.0,0.0,0.0,64.2,0.0,22.6,26.3,26.3,26.6,300.0,300.0,28.9,33.0,26.200000000000003,25.4,27.3,4.96,2.0,4.96,0.16,0.0,0.0,1027.0,8228.0,0.0,0.0,0.0,0.0,0.0,1.0,0.0,0.0,0.0,0.0,0.0,0.6000000000000001,0.0,1.2000000000000002,0.0,0.0003,16.0,25903.0
2026-07-21T18:12:19.634Z,11.918,978.12,0.0,0.0,0.0,0.0,2048.0,0.0,0.0,0.0,0.0,0.0,0.0,0.0,0.0,0.0,9.0,7.0,1.0,0.0,0.0,0.0,0.0,0.0,0.0,0.0,6.0,12.0,1.0,12.18,5.01,2.51,1.49,-0.1,0.1,0.0,0.4,0.0,-0.4,0.7000000000000001,-0.1,-64.0,0.0,0.0,64.0,0.0,22.700000000000003,26.3,26.3,26.6,300.0,300.0,29.0,33.0,26.200000000000003,25.4,27.3,4.96,2.0,4.96,0.16,0.0,0.0,1027.0,8228.0,0.0,0.0,0.0,0.0,0.0,1.0,0.0,0.0,0.0,0.0,0.0,-0.4,0.0,0.6000000000000001,0.0,0.0,16.0,25903.0
2026-07-21T18:12:19.646Z,11.93,978.132,0.0,0.0,0.0,0.0,2048.0,0.0,0.0,0.0,0.0,0.0,0.0,0.0,0.0,0.0,9.0,7.0,1.0,0.0,0.0,0.0,0.0,0.0,0.0,0.0,1.0,12.0,1.0,12.18,5.01,2.51,1.49,0.0,0.0,0.0,0.4,0.0,0.1,0.7000000000000001,1.0,-64.0,0.0,0.0,64.0,0.0,22.700000000000003,26.3,26.3,26.6,300.0,300.0,29.0,33.0,26.200000000000003,25.4,27.3,4.95,2.0,4.97,0.16,0.0,0.0,1027.0,8228.0,0.0,0.0,0.0,0.0,0.0,1.0,0.0,0.0,0.0,0.0,0.0,0.3,0.0,1.7000000000000002,0.0,0.0003,16.0,25903.0
2026-07-21T18:12:19.658Z,11.942,978.144,0.0,0.0,0.0,0.0,2048.0,0.0,0.0,0.0,0.0,0.0,0.0,0.0,0.0,0.0,9.0,7.0,1.0,0.0,0.0,0.0,0.0,0.0,0.0,0.0,3.0,12.0,1.0,12.18,5.01,2.51,1.49,0.0,0.0,0.0,0.4,0.0,0.1,0.6000000000000001,1.5,-64.0,0.0,0.0,64.0,0.0,22.700000000000003,26.3,26.3,26.6,300.0,300.0,29.0,33.0,26.200000000000003,25.4,27.3,4.96,2.0,4.96,0.16,0.0,0.0,1027.0,8228.0,0.0,0.0,0.0,0.0,0.0,1.0,0.0,0.0,0.0,0.0,0.0,0.6000000000000001,0.0,2.2,0.0,0.0001,16.0,25903.0
2026-07-21T18:12:19.670Z,11.954,978.156,0.0,0.0,0.0,0.0,2048.0,0.0,0.0,0.0,0.0,0.0,0.0,0.0,0.0,0.0,9.0,7.0,1.0,0.0,0.0,0.0,0.0,0.0,0.0,0.0,4.0,12.0,1.0,12.18,5.01,2.51,1.49,0.0,0.0,0.0,0.4,0.0,0.7000000000000001,1.2000000000000002,0.4,-64.0,0.0,0.0,64.0,0.0,22.700000000000003,26.3,26.3,26.6,300.0,300.0,29.0,33.0,26.200000000000003,25.4,27.3,4.96,2.01,4.96,0.16,0.0,0.0,1027.0,8228.0,0.0,0.0,0.0,0.0,0.0,1.0,0.0,0.0,0.0,0.0,0.0,0.5,0.0,1.0,0.0,0.0,16.0,25903.0
2026-07-21T18:12:19.682Z,11.966,978.168,0.0,0.0,0.0,0.0,2048.0,0.0,0.0,0.0,0.0,0.0,0.0,0.0,0.0,0.0,9.0,7.0,1.0,0.0,0.0,0.0,0.0,0.0,0.0,0.0,6.0,12.0,1.0,12.18,5.01,2.51,1.49,0.0,0.0,0.0,0.4,0.0,-0.5,-1.0,-0.7000000000000001,-64.0,0.0,0.0,64.0,0.0,22.700000000000003,26.3,26.3,26.6,300.0,300.0,29.0,33.0,26.200000000000003,25.4,27.3,4.95,2.0,4.96,0.16,0.0,0.0,1027.0,8228.0,0.0,0.0,0.0,0.0,0.0,1.0,0.0,0.0,0.0,0.0,0.0,-0.5,0.0,-0.6000000000000001,0.0,0.0001,16.0,25903.0
2026-07-21T18:12:19.694Z,11.978,978.18,0.0,0.0,0.0,0.0,2048.0,0.0,0.0,0.0,0.0,0.0,0.0,0.0,0.0,0.0,9.0,7.0,1.0,0.0,0.0,0.0,0.0,0.0,0.0,0.0,1.0,12.0,1.0,12.18,5.01,2.51,1.49,0.0,0.0,0.0,0.4,0.0,0.0,0.7000000000000001,-0.2,-64.0,0.0,0.0,64.0,0.0,22.700000000000003,26.3,26.3,26.6,300.0,300.0,29.0,33.0,26.200000000000003,25.4,27.3,4.95,2.0,4.97,0.16,0.0,0.0,1027.0,8228.0,0.0,0.0,0.0,0.0,0.0,1.0,0.0,0.0,0.0,0.0,0.0,0.0,0.0,-1.8,0.0,0.0001,16.0,25903.0
2026-07-21T18:12:19.706Z,11.99,978.192,0.0,0.0,0.0,0.0,2048.0,0.0,0.0,0.0,0.0,0.0,0.0,0.0,0.0,0.0,9.0,7.0,1.0,0.0,0.0,0.0,0.0,0.0,0.0,0.0,1.0,12.0,1.0,12.18,5.01,2.51,1.49,0.0,0.0,0.0,0.4,0.0,0.0,-0.4,0.3,-64.0,0.0,0.0,64.2,0.0,22.700000000000003,26.3,26.3,26.6,300.0,300.0,29.0,33.0,26.200000000000003,25.4,27.3,4.96,2.01,4.96,0.16,0.0,0.0,1027.0,8228.0,0.0,0.0,0.0,0.0,0.0,1.0,0.0,0.0,0.0,0.0,0.0,-0.2,0.0,-1.2000000000000002,0.0,0.0,16.0,25903.0
2026-07-21T18:12:19.718Z,12.002,978.204,0.0,0.0,0.0,0.0,2048.0,0.0,0.0,0.0,0.0,0.0,0.0,0.0,0.0,0.0,9.0,7.0,1.0,0.0,0.0,0.0,0.0,0.0,0.0,0.0,3.0,12.0,1.0,12.18,5.01,2.51,1.49,0.0,0.0,0.0,0.4,0.0,0.0,0.6000000000000001,-0.7000000000000001,-64.0,0.0,0.0,64.2,0.0,22.700000000000003,26.3,26.3,26.6,300.0,300.0,29.0,33.0,26.200000000000003,25.4,27.3,4.96,2.0,4.96,0.16,0.0,0.0,1027.0,8228.0,0.0,0.0,0.0,0.0,0.0,1.0,0.0,0.0,0.0,0.0,0.0,-0.8,0.0,0.0,0.0,0.0002,16.0,25903.0
2026-07-21T18:12:19.730Z,12.014,978.216,0.0,0.0,0.0,0.0,2048.0,0.0,0.0,0.0,0.0,0.0,0.0,0.0,0.0,0.0,9.0,7.0,1.0,0.0,0.0,0.0,0.0,0.0,0.0,0.0,4.0,12.0,1.0,12.13,5.0200000000000005,2.5,1.5,0.0,0.0,0.0,0.4,0.0,0.6000000000000001,0.7000000000000001,0.4,-64.0,0.0,0.0,64.0,0.0,22.1,26.3,26.3,26.6,300.0,300.0,29.0,33.0,26.200000000000003,25.4,27.3,4.95,2.0,4.96,0.16,0.0,0.0,1027.0,8228.0,0.0,0.0,0.0,0.0,0.0,1.0,0.0,0.0,0.0,0.0,0.0,-0.3,0.0,1.7000000000000002,0.0,0.0002,16.0,25903.0
